accident_number,date,time,year,street1,street2,road_class,district,latitude,longitude,x,y,accident_location,traffctl,visibility,light,road_surface_condition,hood_158,neighbourhood_new,hood_140,neighbourhood_old,accident_class,pedestrian,cyclist,automobile,motorcycle,truck,trsn_city_veh,emerg_veh,passenger,speeding,aggressive_driving,redlight,alcohol,disability,impact_type,involvement_type,initial_direction,vehicle_type,manoeuver,driver_action,driver_condition,pedestrian_action,pedestrian_condition,cyclist_type,cyclist_action,cyclist_condition,injury,involvement_age,injury_severity_score
133,2015-06-11 08:00:00,24,2015,FINCH AVE W,TOBERMORY DR,Major Arterial,Etobicoke York,43.759272,-79.507922,620109.532,4846217.1092,At Intersection,Traffic Signal,Clear,"Dark, artificial",Dry,25,Glenfield-Jane Heights,25,Glenfield-Jane Heights (25),Fatal,0,1,1,0,0,0,0,0,1,1,0,1,0,Cyclist Collisions,"['Driver', 'Cyclist']",West,"['Automobile, Station Wagon', 'Bicycle']",['Going Ahead'],['Exceeding Speed Limit'],"['Ability Impaired, Alcohol']",['Not Applicable'],['Not Applicable'],['Cyclist and Driver travelling in same direction. One vehicle rear-ended the other.'],['Driving Properly'],['Unknown'],True,"['20 to 24', '40 to 44']",4.0
134,2015-06-11 08:00:00,1322,2015,YONGE ST,EMPRESS AVE,Major Arterial,North York,43.769263,-79.412891,627738.1521,4847468.9661,At Intersection,Traffic Signal,Clear,Daylight,Dry,151,Yonge-Doris,51,Willowdale East (51),Fatal,1,0,1,0,0,0,0,0,0,0,0,0,0,Pedestrian Collisions,"['Driver', 'Pedestrian']",East,"['Automobile, Station Wagon']","['Going Ahead', 'Turning Left']","['Driving Properly', 'Lost control']","['Normal', 'Unknown']",['On Sidewalk or Shoulder'],"['Normal', 'Unknown']",['Not Applicable'],['Not Applicable'],['Not Applicable'],True,"['55 to 59', '60 to 64', '65 to 69']",4.0
135,2015-06-12 08:00:00,530,2015,GERRARD ST E,WOODBINE AVE,Major Arterial,Toronto and East York,43.680781,-79.310748,636159.5176,4837804.3885,Intersection Related,Traffic Signal,Clear,"Dark, artificial",Dry,62,East End-Danforth,62,East End-Danforth (62),Non-Fatal Injury,0,0,1,0,0,0,0,1,0,0,0,0,0,Other,"['Driver', 'Passenger']",West,"['Automobile, Station Wagon']",['Going Ahead'],['Other'],['Normal'],['Not Applicable'],['Not Applicable'],['Not Applicable'],['Not Applicable'],['Not Applicable'],False,"['40 to 44', '25 to 29']",3.0
136,2015-06-12 08:00:00,756,2015,WILSON AVE,DALLNER RD,Major Arterial,Etobicoke York,43.719813,-79.513789,619715.8586,4841826.1273,At Intersection,Stop Sign,Clear,Daylight,Dry,154,Oakdale-Beverley Heights,26,Downsview-Roding-CFB (26),Non-Fatal Injury,0,0,1,0,0,0,0,0,0,1,0,0,0,Turning Movement,['Driver'],South,"['Automobile, Station Wagon']","['Turning Left', 'Going Ahead']","['Failed to Yield Right of Way', 'Driving Properly']","['Inattentive', 'Normal']",['Not Applicable'],['Not Applicable'],['Not Applicable'],['Not Applicable'],['Not Applicable'],False,"['25 to 29', '45 to 49']",3.0
137,2015-06-13 08:00:00,300,2015,F G GARDINER XY  W,ROYAL YORK RD,Expressway,Etobicoke York,43.622645,-79.502467,620822.6796,4831050.7557,Unknown,No Control,Rain,Dark,Wet,16,Stonegate-Queensway,16,Stonegate-Queensway (16),Fatal,0,0,1,0,0,0,0,0,1,1,0,0,0,SMV Other,['Driver'],West,"['Automobile, Station Wagon']",['Going Ahead'],['Exceeding Speed Limit'],['Unknown'],['Not Applicable'],['Not Applicable'],['Not Applicable'],['Not Applicable'],['Not Applicable'],True,['20 to 24'],4.0
138,2015-06-13 08:00:00,1423,2015,FINCH AVE E,PAGE AVE,Major Arterial,North York,43.786685,-79.384326,629999.4608,4849448.4099,At Intersection,Stop Sign,Clear,Daylight,Dry,52,Bayview Village,52,Bayview Village (52),Non-Fatal Injury,0,1,1,0,0,0,0,1,0,1,0,0,0,Cyclist Collisions,"['Driver', 'Cyclist', 'Passenger']",East,"['Automobile, Station Wagon', 'Bicycle']","['Turning Right', 'Going Ahead']",['Failed to Yield Right of Way'],['Inattentive'],['Not Applicable'],['Not Applicable'],"['Motorist turns right at non-signal Inter.(stop, yield, no cont.,and dwy) and strikes cyclist.']",['Driving Properly'],['Normal'],False,"['85 to 89', '45 to 49', '80 to 84']",3.0
139,2015-06-13 08:00:00,2320,2015,AVENUE RD,DAVENPORT RD,Major Arterial,Toronto and East York,43.674712,-79.396594,629252.9922,4836992.989,At Intersection,Traffic Signal,Clear,"Dark, artificial",Dry,95,Annex,95,Annex (95),Fatal,0,1,1,0,0,0,0,0,0,0,0,0,0,Cyclist Collisions,"['Cyclist', 'Driver']",North,"['Bicycle', 'Automobile, Station Wagon']","['Turning Left', 'Going Ahead']",['Other'],['Unknown'],['Not Applicable'],['Not Applicable'],['Cyclist turned left across motorists path.'],['Failed to Yield Right of Way'],['Normal'],True,"['25 to 29', '15 to 19']",4.0
140,2015-06-14 08:00:00,1409,2015,TRETHEWEY DR,CLEARVIEW HTS,Minor Arterial,Etobicoke York,43.693354,-79.483188,622234.5882,4838932.144,At Intersection,No Control,Rain,Daylight,Wet,112,Beechborough-Greenbrook,112,Beechborough-Greenbrook (112),Non-Fatal Injury,0,0,1,0,0,0,0,1,1,1,0,0,0,Approaching,"['Driver', 'Passenger']",East,"['Automobile, Station Wagon']",['Going Ahead'],"['Speed too Fast For Condition', 'Driving Properly']","['Inattentive', 'Normal']",['Not Applicable'],['Not Applicable'],['Not Applicable'],['Not Applicable'],['Not Applicable'],False,"['50 to 54', '25 to 29', '20 to 24']",3.0
141,2015-06-16 08:00:00,715,2015,BAYVIEW AVE,SUTHERLAND DR,Major Arterial,North York,43.698722,-79.372493,631143.497,4839697.4687,At Intersection,Stop Sign,Rain,Dawn,Wet,56,Leaside-Bennington,56,Leaside-Bennington (56),Non-Fatal Injury,0,0,0,1,0,1,0,0,1,1,0,0,0,Turning Movement,"['Driver', 'Motorcycle Driver']",North,"['Municipal Transit Bus (TTC)', 'Motorcycle']","['Going Ahead', 'Turning Left']","['Speed too Fast For Condition', 'Failed to Yield Right of Way']",['Normal'],['Not Applicable'],['Not Applicable'],['Not Applicable'],['Not Applicable'],['Not Applicable'],False,['30 to 34'],3.0
142,2015-06-16 08:00:00,900,2015,AVENUE RD,FELBRIGG AVE,Major Arterial,North York,43.734122,-79.419688,627265.554,4843555.5736,At Intersection,No Control,Clear,Daylight,Dry,39,Bedford Park-Nortown,39,Bedford Park-Nortown (39),Non-Fatal Injury,1,0,1,0,0,0,0,0,0,1,0,0,0,Pedestrian Collisions,"['Driver', 'Pedestrian']",South,"['Automobile, Station Wagon']",['Turning Left'],['Failed to Yield Right of Way'],['Unknown'],['Crossing with right of way'],['Normal'],['Not Applicable'],['Not Applicable'],['Not Applicable'],False,"['unknown', '35 to 39']",3.0
143,2015-06-16 08:00:00,1724,2015,MARTIN GROVE RD,ROYALCREST RD,Minor Arterial,Etobicoke York,43.752291,-79.599284,612768.1213,4845313.3322,Intersection Related,No Control,Clear,Daylight,Dry,2,Mount Olive-Silverstone-Jamestown,2,Mount Olive-Silverstone-Jamestown (2),Non-Fatal Injury,1,0,1,0,0,0,0,1,0,0,0,0,0,Pedestrian Collisions,"['Driver', 'Passenger', 'Pedestrian']",South,"['Automobile, Station Wagon']",['Slowing or Stopping'],['Driving Properly'],['Normal'],"['Crossing, no Traffic Control']",['Inattentive'],['Not Applicable'],['Not Applicable'],['Not Applicable'],False,"['20 to 24', '30 to 34']",3.0
144,2015-06-16 08:00:00,2049,2015,BAYVIEW BLOOR DVP RAMP,DON VALLEY PARKWAY  N,Major Arterial,Toronto and East York,43.682849,-79.362384,631992.8978,4837950.5912,Underpass or Tunnel,No Control,Clear,Dusk,Dry,57,Broadview North,57,Broadview North (57),Non-Fatal Injury,0,0,0,1,0,0,0,0,0,0,0,0,0,SMV Other,['Motorcycle Driver'],West,['Motorcycle'],['Going Ahead'],['Lost control'],['Normal'],['Not Applicable'],['Not Applicable'],['Not Applicable'],['Not Applicable'],['Not Applicable'],False,['35 to 39'],3.0
145,2015-06-17 08:00:00,830,2015,ARROWSTOOK RD,BURBANK DR,Local,North York,43.771262,-79.37704,630619.2882,4847746.9159,At Intersection,Stop Sign,Clear,Daylight,Dry,52,Bayview Village,52,Bayview Village (52),Non-Fatal Injury,0,1,1,0,0,0,0,1,0,0,0,0,0,Cyclist Collisions,"['Driver', 'Cyclist', 'Passenger']",South,"['Automobile, Station Wagon', 'Bicycle']","['Turning Right', 'Going Ahead']",['Other'],['Unknown'],['Not Applicable'],['Not Applicable'],"['Cyclist without ROW rides into path of motorist at inter, lnwy, dwy-Cyclist not turn.']",['Failed to Yield Right of Way'],['Inattentive'],False,"['35 to 39', '60 to 64', '0 to 4', '5 to 9']",3.0
146,2015-06-20 08:00:00,155,2015,CARLTON ST,HOMEWOOD AVE,Minor Arterial,Toronto and East York,43.662905,-79.374339,631072.7177,4835716.5825,At Intersection,Stop Sign,Clear,"Dark, artificial",Dry,73,Moss Park,73,Moss Park (73),Non-Fatal Injury,0,1,1,0,0,0,0,0,0,0,0,0,0,Cyclist Collisions,"['Cyclist', 'Driver']",East,"['Bicycle', 'Automobile, Station Wagon']",['Going Ahead'],['Driving Properly'],['Normal'],['Not Applicable'],['Not Applicable'],"['Cyclist without ROW rides into path of motorist at inter, lnwy, dwy-Cyclist not turn.']",['Disobeyed Traffic Control'],['Had Been Drinking'],False,['40 to 44'],3.0
147,2015-06-22 08:00:00,1554,2015,6 CARIBOO AVE,Not Applicable,Local,Toronto and East York,43.666697,-79.458461,624282.2941,4836008.273,At/Near Private Drive,No Control,Clear,Daylight,Dry,171,Junction-Wallace Emerson,93,Dovercourt-Wallace Emerson-Junction (93),Non-Fatal Injury,1,0,1,0,0,0,0,0,1,1,0,0,0,Pedestrian Collisions,"['Driver', 'Pedestrian']",North,"['Automobile, Station Wagon']",['Going Ahead'],['Lost control'],['Normal'],['Other'],['Unknown'],['Not Applicable'],['Not Applicable'],['Not Applicable'],False,"['70 to 74', '45 to 49']",3.0
148,2015-06-24 08:00:00,1325,2015,COXWELL AVE,ROBBINS AVE,Minor Arterial,Toronto and East York,43.669894,-79.318042,635596.1086,4836583.2886,Non Intersection,No Control,Clear,Daylight,Dry,64,Woodbine Corridor,64,Woodbine Corridor (64),Non-Fatal Injury,0,1,0,0,0,0,0,0,0,0,0,0,0,Cyclist Collisions,['Cyclist'],South,['Bicycle'],['Going Ahead'],[],[],['Not Applicable'],['Not Applicable'],['Cyclist falls off bike - no contact with motorist.'],['Driving Properly'],['Normal'],False,['25 to 29'],3.0
149,2015-06-26 08:00:00,405,2015,457 SPADINA AVE,Not Applicable,Major Arterial,Toronto and East York,43.658362,-79.400218,628995.87,4835171.4624,Non Intersection,No Control,Clear,"Dark, artificial",Dry,79,University,79,University (79),Non-Fatal Injury,1,0,0,0,1,0,0,0,0,0,0,0,0,Pedestrian Collisions,"['Truck Driver', 'Pedestrian']",East,['Truck - Dump'],['Going Ahead'],['Driving Properly'],['Unknown'],['On Sidewalk or Shoulder'],['Other'],['Not Applicable'],['Not Applicable'],['Not Applicable'],False,"['30 to 34', '60 to 64']",3.0
150,2015-06-26 08:00:00,1652,2015,SHEPPARD AVE E,SHAUGHNESSY BLVD,Major Arterial,North York,43.773719,-79.353313,632523.4795,4848057.507,Intersection Related,Traffic Signal,Clear,Daylight,Dry,53,Henry Farm,53,Henry Farm (53),Non-Fatal Injury,0,0,1,1,0,0,0,1,0,0,0,0,0,Turning Movement,"['Motorcycle Driver', 'Driver', 'Passenger']",East,"['Motorcycle', 'Automobile, Station Wagon']","['Turning Left', 'Going Ahead']","['Improper Turn', 'Driving Properly']",['Normal'],['Not Applicable'],['Not Applicable'],['Not Applicable'],['Not Applicable'],['Not Applicable'],False,"['60 to 64', '25 to 29']",3.0
151,2015-06-26 08:00:00,2150,2015,2058 DUFFERIN ST,Not Applicable,Major Arterial,Toronto and East York,43.686812,-79.446643,625193.2588,4838260.0859,Unknown,No Control,Clear,"Dark, artificial",Dry,109,Caledonia-Fairbank,109,Caledonia-Fairbank (109),Fatal,1,0,1,0,0,0,0,0,0,0,0,0,0,Pedestrian Collisions,"['Pedestrian', 'Driver']",South,"['Automobile, Station Wagon']",['Going Ahead'],['Driving Properly'],['Had Been Drinking'],"['Crossing, no Traffic Control']",['Normal'],['Not Applicable'],['Not Applicable'],['Not Applicable'],True,"['80 to 84', '60 to 64']",4.0
152,2015-06-28 08:00:00,1539,2015,1491 LAKE SHORE BLVD W,Not Applicable,Major Arterial,Toronto and East York,43.63642,-79.444095,625503.5713,4832667.2411,Non Intersection,No Control,Rain,Daylight,Wet,85,South Parkdale,85,South Parkdale (85),Non-Fatal Injury,0,0,1,0,0,0,0,1,1,1,0,0,0,SMV Other,"['Driver', 'Passenger']",East,"['Automobile, Station Wagon']",['Changing Lanes'],['Speed too Fast For Condition'],['Inattentive'],['Not Applicable'],['Not Applicable'],['Not Applicable'],['Not Applicable'],['Not Applicable'],False,['20 to 24'],3.0
153,2015-06-29 08:00:00,1745,2015,300 PROGRESS AVE,Not Applicable,Minor Arterial,Scarborough,43.774325,-79.266902,639476.4046,4848266.7533,Non Intersection,No Control,Clear,Daylight,Dry,156,Bendale-Glen Andrew,127,Bendale (127),Non-Fatal Injury,0,0,1,1,0,0,0,1,0,0,0,0,0,Turning Movement,"['Driver', 'Motorcycle Driver', 'Passenger']",West,"['Automobile, Station Wagon', 'Motorcycle']","['Making U Turn', 'Going Ahead']","['Improper Turn', 'Driving Properly']","['Unknown', 'Normal']",['Not Applicable'],['Not Applicable'],['Not Applicable'],['Not Applicable'],['Not Applicable'],False,"['55 to 59', '50 to 54', '60 to 64']",3.0
154,2015-06-30 08:00:00,410,2015,VICTORIA PARK AVE,YORK MILLS RD,Major Arterial,North York,43.763011,-79.317523,635428.0123,4846926.1271,Intersection Related,Traffic Signal,Clear,"Dark, artificial",Dry,119,Wexford/Maryvale,119,Wexford/Maryvale (119),Non-Fatal Injury,1,0,1,0,0,0,0,0,0,0,0,0,0,Pedestrian Collisions,"['Driver', 'Pedestrian']",East,"['Automobile, Station Wagon']",['Going Ahead'],['Driving Properly'],['Unknown'],['Crossing without right of way'],['Normal'],['Not Applicable'],['Not Applicable'],['Not Applicable'],False,"['60 to 64', '70 to 74']",3.0
155,2015-07-01 08:00:00,949,2015,MARKHAM RD,PROGRESS AVE,Major Arterial,Scarborough,43.781737,-79.233882,642116.2601,4849146.1301,At Intersection,Traffic Signal,Clear,Daylight,Dry,142,Woburn North,137,Woburn (137),Non-Fatal Injury,0,0,1,0,0,0,0,1,0,1,0,0,0,Turning Movement,"['Driver', 'Passenger']",East,"['Automobile, Station Wagon']","['Turning Left', 'Going Ahead']","['Failed to Yield Right of Way', 'Driving Properly']","['Inattentive', 'Normal']",['Not Applicable'],['Not Applicable'],['Not Applicable'],['Not Applicable'],['Not Applicable'],False,"['40 to 44', '35 to 39', '5 to 9']",3.0
156,2015-07-01 08:00:00,1525,2015,GERRARD ST E,RIVER ST,Minor Arterial,Toronto and East York,43.663695,-79.359233,632288.9522,4835828.299,At Intersection,Traffic Signal,Clear,Daylight,Dry,72,Regent Park,72,Regent Park (72),Non-Fatal Injury,0,0,1,1,0,0,0,1,0,1,1,0,0,Turning Movement,"['Driver', 'Motorcycle Driver', 'Passenger']",North,"['Automobile, Station Wagon', 'Motorcycle']","['Turning Left', 'Going Ahead']","['Disobeyed Traffic Control', 'Failed to Yield Right of Way']","['Inattentive', 'Normal']",['Not Applicable'],['Not Applicable'],['Not Applicable'],['Not Applicable'],['Not Applicable'],False,"['30 to 34', '45 to 49', '15 to 19']",3.0
157,2015-07-01 08:00:00,2330,2015,WALSH AVE,WESTON RD,Major Arterial,Etobicoke York,43.716998,-79.537273,617829.7007,4841479.8298,Non Intersection,Traffic Signal,Clear,"Dark, artificial",Dry,23,Pelmo Park-Humberlea,23,Pelmo Park-Humberlea (23),Non-Fatal Injury,0,0,1,0,1,0,0,1,0,1,0,1,0,Rear End,"['Driver', 'Truck Driver', 'Passenger']",West,"['Automobile, Station Wagon', 'Truck - Closed (Blazer, etc)']","['Going Ahead', 'Stopped']","['Following too Close', 'Driving Properly']","['Ability Impaired, Alcohol Over .08', 'Normal']",['Not Applicable'],['Not Applicable'],['Not Applicable'],['Not Applicable'],['Not Applicable'],False,"['40 to 44', '50 to 54', '45 to 49']",3.0
158,2015-07-02 08:00:00,2355,2015,LAKE SHORE BLVD W,REMEMBRANCE DR,Major Arterial,Toronto and East York,43.634425,-79.40874,628359.6791,4832499.7343,Intersection Related,Traffic Signal,Clear,"Dark, artificial",Dry,163,Fort York-Liberty Village,82,Niagara (82),Non-Fatal Injury,1,0,1,0,0,0,0,1,0,0,0,0,0,Pedestrian Collisions,"['Driver', 'Passenger', 'Pedestrian']",East,"['Automobile, Station Wagon']",['Going Ahead'],['Driving Properly'],['Normal'],['Crossing without right of way'],['Unknown'],['Not Applicable'],['Not Applicable'],['Not Applicable'],False,"['35 to 39', '30 to 34']",3.0
159,2015-07-04 08:00:00,1340,2015,FINCH AVE E,GORDON BAKER RD,Major Arterial,North York,43.795134,-79.341258,633446.0025,4850455.3432,At Intersection,Traffic Signal,Clear,Daylight,Dry,46,Pleasant View,46,Pleasant View (46),Non-Fatal Injury,1,0,1,0,0,0,0,0,0,0,0,0,0,Pedestrian Collisions,"['Driver', 'Pedestrian']",Unknown,"['Automobile, Station Wagon']",['Going Ahead'],['Other'],['Normal'],['Other'],['Normal'],['Not Applicable'],['Not Applicable'],['Not Applicable'],False,"['80 to 84', '70 to 74']",3.0
160,2015-07-06 08:00:00,8,2015,KIPLING AVE,JUTLAND RD,Major Arterial,Etobicoke York,43.626292,-79.528835,618688.0841,4831417.7674,Intersection Related,No Control,Clear,"Dark, artificial",Dry,159,Etobicoke City Centre,14,Islington-City Centre West (14),Fatal,0,0,1,1,0,0,0,1,1,1,0,0,0,Turning Movement,"['Driver', 'Motorcycle Driver', 'Passenger']",North,"['Automobile, Station Wagon', 'Motorcycle']","['Turning Left', 'Going Ahead']","['Driving Properly', 'Exceeding Speed Limit']","['Normal', 'Unknown']",['Not Applicable'],['Not Applicable'],['Not Applicable'],['Not Applicable'],['Not Applicable'],True,"['50 to 54', '25 to 29']",4.0
161,2015-07-09 08:00:00,1407,2015,BAYVIEW AVE,WYCLIFFE CRES,Major Arterial,North York,43.775233,-79.389972,629569.9073,4848167.6371,Non Intersection,No Control,Clear,Daylight,Dry,52,Bayview Village,52,Bayview Village (52),Non-Fatal Injury,0,0,1,0,0,0,0,0,0,0,0,0,0,Rear End,['Driver'],North,"['Automobile, Station Wagon']","['Going Ahead', 'Slowing or Stopping']","['Lost control', 'Driving Properly']","['Inattentive', 'Normal']",['Not Applicable'],['Not Applicable'],['Not Applicable'],['Not Applicable'],['Not Applicable'],False,"['55 to 59', '65 to 69', '60 to 64']",3.0
162,2015-07-10 08:00:00,1850,2015,EGLINTON AVE W,ROYAL YORK RD,Major Arterial,Etobicoke York,43.682265,-79.526561,618761.1626,4837637.5399,At Intersection,Traffic Signal,Clear,Daylight,Dry,9,Edenbridge-Humber Valley,9,Edenbridge-Humber Valley (9),Non-Fatal Injury,0,0,0,1,0,0,0,0,0,1,0,0,0,Turning Movement,"['Driver', 'Motorcycle Driver']",East,['Motorcycle'],"['Turning Left', 'Going Ahead']","['Failed to Yield Right of Way', 'Driving Properly']","['Unknown', 'Normal']",['Not Applicable'],['Not Applicable'],['Not Applicable'],['Not Applicable'],['Not Applicable'],False,"['unknown', '55 to 59']",3.0
163,2015-07-10 08:00:00,2325,2015,KIPLING AVE,BEACONHILL RD,Major Arterial,Etobicoke York,43.753611,-79.587085,613747.7377,4845476.6169,Non Intersection,Traffic Signal,Clear,Dark,Dry,2,Mount Olive-Silverstone-Jamestown,2,Mount Olive-Silverstone-Jamestown (2),Non-Fatal Injury,0,0,1,0,0,1,0,1,1,1,0,1,0,Rear End,"['Driver', 'Passenger']",North,"['Automobile, Station Wagon', 'Municipal Transit Bus (TTC)']","['Changing Lanes', 'Slowing or Stopping']","['Lost control', 'Driving Properly']","['Ability Impaired, Alcohol Over .08', 'Normal']",['Not Applicable'],['Not Applicable'],['Not Applicable'],['Not Applicable'],['Not Applicable'],False,"['35 to 39', '50 to 54']",3.0
164,2015-07-12 08:00:00,2354,2015,LAKE SHORE BLVD W,ONTARIO DR,Major Arterial,Toronto and East York,43.630416,-79.419772,627478.2447,4832037.4838,Intersection Related,Traffic Signal,Clear,"Dark, artificial",Dry,163,Fort York-Liberty Village,82,Niagara (82),Non-Fatal Injury,0,0,0,0,1,0,0,1,0,0,0,0,0,SMV Other,"['Truck Driver', 'Passenger']",North,['Truck (other)'],['Turning Left'],['Driving Properly'],['Unknown'],['Not Applicable'],['Not Applicable'],['Not Applicable'],['Not Applicable'],['Not Applicable'],False,['20 to 24'],3.0
165,2015-07-14 08:00:00,2137,2015,BUCKINGHAM AVE,DINNICK CRES,Local,North York,43.725703,-79.39442,629318.5714,4842659.6423,Unknown,Stop Sign,Other,"Dark, artificial",Other,103,Lawrence Park South,103,Lawrence Park South (103),Fatal,1,0,1,0,0,0,0,0,0,1,0,0,0,Pedestrian Collisions,"['Driver', 'Pedestrian']",North,"['Automobile, Station Wagon']",['Turning Left'],['Failed to Yield Right of Way'],['Normal'],['Crossing with right of way'],['Normal'],['Not Applicable'],['Not Applicable'],['Not Applicable'],True,"['45 to 49', '70 to 74']",4.0
166,2015-07-15 08:00:00,429,2015,1500 EGLINTON AVE W,Not Applicable,Major Arterial,North York,43.697718,-79.440814,625640.2779,4839480.1629,At/Near Private Drive,No Control,Clear,Dark,Dry,107,Oakwood Village,107,Oakwood Village (107),Non-Fatal Injury,1,0,1,0,0,0,0,0,1,1,0,0,0,Pedestrian Collisions,"['Driver', 'Pedestrian']",South,"['Automobile, Station Wagon']",['Going Ahead'],['Other'],['Unknown'],['Other'],['Unknown'],['Not Applicable'],['Not Applicable'],['Not Applicable'],False,"['35 to 39', '30 to 34']",3.0
167,2015-07-15 08:00:00,2030,2015,DANFORTH AVE,AUGUST AVE,Major Arterial,Scarborough,43.692805,-79.281108,638520.9513,4839188.9113,Intersection Related,Stop Sign,Clear,Daylight,Dry,121,Oakridge,121,Oakridge (121),Non-Fatal Injury,0,0,1,1,0,0,0,1,0,0,0,0,0,Turning Movement,"['Driver', 'Motorcycle Driver', 'Passenger']",North,"['Automobile, Station Wagon', 'Motorcycle']","['Turning Left', 'Going Ahead']","['Improper Turn', 'Driving Properly']",['Normal'],['Not Applicable'],['Not Applicable'],['Not Applicable'],['Not Applicable'],['Not Applicable'],False,"['60 to 64', '50 to 54', '45 to 49', '10 to 14']",3.0
168,2015-07-16 08:00:00,1253,2015,EASTDALE AVE,GOODWOOD PARK CRES,Collector,Toronto and East York,43.694762,-79.300769,636932.0505,4839373.6058,Non Intersection,No Control,Clear,Daylight,Dry,61,Taylor-Massey,61,Taylor-Massey (61),Non-Fatal Injury,1,0,1,0,0,0,0,1,0,0,0,0,0,Pedestrian Collisions,"['Driver', 'Pedestrian', 'Passenger']",North,"['Automobile, Station Wagon']",['Going Ahead'],['Driving Properly'],['Normal'],['Coming From Behind Parked Vehicle'],['Inattentive'],['Not Applicable'],['Not Applicable'],['Not Applicable'],False,"['25 to 29', '15 to 19', '5 to 9', '0 to 4']",3.0
169,2015-07-17 08:00:00,827,2015,SPADINA RD,DUPONT ST,Major Arterial,Toronto and East York,43.674845,-79.407108,628405.1505,4836991.4307,Intersection Related,Traffic Signal,Clear,Daylight,Wet,95,Annex,95,Annex (95),Non-Fatal Injury,0,1,0,0,1,0,0,0,0,0,0,0,0,Cyclist Collisions,"['Truck Driver', 'Cyclist']",North,"['Truck - Tank', 'Bicycle']","['Turning Right', 'Stopped']",['Improper Turn'],['Inattentive'],['Not Applicable'],['Not Applicable'],['Motorist turning right on green or amber at signalized intersection strikes cyclist.'],['Driving Properly'],['Normal'],False,"['60 to 64', '25 to 29']",3.0
170,2015-07-17 08:00:00,1001,2015,BAYVIEW AVE,BAYVIEW MEWS LANE,Major Arterial,North York,43.76937,-79.388652,629688.81,4847518.5279,Intersection Related,Traffic Signal,Clear,Daylight,Dry,52,Bayview Village,52,Bayview Village (52),Non-Fatal Injury,0,0,1,0,0,0,0,0,1,1,0,0,0,Turning Movement,['Driver'],North,"['Automobile, Station Wagon', 'Pick Up Truck']","['Turning Left', 'Going Ahead']","['Improper Turn', 'Speed too Fast For Condition']","['Inattentive', 'Normal']",['Not Applicable'],['Not Applicable'],['Not Applicable'],['Not Applicable'],['Not Applicable'],False,"['75 to 79', '25 to 29']",3.0
171,2015-07-17 08:00:00,1714,2015,FINCH AVE E,MANORCREST DR,Major Arterial,North York,43.784339,-79.394687,629170.845,4849171.6308,Intersection Related,No Control,Clear,Daylight,Dry,152,East Willowdale,51,Willowdale East (51),Non-Fatal Injury,0,0,1,0,0,0,0,0,1,1,0,0,0,Rear End,['Driver'],East,"['Automobile, Station Wagon']","['Going Ahead', 'Stopped']","['Speed too Fast For Condition', 'Driving Properly']","['Inattentive', 'Normal', 'Unknown']",['Not Applicable'],['Not Applicable'],['Not Applicable'],['Not Applicable'],['Not Applicable'],False,"['25 to 29', '55 to 59', 'unknown']",3.0
172,2015-07-18 08:00:00,1211,2015,STEELES AVE E,MAXOME AVE,Major Arterial,North York,43.801047,-79.406238,628205.6583,4851009.3559,At Intersection,Traffic Signal,Clear,Daylight,Dry,50,Newtonbrook East,50,Newtonbrook East (50),Non-Fatal Injury,0,0,1,0,0,0,0,1,0,1,0,0,0,Turning Movement,"['Driver', 'Passenger']",East,"['Automobile, Station Wagon']","['Turning Left', 'Going Ahead', 'Stopped']","['Failed to Yield Right of Way', 'Driving Properly']","['Inattentive', 'Normal']",['Not Applicable'],['Not Applicable'],['Not Applicable'],['Not Applicable'],['Not Applicable'],False,"['75 to 79', '40 to 44', '10 to 14']",3.0
173,2015-07-20 08:00:00,1015,2015,THE QUEENSWAY,SOUTH KINGSWAY,Major Arterial,Toronto and East York,43.636389,-79.472293,623229.0853,4832621.5501,Non Intersection,No Control,Clear,Daylight,Dry,87,High Park-Swansea,87,High Park-Swansea (87),Non-Fatal Injury,1,0,0,0,1,0,0,0,0,0,0,0,0,Pedestrian Collisions,"['Truck Driver', 'Pedestrian']",East,"['Truck - Closed (Blazer, etc)']",['Reversing'],['Other'],['Normal'],['Other'],['Normal'],['Not Applicable'],['Not Applicable'],['Not Applicable'],False,"['35 to 39', '55 to 59']",3.0
174,2015-07-21 08:00:00,954,2015,LAWRENCE AVE E,MORNINGSIDE AVE,Minor Arterial,Scarborough,43.768603,-79.18523,646063.2213,4847772.0673,Non Intersection,No Control,Clear,Daylight,Dry,136,West Hill,136,West Hill (136),Non-Fatal Injury,0,0,1,1,0,0,0,0,0,0,0,0,0,Turning Movement,"['Driver', 'Motorcycle Driver']",East,"['Pick Up Truck', 'Motorcycle']","['Turning Left', 'Going Ahead']","['Speed too Slow', 'Driving Properly']",['Normal'],['Not Applicable'],['Not Applicable'],['Not Applicable'],['Not Applicable'],['Not Applicable'],False,"['45 to 49', '65 to 69']",3.0
175,2015-07-21 08:00:00,2135,2015,VICTORIA ST,RICHMOND ST E,Major Arterial,Toronto and East York,43.651946,-79.37775,630821.4918,4834494.0571,At Intersection,Traffic Signal,Clear,"Dark, artificial",Dry,168,Downtown Yonge East,75,Church-Yonge Corridor (75),Non-Fatal Injury,0,0,1,1,0,0,0,1,0,1,1,0,0,Angle,"['Motorcycle Driver', 'Driver', 'Passenger']",South,"['Motorcycle', 'Automobile, Station Wagon']",['Going Ahead'],"['Disobeyed Traffic Control', 'Driving Properly']","['Inattentive', 'Normal']",['Not Applicable'],['Not Applicable'],['Not Applicable'],['Not Applicable'],['Not Applicable'],False,"['20 to 24', '30 to 34', '35 to 39', '40 to 44']",3.0