accident_number,date,time,year,street1,street2,road_class,district,latitude,longitude,x,y,accident_location,traffctl,visibility,light,road_surface_condition,hood_158,neighbourhood_new,hood_140,neighbourhood_old,accident_class,pedestrian,cyclist,automobile,motorcycle,truck,trsn_city_veh,emerg_veh,passenger,speeding,aggressive_driving,redlight,alcohol,disability,impact_type,involvement_type,initial_direction,vehicle_type,manoeuver,driver_action,driver_condition,pedestrian_action,pedestrian_condition,cyclist_type,cyclist_action,cyclist_condition,injury,involvement_age,injury_severity_score
219,2015-09-11 08:00:00,2139,2015,DUPONT ST,WALMER RD,Major Arterial,Toronto and East York,43.674601,-79.408252,628313.4502,4836962.5609,Non Intersection,No Control,Rain,"Dark, artificial",Wet,95,Annex,95,Annex (95),Non-Fatal Injury,1,0,1,0,0,0,0,1,0,0,0,0,0,Pedestrian Collisions,"['Driver', 'Passenger', 'Pedestrian']",South,"['Automobile, Station Wagon']",['Going Ahead'],['Driving Properly'],['Normal'],"['Crossing, no Traffic Control']",['Unknown'],['Not Applicable'],['Not Applicable'],['Not Applicable'],False,"['45 to 49', '10 to 14', '60 to 64']",3.0
220,2015-09-12 08:00:00,1930,2015,BAY MILLS BLVD,SHEPPARD AVE E,Major Arterial,Scarborough,43.779551,-79.304385,636447.9241,4848784.7197,At Intersection,Traffic Signal,Rain,"Dawn, artificial",Wet,118,Tam O'Shanter-Sullivan,118,Tam O'Shanter-Sullivan (118),Non-Fatal Injury,1,0,1,0,0,0,0,1,0,1,0,0,0,Pedestrian Collisions,"['Driver', 'Passenger', 'Pedestrian']",South,"['Automobile, Station Wagon']",['Turning Left'],['Failed to Yield Right of Way'],['Inattentive'],['Crossing with right of way'],['Normal'],['Not Applicable'],['Not Applicable'],['Not Applicable'],False,"['20 to 24', '25 to 29', '15 to 19']",3.0
221,2015-09-16 08:00:00,1721,2015,STRACHAN AVE,WELLINGTON ST W,Minor Arterial,Toronto and East York,43.640742,-79.411464,628126.5173,4833197.1094,At Intersection,Stop Sign,Clear,Daylight,Dry,162,West Queen West,82,Niagara (82),Non-Fatal Injury,0,0,1,0,0,0,0,0,0,1,0,0,0,Angle,['Driver'],South,"['Automobile, Station Wagon']",['Going Ahead'],"['Failed to Yield Right of Way', 'Driving Properly']",['Normal'],['Not Applicable'],['Not Applicable'],['Not Applicable'],['Not Applicable'],['Not Applicable'],False,"['40 to 44', '35 to 39']",3.0
222,2015-09-16 08:00:00,1940,2015,KENNEDY RD,PERTHSHIRE ST,Major Arterial,Scarborough,43.808901,-79.300456,636697.1597,4852050.9871,Intersection Related,No Control,Clear,"Dark, artificial",Dry,130,Milliken,130,Milliken (130),Non-Fatal Injury,1,0,1,0,0,0,0,0,0,0,0,0,0,Pedestrian Collisions,"['Driver', 'Pedestrian']",Unknown,"['Automobile, Station Wagon']",['Going Ahead'],['Driving Properly'],['Normal'],"['Crossing, no Traffic Control']",['Normal'],['Not Applicable'],['Not Applicable'],['Not Applicable'],False,"['20 to 24', '80 to 84', '70 to 74']",3.0
223,2015-09-16 08:00:00,2200,2015,BIRMINGHAM ST,SIXTEENTH ST,Collector,Etobicoke York,43.601107,-79.516086,619766.6159,4828638.9728,Non Intersection,No Control,Clear,"Dark, artificial",Dry,18,New Toronto,18,New Toronto (18),Non-Fatal Injury,0,1,1,0,0,0,0,0,0,0,0,0,0,Cyclist Collisions,"['Cyclist', 'Driver']",West,"['Bicycle', 'Automobile, Station Wagon']","['Changing Lanes', 'Going Ahead']",['Driving Properly'],['Normal'],['Not Applicable'],['Not Applicable'],['Cyclist and Driver travelling in same direction. One vehicle sideswipes the other.'],['Improper Lane Change'],['Inattentive'],False,['50 to 54'],3.0
224,2015-09-17 08:00:00,2210,2015,NEILSON RD,FINCH AVE E,Minor Arterial,Scarborough,43.816256,-79.227596,642539.9769,4852990.8341,Non Intersection,No Control,Clear,"Dark, artificial",Dry,145,Malvern West,132,Malvern (132),Non-Fatal Injury,1,0,1,0,0,0,0,0,0,0,0,0,0,Pedestrian Collisions,"['Driver', 'Pedestrian']",East,"['Automobile, Station Wagon']",['Changing Lanes'],['Improper Lane Change'],['Unknown'],"['Crossing, no Traffic Control']",['Inattentive'],['Not Applicable'],['Not Applicable'],['Not Applicable'],False,"['unknown', '40 to 44']",3.0
225,2015-09-18 08:00:00,610,2015,QUEEN ST E,HILTZ AVE,Minor Arterial,Toronto and East York,43.664164,-79.326206,634950.7758,4835933.5817,Non Intersection,No Control,Clear,Dark,Dry,65,Greenwood-Coxwell,65,Greenwood-Coxwell (65),Fatal,0,0,0,1,0,1,0,0,0,0,0,0,0,Approaching,"['Motorcycle Driver', 'Driver']",East,"['Motorcycle', 'Street Car']",['Going Ahead'],"['Lost control', 'Driving Properly']","['Inattentive', 'Normal']",['Not Applicable'],['Not Applicable'],['Not Applicable'],['Not Applicable'],['Not Applicable'],True,"['35 to 39', '30 to 34']",4.0
226,2015-09-20 08:00:00,2000,2015,MIDLAND AVE,ELLESMERE RD,Major Arterial,Scarborough,43.767913,-79.271098,639153.5851,4847547.5407,At Intersection,Traffic Signal,Clear,"Dark, artificial",Dry,156,Bendale-Glen Andrew,127,Bendale (127),Fatal,0,0,1,0,0,0,0,1,0,0,0,0,0,Turning Movement,"['Driver', 'Passenger']",West,"['Automobile, Station Wagon']","['Turning Left', 'Going Ahead', 'Stopped']","['Improper Turn', 'Driving Properly']",['Normal'],['Not Applicable'],['Not Applicable'],['Not Applicable'],['Not Applicable'],['Not Applicable'],True,"['65 to 69', '15 to 19', '20 to 24', '25 to 29', '80 to 84', '60 to 64', '35 to 39', '10 to 14']",4.0
227,2015-09-22 08:00:00,1751,2015,QUEEN ST E,BERKELEY ST,Major Arterial,Toronto and East York,43.655329,-79.365749,631781.8871,4834888.7738,Intersection Related,No Control,Clear,Daylight,Dry,73,Moss Park,73,Moss Park (73),Fatal,1,0,1,0,0,0,0,0,0,0,0,0,0,Pedestrian Collisions,"['Driver', 'Pedestrian']",South,"['Automobile, Station Wagon']",['Going Ahead'],['Driving Properly'],['Normal'],['Crossing without right of way'],['Normal'],['Not Applicable'],['Not Applicable'],['Not Applicable'],True,"['30 to 34', '90 to 94']",4.0
228,2015-09-23 08:00:00,1700,2015,MARKHAM RD,DUNELM ST,Major Arterial,Scarborough,43.745635,-79.219951,643323.4678,4845160.452,Non Intersection,No Control,Clear,Daylight,Dry,139,Scarborough Village,139,Scarborough Village (139),Non-Fatal Injury,0,0,1,0,0,0,0,1,0,1,0,0,0,Rear End,"['Driver', 'Passenger']",South,"['Automobile, Station Wagon']",['Going Ahead'],"['Following too Close', 'Driving Properly']",['Normal'],['Not Applicable'],['Not Applicable'],['Not Applicable'],['Not Applicable'],['Not Applicable'],False,"['20 to 24', '65 to 69', '40 to 44', '60 to 64', '15 to 19']",3.0
229,2015-09-23 08:00:00,1715,2015,BOOTH AVE,LAKE SHORE BLVD E,Major Arterial,Toronto and East York,43.653514,-79.340778,633799.539,4834727.156,At Intersection,Stop Sign,Clear,Daylight,Dry,70,South Riverdale,70,South Riverdale (70),Non-Fatal Injury,0,1,1,0,0,0,0,1,0,1,0,0,0,Cyclist Collisions,"['Driver', 'Cyclist', 'Passenger']",East,"['Automobile, Station Wagon', 'Bicycle']","['Turning Right', 'Going Ahead']",['Failed to Yield Right of Way'],['Inattentive'],['Not Applicable'],['Not Applicable'],"['Motorist turns right at non-signal Inter.(stop, yield, no cont.,and dwy) and strikes cyclist.']",['Driving Properly'],['Normal'],False,"['60 to 64', '40 to 44', '65 to 69']",3.0
230,2015-09-23 08:00:00,2300,2015,MILNER AVE,CINEMART DR,Minor Arterial,Scarborough,43.797373,-79.204799,644418.8777,4850933.0997,At Intersection,No Control,Clear,"Dark, artificial",Dry,146,Malvern East,132,Malvern (132),Non-Fatal Injury,0,0,1,0,0,0,0,0,1,1,0,0,0,SMV Other,['Driver'],East,"['Automobile, Station Wagon']",['Going Ahead'],['Lost control'],['Inattentive'],['Not Applicable'],['Not Applicable'],['Not Applicable'],['Not Applicable'],['Not Applicable'],False,['40 to 44'],3.0
231,2015-09-24 08:00:00,110,2015,LAKE SHORE BLVD W,ROYAL YORK RD,Major Arterial,Etobicoke York,43.603362,-79.493755,621564.4243,4828921.8587,Non Intersection,No Control,Clear,"Dark, artificial",Dry,160,Mimico-Queensway,17,Mimico (includes Humber Bay Shores) (17),Non-Fatal Injury,0,0,1,0,0,0,0,0,1,1,0,0,0,SMV Other,['Driver'],West,['Pick Up Truck'],['Going Ahead'],['Speed too Fast For Condition'],['Unknown'],['Not Applicable'],['Not Applicable'],['Not Applicable'],['Not Applicable'],['Not Applicable'],False,['30 to 34'],3.0
232,2015-09-24 08:00:00,636,2015,THE QUEENSWAY,GLENDALE AVE,Major Arterial,Toronto and East York,43.639189,-79.450557,624976.583,4832965.0236,At Intersection,No Control,Clear,"Dark, artificial",Dry,87,High Park-Swansea,87,High Park-Swansea (87),Fatal,1,0,1,0,0,0,0,0,0,0,0,0,0,Pedestrian Collisions,"['Driver', 'Pedestrian']",East,"['Automobile, Station Wagon']",['Going Ahead'],['Driving Properly'],['Normal'],"['Crossing, no Traffic Control']",['Normal'],['Not Applicable'],['Not Applicable'],['Not Applicable'],True,"['55 to 59', '75 to 79']",4.0
233,2015-09-24 08:00:00,1520,2015,WELLINGTON ST W,YORK ST,Minor Arterial,Toronto and East York,43.64659,-79.383029,630407.3687,4833890.8942,Non Intersection,Traffic Signal,Clear,Daylight,Dry,170,Yonge-Bay Corridor,76,Bay Street Corridor (76),Non-Fatal Injury,0,1,1,0,0,0,0,0,0,1,0,0,0,Cyclist Collisions,"['Driver', 'Cyclist']",West,"['Automobile, Station Wagon', 'Bicycle']",['Going Ahead'],['Improper Passing'],['Inattentive'],['Not Applicable'],['Not Applicable'],['Cyclist and Driver travelling in same direction. One vehicle sideswipes the other.'],['Driving Properly'],['Normal'],False,"['55 to 59', '35 to 39']",3.0
234,2015-09-24 08:00:00,2230,2015,MARKHAM RD,LAWRENCE AVE E,Major Arterial,Scarborough,43.75981,-79.225314,642857.9185,4846725.5382,Intersection Related,Traffic Signal,Clear,"Dark, artificial",Dry,141,Golfdale-Cedarbrae-Woburn,137,Woburn (137),Non-Fatal Injury,0,0,1,0,0,0,0,0,0,1,0,0,0,Turning Movement,['Driver'],North,"['Automobile, Station Wagon', 'Passenger Van']","['Turning Left', 'Going Ahead']","['Failed to Yield Right of Way', 'Driving Properly']","['Inattentive', 'Normal']",['Not Applicable'],['Not Applicable'],['Not Applicable'],['Not Applicable'],['Not Applicable'],False,"['60 to 64', '15 to 19']",3.0
235,2015-09-25 08:00:00,1943,2015,HUMBERSIDE AVE,KEELE ST,Major Arterial,Toronto and East York,43.661589,-79.462917,623933.5486,4835434.2966,At Intersection,Traffic Signal,Clear,"Dark, artificial",Dry,88,High Park North,88,High Park North (88),Non-Fatal Injury,1,0,1,0,0,0,0,1,0,1,0,0,0,Pedestrian Collisions,"['Driver', 'Pedestrian', 'Passenger']",East,"['Automobile, Station Wagon']",['Turning Left'],['Failed to Yield Right of Way'],['Inattentive'],['Crossing with right of way'],['Normal'],['Not Applicable'],['Not Applicable'],['Not Applicable'],False,"['30 to 34', '80 to 84', '65 to 69']",3.0
236,2015-09-25 08:00:00,2058,2015,MOUNT PLEASANT RD,STIBBARD AVE,Major Arterial,North York,43.716925,-79.393604,629403.1921,4841685.993,Non Intersection,No Control,Clear,"Dark, artificial",Dry,99,Mount Pleasant East,99,Mount Pleasant East (99),Non-Fatal Injury,0,0,1,0,0,0,0,0,0,0,0,1,0,SMV Other,['Driver'],North,"['Automobile, Station Wagon']",['Going Ahead'],['Lost control'],"['Ability Impaired, Alcohol']",['Not Applicable'],['Not Applicable'],['Not Applicable'],['Not Applicable'],['Not Applicable'],False,['50 to 54'],3.0
237,2015-09-26 08:00:00,1,2015,BURNHAMTHORPE RD,427 C N BURNHAMTHORPE RAMP,Major Arterial,Etobicoke York,43.645896,-79.561664,616001.8164,4833548.6276,At Intersection,Traffic Signal,Clear,"Dark, artificial",Dry,158,Islington,14,Islington-City Centre West (14),Fatal,0,0,1,0,0,0,0,0,1,1,1,1,0,Turning Movement,['Driver'],East,"['Automobile, Station Wagon']","['Going Ahead', 'Turning Left']","['Disobeyed Traffic Control', 'Driving Properly']","['Ability Impaired, Alcohol', 'Normal']",['Not Applicable'],['Not Applicable'],['Not Applicable'],['Not Applicable'],['Not Applicable'],True,"['30 to 34', '20 to 24']",4.0
238,2015-09-26 08:00:00,1718,2015,DANFORTH AVE,ST DUNSTAN DR,Major Arterial,Scarborough,43.691847,-79.28551,638168.4015,4839075.1673,Intersection Related,No Control,Clear,Daylight,Dry,121,Oakridge,121,Oakridge (121),Non-Fatal Injury,0,0,1,1,0,0,0,1,0,1,0,0,0,Turning Movement,"['Driver', 'Motorcycle Driver', 'Passenger']",East,"['Automobile, Station Wagon', 'Motorcycle']","['Turning Left', 'Changing Lanes']","['Improper Turn', 'Improper Lane Change']",['Inattentive'],['Not Applicable'],['Not Applicable'],['Not Applicable'],['Not Applicable'],['Not Applicable'],False,"['50 to 54', '30 to 34']",3.0
239,2015-09-27 08:00:00,54,2015,KEELE ST,ANNETTE ST,Major Arterial,Toronto and East York,43.663642,-79.463794,623858.6144,4835660.9995,Intersection Related,Traffic Signal,Clear,"Dark, artificial",Dry,90,Junction Area,90,Junction Area (90),Non-Fatal Injury,0,1,0,0,0,1,0,0,0,0,0,0,0,Cyclist Collisions,"['Cyclist', 'Driver']",South,"['Bicycle', 'Municipal Transit Bus (TTC)']","['Going Ahead', 'Turning Right']",['Driving Properly'],['Normal'],['Not Applicable'],['Not Applicable'],"['Cyclist without ROW rides into path of motorist at inter, lnwy, dwy-Cyclist not turn.']",['Disobeyed Traffic Control'],['Normal'],False,"['25 to 29', '35 to 39']",3.0
240,2015-09-27 08:00:00,1220,2015,HOMEWOOD AVE,WELLESLEY ST E,Minor Arterial,Toronto and East York,43.666476,-79.375842,630943.7692,4836110.8164,At Intersection,Traffic Signal,Clear,Daylight,Dry,71,Cabbagetown-South St.James Town,71,Cabbagetown-South St.James Town (71),Non-Fatal Injury,0,1,1,0,0,0,0,0,0,1,0,0,0,Cyclist Collisions,"['Driver', 'Cyclist']",East,"['Automobile, Station Wagon', 'Bicycle']","['Turning Right', 'Going Ahead']",['Failed to Yield Right of Way'],['Inattentive'],['Not Applicable'],['Not Applicable'],['Motorist turning right on red at signalized intersection strikes cyclist.'],['Driving Properly'],['Normal'],False,"['40 to 44', '25 to 29']",3.0
241,2015-09-27 08:00:00,2136,2015,336 BIRCHMOUNT RD,Not Applicable,Minor Arterial,Scarborough,43.698958,-79.264797,639821.1257,4839899.6683,Non Intersection,No Control,Clear,"Dark, artificial",Dry,122,Birchcliffe-Cliffside,122,Birchcliffe-Cliffside (122),Non-Fatal Injury,0,1,1,0,0,0,0,0,0,1,0,0,0,Cyclist Collisions,"['Driver', 'Cyclist']",South,"['Automobile, Station Wagon', 'Bicycle']","['Going Ahead', 'Stopped']",['Following too Close'],['Inattentive'],['Not Applicable'],['Not Applicable'],['Cyclist and Driver travelling in same direction. One vehicle rear-ended the other.'],['Driving Properly'],['Normal'],False,"['65 to 69', '35 to 39']",3.0
242,2015-09-28 08:00:00,1755,2015,OSSINGTON AVE,DEWSON ST,Minor Arterial,Toronto and East York,43.656546,-79.423526,627120.2799,4834933.7991,Non Intersection,No Control,Clear,Daylight,Dry,80,Palmerston-Little Italy,80,Palmerston-Little Italy (80),Non-Fatal Injury,1,0,1,0,0,0,0,0,0,0,0,0,0,Pedestrian Collisions,"['Driver', 'Pedestrian']",East,"['Automobile, Station Wagon']",['Going Ahead'],['Driving Properly'],['Normal'],['Running onto Roadway'],['Inattentive'],['Not Applicable'],['Not Applicable'],['Not Applicable'],False,"['40 to 44', '5 to 9']",3.0
243,2015-09-29 08:00:00,1325,2015,RIVER ST,QUEEN ST E,Major Arterial,Toronto and East York,43.657363,-79.35654,632520.0114,4835129.3435,At Intersection,Traffic Signal,Other,Daylight,Other,73,Moss Park,73,Moss Park (73),Non-Fatal Injury,0,0,1,0,0,0,0,1,0,1,0,0,0,Turning Movement,"['Driver', 'Passenger']",North,"['Automobile, Station Wagon']","['Turning Right', 'Going Ahead']","['Failed to Yield Right of Way', 'Driving Properly']",['Unknown'],['Not Applicable'],['Not Applicable'],['Not Applicable'],['Not Applicable'],['Not Applicable'],False,"['25 to 29', '65 to 69', '55 to 59']",3.0
244,2015-09-29 08:00:00,1520,2015,939 PROGRESS AVE,Not Applicable,Minor Arterial,Scarborough,43.7839,-79.231899,642270.6992,4849389.7719,At Intersection,Traffic Signal,Rain,Daylight,Wet,142,Woburn North,137,Woburn (137),Non-Fatal Injury,0,1,1,0,0,0,0,0,0,1,0,0,0,Cyclist Collisions,"['Driver', 'Cyclist']",North,"['Automobile, Station Wagon', 'Bicycle']","['Turning Left', 'Going Ahead']",['Failed to Yield Right of Way'],['Inattentive'],['Not Applicable'],['Not Applicable'],['Motorist turned left across cyclists path.'],['Driving Properly'],['Normal'],False,"['35 to 39', '15 to 19']",3.0
245,2015-09-30 08:00:00,733,2015,DUNDAS ST W,ROXTON RD,Major Arterial,Toronto and East York,43.649562,-79.419528,627457.4385,4834164.2675,Non Intersection,No Control,Clear,Daylight,Dry,81,Trinity-Bellwoods,81,Trinity-Bellwoods (81),Non-Fatal Injury,0,0,1,1,0,0,0,0,0,0,0,0,0,Sideswipe,"['Driver', 'Motorcycle Driver']",East,"['Automobile, Station Wagon', 'Motorcycle']","['Changing Lanes', 'Going Ahead']","['Improper Lane Change', 'Driving Properly']","['Inattentive', 'Normal']",['Not Applicable'],['Not Applicable'],['Not Applicable'],['Not Applicable'],['Not Applicable'],False,"['30 to 34', '35 to 39']",3.0
246,2015-09-30 08:00:00,2355,2015,WILSON AVE,MURRAY RD,Major Arterial,North York,43.72959,-79.471462,623105.3433,4842974.0109,At Intersection,No Control,Clear,"Dark, artificial",Dry,155,Downsview,26,Downsview-Roding-CFB (26),Fatal,0,0,1,1,0,0,0,1,1,1,0,0,0,Turning Movement,"['Motorcycle Driver', 'Driver', 'Motorcycle Passenger']",East,"['Motorcycle', 'Automobile, Station Wagon']","['Going Ahead', 'Turning Left']","['Exceeding Speed Limit', 'Driving Properly']","['Unknown', 'Normal']",['Not Applicable'],['Not Applicable'],['Not Applicable'],['Not Applicable'],['Not Applicable'],True,"['30 to 34', '50 to 54', '20 to 24']",4.0
247,2015-10-01 08:00:00,1212,2015,PARLIAMENT ST,SPRUCE ST,Minor Arterial,Toronto and East York,43.662856,-79.367381,631633.8358,4835722.1567,Non Intersection,No Control,Clear,Daylight,Dry,71,Cabbagetown-South St.James Town,71,Cabbagetown-South St.James Town (71),Non-Fatal Injury,0,1,1,0,0,0,0,0,0,0,0,0,0,Cyclist Collisions,"['Driver', 'Cyclist']",North,"['Automobile, Station Wagon', 'Bicycle']","['Stopped', 'Overtaking']",['Other'],['Inattentive'],['Not Applicable'],['Not Applicable'],['Cyclist struck opened vehicle door'],['Driving Properly'],['Normal'],False,"['unknown', '60 to 64']",3.0
248,2015-10-01 08:00:00,1702,2015,DURIE ST,COLBECK ST,Collector,Toronto and East York,43.654135,-79.480563,622525.9152,4834580.2259,At Intersection,Stop Sign,Clear,Daylight,Dry,89,Runnymede-Bloor West Village,89,Runnymede-Bloor West Village (89),Non-Fatal Injury,1,0,1,0,0,0,0,0,0,1,0,0,0,Pedestrian Collisions,"['Driver', 'Pedestrian']",North,['Pick Up Truck'],['Turning Left'],['Failed to Yield Right of Way'],['Normal'],['Crossing with right of way'],['Normal'],['Not Applicable'],['Not Applicable'],['Not Applicable'],False,"['25 to 29', '75 to 79']",3.0
249,2015-10-03 08:00:00,351,2015,BURNHAMTHORPE RD,PRENNAN AVE,Major Arterial,Etobicoke York,43.650695,-79.540759,617678.4467,4834111.0486,Non Intersection,No Control,Clear,Dark,Dry,158,Islington,14,Islington-City Centre West (14),Fatal,0,0,1,0,0,0,0,1,1,1,0,0,0,SMV Other,"['Driver', 'Passenger']",West,"['Automobile, Station Wagon']",['Going Ahead'],['Speed too Fast For Condition'],['Had Been Drinking'],['Not Applicable'],['Not Applicable'],['Not Applicable'],['Not Applicable'],['Not Applicable'],True,"['35 to 39', '40 to 44']",4.0
250,2015-10-04 08:00:00,910,2015,THE KINGSWAY,ANGLESEY BLVD,Collector,Etobicoke York,43.663966,-79.521785,619182.3336,4835612.0448,At Intersection,Stop Sign,Clear,Daylight,Dry,9,Edenbridge-Humber Valley,9,Edenbridge-Humber Valley (9),Non-Fatal Injury,0,1,1,0,0,0,0,0,0,0,0,0,0,Cyclist Collisions,"['Cyclist', 'Driver']",East,"['Bicycle', 'Automobile, Station Wagon']",['Going Ahead'],['Driving Properly'],['Normal'],['Not Applicable'],['Not Applicable'],"['Cyclist without ROW rides into path of motorist at inter, lnwy, dwy-Cyclist not turn.']",['Disobeyed Traffic Control'],['Inattentive'],False,"['45 to 49', '30 to 34']",3.0
251,2015-10-04 08:00:00,1453,2015,COLLEGE ST,MARKHAM ST,Major Arterial,Toronto and East York,43.656211,-79.408946,628296.6754,4834919.0332,At Intersection,Stop Sign,Clear,"Dark, artificial",Dry,81,Trinity-Bellwoods,81,Trinity-Bellwoods (81),Non-Fatal Injury,0,1,1,0,0,0,0,0,1,1,0,0,0,Cyclist Collisions,"['Driver', 'Cyclist']",East,"['Automobile, Station Wagon', 'Bicycle']",['Going Ahead'],['Improper Passing'],['Unknown'],['Not Applicable'],['Not Applicable'],['Cyclist and Driver travelling in same direction. One vehicle rear-ended the other.'],['Driving Properly'],['Normal'],False,"['30 to 34', '50 to 54']",3.0
252,2015-10-06 08:00:00,621,2015,MORNINGSIDE AVE,SHEPPARD AVE E,Major Arterial,Scarborough,43.805159,-79.20087,644716.1574,4851804.7258,Non Intersection,No Control,Clear,"Dawn, artificial",Dry,146,Malvern East,132,Malvern (132),Fatal,0,0,1,0,0,1,0,0,0,0,0,0,0,Rear End,['Driver'],South,"['Automobile, Station Wagon', 'Municipal Transit Bus (TTC)']","['Going Ahead', 'Stopped']","['Lost control', 'Driving Properly']","['Unknown', 'Normal']",['Not Applicable'],['Not Applicable'],['Not Applicable'],['Not Applicable'],['Not Applicable'],True,"['50 to 54', '30 to 34']",4.0
253,2015-10-06 08:00:00,753,2015,DAVISVILLE AVE,MOUNT PLEASANT RD,Minor Arterial,Toronto and East York,43.700125,-79.387805,629906.6231,4839829.1856,Intersection Related,No Control,Clear,Daylight,Dry,174,South Eglinton-Davisville,104,Mount Pleasant West (104),Non-Fatal Injury,1,0,1,0,0,0,0,0,0,1,0,0,0,Pedestrian Collisions,"['Driver', 'Pedestrian']",East,"['Automobile, Station Wagon']",['Overtaking'],['Improper Passing'],['Normal'],['Running onto Roadway'],['Normal'],['Not Applicable'],['Not Applicable'],['Not Applicable'],False,"['25 to 29', '45 to 49']",3.0
254,2015-10-06 08:00:00,810,2015,COXWELL AVE,EARL HAIG AVE,Minor Arterial,Toronto and East York,43.681132,-79.322696,635195.6684,4837823.8257,Intersection Related,Pedestrian Crossover,Clear,Daylight,Dry,64,Woodbine Corridor,64,Woodbine Corridor (64),Non-Fatal Injury,1,0,1,0,0,0,0,0,0,1,0,0,0,Pedestrian Collisions,"['Driver', 'Pedestrian']",East,"['Automobile, Station Wagon']",['Going Ahead'],['Failed to Yield Right of Way'],['Inattentive'],"['Crossing, Pedestrian Crossover']",['Normal'],['Not Applicable'],['Not Applicable'],['Not Applicable'],False,"['35 to 39', '10 to 14']",3.0
255,2015-10-06 08:00:00,813,2015,KING ST W,SUDBURY ST,Major Arterial,Toronto and East York,43.640975,-79.417232,627660.7897,4833214.0991,Non Intersection,Traffic Signal,Clear,Daylight,Dry,162,West Queen West,82,Niagara (82),Non-Fatal Injury,0,1,1,0,0,0,0,0,0,0,0,0,0,Cyclist Collisions,"['Cyclist', 'Driver']",East,"['Bicycle', 'Automobile, Station Wagon']","['Changing Lanes', 'Going Ahead']",['Driving Properly'],['Normal'],['Not Applicable'],['Not Applicable'],['Cyclist and Driver travelling in same direction. One vehicle sideswipes the other.'],['Improper Lane Change'],['Inattentive'],False,"['20 to 24', '55 to 59']",3.0
256,2015-10-06 08:00:00,1107,2015,ROYAL YORK RD,BRAECREST AVE,Minor Arterial,Etobicoke York,43.694827,-79.532131,618287.5149,4839024.7581,Non Intersection,No Control,Clear,Daylight,Dry,8,Humber Heights-Westmount,8,Humber Heights-Westmount (8),Non-Fatal Injury,0,0,1,0,0,0,0,0,0,1,0,0,1,SMV Other,['Driver'],South,"['Automobile, Station Wagon']",['Changing Lanes'],['Lost control'],['Medical or Physical Disability'],['Not Applicable'],['Not Applicable'],['Not Applicable'],['Not Applicable'],['Not Applicable'],False,['60 to 64'],3.0
257,2015-10-07 08:00:00,2250,2015,STEELES AVE W,MARTIN GROVE RD,Major Arterial,Etobicoke York,43.758036,-79.60255,612494.4174,4845946.9567,Intersection Related,No Control,Clear,"Dark, artificial",Dry,2,Mount Olive-Silverstone-Jamestown,2,Mount Olive-Silverstone-Jamestown (2),Non-Fatal Injury,0,0,1,0,0,0,0,1,0,0,0,0,0,SMV Other,"['Driver', 'Passenger']",West,"['Automobile, Station Wagon']","['Other', 'Going Ahead']","['Other', 'Driving Properly']",['Normal'],['Not Applicable'],['Not Applicable'],['Not Applicable'],['Not Applicable'],['Not Applicable'],False,"['25 to 29', '20 to 24']",3.0
258,2015-10-08 08:00:00,2227,2015,EGLINTON AVE W,MENIN RD,Major Arterial,North York,43.699633,-79.43188,626356.1699,4839706.4269,Intersection Related,No Control,Rain,"Dark, artificial",Wet,106,Humewood-Cedarvale,106,Humewood-Cedarvale (106),Non-Fatal Injury,1,0,0,0,0,1,0,0,1,1,0,0,0,Pedestrian Collisions,"['Driver', 'Pedestrian']",Unknown,['Municipal Transit Bus (TTC)'],['Going Ahead'],['Speed too Fast For Condition'],['Normal'],"['Crossing, no Traffic Control']",['Normal'],['Not Applicable'],['Not Applicable'],['Not Applicable'],False,"['35 to 39', '85 to 89']",3.0
259,2015-10-09 08:00:00,15,2015,1244 LAWRENCE,Not Applicable,Major Arterial,North York,43.741103,-79.319248,635338.5345,4844490.0934,At/Near Private Drive,No Control,Rain,"Dark, artificial",Wet,43,Victoria Village,43,Victoria Village (43),Non-Fatal Injury,1,0,1,0,0,0,0,1,1,1,0,0,0,Pedestrian Collisions,"['Driver', 'Passenger', 'Pedestrian']",West,"['Automobile, Station Wagon']","['Going Ahead', 'Turning Right']","['Exceeding Speed Limit', 'Failed to Yield Right of Way']",['Inattentive'],['On Sidewalk or Shoulder'],['Unknown'],['Not Applicable'],['Not Applicable'],['Not Applicable'],False,"['20 to 24', '40 to 44', '15 to 19', '50 to 54']",3.0
260,2015-10-10 08:00:00,1919,2015,ISLINGTON AVE,DEERFOOT RD,Major Arterial,Etobicoke York,43.685214,-79.541393,617559.914,4837943.9345,Unknown,No Control,Clear,Dark,Dry,7,Willowridge-Martingrove-Richview,7,Willowridge-Martingrove-Richview (7),Fatal,1,0,1,0,0,0,0,0,1,1,0,0,0,Pedestrian Collisions,"['Driver', 'Pedestrian']",North,"['Automobile, Station Wagon']",['Going Ahead'],"['Exceeding Speed Limit', 'Driving Properly']","['Inattentive', 'Normal']","['Crossing, no Traffic Control']",['Inattentive'],['Not Applicable'],['Not Applicable'],['Not Applicable'],True,"['20 to 24', '55 to 59']",4.0