accident_number,date,time,year,street1,street2,road_class,district,latitude,longitude,x,y,accident_location,traffctl,visibility,light,road_surface_condition,hood_158,neighbourhood_new,hood_140,neighbourhood_old,accident_class,pedestrian,cyclist,automobile,motorcycle,truck,trsn_city_veh,emerg_veh,passenger,speeding,aggressive_driving,redlight,alcohol,disability,impact_type,involvement_type,initial_direction,vehicle_type,manoeuver,driver_action,driver_condition,pedestrian_action,pedestrian_condition,cyclist_type,cyclist_action,cyclist_condition,injury,involvement_age,injury_severity_score
261,2015-10-11 08:00:00,1445,2015,AVENUE RD,ROE AVE,Major Arterial,North York,43.732382,-79.419399,627292.5144,4843362.7652,Non Intersection,No Control,Clear,Daylight,Dry,39,Bedford Park-Nortown,39,Bedford Park-Nortown (39),Non-Fatal Injury,0,0,1,0,0,0,0,1,0,0,0,0,0,Turning Movement,"['Driver', 'Passenger']",South,"['Automobile, Station Wagon']","['Making U Turn', 'Going Ahead']","['Improper Turn', 'Driving Properly']","['Inattentive', 'Normal']",['Not Applicable'],['Not Applicable'],['Not Applicable'],['Not Applicable'],['Not Applicable'],False,"['60 to 64', '30 to 34', 'unknown']",3.0
262,2015-10-11 08:00:00,2217,2015,YONGE ST,SHUTER ST,Major Arterial,Toronto and East York,43.654051,-79.379962,630638.5455,4834724.3601,At Intersection,Traffic Signal,Clear,"Dark, artificial",Dry,168,Downtown Yonge East,75,Church-Yonge Corridor (75),Non-Fatal Injury,0,0,1,0,0,0,0,1,0,0,0,0,1,Approaching,"['Driver', 'Passenger']",South,"['Passenger Van', 'Pick Up Truck', 'Automobile, Station Wagon']","['Going Ahead', 'Stopped']","['Lost control', 'Driving Properly']","['Medical or Physical Disability', 'Normal']",['Not Applicable'],['Not Applicable'],['Not Applicable'],['Not Applicable'],['Not Applicable'],False,"['40 to 44', '25 to 29', '60 to 64', '35 to 39', '10 to 14', '5 to 9', '15 to 19']",3.0
263,2015-10-11 08:00:00,2340,2015,LAWRENCE AVE E,ORTON PARK RD,Major Arterial,Scarborough,43.763976,-79.205592,644435.4853,4847222.4482,At Intersection,Traffic Signal,Clear,Dark,Dry,141,Golfdale-Cedarbrae-Woburn,137,Woburn (137),Non-Fatal Injury,0,0,1,0,0,0,0,1,0,0,0,0,0,Turning Movement,"['Driver', 'Passenger']",East,"['Automobile, Station Wagon']","['Turning Left', 'Going Ahead']","['Improper Turn', 'Driving Properly']",['Normal'],['Not Applicable'],['Not Applicable'],['Not Applicable'],['Not Applicable'],['Not Applicable'],False,"['20 to 24', '15 to 19']",3.0
264,2015-10-12 08:00:00,1440,2015,STRACHAN AVE,LAKE SHORE BLVD W,Major Arterial,Toronto and East York,43.634429,-79.408733,628360.2352,4832500.1893,At Intersection,Traffic Signal,Clear,Daylight,Dry,163,Fort York-Liberty Village,82,Niagara (82),Non-Fatal Injury,0,0,1,0,0,0,0,1,0,1,0,0,1,Turning Movement,"['Driver', 'Passenger']",East,"['Automobile, Station Wagon']","['Turning Left', 'Going Ahead']","['Failed to Yield Right of Way', 'Driving Properly']","['Medical or Physical Disability', 'Normal']",['Not Applicable'],['Not Applicable'],['Not Applicable'],['Not Applicable'],['Not Applicable'],False,"['75 to 79', '25 to 29', '45 to 49']",3.0
265,2015-10-12 08:00:00,1830,2015,EGLINTON AVE W,MARTIN GROVE RD,Major Arterial,Etobicoke York,43.674468,-79.563159,615826.2928,4836719.8266,At Intersection,Traffic Signal,Clear,"Dark, artificial",Dry,10,Princess-Rosethorn,10,Princess-Rosethorn (10),Non-Fatal Injury,0,0,1,1,0,0,0,1,0,1,0,0,0,Turning Movement,"['Driver', 'Motorcycle Driver', 'Passenger']",East,"['Automobile, Station Wagon', 'Motorcycle']","['Turning Left', 'Going Ahead']","['Improper Turn', 'Driving Properly']","['Inattentive', 'Normal']",['Not Applicable'],['Not Applicable'],['Not Applicable'],['Not Applicable'],['Not Applicable'],False,"['35 to 39', '45 to 49', '5 to 9', '0 to 4']",3.0
266,2015-10-14 08:00:00,738,2015,BLOOR ST E,ST PAULS SQ,Major Arterial,Toronto and East York,43.671149,-79.382335,630410.1608,4836619.5878,Intersection Related,No Control,Clear,Daylight,Dry,167,Church-Wellesley,75,Church-Yonge Corridor (75),Non-Fatal Injury,0,1,1,0,0,0,0,0,0,0,0,0,0,Cyclist Collisions,"['Cyclist', 'Driver']",West,"['Bicycle', 'Automobile, Station Wagon']","['Changing Lanes', 'Slowing or Stopping']",['Driving Properly'],['Normal'],['Not Applicable'],['Not Applicable'],['Cyclist and Driver travelling in same direction. One vehicle sideswipes the other.'],['Lost control'],['Normal'],False,"['40 to 44', '45 to 49']",3.0
267,2015-10-16 08:00:00,1627,2015,KING ST W,ED MIRVISH WAY,Major Arterial,Toronto and East York,43.647013,-79.387485,630047.0794,4833930.8815,Non Intersection,No Control,Clear,Daylight,Dry,164,Wellington Place,77,Waterfront Communities-The Island (77),Non-Fatal Injury,1,0,1,0,0,0,0,0,0,0,0,0,0,Pedestrian Collisions,"['Driver', 'Pedestrian']",North,"['Automobile, Station Wagon']",['Going Ahead'],['Driving Properly'],['Normal'],"['Crossing, no Traffic Control']",['Inattentive'],['Not Applicable'],['Not Applicable'],['Not Applicable'],False,"['20 to 24', '65 to 69']",3.0
268,2015-10-16 08:00:00,2009,2015,BAYVIEW AVE,BAYVIEW MEWS LANE,Major Arterial,North York,43.76937,-79.388652,629688.81,4847518.5279,Non Intersection,No Control,Clear,"Dark, artificial",Dry,52,Bayview Village,52,Bayview Village (52),Non-Fatal Injury,0,0,1,0,0,0,0,1,0,0,0,0,0,Approaching,"['Driver', 'Passenger']",North,"['Automobile, Station Wagon']",['Going Ahead'],"['Lost control', 'Driving Properly']","['Inattentive', 'Normal']",['Not Applicable'],['Not Applicable'],['Not Applicable'],['Not Applicable'],['Not Applicable'],False,"['50 to 54', '60 to 64', '45 to 49', '20 to 24']",3.0
269,2015-10-18 08:00:00,145,2015,LAKE SHORE BLVD W,THIRTY SEVENTH ST,Major Arterial,Etobicoke York,43.593527,-79.537532,618050.5168,4827766.4255,Non Intersection,No Control,Clear,"Dark, artificial",Dry,19,Long Branch,19,Long Branch (19),Non-Fatal Injury,0,0,1,0,0,0,0,0,1,1,0,0,0,SMV Other,['Driver'],West,"['Automobile, Station Wagon']",['Going Ahead'],['Speed too Fast For Condition'],['Had Been Drinking'],['Not Applicable'],['Not Applicable'],['Not Applicable'],['Not Applicable'],['Not Applicable'],False,['20 to 24'],3.0
270,2015-10-19 08:00:00,845,2015,PELICAN GT,FINCH AVE W,Major Arterial,Etobicoke York,43.756339,-79.522502,618941.6711,4845870.3157,At Intersection,No Control,Clear,Daylight,Dry,25,Glenfield-Jane Heights,25,Glenfield-Jane Heights (25),Non-Fatal Injury,1,0,1,0,0,0,0,0,0,1,0,0,0,Pedestrian Collisions,"['Driver', 'Pedestrian']",East,"['Automobile, Station Wagon']",['Turning Right'],['Failed to Yield Right of Way'],['Unknown'],['Crossing with right of way'],['Normal'],['Not Applicable'],['Not Applicable'],['Not Applicable'],False,"['unknown', '65 to 69']",3.0
271,2015-10-20 08:00:00,923,2015,1245 DUPONT ST,Not Applicable,Major Arterial,Toronto and East York,43.668135,-79.441852,625618.3614,4836192.9977,Non Intersection,No Control,Clear,Daylight,Dry,171,Junction-Wallace Emerson,93,Dovercourt-Wallace Emerson-Junction (93),Non-Fatal Injury,1,0,1,0,0,0,0,1,0,0,0,0,0,Pedestrian Collisions,"['Driver', 'Passenger', 'Pedestrian']",East,"['Automobile, Station Wagon']","['Changing Lanes', 'Going Ahead']","['Improper Lane Change', 'Driving Properly']","['Unknown', 'Normal']",['Other'],['Normal'],['Not Applicable'],['Not Applicable'],['Not Applicable'],False,"['20 to 24', '55 to 59', '40 to 44']",3.0
272,2015-10-20 08:00:00,1250,2015,QUEEN ST W,BEACONSFIELD AVE,Major Arterial,Toronto and East York,43.643004,-79.424808,627045.4519,4833427.8208,Non Intersection,No Control,Clear,Daylight,Dry,84,Little Portugal,84,Little Portugal (84),Non-Fatal Injury,0,1,1,0,0,0,0,1,0,0,0,0,0,Cyclist Collisions,"['Driver', 'Cyclist', 'Passenger']",East,"['Automobile, Station Wagon', 'Bicycle']","['Stopped', 'Overtaking']",['Other'],['Inattentive'],['Not Applicable'],['Not Applicable'],['Cyclist struck opened vehicle door'],['Driving Properly'],['Normal'],False,"['30 to 34', '25 to 29', '0 to 4']",3.0
273,2015-10-21 08:00:00,1327,2015,KEELE ST,TILBURY DR,Major Arterial,North York,43.730334,-79.482967,622177.2336,4843039.6154,Intersection Related,Traffic Signal,Clear,Daylight,Dry,155,Downsview,26,Downsview-Roding-CFB (26),Non-Fatal Injury,0,0,1,0,0,0,0,0,0,1,0,0,0,SMV Other,['Driver'],South,"['Automobile, Station Wagon']",['Going Ahead'],['Lost control'],['Unknown'],['Not Applicable'],['Not Applicable'],['Not Applicable'],['Not Applicable'],['Not Applicable'],False,['75 to 79'],3.0
274,2015-10-22 08:00:00,945,2015,VAN HORNE AVE,TAVERLY RD,Collector,North York,43.788794,-79.331577,634239.0421,4849766.8411,Intersection Related,Stop Sign,Clear,Daylight,Dry,46,Pleasant View,46,Pleasant View (46),Non-Fatal Injury,1,0,1,0,0,0,0,0,0,0,0,0,0,Pedestrian Collisions,"['Driver', 'Pedestrian']",North,"['Automobile, Station Wagon']",['Turning Left'],['Driving Properly'],['Normal'],"['Crossing, no Traffic Control']",['Inattentive'],['Not Applicable'],['Not Applicable'],['Not Applicable'],False,"['50 to 54', '85 to 89']",3.0
275,2015-10-22 08:00:00,2130,2015,BATHURST ST,NIAGARA ST,Major Arterial,Toronto and East York,43.642199,-79.402004,628886.4247,4833373.575,At/Near Private Drive,Traffic Signal,Clear,"Dark, artificial",Dry,164,Wellington Place,77,Waterfront Communities-The Island (77),Non-Fatal Injury,0,1,1,0,0,0,0,0,0,0,0,0,0,Cyclist Collisions,"['Cyclist', 'Driver']",North,"['Bicycle', 'Automobile, Station Wagon']",['Turning Left'],['Driving Properly'],['Normal'],['Not Applicable'],['Not Applicable'],['Cyclist turned left across motorists path.'],['Speed too Fast For Condition'],['Inattentive'],False,"['30 to 34', '20 to 24']",3.0
276,2015-10-23 08:00:00,1437,2015,KEELE ST,DONALD AVE,Major Arterial,Etobicoke York,43.684897,-79.472804,623088.7032,4838008.2388,Intersection Related,Traffic Signal,Clear,Daylight,Dry,110,Keelesdale-Eglinton West,110,Keelesdale-Eglinton West (110),Fatal,1,0,1,0,0,0,0,0,0,0,0,0,0,Pedestrian Collisions,"['Driver', 'Pedestrian']",East,"['Automobile, Station Wagon']",['Turning Left'],['Improper Turn'],['Inattentive'],['Crossing with right of way'],['Normal'],['Not Applicable'],['Not Applicable'],['Not Applicable'],True,"['40 to 44', '75 to 79']",4.0
277,2015-10-23 08:00:00,1841,2015,DUNDAS ST W,WATSON AVE,Major Arterial,Toronto and East York,43.665644,-79.491969,621582.9067,4835841.6716,Non Intersection,No Control,Clear,"Dark, artificial",Dry,89,Runnymede-Bloor West Village,89,Runnymede-Bloor West Village (89),Non-Fatal Injury,1,0,1,0,0,0,0,1,0,0,0,0,0,Pedestrian Collisions,"['Driver', 'Pedestrian', 'Passenger']",North,"['Automobile, Station Wagon']",['Going Ahead'],['Driving Properly'],['Normal'],['Crossing without right of way'],['Had Been Drinking'],['Not Applicable'],['Not Applicable'],['Not Applicable'],False,"['65 to 69', '50 to 54', '55 to 59', '25 to 29']",3.0
278,2015-10-23 08:00:00,1909,2015,MORNINGSIDE AVE,SEWELLS RD,Minor Arterial,Scarborough,43.81626,-79.211139,643863.485,4853019.7653,At Intersection,Traffic Signal,Clear,"Dark, artificial",Dry,146,Malvern East,132,Malvern (132),Non-Fatal Injury,1,0,1,0,0,0,0,0,0,0,0,0,0,Pedestrian Collisions,"['Driver', 'Pedestrian']",South,"['Automobile, Station Wagon']",['Going Ahead'],['Driving Properly'],['Normal'],['Running onto Roadway'],['Inattentive'],['Not Applicable'],['Not Applicable'],['Not Applicable'],False,"['60 to 64', '30 to 34']",3.0
279,2015-10-24 08:00:00,1450,2015,DON VALLEY PARKWAY  N,DON MILLS RD,Expressway,Toronto and East York,43.700781,-79.33662,634029.5641,4839983.5177,Non Intersection,No Control,Rain,Daylight,Wet,58,Old East York,58,Old East York (58),Non-Fatal Injury,0,0,1,0,0,0,0,1,0,0,0,0,0,Approaching,"['Driver', 'Passenger']",South,"['Automobile, Station Wagon']","['Merging', 'Going Ahead']","['Lost control', 'Driving Properly']","['Inattentive', 'Normal']",['Not Applicable'],['Not Applicable'],['Not Applicable'],['Not Applicable'],['Not Applicable'],False,"['45 to 49', '30 to 34', '0 to 4', '15 to 19', '10 to 14']",3.0
280,2015-10-25 08:00:00,1100,2015,ELLESMERE RD,PRINCIPAL RD,Major Arterial,Scarborough,43.762576,-79.294696,637266.4462,4846915.3979,Intersection Related,Traffic Signal,Clear,Daylight,Dry,119,Wexford/Maryvale,119,Wexford/Maryvale (119),Non-Fatal Injury,1,0,1,0,0,0,0,0,0,1,0,0,0,Pedestrian Collisions,"['Driver', 'Pedestrian']",West,"['Automobile, Station Wagon']","['Turning Left', 'Going Ahead']","['Failed to Yield Right of Way', 'Driving Properly']","['Inattentive', 'Normal']",['Crossing with right of way'],"['Normal', 'Unknown']",['Not Applicable'],['Not Applicable'],['Not Applicable'],False,"['50 to 54', '20 to 24', '80 to 84', '75 to 79', '70 to 74']",3.0
281,2015-10-25 08:00:00,1536,2015,LAWRENCE AVE E,TOWNLEY AVE,Major Arterial,Scarborough,43.742633,-79.307399,636289.1854,4844679.4481,Intersection Related,No Control,Clear,Daylight,Dry,119,Wexford/Maryvale,119,Wexford/Maryvale (119),Non-Fatal Injury,1,0,1,0,0,0,0,0,0,0,0,0,0,Pedestrian Collisions,"['Driver', 'Pedestrian']",South,"['Automobile, Station Wagon']",['Going Ahead'],['Driving Properly'],['Normal'],"['Crossing, no Traffic Control']","['Normal', 'Unknown']",['Not Applicable'],['Not Applicable'],['Not Applicable'],False,"['40 to 44', '10 to 14', '5 to 9', '15 to 19', '45 to 49']",3.0
282,2015-10-25 08:00:00,1925,2015,EGLINTON AVE E,DANFORTH RD,Major Arterial,Scarborough,43.737086,-79.246158,641233.4455,4844165.9462,At Intersection,Traffic Signal,Clear,"Dark, artificial",Dry,138,Eglinton East,138,Eglinton East (138),Non-Fatal Injury,1,0,1,0,0,0,0,0,0,1,0,0,0,Pedestrian Collisions,"['Driver', 'Pedestrian']",South,['Passenger Van'],['Turning Right'],['Failed to Yield Right of Way'],['Inattentive'],['Crossing with right of way'],['Normal'],['Not Applicable'],['Not Applicable'],['Not Applicable'],False,"['25 to 29', '50 to 54']",3.0
283,2015-10-26 08:00:00,1510,2015,WILSON AVE,JAMES FINLAY WAY,Major Arterial,North York,43.727404,-79.480113,622413.0565,4842718.409,At Intersection,Traffic Signal,Clear,Daylight,Dry,155,Downsview,26,Downsview-Roding-CFB (26),Non-Fatal Injury,0,1,1,0,0,0,0,1,0,1,0,0,0,Cyclist Collisions,"['Driver', 'Cyclist', 'Passenger']",North,"['Automobile, Station Wagon', 'Bicycle']","['Turning Right', 'Going Ahead']",['Failed to Yield Right of Way'],['Normal'],['Not Applicable'],['Not Applicable'],['Motorist turning right on red at signalized intersection strikes cyclist.'],['Driving Properly'],['Normal'],False,"['50 to 54', '20 to 24']",3.0
284,2015-10-26 08:00:00,1750,2015,VICTORIA PARK AVE,HUNTINGWOOD DR,Major Arterial,North York,43.781314,-79.325847,634716.8766,4848945.3787,Non Intersection,No Control,Clear,"Dark, artificial",Dry,147,L'Amoreaux West,117,L'Amoreaux (117),Non-Fatal Injury,0,0,1,0,0,0,0,1,0,0,0,0,1,Approaching,"['Driver', 'Passenger']",North,"['Automobile, Station Wagon']",['Going Ahead'],"['Lost control', 'Driving Properly']","['Medical or Physical Disability', 'Normal']",['Not Applicable'],['Not Applicable'],['Not Applicable'],['Not Applicable'],['Not Applicable'],False,"['70 to 74', '30 to 34']",3.0
285,2015-10-28 08:00:00,616,2015,KIPLING AVE,GREENING CRES,Major Arterial,Etobicoke York,43.657641,-79.542217,617547.3152,4834880.4242,Non Intersection,No Control,Rain,"Dark, artificial",Wet,10,Princess-Rosethorn,10,Princess-Rosethorn (10),Non-Fatal Injury,1,0,1,0,0,0,0,0,0,1,0,0,0,Pedestrian Collisions,"['Driver', 'Pedestrian']",North,"['Automobile, Station Wagon']",['Going Ahead'],['Driving Properly'],['Normal'],['Other'],['Inattentive'],['Not Applicable'],['Not Applicable'],['Not Applicable'],False,['50 to 54'],3.0
286,2015-10-30 08:00:00,1320,2015,JANE ST,WILSON AVE,Major Arterial,Etobicoke York,43.720904,-79.508617,620130.2916,4841954.7817,At Intersection,Traffic Signal,Clear,Daylight,Dry,154,Oakdale-Beverley Heights,26,Downsview-Roding-CFB (26),Non-Fatal Injury,0,0,1,0,0,0,0,1,0,1,0,0,0,Turning Movement,"['Driver', 'Passenger']",East,"['Automobile, Station Wagon', 'Pick Up Truck']","['Turning Left', 'Going Ahead', 'Stopped']","['Failed to Yield Right of Way', 'Driving Properly']","['Inattentive', 'Normal']",['Not Applicable'],['Not Applicable'],['Not Applicable'],['Not Applicable'],['Not Applicable'],False,"['75 to 79', '50 to 54', '60 to 64', '70 to 74', '55 to 59']",3.0
287,2015-10-30 08:00:00,1509,2015,LAWRENCE AVE E,SCARBOROUGH GOLF CLUB RD,Major Arterial,Scarborough,43.76184,-79.215839,643615.7849,4846967.3898,At Intersection,Traffic Signal,Clear,Daylight,Dry,141,Golfdale-Cedarbrae-Woburn,137,Woburn (137),Non-Fatal Injury,1,0,1,0,0,0,0,0,0,0,0,0,0,Pedestrian Collisions,"['Driver', 'Pedestrian']",East,['Passenger Van'],['Going Ahead'],['Driving Properly'],['Normal'],['Crossing without right of way'],['Inattentive'],['Not Applicable'],['Not Applicable'],['Not Applicable'],False,"['40 to 44', '10 to 14']",3.0
288,2015-10-31 08:00:00,1640,2015,SHEPPARD AVE E,MASSIE ST,Major Arterial,Scarborough,43.792521,-79.245204,641179.7971,4850324.4898,Non Intersection,No Control,Clear,Daylight,Dry,128,Agincourt South-Malvern West,128,Agincourt South-Malvern West (128),Non-Fatal Injury,1,0,1,0,0,0,0,1,0,0,0,0,0,Pedestrian Collisions,"['Driver', 'Passenger', 'Pedestrian']",Unknown,['Passenger Van'],['Going Ahead'],['Driving Properly'],['Normal'],['Crossing without right of way'],['Unknown'],['Not Applicable'],['Not Applicable'],['Not Applicable'],False,"['65 to 69', '55 to 59', '45 to 49', '10 to 14']",3.0
289,2015-10-31 08:00:00,1710,2015,HORNER AVE,THIRTIETH ST,Minor Arterial,Etobicoke York,43.604254,-79.533725,618336.7911,4828963.2022,At Intersection,Traffic Signal,Clear,Daylight,Dry,20,Alderwood,20,Alderwood (20),Non-Fatal Injury,0,0,1,0,0,0,0,1,0,1,1,0,0,Angle,"['Driver', 'Passenger']",East,"['Pick Up Truck', 'Automobile, Station Wagon']",['Going Ahead'],"['Disobeyed Traffic Control', 'Driving Properly']","['Inattentive', 'Normal']",['Not Applicable'],['Not Applicable'],['Not Applicable'],['Not Applicable'],['Not Applicable'],False,"['40 to 44', '65 to 69', '25 to 29', '35 to 39', '20 to 24', '0 to 4']",3.0
290,2015-10-31 08:00:00,1852,2015,BATHURST ST,BROOKE AVE,Major Arterial,North York,43.730368,-79.432338,626254.704,4843119.2856,Intersection Related,Stop Sign,Clear,"Dusk, artificial",Dry,39,Bedford Park-Nortown,39,Bedford Park-Nortown (39),Non-Fatal Injury,1,0,1,0,0,0,0,1,0,1,0,0,0,Pedestrian Collisions,"['Driver', 'Pedestrian', 'Passenger']",Unknown,"['Automobile, Station Wagon']",['Turning Left'],['Failed to Yield Right of Way'],['Normal'],"['Crossing, no Traffic Control']",['Normal'],['Not Applicable'],['Not Applicable'],['Not Applicable'],False,"['40 to 44', '65 to 69', '5 to 9', '0 to 4']",3.0
291,2015-10-31 08:00:00,2335,2015,WOODBINE AVE,STRATHMORE BLVD,Major Arterial,Toronto and East York,43.686515,-79.313144,635953.4361,4838437.2981,Intersection Related,No Control,Rain,"Dark, artificial",Wet,59,Danforth East York,59,Danforth East York (59),Non-Fatal Injury,0,0,1,1,0,0,0,0,1,1,0,0,0,Turning Movement,"['Driver', 'Motorcycle Driver']",North,"['Automobile, Station Wagon', 'Motorcycle']","['Making U Turn', 'Going Ahead']","['Improper Turn', 'Speed too Fast For Condition']","['Normal', 'Unknown']",['Not Applicable'],['Not Applicable'],['Not Applicable'],['Not Applicable'],['Not Applicable'],False,"['65 to 69', '30 to 34']",3.0
292,2015-11-01 09:00:00,155,2015,QUEEN ST E,BROADVIEW AVE,Minor Arterial,Toronto and East York,43.659014,-79.349185,633109.4385,4835324.4825,Non Intersection,No Control,Rain,"Dark, artificial",Wet,70,South Riverdale,70,South Riverdale (70),Non-Fatal Injury,1,0,1,0,0,0,0,1,0,0,0,0,0,Pedestrian Collisions,"['Driver', 'Passenger', 'Pedestrian']",East,"['Automobile, Station Wagon']",['Going Ahead'],['Driving Properly'],['Normal'],['Coming From Behind Parked Vehicle'],['Had Been Drinking'],['Not Applicable'],['Not Applicable'],['Not Applicable'],False,"['40 to 44', '20 to 24', 'unknown', '35 to 39']",3.0
293,2015-11-03 10:00:00,1755,2015,HIGHWAY 27  N,VICE REGENT BLVD,Major Arterial,Etobicoke York,43.711352,-79.592754,613371.0535,4840775.3901,Intersection Related,No Control,Clear,"Dark, artificial",Dry,1,West Humber-Clairville,1,West Humber-Clairville (1),Fatal,0,1,1,0,0,0,0,0,0,0,0,0,0,Cyclist Collisions,"['Cyclist', 'Driver']",South,"['Bicycle', 'Automobile, Station Wagon']",['Going Ahead'],['Driving Properly'],['Normal'],['Not Applicable'],['Not Applicable'],"['Cyclist without ROW rides into path of motorist at inter, lnwy, dwy-Cyclist not turn.']",['Other'],['Unknown'],True,"['55 to 59', '60 to 64']",4.0
294,2015-11-04 10:00:00,1530,2015,BAYVIEW AVE,PARKHURST BLVD,Major Arterial,North York,43.708693,-79.376323,630813.1859,4840798.8377,At Intersection,Stop Sign,Clear,Daylight,Dry,56,Leaside-Bennington,56,Leaside-Bennington (56),Non-Fatal Injury,0,0,1,0,0,0,0,1,0,1,0,0,0,Angle,"['Driver', 'Passenger']",North,"['Automobile, Station Wagon']","['Going Ahead', 'Stopped']","['Failed to Yield Right of Way', 'Driving Properly']","['Inattentive', 'Normal']",['Not Applicable'],['Not Applicable'],['Not Applicable'],['Not Applicable'],['Not Applicable'],False,"['75 to 79', '50 to 54', '55 to 59', '30 to 34', '20 to 24', '15 to 19']",3.0
295,2015-11-05 10:00:00,2020,2015,BAYVIEW AVE,CITATION DR,Major Arterial,North York,43.774321,-79.389774,629587.8118,4848066.6554,Intersection Related,Traffic Signal,Clear,"Dawn, artificial",Dry,52,Bayview Village,52,Bayview Village (52),Non-Fatal Injury,1,0,1,0,0,0,0,0,0,0,0,0,0,Pedestrian Collisions,"['Driver', 'Pedestrian']",North,"['Automobile, Station Wagon']",['Going Ahead'],['Driving Properly'],['Normal'],['Running onto Roadway'],['Inattentive'],['Not Applicable'],['Not Applicable'],['Not Applicable'],False,"['80 to 84', '35 to 39']",3.0
296,2015-11-05 10:00:00,2310,2015,DON VALLEY PARKWAY  S,LEASIDE BDGE,Major Arterial,Toronto and East York,43.698043,-79.349742,632978.2789,4839658.2944,Non Intersection,No Control,Clear,"Dark, artificial",Dry,58,Old East York,58,Old East York (58),Non-Fatal Injury,1,0,1,0,0,0,0,1,0,0,0,0,0,Pedestrian Collisions,"['Driver', 'Passenger', 'Pedestrian']",South,"['Automobile, Station Wagon']",['Going Ahead'],['Driving Properly'],['Normal'],['Other'],['Other'],['Not Applicable'],['Not Applicable'],['Not Applicable'],False,"['40 to 44', '35 to 39', '50 to 54']",3.0
297,2015-11-06 10:00:00,600,2015,JANE ST,CHURCH ST,Major Arterial,Etobicoke York,43.709235,-79.505565,620399.4968,4840663.2044,Intersection Related,Traffic Signal,Rain,"Dark, artificial",Wet,113,Weston,113,Weston (113),Non-Fatal Injury,1,0,1,0,0,0,0,0,0,0,0,0,0,Pedestrian Collisions,"['Driver', 'Pedestrian']",East,"['Automobile, Station Wagon']",['Turning Left'],['Driving Properly'],['Normal'],"['Crossing, no Traffic Control']",['Inattentive'],['Not Applicable'],['Not Applicable'],['Not Applicable'],False,"['60 to 64', '70 to 74']",3.0
298,2015-11-06 10:00:00,1836,2015,WILLIAM R ALLEN RD S,WILSON AVE,Major Arterial,North York,43.734896,-79.45045,624786.6016,4843594.7487,Non Intersection,No Control,Clear,"Dark, artificial",Dry,33,Clanton Park,33,Clanton Park (33),Non-Fatal Injury,0,0,1,0,0,0,0,0,1,1,0,0,0,Rear End,['Driver'],South,"['Automobile, Station Wagon']",['Going Ahead'],"['Speed too Fast For Condition', 'Driving Properly']","['Inattentive', 'Normal']",['Not Applicable'],['Not Applicable'],['Not Applicable'],['Not Applicable'],['Not Applicable'],False,"['20 to 24', '35 to 39']",3.0
299,2015-11-08 10:00:00,340,2015,WARDEN AVE,HUNTINGWOOD DR,Major Arterial,Scarborough,43.786265,-79.311298,635876.4101,4849519.0438,Non Intersection,No Control,Clear,"Dark, artificial",Dry,147,L'Amoreaux West,117,L'Amoreaux (117),Non-Fatal Injury,0,0,1,0,0,0,0,1,0,0,0,0,0,SMV Other,"['Driver', 'Passenger']",North,"['Automobile, Station Wagon']",['Going Ahead'],['Wrong Way on One Way Road'],['Unknown'],['Not Applicable'],['Not Applicable'],['Not Applicable'],['Not Applicable'],['Not Applicable'],False,['30 to 34'],3.0
300,2015-11-08 10:00:00,1100,2015,LAWRENCE AVE E,GREENHOLM CRCT,Major Arterial,Scarborough,43.760302,-79.22298,643044.6296,4846784.2113,At Intersection,Traffic Signal,Clear,Daylight,Dry,141,Golfdale-Cedarbrae-Woburn,137,Woburn (137),Non-Fatal Injury,1,0,1,0,0,0,0,0,0,1,0,0,0,Pedestrian Collisions,"['Driver', 'Pedestrian']",North,"['Automobile, Station Wagon']",['Turning Left'],['Failed to Yield Right of Way'],['Normal'],['Crossing with right of way'],['Normal'],['Not Applicable'],['Not Applicable'],['Not Applicable'],False,"['40 to 44', '65 to 69']",3.0
301,2015-11-08 10:00:00,1640,2015,MCNICOLL AVE,SHADY HOLLOW DR,Minor Arterial,Scarborough,43.819476,-79.26469,639549.2746,4853285.2246,Intersection Related,No Control,Clear,Daylight,Dry,130,Milliken,130,Milliken (130),Non-Fatal Injury,0,0,1,0,0,0,0,1,0,0,0,1,0,Turning Movement,"['Driver', 'Passenger']",East,"['Automobile, Station Wagon']","['Turning Left', 'Going Ahead']","['Improper Turn', 'Driving Properly']","['Ability Impaired, Alcohol', 'Normal']",['Not Applicable'],['Not Applicable'],['Not Applicable'],['Not Applicable'],['Not Applicable'],False,"['55 to 59', '65 to 69', '40 to 44']",3.0
302,2015-11-08 10:00:00,2020,2015,LAWRENCE AVE E,DON MILLS RD,Major Arterial,North York,43.737162,-79.34344,633399.2629,4844013.1504,At Intersection,Traffic Signal,Clear,Dark,Dry,42,Banbury-Don Mills,42,Banbury-Don Mills (42),Non-Fatal Injury,0,1,1,0,0,0,0,0,0,1,0,0,0,Cyclist Collisions,"['Cyclist', 'Driver']",East,"['Bicycle', 'Automobile, Station Wagon']","['Turning Left', 'Going Ahead']",['Driving Properly'],['Normal'],['Not Applicable'],['Not Applicable'],['Cyclist turned left across motorists path.'],['Failed to Yield Right of Way'],['Unknown'],False,['15 to 19'],3.0