accident_number,date,time,year,street1,street2,road_class,district,latitude,longitude,x,y,accident_location,traffctl,visibility,light,road_surface_condition,hood_158,neighbourhood_new,hood_140,neighbourhood_old,accident_class,pedestrian,cyclist,automobile,motorcycle,truck,trsn_city_veh,emerg_veh,passenger,speeding,aggressive_driving,redlight,alcohol,disability,impact_type,involvement_type,initial_direction,vehicle_type,manoeuver,driver_action,driver_condition,pedestrian_action,pedestrian_condition,cyclist_type,cyclist_action,cyclist_condition,injury,involvement_age,injury_severity_score
303,2015-11-09 10:00:00,2005,2015,PORTLAND ST,ROYAL YORK RD,Minor Arterial,Etobicoke York,43.619052,-79.499576,621063.1418,4830655.9199,Non Intersection,No Control,Clear,"Dark, artificial",Dry,160,Mimico-Queensway,17,Mimico (includes Humber Bay Shores) (17),Non-Fatal Injury,1,0,1,0,0,0,0,0,1,1,0,0,0,Pedestrian Collisions,"['Driver', 'Pedestrian']",South,"['Automobile, Station Wagon']",['Going Ahead'],['Speed too Fast For Condition'],['Unknown'],"['Crossing, no Traffic Control']",['Normal'],['Not Applicable'],['Not Applicable'],['Not Applicable'],False,"['50 to 54', '65 to 69']",3.0
304,2015-11-10 10:00:00,950,2015,DUNMAIL DR,BLUE EAGLE TRL,Local,Scarborough,43.804766,-79.284869,637960.3808,4851617.5979,Non Intersection,No Control,Clear,Daylight,Dry,129,Agincourt North,129,Agincourt North (129),Non-Fatal Injury,0,1,1,0,0,0,0,0,0,0,0,0,0,Cyclist Collisions,"['Driver', 'Cyclist']",West,"['Automobile, Station Wagon', 'Bicycle']","['Making U Turn', 'Going Ahead']",['Improper Turn'],['Inattentive'],['Not Applicable'],['Not Applicable'],['Motorist turning right on red at signalized intersection strikes cyclist.'],['Driving Properly'],['Normal'],False,"['45 to 49', '55 to 59']",3.0
305,2015-11-11 10:00:00,2004,2015,LAWRENCE AVE W,JANE ST,Major Arterial,Etobicoke York,43.702868,-79.503825,620552.4435,4839958.5897,Non Intersection,No Control,Clear,"Dark, artificial",Dry,30,Brookhaven-Amesbury,30,Brookhaven-Amesbury (30),Fatal,1,0,1,0,0,0,0,0,0,0,0,0,0,Pedestrian Collisions,"['Driver', 'Pedestrian']",East,"['Automobile, Station Wagon']",['Going Ahead'],['Driving Properly'],['Normal'],"['Crossing, no Traffic Control']",['Inattentive'],['Not Applicable'],['Not Applicable'],['Not Applicable'],True,"['55 to 59', '85 to 89']",4.0
306,2015-11-14 10:00:00,825,2015,1996 BATHURST ST,Not Applicable,Major Arterial,Toronto and East York,43.699485,-79.424945,626915.2967,4839700.5818,Non Intersection,No Control,Clear,Daylight,Dry,101,Forest Hill South,101,Forest Hill South (101),Fatal,1,0,1,0,0,0,0,0,0,0,0,0,0,Pedestrian Collisions,['Pedestrian'],Unknown,"['Automobile, Station Wagon']",[],[],[],['Other'],['Normal'],['Not Applicable'],['Not Applicable'],['Not Applicable'],True,['85 to 89'],4.0
307,2015-11-16 10:00:00,615,2015,BATHURST ST,FLEET ST,Major Arterial,Toronto and East York,43.636405,-79.399623,629090.8738,4832733.777,At Intersection,Traffic Signal,Clear,"Dawn, artificial",Dry,163,Fort York-Liberty Village,82,Niagara (82),Non-Fatal Injury,0,0,1,0,0,0,0,1,0,0,0,0,0,Turning Movement,"['Driver', 'Passenger']",East,"['Automobile, Station Wagon', 'Pick Up Truck']","['Turning Left', 'Going Ahead']","['Improper Turn', 'Driving Properly']","['Inattentive', 'Normal']",['Not Applicable'],['Not Applicable'],['Not Applicable'],['Not Applicable'],['Not Applicable'],False,"['50 to 54', '45 to 49']",3.0
308,2015-11-18 10:00:00,1710,2015,MARKHAM RD,EGLINTON AVE E,Major Arterial,Scarborough,43.743716,-79.219142,643393.1886,4844948.7179,Non Intersection,No Control,Rain,"Dark, artificial",Wet,139,Scarborough Village,139,Scarborough Village (139),Fatal,1,0,1,0,0,0,0,0,0,0,0,0,0,Pedestrian Collisions,"['Driver', 'Pedestrian']",East,"['Automobile, Station Wagon']",['Going Ahead'],['Driving Properly'],['Normal'],"['Crossing, no Traffic Control']",['Inattentive'],['Not Applicable'],['Not Applicable'],['Not Applicable'],True,"['65 to 69', '50 to 54', '45 to 49']",4.0
309,2015-11-19 10:00:00,40,2015,SHEPPARD AVE E,IDAGROVE GT,Major Arterial,Scarborough,43.807318,-79.175548,646747.7145,4852089.1172,At Intersection,Traffic Signal,Rain,"Dark, artificial",Wet,143,West Rouge,131,Rouge (131),Non-Fatal Injury,1,0,1,0,0,0,0,0,0,0,0,0,0,Pedestrian Collisions,"['Driver', 'Pedestrian']",East,"['Automobile, Station Wagon']",['Going Ahead'],['Driving Properly'],['Normal'],['Crossing without right of way'],['Inattentive'],['Not Applicable'],['Not Applicable'],['Not Applicable'],False,"['35 to 39', '60 to 64']",3.0
310,2015-11-19 10:00:00,502,2015,KIPLING AVE,NORSEMAN ST,Major Arterial,Etobicoke York,43.631472,-79.531055,618498.8021,4831989.8991,At Intersection,Traffic Signal,Rain,"Dark, artificial",Wet,159,Etobicoke City Centre,14,Islington-City Centre West (14),Non-Fatal Injury,1,0,1,0,0,0,0,0,0,1,0,0,0,Pedestrian Collisions,"['Driver', 'Pedestrian']",South,"['Automobile, Station Wagon']",['Turning Left'],['Failed to Yield Right of Way'],['Normal'],['Crossing with right of way'],['Normal'],['Not Applicable'],['Not Applicable'],['Not Applicable'],False,"['45 to 49', '40 to 44']",3.0
311,2015-11-21 10:00:00,55,2015,UNDERHILL DR,ROANOKE RD,Collector,North York,43.741919,-79.325191,634858.1513,4844571.0307,Intersection Related,Stop Sign,Clear,"Dark, artificial",Dry,149,Parkwoods-O'Connor Hills,45,Parkwoods-Donalda (45),Non-Fatal Injury,0,0,1,0,0,0,0,0,1,1,0,1,0,Turning Movement,['Driver'],East,"['Automobile, Station Wagon']","['Going Ahead', 'Turning Left']","['Speed too Fast For Condition', 'Improper Turn']","['Ability Impaired, Alcohol Over .08', 'Normal']",['Not Applicable'],['Not Applicable'],['Not Applicable'],['Not Applicable'],['Not Applicable'],False,"['70 to 74', '25 to 29']",3.0
312,2015-11-21 10:00:00,1344,2015,LAWRENCE AVE E,ELINOR AVE,Major Arterial,Scarborough,43.744086,-79.300555,636836.9637,4844852.1079,At Intersection,Traffic Signal,Rain,Daylight,Wet,119,Wexford/Maryvale,119,Wexford/Maryvale (119),Non-Fatal Injury,0,0,1,0,0,0,0,0,0,0,0,0,0,Pedestrian Collisions,"['Driver - Not Hit', 'Driver']",West,"['Automobile, Station Wagon']",['Going Ahead'],['Driving Properly'],['Normal'],['Not Applicable'],['Not Applicable'],['Not Applicable'],['Not Applicable'],['Not Applicable'],False,"['unknown', '30 to 34']",3.0
313,2015-11-21 10:00:00,2110,2015,EGLINTON AVE W,MUNICIPAL DR,Major Arterial,Etobicoke York,43.689658,-79.477168,622727.2614,4838530.5446,Non Intersection,No Control,Rain,"Dark, artificial",Wet,110,Keelesdale-Eglinton West,110,Keelesdale-Eglinton West (110),Non-Fatal Injury,1,0,0,0,0,0,0,0,0,0,0,0,0,Pedestrian Collisions,"['Driver', 'Pedestrian']",Unknown,[],['Unknown'],['Other'],['Unknown'],['Other'],['Had Been Drinking'],['Not Applicable'],['Not Applicable'],['Not Applicable'],False,"['unknown', '30 to 34']",3.0
314,2015-11-23 10:00:00,2119,2015,3030 BIRCHMOUNT RD,Not Applicable,Major Arterial,Scarborough,43.801058,-79.307475,636150.4211,4851168.3238,Non Intersection,No Control,Snow,Dark,Wet,148,East L'Amoreaux,117,L'Amoreaux (117),Non-Fatal Injury,0,0,1,0,0,0,0,1,1,1,0,0,0,Approaching,"['Driver', 'Passenger']",North,"['Automobile, Station Wagon']",['Going Ahead'],"['Speed too Fast For Condition', 'Driving Properly']","['Unknown', 'Normal']",['Not Applicable'],['Not Applicable'],['Not Applicable'],['Not Applicable'],['Not Applicable'],False,"['25 to 29', '40 to 44', '45 to 49', '0 to 4']",3.0
315,2015-11-24 10:00:00,603,2015,MCCOWAN RD,KENHATCH BLVD,Major Arterial,Scarborough,43.801421,-79.263774,639665.0177,4851281.4686,At Intersection,Traffic Signal,Snow,Dark,Wet,129,Agincourt North,129,Agincourt North (129),Fatal,1,0,1,0,0,0,0,0,1,1,1,0,0,Pedestrian Collisions,"['Driver', 'Pedestrian']",North,"['Automobile, Station Wagon']",['Going Ahead'],['Disobeyed Traffic Control'],['Had Been Drinking'],['Crossing with right of way'],['Normal'],['Not Applicable'],['Not Applicable'],['Not Applicable'],True,['25 to 29'],4.0
316,2015-11-26 10:00:00,934,2015,EGLINTON AVE W,ELMSTHORPE AVE,Major Arterial,North York,43.704074,-79.410945,628033.6354,4840231.7802,At Intersection,No Control,Clear,Daylight,Dry,100,Yonge-Eglinton,100,Yonge-Eglinton (100),Fatal,1,0,1,0,0,0,0,0,0,1,0,0,0,Pedestrian Collisions,"['Driver', 'Pedestrian']",West,"['Automobile, Station Wagon']",['Turning Left'],['Failed to Yield Right of Way'],['Inattentive'],['Crossing with right of way'],['Normal'],['Not Applicable'],['Not Applicable'],['Not Applicable'],True,"['90 to 94', '85 to 89']",4.0
317,2015-11-26 10:00:00,2226,2015,THE QUEENSWAY,COLBORNE LODGE DR,Major Arterial,Toronto and East York,43.639292,-79.460948,624138.2349,4832960.8699,Non Intersection,No Control,Clear,"Dark, artificial",Dry,87,High Park-Swansea,87,High Park-Swansea (87),Non-Fatal Injury,1,0,1,0,0,0,0,0,0,0,0,0,0,Pedestrian Collisions,"['Driver', 'Pedestrian']",North,"['Automobile, Station Wagon']",['Going Ahead'],['Driving Properly'],['Normal'],"['Crossing, no Traffic Control']","['Ability Impaired, Alcohol']",['Not Applicable'],['Not Applicable'],['Not Applicable'],False,"['50 to 54', '45 to 49']",3.0
318,2015-11-27 10:00:00,532,2015,EGLINTON AVE W,BATHURST ST,Major Arterial,North York,43.700984,-79.425548,626863.546,4839866.1437,At Intersection,Traffic Signal,Clear,Dark,Dry,101,Forest Hill South,101,Forest Hill South (101),Fatal,1,0,0,0,1,0,0,0,0,1,1,0,0,Pedestrian Collisions,"['Truck Driver', 'Pedestrian']",East,['Truck - Tank'],['Turning Right'],['Disobeyed Traffic Control'],['Normal'],['Crossing with right of way'],['Normal'],['Not Applicable'],['Not Applicable'],['Not Applicable'],True,"['45 to 49', '20 to 24']",4.0
319,2015-11-27 10:00:00,830,2015,RONCESVALLES AVE,GRENADIER RD,Minor Arterial,Toronto and East York,43.648932,-79.450061,624996.3825,4834047.8557,Non Intersection,No Control,Clear,Daylight,Dry,86,Roncesvalles,86,Roncesvalles (86),Non-Fatal Injury,0,1,1,0,0,0,0,0,0,1,0,0,0,Cyclist Collisions,"['Driver', 'Cyclist']",North,"['Automobile, Station Wagon', 'Bicycle']","['Pulling Onto Shoulder or towardCurb', 'Going Ahead']",['Failed to Yield Right of Way'],['Normal'],['Not Applicable'],['Not Applicable'],['Cyclist and Driver travelling in same direction. One vehicle sideswipes the other.'],['Driving Properly'],['Normal'],False,"['35 to 39', '15 to 19']",3.0
320,2015-11-27 10:00:00,1644,2015,KIPLING AVE,GENTHORN AVE,Major Arterial,Etobicoke York,43.723429,-79.572353,614991.5149,4842144.8114,Intersection Related,Traffic Signal,Clear,"Dark, artificial",Wet,4,Rexdale-Kipling,4,Rexdale-Kipling (4),Non-Fatal Injury,0,0,1,0,0,0,0,1,0,1,0,0,0,Rear End,"['Driver', 'Passenger']",North,"['Automobile, Station Wagon']","['Going Ahead', 'Stopped']","['Following too Close', 'Driving Properly']","['Inattentive', 'Normal']",['Not Applicable'],['Not Applicable'],['Not Applicable'],['Not Applicable'],['Not Applicable'],False,"['25 to 29', '45 to 49', '50 to 54', '5 to 9', '0 to 4']",3.0
321,2015-11-30 10:00:00,1715,2015,BATHURST ST,MARMION AVE,Major Arterial,North York,43.726615,-79.431415,626336.9303,4842703.8677,Intersection Related,No Control,Clear,"Dark, artificial",Dry,39,Bedford Park-Nortown,39,Bedford Park-Nortown (39),Fatal,1,0,1,0,0,0,0,0,0,1,0,0,0,Pedestrian Collisions,"['Driver', 'Pedestrian']",South,['Pick Up Truck'],['Turning Left'],['Failed to Yield Right of Way'],['Inattentive'],"['Crossing, no Traffic Control']",['Normal'],['Not Applicable'],['Not Applicable'],['Not Applicable'],True,"['25 to 29', '65 to 69']",4.0
322,2015-11-30 10:00:00,1833,2015,FLORENCE AVE,BOTHAM RD,Collector,North York,43.757376,-79.413707,627697.7646,4846147.4772,At Intersection,Stop Sign,Clear,"Dark, artificial",Dry,38,Lansing-Westgate,38,Lansing-Westgate (38),Non-Fatal Injury,1,0,1,0,0,0,0,0,0,1,0,0,0,Pedestrian Collisions,"['Driver', 'Pedestrian']",East,"['Automobile, Station Wagon']",['Turning Left'],['Failed to Yield Right of Way'],['Inattentive'],['Crossing with right of way'],['Normal'],['Not Applicable'],['Not Applicable'],['Not Applicable'],False,"['45 to 49', '55 to 59']",3.0
323,2015-12-01 10:00:00,2107,2015,THE QUEENSWAY,NORTH QUEEN ST,Major Arterial,Etobicoke York,43.614207,-79.55614,616508.5399,4830036.9099,At Intersection,Traffic Signal,Rain,Dark,Wet,159,Etobicoke City Centre,14,Islington-City Centre West (14),Non-Fatal Injury,1,0,0,0,1,0,0,0,0,1,0,0,0,Pedestrian Collisions,"['Truck Driver', 'Pedestrian']",East,['Truck-Tractor'],['Turning Left'],['Failed to Yield Right of Way'],['Inattentive'],['Crossing with right of way'],['Normal'],['Not Applicable'],['Not Applicable'],['Not Applicable'],False,"['55 to 59', '15 to 19']",3.0
324,2015-12-02 10:00:00,1419,2015,LAWRENCE AVE W,BATHURST ST,Major Arterial,North York,43.719248,-79.429813,626481.4618,4841888.1005,Intersection Related,Traffic Signal,Clear,Daylight,Dry,32,Englemount-Lawrence,32,Englemount-Lawrence (32),Fatal,1,0,1,0,0,0,0,0,0,1,0,0,0,Pedestrian Collisions,"['Driver', 'Pedestrian']",East,"['Automobile, Station Wagon']",['Turning Left'],['Failed to Yield Right of Way'],['Inattentive'],['Crossing without right of way'],['Inattentive'],['Not Applicable'],['Not Applicable'],['Not Applicable'],True,"['45 to 49', '90 to 94']",4.0
325,2015-12-03 10:00:00,2038,2015,KINGSTON RD,FAIRCROFT BLVD,Major Arterial,Scarborough,43.729457,-79.22742,642760.5258,4843350.7451,Non Intersection,No Control,Clear,"Dark, artificial",Dry,123,Cliffcrest,123,Cliffcrest (123),Fatal,0,0,1,0,0,0,0,0,1,1,0,0,0,SMV Unattended Vehicle,"['Driver', 'Other']",Unknown,"['Automobile, Station Wagon', 'Delivery Van']","['Going Ahead', 'Parked']",['Lost control'],['Inattentive'],['Not Applicable'],['Not Applicable'],['Not Applicable'],['Not Applicable'],['Not Applicable'],True,"['30 to 34', 'unknown']",4.0
326,2015-12-04 10:00:00,109,2015,ISABELLA ST,SHERBOURNE ST,Collector,Toronto and East York,43.669455,-79.376643,630872.7154,4836440.4104,Non Intersection,No Control,Clear,Dark,Dry,74,North St.James Town,74,North St.James Town (74),Non-Fatal Injury,1,0,1,0,0,0,0,1,0,0,0,0,0,Pedestrian Collisions,"['Driver', 'Passenger', 'Pedestrian']",North,"['Automobile, Station Wagon']",['Going Ahead'],['Driving Properly'],['Normal'],['Running onto Roadway'],['Inattentive'],['Not Applicable'],['Not Applicable'],['Not Applicable'],False,"['45 to 49', '20 to 24', '25 to 29']",3.0
327,2015-12-06 10:00:00,2,2015,KING ST W,BRANT ST,Major Arterial,Toronto and East York,43.644942,-79.397632,629233.1705,4833685.0193,Non Intersection,Pedestrian Crossover,Clear,"Dark, artificial",Dry,164,Wellington Place,77,Waterfront Communities-The Island (77),Non-Fatal Injury,1,0,1,0,0,0,0,0,0,1,0,0,0,Pedestrian Collisions,"['Driver', 'Pedestrian']",East,"['Automobile, Station Wagon']",['Going Ahead'],['Failed to Yield Right of Way'],['Unknown'],"['Crossing, Pedestrian Crossover']",['Normal'],['Not Applicable'],['Not Applicable'],['Not Applicable'],False,"['unknown', '40 to 44']",3.0
328,2015-12-07 10:00:00,655,2015,FINCH AVE W,WESTON RD,Major Arterial,Etobicoke York,43.752082,-79.542362,617351.2083,4845369.186,At Intersection,Traffic Signal,Clear,"Dark, artificial",Dry,22,Humbermede,22,Humbermede (22),Non-Fatal Injury,1,0,1,0,0,0,0,0,0,0,0,0,0,Pedestrian Collisions,"['Driver', 'Pedestrian']",East,"['Automobile, Station Wagon']",['Going Ahead'],['Driving Properly'],['Normal'],['Crossing without right of way'],['Inattentive'],['Not Applicable'],['Not Applicable'],['Not Applicable'],False,"['60 to 64', '35 to 39']",3.0
329,2015-12-07 10:00:00,1905,2015,STEELES AVE W,JANE ST,Major Arterial,Etobicoke York,43.775462,-79.521716,618967.033,4847995.3381,At Intersection,Traffic Signal,Clear,"Dark, artificial",Dry,27,York University Heights,27,York University Heights (27),Non-Fatal Injury,0,0,1,0,0,1,0,1,0,0,0,0,0,Sideswipe,"['Driver', 'Passenger']",West,"['Automobile, Station Wagon', 'Intercity Bus']","['Changing Lanes', 'Going Ahead']","['Improper Lane Change', 'Driving Properly']","['Inattentive', 'Normal']",['Not Applicable'],['Not Applicable'],['Not Applicable'],['Not Applicable'],['Not Applicable'],False,"['unknown', '35 to 39', '65 to 69']",3.0
330,2015-12-08 10:00:00,2115,2015,LOWTHER AVE,SPADINA RD,Minor Arterial,Toronto and East York,43.668948,-79.404765,628606.6197,4836340.1193,Intersection Related,Traffic Signal,Rain,"Dark, artificial",Wet,95,Annex,95,Annex (95),Non-Fatal Injury,0,1,1,0,0,0,0,1,0,0,0,0,0,Cyclist Collisions,"['Cyclist', 'Driver', 'Passenger']",North,"['Bicycle', 'Automobile, Station Wagon']","['Turning Left', 'Going Ahead']",['Driving Properly'],['Normal'],['Not Applicable'],['Not Applicable'],['Cyclist turned left across motorists path.'],['Improper Turn'],['Normal'],False,"['20 to 24', '50 to 54', '15 to 19', '10 to 14']",3.0
331,2015-12-12 10:00:00,646,2015,QUEEN ST E,VICTORIA ST,Major Arterial,Toronto and East York,43.652671,-79.378078,630793.4671,4834574.0608,Intersection Related,Traffic Signal,Clear,"Dark, artificial",Dry,168,Downtown Yonge East,75,Church-Yonge Corridor (75),Non-Fatal Injury,1,0,1,0,0,0,0,0,0,0,0,0,0,Pedestrian Collisions,"['Driver', 'Pedestrian']",Unknown,['Pick Up Truck'],['Going Ahead'],['Driving Properly'],['Normal'],['Other'],['Medical or Physical Disability'],['Not Applicable'],['Not Applicable'],['Not Applicable'],False,"['45 to 49', '40 to 44']",3.0
332,2015-12-12 10:00:00,1941,2015,JANE ST,WEATHERELL ST,Major Arterial,Toronto and East York,43.651641,-79.485439,622137.7713,4834296.0469,At Intersection,No Control,Clear,"Dark, artificial",Dry,114,Lambton Baby Point,114,Lambton Baby Point (114),Non-Fatal Injury,0,0,1,1,0,0,0,1,0,0,0,0,0,Sideswipe,"['Driver', 'Motorcycle Driver', 'Passenger']",South,"['Automobile, Station Wagon', 'Motorcycle']","['Changing Lanes', 'Going Ahead']","['Improper Lane Change', 'Driving Properly']",['Normal'],['Not Applicable'],['Not Applicable'],['Not Applicable'],['Not Applicable'],['Not Applicable'],False,"['20 to 24', '15 to 19']",3.0
333,2015-12-13 10:00:00,1556,2015,PARKSIDE DR,INDIAN VALLEY CRES,Major Arterial,Toronto and East York,43.651126,-79.458499,624311.3589,4834278.853,At Intersection,Traffic Signal,Rain,Daylight,Wet,87,High Park-Swansea,87,High Park-Swansea (87),Non-Fatal Injury,0,1,1,0,0,0,0,1,0,1,0,0,0,Cyclist Collisions,"['Driver', 'Cyclist', 'Passenger']",South,"['Automobile, Station Wagon', 'Bicycle']","['Going Ahead', 'Stopped']",['Following too Close'],['Normal'],['Not Applicable'],['Not Applicable'],['Cyclist and Driver travelling in same direction. One vehicle rear-ended the other.'],['Driving Properly'],['Normal'],False,"['35 to 39', '25 to 29', '10 to 14']",3.0
334,2015-12-13 10:00:00,2013,2015,DUFFERIN ST,CARTWRIGHT AVE,Major Arterial,North York,43.723784,-79.456859,624293.457,4842350.9694,At Intersection,No Control,Clear,"Dark, artificial",Dry,31,Yorkdale-Glen Park,31,Yorkdale-Glen Park (31),Non-Fatal Injury,1,0,0,0,0,0,0,0,0,0,0,0,0,Pedestrian Collisions,['Pedestrian'],East,[],[],[],[],"['Crossing, no Traffic Control']",['Inattentive'],['Not Applicable'],['Not Applicable'],['Not Applicable'],False,['25 to 29'],3.0
335,2015-12-14 10:00:00,1726,2015,KING ST W,FRASER AVE,Major Arterial,Toronto and East York,43.639392,-79.4248,627053.7105,4833026.6741,At Intersection,Streetcar (Stop for),Rain,"Dark, artificial",Wet,85,South Parkdale,85,South Parkdale (85),Non-Fatal Injury,1,0,1,0,0,0,0,0,0,1,0,0,0,Pedestrian Collisions,"['Driver', 'Pedestrian']",East,"['Automobile, Station Wagon']",['Going Ahead'],['Failed to Yield Right of Way'],['Unknown'],['Person Getting on/off Vehicle'],['Normal'],['Not Applicable'],['Not Applicable'],['Not Applicable'],False,"['unknown', '25 to 29']",3.0
336,2015-12-15 10:00:00,1100,2015,JANE ST,SPEERS AVE,Major Arterial,Etobicoke York,43.701564,-79.503444,620585.7565,4839814.3167,At Intersection,No Control,Clear,Daylight,Dry,30,Brookhaven-Amesbury,30,Brookhaven-Amesbury (30),Fatal,0,0,1,0,0,0,0,1,0,0,0,0,0,Turning Movement,"['Driver', 'Passenger']",North,"['Automobile, Station Wagon', 'Delivery Van']","['Turning Left', 'Slowing or Stopping']","['Improper Turn', 'Driving Properly']","['Unknown', 'Normal']",['Not Applicable'],['Not Applicable'],['Not Applicable'],['Not Applicable'],['Not Applicable'],True,"['80 to 84', '55 to 59']",4.0
337,2015-12-16 10:00:00,1645,2015,FINCH AVE E,BRIMLEY RD,Major Arterial,Scarborough,43.805636,-79.277362,638562.218,4851726.7689,At Intersection,Traffic Signal,Clear,Dusk,Wet,129,Agincourt North,129,Agincourt North (129),Non-Fatal Injury,0,0,1,0,0,0,0,1,0,0,0,0,0,Turning Movement,"['Driver', 'Passenger']",East,"['Automobile, Station Wagon', 'Passenger Van']","['Turning Left', 'Going Ahead']","['Improper Turn', 'Driving Properly']",['Unknown'],['Not Applicable'],['Not Applicable'],['Not Applicable'],['Not Applicable'],['Not Applicable'],False,"['55 to 59', '50 to 54', '20 to 24']",3.0
338,2015-12-18 10:00:00,1452,2015,4727 SHEPPARD AVE E,Not Applicable,Major Arterial,Scarborough,43.79143,-79.250346,640768.6611,4850194.5585,At/Near Private Drive,No Control,Clear,Daylight,Dry,128,Agincourt South-Malvern West,128,Agincourt South-Malvern West (128),Non-Fatal Injury,1,0,1,0,0,0,0,1,0,0,0,0,0,Pedestrian Collisions,"['Driver', 'Passenger', 'Pedestrian']",East,"['Automobile, Station Wagon']",['Going Ahead'],['Driving Properly'],['Normal'],"['Crossing, no Traffic Control']",['Inattentive'],['Not Applicable'],['Not Applicable'],['Not Applicable'],False,"['80 to 84', '75 to 79', '85 to 89']",3.0
339,2015-12-19 10:00:00,2220,2015,YONGE ST,SHELDRAKE BLVD,Major Arterial,North York,43.714938,-79.400096,628884.4839,4841455.1931,At Intersection,Stop Sign,Clear,"Dark, artificial",Dry,99,Mount Pleasant East,99,Mount Pleasant East (99),Non-Fatal Injury,1,0,1,0,0,0,0,1,0,0,0,0,0,Pedestrian Collisions,"['Driver', 'Passenger', 'Pedestrian']",North,"['Automobile, Station Wagon']",['Going Ahead'],['Driving Properly'],['Normal'],['Crossing without right of way'],['Inattentive'],['Not Applicable'],['Not Applicable'],['Not Applicable'],False,"['50 to 54', '60 to 64', '65 to 69']",3.0
340,2015-12-20 10:00:00,639,2015,DUFFERIN ST,DAVENPORT RD,Major Arterial,Toronto and East York,43.672553,-79.440799,625694.0328,4836685.2705,Intersection Related,No Control,Clear,"Dark, artificial",Dry,171,Junction-Wallace Emerson,93,Dovercourt-Wallace Emerson-Junction (93),Non-Fatal Injury,0,1,1,0,0,0,0,0,0,0,0,0,0,Cyclist Collisions,"['Cyclist', 'Driver']",South,"['Bicycle', 'Automobile, Station Wagon']",['Going Ahead'],['Driving Properly'],['Normal'],['Not Applicable'],['Not Applicable'],"['Cyclist without ROW rides into path of motorist at inter, lnwy, dwy-Cyclist not turn.']",['Failed to Yield Right of Way'],"['Ability Impaired, Alcohol']",False,"['30 to 34', '35 to 39']",3.0
341,2015-12-21 10:00:00,1720,2015,1145 DANFORTH AVE,Not Applicable,Major Arterial,Toronto and East York,43.681204,-79.333614,634315.4747,4837814.0824,Non Intersection,No Control,Rain,"Dark, artificial",Wet,69,Blake-Jones,69,Blake-Jones (69),Non-Fatal Injury,1,0,1,0,0,0,0,0,0,0,0,0,0,Pedestrian Collisions,"['Driver', 'Pedestrian']",East,"['Automobile, Station Wagon']",['Going Ahead'],['Driving Properly'],['Normal'],"['Crossing, no Traffic Control']","['Ability Impaired, Alcohol Over .80']",['Not Applicable'],['Not Applicable'],['Not Applicable'],False,"['60 to 64', '25 to 29']",3.0
342,2015-12-21 10:00:00,2125,2015,BATHURST ST,SHEPPARD AVE W,Major Arterial,North York,43.75545,-79.438464,625708.823,4845895.6933,At Intersection,Traffic Signal,Rain,"Dark, artificial",Wet,38,Lansing-Westgate,38,Lansing-Westgate (38),Non-Fatal Injury,1,0,1,0,0,0,0,0,0,1,1,0,0,Pedestrian Collisions,"['Driver', 'Pedestrian']",North,"['Automobile, Station Wagon']",['Going Ahead'],['Disobeyed Traffic Control'],['Unknown'],['Crossing without right of way'],['Inattentive'],['Not Applicable'],['Not Applicable'],['Not Applicable'],False,"['20 to 24', '15 to 19']",3.0
343,2015-12-22 10:00:00,911,2015,SHERBOURNE ST,CARLTON ST,Minor Arterial,Toronto and East York,43.663119,-79.373019,631178.6808,4835742.4364,At Intersection,Traffic Controller,Rain,Daylight,Wet,73,Moss Park,73,Moss Park (73),Non-Fatal Injury,0,1,0,0,1,0,0,0,0,1,0,0,0,Cyclist Collisions,"['Truck Driver', 'Cyclist']",North,"['Truck - Closed (Blazer, etc)', 'Bicycle']","['Turning Left', 'Going Ahead']",['Failed to Yield Right of Way'],['Normal'],['Not Applicable'],['Not Applicable'],['Motorist turned left across cyclists path.'],['Driving Properly'],['Normal'],False,"['30 to 34', '55 to 59']",3.0
344,2015-12-22 10:00:00,1830,2015,DUFFERIN ST,1 AUTUMN AVE,Major Arterial,North York,43.703574,-79.452411,624693.6351,4840113.045,At Intersection,No Control,Clear,"Dark, artificial",Dry,31,Yorkdale-Glen Park,31,Yorkdale-Glen Park (31),Non-Fatal Injury,1,0,0,0,1,0,0,0,0,1,0,0,0,Pedestrian Collisions,"['Truck Driver', 'Pedestrian']",South,['Truck (other)'],['Turning Left'],['Failed to Yield Right of Way'],['Inattentive'],['Crossing with right of way'],['Normal'],['Not Applicable'],['Not Applicable'],['Not Applicable'],False,"['50 to 54', '30 to 34']",3.0
345,2015-12-24 10:00:00,845,2015,LAWRENCE AVE E,RAILSIDE RD,Major Arterial,North York,43.741103,-79.319248,635338.5345,4844490.0934,At Intersection,Traffic Signal,Clear,Daylight,Dry,43,Victoria Village,43,Victoria Village (43),Non-Fatal Injury,1,0,1,0,0,0,0,0,0,1,0,0,0,Pedestrian Collisions,"['Driver', 'Pedestrian']",North,"['Automobile, Station Wagon']",['Turning Left'],['Failed to Yield Right of Way'],['Normal'],['Crossing with right of way'],['Normal'],['Not Applicable'],['Not Applicable'],['Not Applicable'],False,"['55 to 59', '60 to 64']",3.0
346,2015-12-25 10:00:00,819,2015,QUEEN ST W,TRINITY DR,Major Arterial,Toronto and East York,43.645293,-79.413158,627980.2192,4833699.943,At Intersection,Traffic Signal,Clear,Daylight,Dry,162,West Queen West,82,Niagara (82),Non-Fatal Injury,1,0,0,0,0,1,0,0,0,0,0,0,0,Pedestrian Collisions,"['Driver', 'Pedestrian']",East,['Street Car'],['Going Ahead'],['Driving Properly'],['Normal'],['Other'],['Other'],['Not Applicable'],['Not Applicable'],['Not Applicable'],False,"['30 to 34', '35 to 39']",3.0