accident_number,date,time,year,street1,street2,road_class,district,latitude,longitude,x,y,accident_location,traffctl,visibility,light,road_surface_condition,hood_158,neighbourhood_new,hood_140,neighbourhood_old,accident_class,pedestrian,cyclist,automobile,motorcycle,truck,trsn_city_veh,emerg_veh,passenger,speeding,aggressive_driving,redlight,alcohol,disability,impact_type,involvement_type,initial_direction,vehicle_type,manoeuver,driver_action,driver_condition,pedestrian_action,pedestrian_condition,cyclist_type,cyclist_action,cyclist_condition,injury,involvement_age,injury_severity_score
479,2016-05-27 08:00:00,1953,2016,MARKHAM RD,BLAKEMANOR BLVD,Major Arterial,Scarborough,43.751013,-79.222255,643125.1358,4845753.7773,At Intersection,Traffic Signal,Clear,Daylight,Dry,141,Golfdale-Cedarbrae-Woburn,137,Woburn (137),Non-Fatal Injury,1,0,1,0,0,1,0,0,0,0,0,0,0,Pedestrian Collisions,"['Driver', 'Pedestrian']",North,"['Automobile, Station Wagon', 'Municipal Transit Bus (TTC)']","['Turning Left', 'Going Ahead']","['Improper Turn', 'Driving Properly']",['Normal'],['On Sidewalk or Shoulder'],['Normal'],['Not Applicable'],['Not Applicable'],['Not Applicable'],False,"['35 to 39', '40 to 44']",3.0
480,2016-05-27 08:00:00,2150,2016,LAWRENCE AVE E,MCCOWAN RD,Major Arterial,Scarborough,43.755477,-79.245387,641252.2672,4846209.8607,At Intersection,Traffic Signal,Clear,"Dark, artificial",Dry,157,Bendale South,127,Bendale (127),Non-Fatal Injury,0,0,1,1,0,0,0,1,0,1,1,0,0,Turning Movement,"['Driver', 'Motorcycle Driver', 'Motorcycle Passenger']",North,"['Automobile, Station Wagon', 'Motorcycle']","['Turning Left', 'Going Ahead']","['Disobeyed Traffic Control', 'Driving Properly']","['Inattentive', 'Normal']",['Not Applicable'],['Not Applicable'],['Not Applicable'],['Not Applicable'],['Not Applicable'],False,"['65 to 69', '40 to 44', '10 to 14']",3.0
481,2016-05-28 08:00:00,1150,2016,JANE ST,MAPLE LEAF DR,Major Arterial,Etobicoke York,43.709174,-79.505519,620403.325,4840656.4963,At Intersection,Traffic Signal,Clear,Daylight,Dry,28,Rustic,28,Rustic (28),Non-Fatal Injury,0,0,1,1,0,0,0,0,0,1,0,0,0,Turning Movement,"['Driver', 'Motorcycle Driver']",North,"['Automobile, Station Wagon', 'Motorcycle']","['Turning Left', 'Going Ahead']","['Failed to Yield Right of Way', 'Driving Properly']","['Inattentive', 'Normal']",['Not Applicable'],['Not Applicable'],['Not Applicable'],['Not Applicable'],['Not Applicable'],False,"['60 to 64', '20 to 24']",3.0
482,2016-05-28 08:00:00,1800,2016,THE WEST MALL,WESTSIDE DR,Minor Arterial,Etobicoke York,43.618773,-79.564426,615831.1506,4830532.4274,Non Intersection,No Control,Clear,Daylight,Dry,159,Etobicoke City Centre,14,Islington-City Centre West (14),Fatal,0,0,1,0,0,0,0,1,1,1,0,0,0,Approaching,"['Passenger', 'Driver']",North,"['Automobile, Station Wagon']","['Changing Lanes', 'Going Ahead']","['Lost control', 'Driving Properly']","['Inattentive', 'Normal']",['Not Applicable'],['Not Applicable'],['Not Applicable'],['Not Applicable'],['Not Applicable'],True,"['65 to 69', '20 to 24', '25 to 29']",4.0
483,2016-05-28 08:00:00,2005,2016,RICHMOND ST W,UNIVERSITY AVE,Major Arterial,Toronto and East York,43.650012,-79.386249,630140.2852,4834265.8973,At Intersection,Traffic Signal,Clear,Daylight,Dry,170,Yonge-Bay Corridor,76,Bay Street Corridor (76),Non-Fatal Injury,0,1,1,0,0,0,0,0,0,1,0,0,0,Cyclist Collisions,"['Driver', 'Cyclist']",West,"['Automobile, Station Wagon', 'Bicycle']","['Turning Right', 'Going Ahead']",['Failed to Yield Right of Way'],['Inattentive'],['Not Applicable'],['Not Applicable'],['Motorist turning right on green or amber at signalized intersection strikes cyclist.'],['Driving Properly'],['Normal'],False,"['unknown', '25 to 29']",3.0
484,2016-05-29 08:00:00,1755,2016,SPADINA RD,BERNARD AVE,Minor Arterial,Toronto and East York,43.671214,-79.405658,628529.7891,4836590.4049,At/Near Private Drive,No Control,Clear,Daylight,Dry,95,Annex,95,Annex (95),Non-Fatal Injury,0,0,1,1,0,0,0,1,0,1,0,0,0,Turning Movement,"['Driver', 'Motorcycle Driver', 'Passenger']",East,"['Automobile, Station Wagon', 'Motorcycle']","['Turning Left', 'Going Ahead']","['Failed to Yield Right of Way', 'Driving Properly']","['Inattentive', 'Normal']",['Not Applicable'],['Not Applicable'],['Not Applicable'],['Not Applicable'],['Not Applicable'],False,"['30 to 34', '20 to 24']",3.0
485,2016-05-30 08:00:00,1250,2016,BAY ST,HAGERMAN ST,Major Arterial,Toronto and East York,43.654246,-79.383167,630379.6722,4834740.9766,At Intersection,Traffic Signal,Clear,Daylight,Dry,170,Yonge-Bay Corridor,76,Bay Street Corridor (76),Non-Fatal Injury,0,0,1,1,0,0,0,1,0,1,0,0,0,Turning Movement,"['Driver', 'Motorcycle Driver', 'Passenger']",East,"['Automobile, Station Wagon', 'Motorcycle']","['Turning Left', 'Going Ahead']","['Failed to Yield Right of Way', 'Driving Properly']","['Inattentive', 'Normal']",['Not Applicable'],['Not Applicable'],['Not Applicable'],['Not Applicable'],['Not Applicable'],False,"['35 to 39', '50 to 54']",3.0
486,2016-05-30 08:00:00,1725,2016,LAKE SHORE BLVD W,THIRTY THIRD ST,Major Arterial,Etobicoke York,43.594889,-79.531665,618521.4318,4827926.0454,Non Intersection,No Control,Clear,Daylight,Dry,19,Long Branch,19,Long Branch (19),Non-Fatal Injury,0,0,1,0,0,0,0,1,0,0,0,0,0,Rear End,"['Driver', 'Passenger']",West,"['Automobile, Station Wagon', 'Passenger Van']","['Going Ahead', 'Slowing or Stopping']","['Lost control', 'Driving Properly']",['Normal'],['Not Applicable'],['Not Applicable'],['Not Applicable'],['Not Applicable'],['Not Applicable'],False,"['60 to 64', '35 to 39', '70 to 74']",3.0
487,2016-05-30 08:00:00,1728,2016,4 EWART AVE,Not Applicable,Local,Etobicoke York,43.688113,-79.467433,623514.9974,4838373.4047,Non Intersection,No Control,Clear,Daylight,Dry,110,Keelesdale-Eglinton West,110,Keelesdale-Eglinton West (110),Fatal,0,0,1,0,0,0,0,0,0,0,0,0,0,Other,['Driver'],Unknown,"['Automobile, Station Wagon']",['Reversing'],['Other'],['Unknown'],['Not Applicable'],['Not Applicable'],['Not Applicable'],['Not Applicable'],['Not Applicable'],True,['65 to 69'],4.0
488,2016-05-31 08:00:00,1441,2016,DON VALLEY PARKWAY  S,LAWRENCE AVE E,Expressway,North York,43.738375,-79.332294,634294.1243,4844165.8787,Non Intersection,No Control,Clear,Daylight,Dry,42,Banbury-Don Mills,42,Banbury-Don Mills (42),Fatal,0,0,1,0,1,0,0,0,0,0,0,0,0,Rear End,"['Driver', 'Truck Driver']",South,"['Automobile, Station Wagon', 'Truck - Open']",['Going Ahead'],"['Speed too Slow', 'Other']","['Inattentive', 'Normal']",['Not Applicable'],['Not Applicable'],['Not Applicable'],['Not Applicable'],['Not Applicable'],True,"['70 to 74', '50 to 54']",4.0
489,2016-05-31 08:00:00,1600,2016,EGLINTON AVE E,BAYVIEW AVE,Major Arterial,North York,43.710967,-79.377116,630744.3518,4841050.1466,At Intersection,Traffic Signal,Clear,Daylight,Dry,56,Leaside-Bennington,56,Leaside-Bennington (56),Non-Fatal Injury,0,0,1,0,0,0,0,1,0,1,0,0,0,Turning Movement,"['Driver', 'Passenger']",East,"['Automobile, Station Wagon']","['Turning Left', 'Going Ahead']","['Failed to Yield Right of Way', 'Driving Properly']","['Inattentive', 'Normal']",['Not Applicable'],['Not Applicable'],['Not Applicable'],['Not Applicable'],['Not Applicable'],False,"['75 to 79', '30 to 34', '0 to 4']",3.0
490,2016-05-31 08:00:00,1756,2016,LAWRENCE AVE W,LITTLE AVE,Major Arterial,Etobicoke York,43.699214,-79.51984,619269.2894,4839529.6009,At Intersection,Traffic Signal,Clear,Daylight,Dry,113,Weston,113,Weston (113),Non-Fatal Injury,1,0,1,0,0,0,0,1,0,1,0,0,0,Pedestrian Collisions,"['Driver', 'Pedestrian', 'Passenger']",North,"['Automobile, Station Wagon']",['Turning Right'],['Failed to Yield Right of Way'],['Inattentive'],['Crossing with right of way'],['Normal'],['Not Applicable'],['Not Applicable'],['Not Applicable'],False,"['25 to 29', '55 to 59', '5 to 9', '0 to 4']",3.0
491,2016-06-01 08:00:00,240,2016,LAKE SHORE BLVD W,MILES RD,Major Arterial,Etobicoke York,43.608233,-79.490337,621830.4499,4829467.8502,At Intersection,No Control,Clear,"Dark, artificial",Dry,160,Mimico-Queensway,17,Mimico (includes Humber Bay Shores) (17),Non-Fatal Injury,0,0,1,0,0,0,0,1,1,1,0,0,0,SMV Other,"['Driver', 'Passenger']",East,"['Automobile, Station Wagon']",['Going Ahead'],['Lost control'],['Had Been Drinking'],['Not Applicable'],['Not Applicable'],['Not Applicable'],['Not Applicable'],['Not Applicable'],False,"['20 to 24', '25 to 29']",3.0
492,2016-06-01 08:00:00,836,2016,LAWRENCE AVE E,MOSSBANK DR,Major Arterial,Scarborough,43.76285,-79.211009,644002.1565,4847087.954,At Intersection,Traffic Signal,Clear,Daylight,Dry,141,Golfdale-Cedarbrae-Woburn,137,Woburn (137),Non-Fatal Injury,0,0,1,0,0,0,0,1,1,1,0,0,0,Rear End,"['Driver', 'Passenger']",East,"['Automobile, Station Wagon', 'Delivery Van']","['Overtaking', 'Going Ahead', 'Stopped']","['Speed too Fast For Condition', 'Driving Properly']","['Unknown', 'Normal']",['Not Applicable'],['Not Applicable'],['Not Applicable'],['Not Applicable'],['Not Applicable'],False,"['20 to 24', '35 to 39', '30 to 34', '15 to 19']",3.0
493,2016-06-01 08:00:00,1940,2016,DUNDAS ST W,BROCK AVE,Minor Arterial,Toronto and East York,43.649817,-79.435558,626164.1498,4834168.0931,At Intersection,Traffic Signal,Clear,Daylight,Dry,84,Little Portugal,84,Little Portugal (84),Non-Fatal Injury,0,1,1,0,0,0,0,0,0,0,0,0,0,Cyclist Collisions,"['Cyclist', 'Driver']",South,"['Bicycle', 'Automobile, Station Wagon']","['Turning Left', 'Going Ahead']",['Driving Properly'],['Normal'],['Not Applicable'],['Not Applicable'],['Cyclist turned left across motorists path.'],['Disobeyed Traffic Control'],['Inattentive'],False,"['30 to 34', '25 to 29']",3.0
494,2016-06-03 08:00:00,1430,2016,LAWRENCE AVE W,MARLEE AVE,Major Arterial,North York,43.715605,-79.446506,625144.3811,4841458.1546,At Intersection,Traffic Signal,Clear,Daylight,Dry,31,Yorkdale-Glen Park,31,Yorkdale-Glen Park (31),Non-Fatal Injury,0,0,1,0,0,0,0,1,0,1,0,0,0,Rear End,"['Truck Driver', 'Driver', 'Passenger']",East,"['Tow Truck', 'Automobile, Station Wagon']","['Going Ahead', 'Slowing or Stopping']","['Following too Close', 'Driving Properly']","['Inattentive', 'Normal']",['Not Applicable'],['Not Applicable'],['Not Applicable'],['Not Applicable'],['Not Applicable'],False,"['20 to 24', '60 to 64', '65 to 69', '55 to 59']",3.0
495,2016-06-03 08:00:00,2131,2016,BURNHAMTHORPE RD,THE EAST MALL,Major Arterial,Etobicoke York,43.646285,-79.559978,616137.0438,4833594.1889,At Intersection,Traffic Signal,Clear,"Dark, artificial",Dry,158,Islington,14,Islington-City Centre West (14),Non-Fatal Injury,1,0,1,0,0,0,0,1,0,1,0,0,0,Pedestrian Collisions,"['Driver', 'Passenger', 'Pedestrian']",East,"['Automobile, Station Wagon']",['Turning Right'],['Failed to Yield Right of Way'],['Normal'],['Crossing with right of way'],['Normal'],['Not Applicable'],['Not Applicable'],['Not Applicable'],False,"['60 to 64', '55 to 59', '40 to 44']",3.0
496,2016-06-04 08:00:00,1525,2016,PHARMACY AVE,JANET BLVD,Minor Arterial,Scarborough,43.741286,-79.303851,636577.9386,4844535.6868,Non Intersection,No Control,Clear,Daylight,Dry,119,Wexford/Maryvale,119,Wexford/Maryvale (119),Non-Fatal Injury,1,0,1,0,0,0,0,0,0,1,0,0,0,Pedestrian Collisions,"['Driver', 'Pedestrian']",East,"['Automobile, Station Wagon']",['Going Ahead'],['Driving Properly'],['Normal'],['Running onto Roadway'],['Inattentive'],['Not Applicable'],['Not Applicable'],['Not Applicable'],False,"['30 to 34', '25 to 29']",3.0
497,2016-06-04 08:00:00,1822,2016,LAKE SHORE BLVD W,DWIGHT AVE,Major Arterial,Etobicoke York,43.60229,-79.49792,621230.4299,4828796.7128,At Intersection,Stop Sign,Clear,Daylight,Dry,18,New Toronto,18,New Toronto (18),Non-Fatal Injury,0,0,1,1,0,0,0,1,0,0,0,0,0,Turning Movement,"['Driver', 'Motorcycle Driver', 'Passenger', 'Motorcycle Passenger']",South,"['Automobile, Station Wagon', 'Motorcycle']","['Turning Left', 'Going Ahead']","['Improper Turn', 'Driving Properly']",['Normal'],['Not Applicable'],['Not Applicable'],['Not Applicable'],['Not Applicable'],['Not Applicable'],False,"['40 to 44', '30 to 34', '25 to 29', 'unknown']",3.0
498,2016-06-05 08:00:00,1937,2016,UNIVERSITY AVE,FRONT ST W,Minor Arterial,Toronto and East York,43.645068,-79.383418,630379.2885,4833721.2451,Non Intersection,Stop Sign,Clear,"Dusk, artificial",Wet,165,Harbourfront-CityPlace,77,Waterfront Communities-The Island (77),Non-Fatal Injury,0,0,1,1,0,0,0,0,0,1,0,0,0,Rear End,"['Motorcycle Driver', 'Driver']",South,"['Motorcycle', 'Automobile, Station Wagon']","['Going Ahead', 'Slowing or Stopping']","['Following too Close', 'Driving Properly']",['Normal'],['Not Applicable'],['Not Applicable'],['Not Applicable'],['Not Applicable'],['Not Applicable'],False,"['25 to 29', '55 to 59']",3.0
499,2016-06-06 08:00:00,1435,2016,KENNEDY RD,EGLINTON AVE E,Major Arterial,Scarborough,43.732192,-79.267925,639491.9342,4843585.5181,At Intersection,Traffic Signal,Clear,Daylight,Dry,124,Kennedy Park,124,Kennedy Park (124),Fatal,0,0,1,0,0,0,0,1,0,1,1,0,0,Turning Movement,"['Passenger', 'Driver']",East,"['Automobile, Station Wagon']","['Turning Left', 'Going Ahead']","['Driving Properly', 'Disobeyed Traffic Control']","['Normal', 'Inattentive']",['Not Applicable'],['Not Applicable'],['Not Applicable'],['Not Applicable'],['Not Applicable'],True,"['65 to 69', '50 to 54', '55 to 59']",4.0
500,2016-06-08 08:00:00,1048,2016,DON VALLEY PARKWAY  N,BAYVIEW BLOOR DVP N RAMP,Expressway,Toronto and East York,43.684523,-79.36124,632081.4321,4838138.3333,Non Intersection,No Control,Clear,Daylight,Dry,57,Broadview North,57,Broadview North (57),Non-Fatal Injury,0,0,0,1,0,0,0,0,1,1,0,0,0,SMV Other,['Motorcycle Driver'],North,['Motorcycle'],['Going Ahead'],['Lost control'],['Inattentive'],['Not Applicable'],['Not Applicable'],['Not Applicable'],['Not Applicable'],['Not Applicable'],False,['25 to 29'],3.0
501,2016-06-09 08:00:00,837,2016,ADELAIDE ST W,JOHN ST,Major Arterial,Toronto and East York,43.647845,-79.390285,629819.4686,4834018.9021,Intersection Related,Traffic Signal,Clear,Daylight,Dry,164,Wellington Place,77,Waterfront Communities-The Island (77),Non-Fatal Injury,0,1,1,0,0,0,0,0,0,0,0,0,0,Cyclist Collisions,"['Driver', 'Cyclist']",East,"['Automobile, Station Wagon', 'Bicycle']","['Turning Right', 'Going Ahead']",['Improper Turn'],['Inattentive'],['Not Applicable'],['Not Applicable'],['Motorist turning right on green or amber at signalized intersection strikes cyclist.'],['Driving Properly'],['Normal'],False,"['50 to 54', '35 to 39']",3.0
502,2016-06-09 08:00:00,1030,2016,VICTORIA ST,SHUTER ST,Collector,Toronto and East York,43.653781,-79.378536,630754.1241,4834696.6191,Non Intersection,No Control,Clear,Daylight,Dry,168,Downtown Yonge East,75,Church-Yonge Corridor (75),Non-Fatal Injury,1,0,1,0,0,0,0,0,0,0,0,0,0,Pedestrian Collisions,"['Driver', 'Pedestrian']",South,['Passenger Van'],['Going Ahead'],['Driving Properly'],['Normal'],['Walking on Roadway with Traffic'],['Inattentive'],['Not Applicable'],['Not Applicable'],['Not Applicable'],False,"['60 to 64', '80 to 84']",3.0
503,2016-06-12 08:00:00,2223,2016,BLOOR ST W,ISLINGTON AVE,Major Arterial,Etobicoke York,43.644641,-79.523425,619088.2969,4833463.4011,At Intersection,Traffic Signal,Clear,"Dark, artificial",Dry,16,Stonegate-Queensway,16,Stonegate-Queensway (16),Non-Fatal Injury,0,0,1,0,0,0,0,1,0,1,1,0,0,Angle,"['Driver', 'Passenger']",East,"['Automobile, Station Wagon']",['Going Ahead'],"['Disobeyed Traffic Control', 'Driving Properly']","['Inattentive', 'Normal']",['Not Applicable'],['Not Applicable'],['Not Applicable'],['Not Applicable'],['Not Applicable'],False,"['50 to 54', '40 to 44', '55 to 59']",3.0
504,2016-06-14 08:00:00,1246,2016,58 THE ESPLANADE,Not Applicable,Collector,Toronto and East York,43.646952,-79.374179,631120.3339,4833945.0438,Non Intersection,No Control,Clear,Daylight,Dry,166,St Lawrence-East Bayfront-The Islands,77,Waterfront Communities-The Island (77),Non-Fatal Injury,0,1,1,0,0,0,0,0,0,0,0,0,0,Cyclist Collisions,"['Cyclist', 'Driver']",West,"['Bicycle', 'Automobile, Station Wagon']","['Pulling Onto Shoulder or towardCurb', 'Going Ahead']",['Driving Properly'],['Normal'],['Not Applicable'],['Not Applicable'],['Cyclist and Driver travelling in same direction. One vehicle rear-ended the other.'],['Following too Close'],['Normal'],False,"['30 to 34', '25 to 29']",3.0
505,2016-06-14 08:00:00,1415,2016,BREMNER BLVD,SPADINA AVE,Minor Arterial,Toronto and East York,43.640692,-79.392284,629673.6419,4833221.3434,Non Intersection,No Control,Clear,Daylight,Dry,165,Harbourfront-CityPlace,77,Waterfront Communities-The Island (77),Fatal,1,0,1,0,0,0,0,0,0,1,0,0,0,Pedestrian Collisions,"['Driver', 'Pedestrian']",Unknown,"['Automobile, Station Wagon']",['Going Ahead'],['Lost control'],['Inattentive'],['On Sidewalk or Shoulder'],['Unknown'],['Not Applicable'],['Not Applicable'],['Not Applicable'],True,"['45 to 49', '35 to 39']",4.0
506,2016-06-15 08:00:00,37,2016,LAWRENCE AVE E,VALPARAISO AVE,Major Arterial,Scarborough,43.755103,-79.247493,641083.604,4846164.7326,Non Intersection,No Control,Clear,"Dark, artificial",Dry,157,Bendale South,127,Bendale (127),Fatal,1,0,1,0,0,0,0,0,0,0,0,0,0,Pedestrian Collisions,"['Pedestrian', 'Driver']",East,"['Automobile, Station Wagon']",['Going Ahead'],['Driving Properly'],['Normal'],"['Crossing, no Traffic Control']",['Had Been Drinking'],['Not Applicable'],['Not Applicable'],['Not Applicable'],True,"['70 to 74', '65 to 69']",4.0
507,2016-06-15 08:00:00,1231,2016,YONGE ST,ADELAIDE ST E,Major Arterial,Toronto and East York,43.650389,-79.378459,630767.695,4834320.0143,Intersection Related,Traffic Controller,Clear,Daylight,Dry,168,Downtown Yonge East,75,Church-Yonge Corridor (75),Non-Fatal Injury,0,0,1,1,0,0,0,0,0,1,0,0,0,Rear End,"['Motorcycle Driver', 'Driver']",North,"['Motorcycle', 'Pick Up Truck']","['Going Ahead', 'Slowing or Stopping']","['Following too Close', 'Driving Properly']",['Normal'],['Not Applicable'],['Not Applicable'],['Not Applicable'],['Not Applicable'],['Not Applicable'],False,"['50 to 54', '40 to 44']",3.0
508,2016-06-15 08:00:00,1644,2016,FINCH AVE E,GARVIN  MEWS,Major Arterial,North York,43.782927,-79.401058,628661.2295,4849004.8849,Non Intersection,No Control,Clear,Daylight,Dry,152,East Willowdale,51,Willowdale East (51),Non-Fatal Injury,1,0,1,0,0,0,0,0,0,0,0,0,0,Pedestrian Collisions,"['Driver', 'Pedestrian']",North,"['Automobile, Station Wagon']",['Going Ahead'],['Driving Properly'],['Normal'],['Running onto Roadway'],['Normal'],['Not Applicable'],['Not Applicable'],['Not Applicable'],False,"['40 to 44', '20 to 24']",3.0
509,2016-06-17 08:00:00,303,2016,DANFORTH RD,ST CLAIR AVE E,Minor Arterial,Scarborough,43.715674,-79.260387,640137.5226,4841763.6687,Non Intersection,No Control,Clear,"Dark, artificial",Dry,120,Clairlea-Birchmount,120,Clairlea-Birchmount (120),Fatal,1,0,1,0,0,0,0,0,0,0,0,0,0,Pedestrian Collisions,"['Pedestrian', 'Driver']",North,"['Automobile, Station Wagon']",['Going Ahead'],['Other'],['Unknown'],['Running onto Roadway'],['Other'],['Not Applicable'],['Not Applicable'],['Not Applicable'],True,"['20 to 24', 'unknown']",4.0
510,2016-06-17 08:00:00,855,2016,DUFFERIN ST,CLOVERLAWN AVE,Major Arterial,Toronto and East York,43.681273,-79.4444,625385.5746,4837648.2934,Intersection Related,No Control,Clear,Daylight,Dry,92,Corso Italia-Davenport,92,Corso Italia-Davenport (92),Non-Fatal Injury,1,0,0,0,0,1,0,0,0,1,0,0,0,Pedestrian Collisions,"['Driver', 'Pedestrian']",South,"['Bus (Other) (Go Bus, Gray Coa']",['Turning Left'],['Failed to Yield Right of Way'],['Inattentive'],['Crossing with right of way'],['Normal'],['Not Applicable'],['Not Applicable'],['Not Applicable'],False,"['20 to 24', '75 to 79']",3.0
511,2016-06-17 08:00:00,1737,2016,CALEDONIA RD,CASTLEFIELD AVE,Minor Arterial,North York,43.698886,-79.463603,623801.5044,4839575.6054,Non Intersection,No Control,Clear,Daylight,Dry,108,Briar Hill-Belgravia,108,Briar Hill-Belgravia (108),Non-Fatal Injury,0,0,1,1,0,0,0,0,1,1,0,0,0,Turning Movement,"['Motorcycle Driver', 'Driver']",North,"['Motorcycle', 'Automobile, Station Wagon']","['Going Ahead', 'Turning Right']","['Exceeding Speed Limit', 'Driving Properly']",['Normal'],['Not Applicable'],['Not Applicable'],['Not Applicable'],['Not Applicable'],['Not Applicable'],False,"['20 to 24', '40 to 44']",3.0
512,2016-06-19 08:00:00,20,2016,ELLESMERE RD,WARDEN AVE,Major Arterial,Scarborough,43.761183,-79.300746,636782.6278,4846750.6734,Intersection Related,Traffic Signal,Clear,"Dark, artificial",Dry,119,Wexford/Maryvale,119,Wexford/Maryvale (119),Non-Fatal Injury,0,0,1,0,0,0,0,1,0,1,1,0,0,Angle,"['Driver', 'Passenger']",North,"['Automobile, Station Wagon']","['Going Ahead', 'Stopped']","['Disobeyed Traffic Control', 'Driving Properly']","['Normal', 'Inattentive']",['Not Applicable'],['Not Applicable'],['Not Applicable'],['Not Applicable'],['Not Applicable'],False,"['20 to 24', '75 to 79', '30 to 34', '65 to 69', '25 to 29']",3.0
513,2016-06-20 08:00:00,910,2016,540 BRIMLEY RD,Not Applicable,Major Arterial,Scarborough,43.737811,-79.248805,641018.5832,4844241.9593,At/Near Private Drive,No Control,Clear,Daylight,Dry,138,Eglinton East,138,Eglinton East (138),Non-Fatal Injury,0,0,1,1,0,0,0,0,0,0,0,0,0,Turning Movement,"['Driver', 'Motorcycle Driver']",North,"['Automobile, Station Wagon', 'Motorcycle']","['Turning Left', 'Going Ahead']","['Improper Turn', 'Driving Properly']",['Normal'],['Not Applicable'],['Not Applicable'],['Not Applicable'],['Not Applicable'],['Not Applicable'],False,"['55 to 59', '30 to 34']",3.0
514,2016-06-20 08:00:00,1307,2016,ORMEROD ST,VERNE CRES,Local,Scarborough,43.795184,-79.237384,641802.6532,4850633.6278,Intersection Related,No Control,Clear,Daylight,Dry,145,Malvern West,132,Malvern (132),Non-Fatal Injury,0,1,1,0,0,0,0,0,0,1,0,0,0,Cyclist Collisions,"['Driver', 'Cyclist']",West,"['Automobile, Station Wagon', 'Bicycle']","['Overtaking', 'Turning Left']",['Improper Passing'],['Normal'],['Not Applicable'],['Not Applicable'],['Cyclist turned left across motorists path.'],['Improper Turn'],['Normal'],False,"['50 to 54', '65 to 69']",3.0
515,2016-06-21 08:00:00,1621,2016,81 JANRAY DR,Not Applicable,Local,Scarborough,43.765277,-79.218051,643429.5136,4847345.2883,Private Driveway,No Control,Clear,Daylight,Dry,141,Golfdale-Cedarbrae-Woburn,137,Woburn (137),Non-Fatal Injury,1,0,1,0,0,0,0,0,0,0,0,0,0,Pedestrian Collisions,"['Driver', 'Pedestrian']",East,"['Automobile, Station Wagon']",['Reversing'],['Other'],['Unknown'],['Other'],"['Ability Impaired, Alcohol']",['Not Applicable'],['Not Applicable'],['Not Applicable'],False,['30 to 34'],3.0
516,2016-06-21 08:00:00,2030,2016,SHEPPARD AVE W,NORTHOVER ST,Major Arterial,Etobicoke York,43.741191,-79.502818,620556.6931,4844216.3643,Non Intersection,No Control,Clear,Daylight,Dry,25,Glenfield-Jane Heights,25,Glenfield-Jane Heights (25),Non-Fatal Injury,0,0,1,0,0,0,0,0,0,1,0,0,0,Rear End,['Driver'],East,"['Automobile, Station Wagon']","['Stopped', 'Slowing or Stopping']","['Following too Close', 'Driving Properly']","['Inattentive', 'Normal']",['Not Applicable'],['Not Applicable'],['Not Applicable'],['Not Applicable'],['Not Applicable'],False,"['20 to 24', '65 to 69']",3.0
517,2016-06-22 08:00:00,655,2016,DYNEVOR RD,KIRKNEWTON RD,Local,Toronto and East York,43.691016,-79.450549,624869.7268,4838721.1083,Non Intersection,No Control,Clear,Daylight,Dry,109,Caledonia-Fairbank,109,Caledonia-Fairbank (109),Fatal,1,0,1,0,0,0,0,1,0,0,0,0,0,Pedestrian Collisions,"['Pedestrian', 'Driver', 'Passenger']",East,['Delivery Van'],['Going Ahead'],['Other'],['Normal'],['Other'],['Normal'],['Not Applicable'],['Not Applicable'],['Not Applicable'],True,"['65 to 69', '25 to 29', '30 to 34']",4.0
518,2016-06-22 08:00:00,1305,2016,SHEPPARD AVE E,PROVOST DR,Major Arterial,North York,43.770346,-79.371257,631086.7221,4847654.3191,At Intersection,Traffic Signal,Clear,Daylight,Dry,52,Bayview Village,52,Bayview Village (52),Non-Fatal Injury,1,0,1,0,0,0,0,0,0,0,0,0,0,Pedestrian Collisions,"['Driver', 'Pedestrian']",North,"['Automobile, Station Wagon']",['Turning Left'],['Improper Turn'],['Inattentive'],['Crossing with right of way'],['Normal'],['Not Applicable'],['Not Applicable'],['Not Applicable'],False,"['85 to 89', '35 to 39']",3.0
519,2016-06-22 08:00:00,2315,2016,120 BEVERLY HILLS DR,Not Applicable,Collector,Etobicoke York,43.718318,-79.516246,619520.9155,4841656.5406,Non Intersection,No Control,Clear,"Dark, artificial",Dry,154,Oakdale-Beverley Heights,26,Downsview-Roding-CFB (26),Non-Fatal Injury,1,0,1,0,0,0,0,1,0,0,0,0,0,Pedestrian Collisions,"['Driver', 'Passenger', 'Pedestrian']",East,"['Automobile, Station Wagon']",['Going Ahead'],['Driving Properly'],['Normal'],"['Crossing, no Traffic Control']",['Inattentive'],['Not Applicable'],['Not Applicable'],['Not Applicable'],False,"['25 to 29', '30 to 34', '10 to 14']",3.0
520,2016-06-23 08:00:00,1949,2016,DUNDAS ST W,SHORNCLIFFE RD,Major Arterial,Etobicoke York,43.632106,-79.544688,617397.7939,4832040.9431,At Intersection,Traffic Controller,Clear,Daylight,Dry,159,Etobicoke City Centre,14,Islington-City Centre West (14),Non-Fatal Injury,1,0,0,0,1,0,0,0,0,1,0,0,0,Pedestrian Collisions,"['Truck Driver', 'Pedestrian']",North,"['Truck - Closed (Blazer, etc)']",['Turning Left'],['Failed to Yield Right of Way'],['Normal'],['Crossing with right of way'],['Normal'],['Not Applicable'],['Not Applicable'],['Not Applicable'],False,"['35 to 39', '65 to 69']",3.0
521,2016-06-24 08:00:00,707,2016,THE QUEENSWAY,427 C S QUEENSWAY RAMP,Major Arterial,Etobicoke York,43.61447,-79.554401,616648.3567,4830068.5605,Non Intersection,No Control,Clear,Daylight,Dry,159,Etobicoke City Centre,14,Islington-City Centre West (14),Non-Fatal Injury,0,0,0,1,0,0,0,0,1,1,0,0,0,SMV Other,['Motorcycle Driver'],East,['Motorcycle'],['Going Ahead'],['Speed too Fast For Condition'],['Unknown'],['Not Applicable'],['Not Applicable'],['Not Applicable'],['Not Applicable'],['Not Applicable'],False,['30 to 34'],3.0