accident_number,date,time,year,street1,street2,road_class,district,latitude,longitude,x,y,accident_location,traffctl,visibility,light,road_surface_condition,hood_158,neighbourhood_new,hood_140,neighbourhood_old,accident_class,pedestrian,cyclist,automobile,motorcycle,truck,trsn_city_veh,emerg_veh,passenger,speeding,aggressive_driving,redlight,alcohol,disability,impact_type,involvement_type,initial_direction,vehicle_type,manoeuver,driver_action,driver_condition,pedestrian_action,pedestrian_condition,cyclist_type,cyclist_action,cyclist_condition,injury,involvement_age,injury_severity_score
522,2016-06-24 08:00:00,1445,2016,720 RENFORTH DR,Not Applicable,Minor Arterial,Etobicoke York,43.663943,-79.585178,614071.2246,4835520.3795,At/Near Private Drive,Pedestrian Crossover,Clear,Daylight,Dry,11,Eringate-Centennial-West Deane,11,Eringate-Centennial-West Deane (11),Non-Fatal Injury,1,0,1,0,0,0,0,0,0,1,0,0,0,Pedestrian Collisions,"['Driver', 'Pedestrian']",South,"['Automobile, Station Wagon']",['Going Ahead'],['Disobeyed Traffic Control'],['Normal'],"['Crossing, Pedestrian Crossover']",['Normal'],['Not Applicable'],['Not Applicable'],['Not Applicable'],False,"['20 to 24', '15 to 19']",3.0
523,2016-06-26 08:00:00,1300,2016,MCCOWAN RD,MCNICOLL AVE,Major Arterial,Scarborough,43.81787,-79.271938,638970.1283,4853094.6508,At Intersection,Traffic Signal,Clear,Daylight,Dry,130,Milliken,130,Milliken (130),Non-Fatal Injury,0,0,1,0,0,0,0,1,0,0,0,0,0,Sideswipe,"['Driver', 'Passenger']",North,"['Automobile, Station Wagon']","['Changing Lanes', 'Going Ahead', 'Slowing or Stopping']","['Improper Lane Change', 'Driving Properly']","['Inattentive', 'Normal']",['Not Applicable'],['Not Applicable'],['Not Applicable'],['Not Applicable'],['Not Applicable'],False,"['70 to 74', '55 to 59', '45 to 49', '65 to 69']",3.0
524,2016-06-26 08:00:00,1948,2016,PARKSIDE DR,SPRING RD,Major Arterial,Toronto and East York,43.640975,-79.454639,624643.6366,4833157.2435,Intersection Related,Traffic Signal,Clear,Daylight,Dry,87,High Park-Swansea,87,High Park-Swansea (87),Non-Fatal Injury,1,0,1,0,0,0,0,0,0,0,0,0,0,Pedestrian Collisions,"['Driver', 'Pedestrian']",East,"['Automobile, Station Wagon']",['Going Ahead'],['Driving Properly'],['Normal'],['Crossing without right of way'],['Had Been Drinking'],['Not Applicable'],['Not Applicable'],['Not Applicable'],False,"['60 to 64', '15 to 19']",3.0
525,2016-06-27 08:00:00,1745,2016,DON MILLS RD,HELEN LU  RD,Major Arterial,North York,43.772326,-79.346271,633093.3074,4847914.0884,Intersection Related,Traffic Signal,Clear,Daylight,Dry,53,Henry Farm,53,Henry Farm (53),Non-Fatal Injury,0,0,1,1,0,0,0,0,0,0,0,0,0,Turning Movement,"['Driver', 'Motorcycle Driver']",North,"['Automobile, Station Wagon', 'Motorcycle']","['Turning Left', 'Going Ahead']","['Improper Turn', 'Driving Properly']","['Inattentive', 'Normal']",['Not Applicable'],['Not Applicable'],['Not Applicable'],['Not Applicable'],['Not Applicable'],False,['50 to 54'],3.0
526,2016-06-29 08:00:00,1908,2016,99 HUMBER BLVD,Not Applicable,Collector,Etobicoke York,43.679877,-79.482257,622337.0079,4837436.7138,At Intersection,No Control,Clear,Daylight,Dry,111,Rockcliffe-Smythe,111,Rockcliffe-Smythe (111),Non-Fatal Injury,0,1,1,0,0,0,0,0,0,0,0,0,0,Cyclist Collisions,"['Cyclist', 'Driver']",North,"['Bicycle', 'Pick Up Truck']",['Going Ahead'],['Driving Properly'],['Normal'],['Not Applicable'],['Not Applicable'],"['Cyclist without ROW rides into path of motorist at inter, lnwy, dwy-Cyclist not turn.']",['Failed to Yield Right of Way'],['Normal'],False,"['10 to 14', '35 to 39']",3.0
527,2016-06-29 08:00:00,2050,2016,ALBION RD,SILVERSTONE DR,Major Arterial,Etobicoke York,43.742755,-79.599033,612806.2395,4844254.5642,Non Intersection,No Control,Clear,"Dusk, artificial",Dry,1,West Humber-Clairville,1,West Humber-Clairville (1),Non-Fatal Injury,0,0,1,0,0,0,0,0,0,0,0,0,0,SMV Other,['Driver'],West,"['Automobile, Station Wagon']",['Going Ahead'],['Lost control'],['Fatigue'],['Not Applicable'],['Not Applicable'],['Not Applicable'],['Not Applicable'],['Not Applicable'],False,['65 to 69'],3.0
528,2016-06-30 08:00:00,1143,2016,JANE ST,WILSON AVE,Major Arterial,Etobicoke York,43.720904,-79.508617,620130.2916,4841954.7817,Intersection Related,Traffic Signal,Clear,Daylight,Dry,154,Oakdale-Beverley Heights,26,Downsview-Roding-CFB (26),Non-Fatal Injury,0,1,0,0,1,0,0,0,0,0,0,0,0,Cyclist Collisions,"['Cyclist', 'Truck Driver']",East,"['Bicycle', 'Truck - Closed (Blazer, etc)']","['Going Ahead', 'Turning Right']",['Other'],['Normal'],['Not Applicable'],['Not Applicable'],['Motorist turning right on green or amber at signalized intersection strikes cyclist.'],['Driving Properly'],['Normal'],False,"['20 to 24', '30 to 34']",3.0
529,2016-07-01 08:00:00,405,2016,F G GARDINER XY  E,DON VALLEY PARKWAY  N,Major Arterial,Toronto and East York,43.650691,-79.347575,633257.6667,4834402.687,Non Intersection,No Control,Clear,"Dark, artificial",Dry,166,St Lawrence-East Bayfront-The Islands,77,Waterfront Communities-The Island (77),Non-Fatal Injury,0,0,0,1,0,0,0,0,0,0,0,0,0,SMV Other,['Motorcycle Driver'],East,['Motorcycle'],['Going Ahead'],['Lost control'],['Fatigue'],['Not Applicable'],['Not Applicable'],['Not Applicable'],['Not Applicable'],['Not Applicable'],False,['35 to 39'],3.0
530,2016-07-02 08:00:00,244,2016,FINCH AVE W,SENTINEL RD,Major Arterial,Etobicoke York,43.760993,-79.499957,620747.2429,4846419.8334,At Intersection,Traffic Signal,Clear,"Dark, artificial",Dry,27,York University Heights,27,York University Heights (27),Non-Fatal Injury,1,0,1,0,0,0,0,0,1,1,0,0,0,Pedestrian Collisions,"['Driver', 'Pedestrian']",North,"['Automobile, Station Wagon']",['Going Ahead'],['Failed to Yield Right of Way'],['Unknown'],['Crossing with right of way'],['Had Been Drinking'],['Not Applicable'],['Not Applicable'],['Not Applicable'],False,"['35 to 39', '20 to 24']",3.0
531,2016-07-02 08:00:00,1812,2016,QUEENS QUAY E,BONNYCASTLE ST,Minor Arterial,Toronto and East York,43.645873,-79.363429,631989.68,4833842.2477,Non Intersection,No Control,Clear,Daylight,Dry,166,St Lawrence-East Bayfront-The Islands,77,Waterfront Communities-The Island (77),Fatal,0,0,1,0,0,0,0,1,1,1,0,0,0,SMV Other,"['Passenger', 'Driver']",East,"['Automobile, Station Wagon']",['Going Ahead'],['Exceeding Speed Limit'],['Inattentive'],['Not Applicable'],['Not Applicable'],['Not Applicable'],['Not Applicable'],['Not Applicable'],True,"['35 to 39', '30 to 34']",4.0
532,2016-07-04 08:00:00,2055,2016,KIPLING AVE,WESTHUMBER BLVD,Major Arterial,Etobicoke York,43.728129,-79.574641,614798.2461,4842663.6403,At Intersection,Traffic Signal,Clear,"Dusk, artificial",Dry,4,Rexdale-Kipling,4,Rexdale-Kipling (4),Fatal,1,0,1,0,0,0,0,0,1,1,0,0,0,Pedestrian Collisions,"['Driver', 'Pedestrian']",East,['Passenger Van'],['Turning Left'],['Exceeding Speed Limit'],['Inattentive'],['Walking on Roadway with Traffic'],['Normal'],['Not Applicable'],['Not Applicable'],['Not Applicable'],True,"['25 to 29', '70 to 74']",4.0
533,2016-07-05 08:00:00,1120,2016,ALBION RD,ISLINGTON AVE,Major Arterial,Etobicoke York,43.737166,-79.565257,615536.6595,4843680.3692,At Intersection,Traffic Signal,Clear,Daylight,Dry,3,Thistletown-Beaumond Heights,3,Thistletown-Beaumond Heights (3),Fatal,1,0,1,0,0,0,0,0,0,0,0,0,0,Pedestrian Collisions,"['Pedestrian', 'Driver']",North,"['Automobile, Station Wagon']",['Going Ahead'],['Driving Properly'],['Inattentive'],"['Crossing, no Traffic Control']",['Inattentive'],['Not Applicable'],['Not Applicable'],['Not Applicable'],True,"['55 to 59', '45 to 49']",4.0
534,2016-07-05 08:00:00,1247,2016,740 DUPONT ST,Not Applicable,Major Arterial,Toronto and East York,43.671199,-79.423724,627073.3942,4836560.9056,Non Intersection,No Control,Clear,Daylight,Dry,172,Dovercourt Village,93,Dovercourt-Wallace Emerson-Junction (93),Fatal,0,1,1,0,0,0,0,0,0,0,0,0,0,Cyclist Collisions,"['Cyclist', 'Driver - Not Hit', 'Other']",West,"['Bicycle', 'Passenger Van']","['Overtaking', 'Parked']",[],[],['Not Applicable'],['Not Applicable'],['Cyclist strikes a parked vehicle.'],['Improper Passing'],['Unknown'],True,"['70 to 74', 'unknown']",4.0
535,2016-07-05 08:00:00,2005,2016,EGLINTON AVE E,MARKHAM RD,Major Arterial,Scarborough,43.743109,-79.218875,643416.137,4844881.7636,At Intersection,Traffic Signal,Clear,Daylight,Dry,139,Scarborough Village,139,Scarborough Village (139),Non-Fatal Injury,1,0,1,0,0,0,0,0,0,1,0,0,0,Pedestrian Collisions,"['Driver', 'Pedestrian']",North,"['Automobile, Station Wagon']",['Turning Left'],['Failed to Yield Right of Way'],['Inattentive'],['Crossing without right of way'],['Inattentive'],['Not Applicable'],['Not Applicable'],['Not Applicable'],False,"['60 to 64', '40 to 44']",3.0
536,2016-07-06 08:00:00,1831,2016,401 C W MCCOWAN N RAMP RD,MCCOWAN RD,Major Arterial,Scarborough,43.783583,-79.255756,640351.7593,4849313.8374,At Intersection,No Control,Clear,Daylight,Dry,128,Agincourt South-Malvern West,128,Agincourt South-Malvern West (128),Fatal,0,0,1,1,0,0,0,0,1,1,0,0,0,SMV Other,"['Motorcycle Driver', 'Driver']",South,"['Motorcycle', 'Automobile, Station Wagon']",['Going Ahead'],"['Lost control', 'Driving Properly']","['Unknown', 'Normal']",['Not Applicable'],['Not Applicable'],['Not Applicable'],['Not Applicable'],['Not Applicable'],True,"['40 to 44', '20 to 24']",4.0
537,2016-07-06 08:00:00,2304,2016,EGLINTON AVE E,SWIFT DR,Major Arterial,North York,43.726115,-79.318294,635449.1404,4842827.0135,Intersection Related,Traffic Signal,Clear,"Dark, artificial",Dry,43,Victoria Village,43,Victoria Village (43),Non-Fatal Injury,1,0,1,0,0,0,0,0,0,0,0,0,0,Pedestrian Collisions,"['Driver', 'Pedestrian']",North,"['Automobile, Station Wagon']",['Going Ahead'],['Driving Properly'],['Unknown'],['Running onto Roadway'],['Had Been Drinking'],['Not Applicable'],['Not Applicable'],['Not Applicable'],False,"['65 to 69', '30 to 34']",3.0
538,2016-07-07 08:00:00,654,2016,HIGHWAY 27  N,CARRIER DR,Major Arterial,Etobicoke York,43.739031,-79.605426,612298.4319,4843832.2764,At Intersection,Traffic Signal,Clear,Daylight,Dry,1,West Humber-Clairville,1,West Humber-Clairville (1),Non-Fatal Injury,0,0,1,1,0,0,0,0,0,1,0,0,0,Rear End,"['Motorcycle Driver', 'Driver']",North,"['Motorcycle', 'Automobile, Station Wagon']",['Going Ahead'],"['Following too Close', 'Driving Properly']",['Normal'],['Not Applicable'],['Not Applicable'],['Not Applicable'],['Not Applicable'],['Not Applicable'],False,"['55 to 59', '80 to 84']",3.0
539,2016-07-08 08:00:00,2339,2016,GALLOWAY RD,DEARHAM WOOD,Collector,Scarborough,43.752776,-79.190738,645658.3047,4846004.5305,Intersection Related,Stop Sign,Clear,"Dark, artificial",Dry,140,Guildwood,140,Guildwood (140),Non-Fatal Injury,0,0,1,0,0,0,0,1,1,1,0,0,0,SMV Other,"['Driver', 'Passenger']",West,"['Automobile, Station Wagon']",['Turning Right'],['Lost control'],['Normal'],['Not Applicable'],['Not Applicable'],['Not Applicable'],['Not Applicable'],['Not Applicable'],False,['15 to 19'],3.0
540,2016-07-09 08:00:00,930,2016,CHURCH ST,BLOOR ST E,Major Arterial,Toronto and East York,43.671034,-79.383151,630344.6262,4836605.5329,Intersection Related,Traffic Signal,Clear,Daylight,Dry,167,Church-Wellesley,75,Church-Yonge Corridor (75),Non-Fatal Injury,0,0,1,0,0,0,0,1,0,1,0,0,0,Turning Movement,"['Driver', 'Passenger']",North,"['Automobile, Station Wagon']","['Turning Left', 'Going Ahead']","['Failed to Yield Right of Way', 'Driving Properly']",['Normal'],['Not Applicable'],['Not Applicable'],['Not Applicable'],['Not Applicable'],['Not Applicable'],False,"['60 to 64', '40 to 44', '35 to 39']",3.0
541,2016-07-10 08:00:00,2024,2016,WARDEN AVE,FINCH AVE E,Major Arterial,Scarborough,43.796702,-79.315723,635496.7733,4850670.9836,Non Intersection,Traffic Signal,Clear,Daylight,Dry,148,East L'Amoreaux,117,L'Amoreaux (117),Non-Fatal Injury,0,0,1,1,0,0,0,0,0,1,0,0,0,Turning Movement,"['Driver', 'Motorcycle Driver']",North,"['Automobile, Station Wagon', 'Motorcycle']","['Turning Left', 'Going Ahead']","['Failed to Yield Right of Way', 'Driving Properly']",['Normal'],['Not Applicable'],['Not Applicable'],['Not Applicable'],['Not Applicable'],['Not Applicable'],False,['40 to 44'],3.0
542,2016-07-10 08:00:00,2240,2016,LAKE SHORE BLVD W,MARINE PARADE DR,Major Arterial,Etobicoke York,43.622859,-79.481197,622538.3484,4831105.6947,At Intersection,Traffic Signal,Clear,"Dark, artificial",Dry,161,Humber Bay Shores,17,Mimico (includes Humber Bay Shores) (17),Non-Fatal Injury,1,0,1,0,0,0,0,0,0,0,0,0,0,Pedestrian Collisions,"['Driver', 'Pedestrian']",East,"['Automobile, Station Wagon']",['Going Ahead'],['Driving Properly'],['Normal'],['Crossing without right of way'],['Had Been Drinking'],['Not Applicable'],['Not Applicable'],['Not Applicable'],False,"['60 to 64', 'unknown']",3.0
543,2016-07-11 08:00:00,27,2016,429 DUNDAS ST E,Not Applicable,Major Arterial,Toronto and East York,43.659266,-79.366695,631696.996,4835324.5279,Intersection Related,No Control,Clear,"Dark, artificial",Dry,73,Moss Park,73,Moss Park (73),Non-Fatal Injury,0,1,1,0,0,0,0,1,0,0,0,0,0,Cyclist Collisions,"['Cyclist', 'Driver', 'Passenger']",East,"['Bicycle', 'Automobile, Station Wagon']",['Going Ahead'],['Driving Properly'],['Normal'],['Not Applicable'],['Not Applicable'],['Cyclist and Driver travelling in same direction. One vehicle sideswipes the other.'],['Other'],['Had Been Drinking'],False,"['25 to 29', '20 to 24']",3.0
544,2016-07-12 08:00:00,910,2016,AVENUE RD,CHAPLIN CRES,Major Arterial,Toronto and East York,43.698767,-79.406146,628431.6363,4839649.7863,Non Intersection,Traffic Signal,Clear,Daylight,Dry,100,Yonge-Eglinton,100,Yonge-Eglinton (100),Non-Fatal Injury,0,1,1,0,0,0,0,0,0,0,0,0,0,Cyclist Collisions,"['Cyclist', 'Driver']",East,"['Bicycle', 'Automobile, Station Wagon']",['Going Ahead'],['Driving Properly'],['Normal'],['Not Applicable'],['Not Applicable'],"['Cyclist without ROW rides into path of motorist at inter, lnwy, dwy-Cyclist not turn.']",['Disobeyed Traffic Control'],['Inattentive'],False,['50 to 54'],3.0
545,2016-07-12 08:00:00,1235,2016,PAPE AVE,COSBURN AVE,Major Arterial,Toronto and East York,43.689421,-79.348804,633072.9332,4838702.2056,Non Intersection,Traffic Signal,Clear,Daylight,Dry,59,Danforth East York,59,Danforth East York (59),Non-Fatal Injury,0,1,1,0,0,0,0,0,0,0,0,0,0,Cyclist Collisions,"['Cyclist', 'Driver']",North,"['Bicycle', 'Passenger Van']",['Going Ahead'],['Driving Properly'],['Normal'],['Not Applicable'],['Not Applicable'],['Insufficient information (to determine cyclist crash type).'],['Lost control'],['Inattentive'],False,"['15 to 19', '65 to 69']",3.0
546,2016-07-12 08:00:00,1710,2016,BIRMINGHAM ST,ELSINORE PATH,Collector,Etobicoke York,43.602278,-79.510753,620194.7141,4828776.7297,At Intersection,No Control,Clear,Daylight,Dry,18,New Toronto,18,New Toronto (18),Fatal,0,0,1,0,0,0,0,0,0,0,0,0,1,SMV Other,['Driver'],West,"['Automobile, Station Wagon']",['Going Ahead'],['Lost control'],['Medical or Physical Disability'],['Not Applicable'],['Not Applicable'],['Not Applicable'],['Not Applicable'],['Not Applicable'],True,['55 to 59'],4.0
547,2016-07-13 08:00:00,1413,2016,JANE ST,WILLIAM CRAGG DR,Major Arterial,Etobicoke York,43.722354,-79.508968,620099.1213,4842115.3159,Intersection Related,No Control,Clear,Daylight,Dry,154,Oakdale-Beverley Heights,26,Downsview-Roding-CFB (26),Non-Fatal Injury,0,0,1,1,0,0,0,0,0,1,0,0,0,Turning Movement,"['Driver', 'Motorcycle Driver']",North,"['Automobile, Station Wagon', 'Motorcycle']","['Turning Left', 'Going Ahead']","['Failed to Yield Right of Way', 'Driving Properly']",['Normal'],['Not Applicable'],['Not Applicable'],['Not Applicable'],['Not Applicable'],['Not Applicable'],False,"['60 to 64', '20 to 24']",3.0
548,2016-07-13 08:00:00,2035,2016,BAYVIEW AVE,BROADWAY AVE,Major Arterial,North York,43.713843,-79.377612,630698.1403,4841368.7851,At/Near Private Drive,Traffic Signal,Clear,Daylight,Dry,56,Leaside-Bennington,56,Leaside-Bennington (56),Non-Fatal Injury,0,0,1,0,0,0,0,1,0,1,0,0,0,Turning Movement,"['Driver', 'Passenger']",East,"['Automobile, Station Wagon']","['Turning Left', 'Going Ahead']","['Failed to Yield Right of Way', 'Driving Properly']","['Inattentive', 'Normal']",['Not Applicable'],['Not Applicable'],['Not Applicable'],['Not Applicable'],['Not Applicable'],False,"['50 to 54', '65 to 69']",3.0
549,2016-07-13 08:00:00,2205,2016,UNIVERSITY AVE,GERRARD ST W,Major Arterial,Toronto and East York,43.657519,-79.389476,629863.8603,4835094.5927,Non Intersection,Traffic Signal,Clear,"Dark, artificial",Dry,170,Yonge-Bay Corridor,76,Bay Street Corridor (76),Non-Fatal Injury,0,0,1,1,0,0,0,0,0,1,0,0,0,Turning Movement,"['Driver', 'Motorcycle Driver']",North,"['Automobile, Station Wagon', 'Motorcycle']","['Turning Left', 'Going Ahead']","['Failed to Yield Right of Way', 'Driving Properly']","['Inattentive', 'Normal']",['Not Applicable'],['Not Applicable'],['Not Applicable'],['Not Applicable'],['Not Applicable'],False,['45 to 49'],3.0
550,2016-07-15 08:00:00,630,2016,BAMBURGH CRCL,MONTAGUE PL,Collector,Scarborough,43.811843,-79.322467,634920.1353,4852341.615,At Intersection,No Control,Clear,Daylight,Dry,116,Steeles,116,Steeles (116),Non-Fatal Injury,1,0,1,0,0,0,0,0,0,0,0,0,0,Pedestrian Collisions,"['Driver', 'Pedestrian']",East,"['Automobile, Station Wagon']",['Going Ahead'],['Driving Properly'],['Normal'],['Crossing without right of way'],['Normal'],['Not Applicable'],['Not Applicable'],['Not Applicable'],False,"['45 to 49', '90 to 94']",3.0
551,2016-07-16 08:00:00,1821,2016,MARKHAM RD,LAWRENCE AVE E,Major Arterial,Scarborough,43.75981,-79.225314,642857.9185,4846725.5382,Non Intersection,No Control,Clear,Daylight,Dry,141,Golfdale-Cedarbrae-Woburn,137,Woburn (137),Non-Fatal Injury,1,0,1,0,0,0,0,0,0,0,0,0,0,Pedestrian Collisions,"['Driver', 'Pedestrian']",Unknown,['Passenger Van'],['Turning Right'],['Driving Properly'],['Normal'],"['Crossing, no Traffic Control']",['Inattentive'],['Not Applicable'],['Not Applicable'],['Not Applicable'],False,"['45 to 49', '60 to 64']",3.0
552,2016-07-16 08:00:00,2111,2016,STEELES AVE E,BESTVIEW DR,Major Arterial,North York,43.806021,-79.38335,630036.0428,4851597.5101,Intersection Related,No Control,Clear,"Dusk, artificial",Dry,49,Bayview Woods-Steeles,49,Bayview Woods-Steeles (49),Non-Fatal Injury,0,0,1,0,0,0,0,1,0,1,0,0,0,Turning Movement,"['Driver', 'Passenger']",East,"['Automobile, Station Wagon']","['Turning Left', 'Going Ahead']","['Failed to Yield Right of Way', 'Driving Properly']",['Normal'],['Not Applicable'],['Not Applicable'],['Not Applicable'],['Not Applicable'],['Not Applicable'],False,"['75 to 79', '60 to 64', '55 to 59']",3.0
553,2016-07-19 08:00:00,1850,2016,RICHMOND ST W,PORTLAND ST,Major Arterial,Toronto and East York,43.646899,-79.401088,628950.249,4833896.9938,At/Near Private Drive,No Control,Clear,Daylight,Dry,164,Wellington Place,77,Waterfront Communities-The Island (77),Non-Fatal Injury,0,1,1,0,0,0,0,0,0,1,0,0,0,Cyclist Collisions,"['Driver', 'Cyclist']",West,"['Automobile, Station Wagon', 'Bicycle']","['Turning Right', 'Going Ahead']",['Failed to Yield Right of Way'],['Inattentive'],['Not Applicable'],['Not Applicable'],"['Motorist turns right at non-signal Inter.(stop, yield, no cont.,and dwy) and strikes cyclist.']",['Driving Properly'],['Normal'],False,"['50 to 54', '25 to 29']",3.0
554,2016-07-21 08:00:00,2127,2016,THE EAST MALL,RATHBURN RD,Minor Arterial,Etobicoke York,43.653208,-79.563464,615842.5883,4834358.2034,Non Intersection,No Control,Clear,"Dark, artificial",Dry,158,Islington,14,Islington-City Centre West (14),Non-Fatal Injury,0,1,1,0,0,0,0,1,0,0,0,0,0,Cyclist Collisions,"['Driver', 'Cyclist', 'Passenger']",South,"['Passenger Van', 'Bicycle']","['Reversing', 'Going Ahead']",['Other'],['Normal'],['Not Applicable'],['Not Applicable'],['Motorist reversing struck cyclist.'],['Driving Properly'],['Other'],False,"['65 to 69', '20 to 24', '35 to 39']",3.0
555,2016-07-21 08:00:00,2247,2016,JARVIS ST,DUNDAS ST E,Major Arterial,Toronto and East York,43.656993,-79.37453,631070.1814,4835059.6745,Intersection Related,No Control,Clear,"Dusk, artificial",Dry,73,Moss Park,73,Moss Park (73),Non-Fatal Injury,1,0,1,0,0,0,0,0,0,0,0,0,0,Pedestrian Collisions,"['Driver', 'Pedestrian']",East,"['Automobile, Station Wagon']",['Going Ahead'],['Driving Properly'],['Normal'],"['Crossing, no Traffic Control']",['Normal'],['Not Applicable'],['Not Applicable'],['Not Applicable'],False,"['85 to 89', '60 to 64']",3.0
556,2016-07-22 08:00:00,630,2016,LAWRENCE AVE W,WESTON RD,Major Arterial,Etobicoke York,43.700087,-79.516155,619564.4888,4839631.8669,At Intersection,Traffic Signal,Clear,"Dawn, artificial",Dry,113,Weston,113,Weston (113),Non-Fatal Injury,0,0,1,1,0,0,0,0,0,1,0,0,0,Turning Movement,"['Driver', 'Motorcycle Driver']",East,"['Automobile, Station Wagon', 'Motorcycle']","['Turning Left', 'Going Ahead']","['Failed to Yield Right of Way', 'Driving Properly']","['Inattentive', 'Normal']",['Not Applicable'],['Not Applicable'],['Not Applicable'],['Not Applicable'],['Not Applicable'],False,"['55 to 59', '35 to 39']",3.0
557,2016-07-22 08:00:00,1223,2016,ST CLAIR AVE W,WESTON RD,Major Arterial,Etobicoke York,43.672461,-79.467586,623534.7843,4836634.812,At Intersection,Traffic Signal,Clear,Daylight,Dry,90,Junction Area,90,Junction Area (90),Non-Fatal Injury,1,0,1,0,0,0,0,0,0,1,0,0,0,Pedestrian Collisions,"['Driver', 'Pedestrian']",Unknown,"['Automobile, Station Wagon']","['Turning Left', 'Going Ahead']","['Failed to Yield Right of Way', 'Driving Properly']","['Inattentive', 'Normal']",['On Sidewalk or Shoulder'],['Normal'],['Not Applicable'],['Not Applicable'],['Not Applicable'],False,"['25 to 29', '40 to 44', '35 to 39', '55 to 59']",3.0
558,2016-07-22 08:00:00,1702,2016,TRETHEWEY DR,PLATINUM DR,Minor Arterial,Etobicoke York,43.697261,-79.498981,620954.0197,4839342.9103,At Intersection,Stop Sign,Clear,Daylight,Dry,30,Brookhaven-Amesbury,30,Brookhaven-Amesbury (30),Non-Fatal Injury,0,0,1,1,0,0,0,0,1,1,0,0,0,Angle,"['Driver', 'Motorcycle Driver']",East,"['Automobile, Station Wagon', 'Motorcycle']",['Going Ahead'],"['Failed to Yield Right of Way', 'Speed too Fast For Condition']","['Inattentive', 'Normal']",['Not Applicable'],['Not Applicable'],['Not Applicable'],['Not Applicable'],['Not Applicable'],False,"['50 to 54', '40 to 44']",3.0
559,2016-07-22 08:00:00,1948,2016,ROYAL YORK RD,STRATH HUMBER CRT,Minor Arterial,Etobicoke York,43.661376,-79.517581,619526.4269,4835330.4393,At Intersection,No Control,Clear,Daylight,Dry,9,Edenbridge-Humber Valley,9,Edenbridge-Humber Valley (9),Fatal,0,0,1,1,0,0,0,1,1,1,0,0,0,Turning Movement,"['Motorcycle Driver', 'Driver', 'Passenger']",North,"['Motorcycle', 'Automobile, Station Wagon']","['Going Ahead', 'Turning Left']","['Exceeding Speed Limit', 'Failed to Yield Right of Way']",['Normal'],['Not Applicable'],['Not Applicable'],['Not Applicable'],['Not Applicable'],['Not Applicable'],True,"['30 to 34', '15 to 19', '20 to 24']",4.0
560,2016-07-24 08:00:00,1349,2016,VICTORIA PARK AVE,HIGHWAY 401 C  W,Major Arterial,North York,43.768347,-79.319797,635232.9438,4847515.0554,Non Intersection,No Control,Clear,Daylight,Dry,150,Fenside-Parkwoods,45,Parkwoods-Donalda (45),Non-Fatal Injury,0,1,0,1,0,0,0,0,0,0,0,0,0,Cyclist Collisions,"['Cyclist', 'Motorcycle Driver']",East,"['Bicycle', 'Motorcycle']","['Merging', 'Going Ahead']",['Lost control'],['Normal'],['Not Applicable'],['Not Applicable'],"['Cyclist without ROW rides into path of motorist at inter, lnwy, dwy-Cyclist not turn.']",['Failed to Yield Right of Way'],['Unknown'],False,"['25 to 29', '55 to 59']",3.0
561,2016-07-24 08:00:00,2030,2016,DANFORTH AVE,BIRCHMOUNT RD,Minor Arterial,Scarborough,43.697486,-79.262462,640012.7064,4839740.1223,Non Intersection,No Control,Clear,Dusk,Dry,122,Birchcliffe-Cliffside,122,Birchcliffe-Cliffside (122),Non-Fatal Injury,0,0,1,0,0,0,0,1,1,1,0,0,0,Other,"['Driver', 'Passenger']",West,"['Automobile, Station Wagon']",['Going Ahead'],['Exceeding Speed Limit'],['Had Been Drinking'],['Not Applicable'],['Not Applicable'],['Not Applicable'],['Not Applicable'],['Not Applicable'],False,['20 to 24'],3.0
562,2016-07-25 08:00:00,2359,2016,KENNEDY RD,MERRIAN RD,Major Arterial,Scarborough,43.727336,-79.26588,639667.9165,4843049.6321,At Intersection,Traffic Signal,Clear,"Dark, artificial",Dry,124,Kennedy Park,124,Kennedy Park (124),Non-Fatal Injury,0,1,0,0,0,0,1,0,0,0,0,0,0,Cyclist Collisions,"['Cyclist', 'Driver']",North,"['Bicycle', 'Police Vehicle']",['Going Ahead'],['Driving Properly'],['Normal'],['Not Applicable'],['Not Applicable'],"['Cyclist without ROW rides into path of motorist at inter, lnwy, dwy-Cyclist not turn.']",['Disobeyed Traffic Control'],['Inattentive'],False,['35 to 39'],3.0
563,2016-07-26 08:00:00,836,2016,WILSON HEIGHTS BLVD,CODSELL AVE,Collector,North York,43.754176,-79.458949,624062.3312,4845723.3098,At Intersection,Stop Sign,Clear,Daylight,Dry,34,Bathurst Manor,34,Bathurst Manor (34),Non-Fatal Injury,0,0,1,1,0,0,0,0,0,1,0,0,0,Turning Movement,"['Driver', 'Motorcycle Driver']",North,"['Automobile, Station Wagon', 'Motorcycle']","['Turning Left', 'Going Ahead']","['Failed to Yield Right of Way', 'Driving Properly']",['Unknown'],['Not Applicable'],['Not Applicable'],['Not Applicable'],['Not Applicable'],['Not Applicable'],False,"['30 to 34', '25 to 29']",3.0