accident_number,date,time,year,street1,street2,road_class,district,latitude,longitude,x,y,accident_location,traffctl,visibility,light,road_surface_condition,hood_158,neighbourhood_new,hood_140,neighbourhood_old,accident_class,pedestrian,cyclist,automobile,motorcycle,truck,trsn_city_veh,emerg_veh,passenger,speeding,aggressive_driving,redlight,alcohol,disability,impact_type,involvement_type,initial_direction,vehicle_type,manoeuver,driver_action,driver_condition,pedestrian_action,pedestrian_condition,cyclist_type,cyclist_action,cyclist_condition,injury,involvement_age,injury_severity_score
564,2016-07-28 08:00:00,1450,2016,PARLIAMENT ST,SHUTER ST,Minor Arterial,Toronto and East York,43.656932,-79.364993,631839.3416,4835068.0092,At Intersection,Traffic Signal,Clear,Daylight,Dry,72,Regent Park,72,Regent Park (72),Fatal,1,0,0,0,1,0,0,0,0,0,0,0,0,Pedestrian Collisions,"['Pedestrian', 'Truck Driver']",North,['Truck - Dump'],['Going Ahead'],['Driving Properly'],['Normal'],['Crossing without right of way'],['Normal'],['Not Applicable'],['Not Applicable'],['Not Applicable'],True,"['80 to 84', '45 to 49']",4.0
565,2016-07-29 08:00:00,1645,2016,JANE ST,SHOREHAM DR,Major Arterial,Etobicoke York,43.769675,-79.52058,619069.9384,4847354.2379,Non Intersection,No Control,Clear,Daylight,Dry,24,Black Creek,24,Black Creek (24),Non-Fatal Injury,0,1,1,0,0,0,0,0,0,0,0,0,0,Cyclist Collisions,"['Cyclist', 'Driver']",East,"['Bicycle', 'Automobile, Station Wagon']",['Going Ahead'],['Driving Properly'],['Normal'],['Not Applicable'],['Not Applicable'],"['Cyclist without ROW rides into path of motorist at inter, lnwy, dwy-Cyclist not turn.']",['Failed to Yield Right of Way'],['Inattentive'],False,"['30 to 34', '50 to 54']",3.0
566,2016-07-29 08:00:00,1825,2016,KINGSTON RD,GUILDCREST DR,Major Arterial,Scarborough,43.747851,-79.207637,644309.636,4845427.9526,At Intersection,No Control,Clear,Daylight,Dry,140,Guildwood,140,Guildwood (140),Fatal,1,0,1,0,0,1,0,0,1,1,0,0,0,Pedestrian Collisions,"['Driver', 'Pedestrian']",East,"['Automobile, Station Wagon', 'Municipal Transit Bus (TTC)']",['Going Ahead'],"['Failed to Yield Right of Way', 'Driving Properly']","['Normal', 'Unknown']",['Crossing with right of way'],['Unknown'],['Not Applicable'],['Not Applicable'],['Not Applicable'],True,"['25 to 29', '30 to 34', '60 to 64']",4.0
567,2016-07-30 08:00:00,2248,2016,PARK LAWN RD,THE QUEENSWAY,Major Arterial,Etobicoke York,43.628977,-79.490321,621789.8541,4831771.7491,At Intersection,Traffic Signal,Clear,"Dark, artificial",Dry,16,Stonegate-Queensway,16,Stonegate-Queensway (16),Non-Fatal Injury,0,0,1,0,0,0,0,1,0,1,0,0,0,SMV Other,"['Driver', 'Passenger']",North,"['Automobile, Station Wagon']",['Turning Right'],['Failed to Yield Right of Way'],['Unknown'],['Not Applicable'],['Not Applicable'],['Not Applicable'],['Not Applicable'],['Not Applicable'],False,['15 to 19'],3.0
568,2016-07-31 08:00:00,1355,2016,MORNINGSIDE AVE,ELLESMERE RD,Major Arterial,Scarborough,43.782973,-79.192378,645453.054,4849355.4989,Non Intersection,No Control,Rain,Daylight,Wet,135,Morningside,135,Morningside (135),Non-Fatal Injury,0,0,1,0,0,0,0,1,0,1,0,0,0,Turning Movement,"['Driver', 'Passenger']",North,"['Automobile, Station Wagon']","['Making U Turn', 'Going Ahead']","['Disobeyed Traffic Control', 'Driving Properly']","['Inattentive', 'Normal']",['Not Applicable'],['Not Applicable'],['Not Applicable'],['Not Applicable'],['Not Applicable'],False,"['60 to 64', '25 to 29']",3.0
569,2016-08-01 08:00:00,156,2016,MORNINGSIDE AVE,HALFWAY AVE,Minor Arterial,Scarborough,43.817847,-79.213687,643654.7617,4853191.6,At Intersection,No Control,Clear,"Dark, artificial",Dry,146,Malvern East,132,Malvern (132),Non-Fatal Injury,0,0,1,0,0,1,0,1,0,1,0,0,0,Rear End,"['Driver', 'Passenger']",West,"['Automobile, Station Wagon', 'Municipal Transit Bus (TTC)']","['Going Ahead', 'Stopped']","['Following too Close', 'Driving Properly']",['Normal'],['Not Applicable'],['Not Applicable'],['Not Applicable'],['Not Applicable'],['Not Applicable'],False,"['20 to 24', '45 to 49', '15 to 19']",3.0
570,2016-08-02 08:00:00,1745,2016,FRONT ST E,YONGE ST,Major Arterial,Toronto and East York,43.646811,-79.376933,630898.5313,4833925.0363,Intersection Related,Traffic Signal,Clear,Daylight,Dry,166,St Lawrence-East Bayfront-The Islands,77,Waterfront Communities-The Island (77),Non-Fatal Injury,0,0,1,1,0,0,0,0,0,1,0,0,0,Rear End,"['Driver', 'Motorcycle Driver']",East,"['Automobile, Station Wagon', 'Motorcycle']","['Stopped', 'Going Ahead']","['Following too Close', 'Driving Properly']",['Normal'],['Not Applicable'],['Not Applicable'],['Not Applicable'],['Not Applicable'],['Not Applicable'],False,"['55 to 59', '15 to 19']",3.0
571,2016-08-02 08:00:00,2112,2016,BLUE JAYS WAY,NAVY WHARF CRT,Minor Arterial,Toronto and East York,43.64157,-79.391864,629705.6289,4833319.513,At Intersection,Stop Sign,Clear,"Dark, artificial",Dry,165,Harbourfront-CityPlace,77,Waterfront Communities-The Island (77),Non-Fatal Injury,1,0,1,0,0,0,0,1,0,1,0,0,0,Pedestrian Collisions,"['Driver', 'Passenger', 'Pedestrian']",South,['Passenger Van'],['Turning Left'],['Failed to Yield Right of Way'],['Normal'],['Crossing with right of way'],['Normal'],['Not Applicable'],['Not Applicable'],['Not Applicable'],False,"['55 to 59', '35 to 39', '25 to 29']",3.0
572,2016-08-03 08:00:00,1154,2016,STEELES AVE W,HILDA AVE,Major Arterial,North York,43.795935,-79.429225,626367.2944,4850406.234,At Intersection,Traffic Signal,Clear,Daylight,Dry,36,Newtonbrook West,36,Newtonbrook West (36),Non-Fatal Injury,0,0,1,0,0,0,0,0,0,1,0,0,0,Turning Movement,['Driver'],East,"['Automobile, Station Wagon']","['Turning Left', 'Going Ahead']","['Failed to Yield Right of Way', 'Driving Properly']","['Inattentive', 'Normal']",['Not Applicable'],['Not Applicable'],['Not Applicable'],['Not Applicable'],['Not Applicable'],False,"['25 to 29', '60 to 64']",3.0
573,2016-08-03 08:00:00,1822,2016,ELLESMERE RD,HELICON GT,Major Arterial,Scarborough,43.778483,-79.222179,643065.7517,4848804.88,At Intersection,Traffic Signal,Clear,Daylight,Dry,135,Morningside,135,Morningside (135),Non-Fatal Injury,0,0,1,0,0,0,0,0,0,1,1,0,0,Turning Movement,['Driver'],South,"['Automobile, Station Wagon']","['Going Ahead', 'Turning Left']","['Disobeyed Traffic Control', 'Driving Properly']","['Inattentive', 'Normal']",['Not Applicable'],['Not Applicable'],['Not Applicable'],['Not Applicable'],['Not Applicable'],False,"['60 to 64', '55 to 59']",3.0
574,2016-08-03 08:00:00,1858,2016,DUFFERIN ST,WATERLOO AVE,Local,North York,43.754481,-79.463718,623677.7713,4845750.0526,At Intersection,Stop Sign,Clear,Daylight,Dry,34,Bathurst Manor,34,Bathurst Manor (34),Non-Fatal Injury,0,0,1,1,0,0,0,0,0,1,0,0,0,Turning Movement,"['Motorcycle Driver', 'Driver']",South,"['Motorcycle', 'Automobile, Station Wagon']","['Going Ahead', 'Turning Left']","['Improper Passing', 'Driving Properly']",['Normal'],['Not Applicable'],['Not Applicable'],['Not Applicable'],['Not Applicable'],['Not Applicable'],False,"['40 to 44', '25 to 29']",3.0
575,2016-08-05 08:00:00,1225,2016,FINCH AVE W,TALBOT RD,Major Arterial,North York,43.778243,-79.422359,626957.1115,4848451.7697,Non Intersection,No Control,Clear,Daylight,Dry,37,Willowdale West,37,Willowdale West (37),Fatal,1,0,1,0,0,0,0,0,0,0,0,0,0,Pedestrian Collisions,"['Pedestrian', 'Driver']",North,"['Automobile, Station Wagon']",['Going Ahead'],['Driving Properly'],['Normal'],"['Crossing, no Traffic Control']",['Inattentive'],['Not Applicable'],['Not Applicable'],['Not Applicable'],True,"['80 to 84', '45 to 49']",4.0
576,2016-08-05 08:00:00,1829,2016,REXDALE BLVD,HUMBERWOOD BLVD,Major Arterial,Etobicoke York,43.720599,-79.611308,611859.0841,4841777.1892,Non Intersection,No Control,Clear,Daylight,Dry,1,West Humber-Clairville,1,West Humber-Clairville (1),Fatal,0,0,0,1,1,0,0,0,1,1,0,0,0,Approaching,"['Truck Driver', 'Motorcycle Driver']",East,"['Truck-Tractor', 'Motorcycle']",['Going Ahead'],"['Driving Properly', 'Lost control']","['Normal', 'Unknown']",['Not Applicable'],['Not Applicable'],['Not Applicable'],['Not Applicable'],['Not Applicable'],True,"['45 to 49', '25 to 29']",4.0
577,2016-08-06 08:00:00,2029,2016,LAKE SHORE BLVD E,DON ROADWAY,Major Arterial,Toronto and East York,43.65082,-79.346919,633310.2842,4834418.0678,At Intersection,Traffic Signal,Clear,Daylight,Dry,70,South Riverdale,70,South Riverdale (70),Non-Fatal Injury,0,0,1,0,0,0,0,1,0,0,0,0,0,Turning Movement,"['Driver', 'Passenger']",East,"['Automobile, Station Wagon']","['Turning Left', 'Going Ahead']","['Improper Turn', 'Driving Properly']","['Inattentive', 'Normal']",['Not Applicable'],['Not Applicable'],['Not Applicable'],['Not Applicable'],['Not Applicable'],False,"['50 to 54', '45 to 49', '40 to 44', '35 to 39', '5 to 9']",3.0
578,2016-08-09 08:00:00,1228,2016,KEELE ST,HIRONS ST,Major Arterial,Etobicoke York,43.669467,-79.466281,623646.135,4836304.2328,At Intersection,Stop Sign,Clear,Daylight,Dry,90,Junction Area,90,Junction Area (90),Non-Fatal Injury,0,0,1,1,0,0,0,0,1,1,0,0,0,Turning Movement,"['Motorcycle Driver', 'Driver']",East,"['Motorcycle', 'Automobile, Station Wagon']","['Going Ahead', 'Turning Left']","['Exceeding Speed Limit', 'Driving Properly']","['Inattentive', 'Normal']",['Not Applicable'],['Not Applicable'],['Not Applicable'],['Not Applicable'],['Not Applicable'],False,"['30 to 34', '55 to 59']",3.0
579,2016-08-10 08:00:00,329,2016,DANFORTH RD,THICKETWOOD DR      (431),Major Arterial,Scarborough,43.744784,-79.244685,641333.9492,4845023.4374,Intersection Related,Stop Sign,Clear,"Daylight, artificial",Wet,138,Eglinton East,138,Eglinton East (138),Non-Fatal Injury,1,0,0,0,0,0,0,0,0,0,0,0,0,Angle,"['Driver', 'Pedestrian']",Unknown,[],['Going Ahead'],['Driving Properly'],['Unknown'],['Crossing without right of way'],['Inattentive'],['Not Applicable'],['Not Applicable'],['Not Applicable'],False,"['unknown', '15 to 19']",3.0
580,2016-08-10 08:00:00,1603,2016,MARCELLA ST,ANGORA ST,Local,Scarborough,43.759055,-79.21384,643783.3677,4846661.5411,At Intersection,Stop Sign,Clear,Daylight,Dry,141,Golfdale-Cedarbrae-Woburn,137,Woburn (137),Non-Fatal Injury,0,0,1,0,0,0,0,1,0,1,0,0,0,Angle,"['Driver', 'Passenger']",North,"['Automobile, Station Wagon']",['Going Ahead'],"['Failed to Yield Right of Way', 'Driving Properly']","['Inattentive', 'Normal']",['Not Applicable'],['Not Applicable'],['Not Applicable'],['Not Applicable'],['Not Applicable'],False,"['60 to 64', '15 to 19', '25 to 29']",3.0
581,2016-08-11 08:00:00,1603,2016,WESTHUMBER BLVD,KIPLING AVE,Major Arterial,Etobicoke York,43.728068,-79.574611,614800.7788,4842656.9069,At Intersection,Traffic Signal,Clear,Daylight,Dry,4,Rexdale-Kipling,4,Rexdale-Kipling (4),Non-Fatal Injury,1,0,1,0,0,0,0,1,1,1,0,0,0,Pedestrian Collisions,"['Driver', 'Passenger', 'Pedestrian']",Unknown,"['Automobile, Station Wagon']","['Turning Left', 'Going Ahead']","['Failed to Yield Right of Way', 'Speed too Fast For Condition']",['Normal'],['On Sidewalk or Shoulder'],['Normal'],['Not Applicable'],['Not Applicable'],['Not Applicable'],False,"['45 to 49', '20 to 24', '5 to 9', '25 to 29']",3.0
582,2016-08-13 08:00:00,2223,2016,LAKE SHORE BLVD W,LONG BRANCH AVE,Major Arterial,Etobicoke York,43.594142,-79.53458,618287.5996,4827838.9275,Non Intersection,No Control,Clear,"Dark, artificial",Wet,19,Long Branch,19,Long Branch (19),Non-Fatal Injury,0,0,0,1,0,0,0,0,0,0,0,0,0,SMV Other,['Motorcycle Driver'],East,['Motorcycle'],['Going Ahead'],['Lost control'],['Inattentive'],['Not Applicable'],['Not Applicable'],['Not Applicable'],['Not Applicable'],['Not Applicable'],False,['25 to 29'],3.0
583,2016-08-14 08:00:00,250,2016,STEELES AVE E,REESOR RD,Minor Arterial,Scarborough,43.84878,-79.197955,644845.0792,4856654.6702,Non Intersection,No Control,Clear,Dark,Dry,144,Morningside Heights,131,Rouge (131),Fatal,0,0,1,0,0,0,0,1,1,1,0,0,0,Approaching,"['Driver', 'Passenger']",West,"['Automobile, Station Wagon', 'Pick Up Truck']","['Going Ahead', 'Overtaking']","['Driving Properly', 'Improper Passing']","['Normal', 'Had Been Drinking']",['Not Applicable'],['Not Applicable'],['Not Applicable'],['Not Applicable'],['Not Applicable'],True,"['20 to 24', '30 to 34', '55 to 59']",4.0
584,2016-08-16 08:00:00,917,2016,WELLESLEY ST E,PARLIAMENT ST,Minor Arterial,Toronto and East York,43.668101,-79.369525,631449.5201,4836301.2848,At Intersection,Traffic Signal,Rain,Daylight,Wet,71,Cabbagetown-South St.James Town,71,Cabbagetown-South St.James Town (71),Non-Fatal Injury,1,0,1,0,0,0,0,0,0,1,0,0,0,Pedestrian Collisions,"['Driver', 'Pedestrian']",East,"['Automobile, Station Wagon']",['Turning Left'],['Failed to Yield Right of Way'],['Inattentive'],['Crossing with right of way'],['Normal'],['Not Applicable'],['Not Applicable'],['Not Applicable'],False,"['20 to 24', '65 to 69']",3.0
585,2016-08-16 08:00:00,2325,2016,THE WEST MALL,THE QUEENSWAY,Major Arterial,Etobicoke York,43.6123,-79.562633,615988.2657,4829816.0256,At Intersection,Traffic Signal,Clear,"Dark, artificial",Dry,159,Etobicoke City Centre,14,Islington-City Centre West (14),Non-Fatal Injury,0,1,0,0,1,0,0,0,0,0,0,0,0,Cyclist Collisions,"['Cyclist', 'Truck Driver']",North,"['Bicycle', 'Truck-Tractor']","['Going Ahead', 'Turning Right']",['Driving Properly'],['Normal'],['Not Applicable'],['Not Applicable'],"['Cyclist without ROW rides into path of motorist at inter, lnwy, dwy-Cyclist not turn.']",['Other'],['Unknown'],False,"['30 to 34', '50 to 54']",3.0
586,2016-08-17 08:00:00,1606,2016,KEELE ST,MURRAY ROSS PKWY,Major Arterial,Etobicoke York,43.768675,-79.492366,621342.7591,4847284.1294,Non Intersection,No Control,Clear,Daylight,Dry,27,York University Heights,27,York University Heights (27),Non-Fatal Injury,0,0,1,0,0,0,0,1,1,1,0,0,1,Approaching,"['Driver', 'Passenger']",South,"['Automobile, Station Wagon']",['Going Ahead'],"['Lost control', 'Driving Properly']","['Medical or Physical Disability', 'Normal']",['Not Applicable'],['Not Applicable'],['Not Applicable'],['Not Applicable'],['Not Applicable'],False,"['55 to 59', '40 to 44', '35 to 39', '15 to 19', '5 to 9', '30 to 34']",3.0
587,2016-08-19 08:00:00,904,2016,FINCH AVE E,SKYMARK DR,Major Arterial,North York,43.793151,-79.352275,632564.0594,4850217.3952,Intersection Related,Traffic Signal,Clear,Daylight,Dry,47,Don Valley Village,47,Don Valley Village (47),Fatal,1,0,1,0,0,0,0,1,0,0,0,0,0,Pedestrian Collisions,"['Pedestrian', 'Driver', 'Passenger']",North,['Pick Up Truck'],['Turning Left'],['Driving Properly'],['Normal'],"['Crossing, no Traffic Control']",['Other'],['Not Applicable'],['Not Applicable'],['Not Applicable'],True,"['80 to 84', '65 to 69', '10 to 14']",4.0
588,2016-08-19 08:00:00,1853,2016,KIPLING AVE,DIXON RD,Major Arterial,Etobicoke York,43.694178,-79.558605,616155.3573,4838915.2529,At Intersection,Traffic Signal,Clear,Daylight,Dry,6,Kingsview Village-The Westway,6,Kingsview Village-The Westway (6),Non-Fatal Injury,1,0,1,0,0,0,0,0,0,0,0,0,0,Pedestrian Collisions,"['Driver', 'Pedestrian']",North,"['Automobile, Station Wagon']",['Going Ahead'],['Driving Properly'],['Normal'],['Crossing without right of way'],['Inattentive'],['Not Applicable'],['Not Applicable'],['Not Applicable'],False,"['40 to 44', '30 to 34']",3.0
589,2016-08-19 08:00:00,1948,2016,CONLINS RD,MILNER AVE,Collector,Scarborough,43.799857,-79.188243,645744.7378,4851238.0137,Non Intersection,No Control,Clear,Daylight,Dry,144,Morningside Heights,131,Rouge (131),Non-Fatal Injury,0,0,1,1,0,0,0,0,1,1,0,0,0,Sideswipe,"['Motorcycle Driver', 'Driver']",North,"['Motorcycle', 'Pick Up Truck']","['Overtaking', 'Going Ahead']","['Improper Passing', 'Driving Properly']","['Inattentive', 'Normal']",['Not Applicable'],['Not Applicable'],['Not Applicable'],['Not Applicable'],['Not Applicable'],False,"['20 to 24', '60 to 64']",3.0
590,2016-08-20 08:00:00,1323,2016,SHEPPARD AVE W,JANE ST,Major Arterial,Etobicoke York,43.739318,-79.513179,619726.1272,4843993.3162,At Intersection,Traffic Signal,Clear,Daylight,Dry,25,Glenfield-Jane Heights,25,Glenfield-Jane Heights (25),Non-Fatal Injury,0,0,1,0,1,0,0,0,1,1,0,0,0,Approaching,"['Driver', 'Truck Driver']",East,"['Automobile, Station Wagon', 'Truck (other)']",['Going Ahead'],"['Exceeding Speed Limit', 'Driving Properly']","['Inattentive', 'Normal']",['Not Applicable'],['Not Applicable'],['Not Applicable'],['Not Applicable'],['Not Applicable'],False,"['80 to 84', '60 to 64', '20 to 24', '45 to 49']",3.0
591,2016-08-21 08:00:00,634,2016,FINCH AVE E,TRUDY RD,Major Arterial,North York,43.790763,-79.363033,631703.7855,4849934.996,Intersection Related,No Control,Clear,Daylight,Dry,47,Don Valley Village,47,Don Valley Village (47),Non-Fatal Injury,0,0,1,0,0,0,0,0,1,1,0,0,0,SMV Other,['Driver'],West,"['Automobile, Station Wagon']",['Unknown'],['Lost control'],['Had Been Drinking'],['Not Applicable'],['Not Applicable'],['Not Applicable'],['Not Applicable'],['Not Applicable'],False,['20 to 24'],3.0
592,2016-08-21 08:00:00,1617,2016,ALBION RD,HIGHWAY 27  N,Major Arterial,Etobicoke York,43.744208,-79.607509,612121.0331,4844404.4348,At Intersection,Traffic Signal,Clear,Daylight,Dry,1,West Humber-Clairville,1,West Humber-Clairville (1),Non-Fatal Injury,0,0,1,0,0,0,0,1,0,0,0,0,0,Turning Movement,"['Driver', 'Passenger']",East,"['Automobile, Station Wagon']","['Turning Left', 'Going Ahead']","['Improper Turn', 'Driving Properly']","['Inattentive', 'Normal']",['Not Applicable'],['Not Applicable'],['Not Applicable'],['Not Applicable'],['Not Applicable'],False,"['35 to 39', '40 to 44']",3.0
593,2016-08-22 08:00:00,1312,2016,DUFFERIN ST,DUNDAS ST W,Minor Arterial,Toronto and East York,43.649577,-79.431415,626498.7684,4834147.745,At Intersection,Traffic Signal,Clear,Daylight,Dry,84,Little Portugal,84,Little Portugal (84),Non-Fatal Injury,1,0,1,0,0,0,0,0,0,1,0,0,0,Pedestrian Collisions,"['Driver', 'Pedestrian']",North,"['Automobile, Station Wagon']",['Turning Left'],['Failed to Yield Right of Way'],['Normal'],['Crossing with right of way'],['Normal'],['Not Applicable'],['Not Applicable'],['Not Applicable'],False,"['60 to 64', '70 to 74']",3.0
594,2016-08-24 08:00:00,1811,2016,JANE ST,ALLIANCE AVE,Major Arterial,Etobicoke York,43.676676,-79.495929,621241.4196,4837061.1251,Non Intersection,No Control,Clear,Daylight,Dry,111,Rockcliffe-Smythe,111,Rockcliffe-Smythe (111),Non-Fatal Injury,0,0,1,0,0,0,0,1,0,1,0,0,0,Rear End,"['Driver', 'Passenger']",North,"['Automobile, Station Wagon']","['Changing Lanes', 'Going Ahead']","['Lost control', 'Driving Properly']",['Normal'],['Not Applicable'],['Not Applicable'],['Not Applicable'],['Not Applicable'],['Not Applicable'],False,"['30 to 34', '40 to 44', '10 to 14']",3.0
595,2016-08-25 08:00:00,2153,2016,DIXON RD,ISLINGTON AVE,Major Arterial,Etobicoke York,43.696978,-79.546687,617110.3306,4839242.9943,At Intersection,Traffic Signal,Clear,"Dark, artificial",Dry,6,Kingsview Village-The Westway,6,Kingsview Village-The Westway (6),Non-Fatal Injury,1,0,1,0,0,0,0,1,0,0,0,0,0,Pedestrian Collisions,"['Driver', 'Passenger', 'Pedestrian']",East,"['Automobile, Station Wagon']","['Turning Left', 'Going Ahead']","['Improper Turn', 'Driving Properly']",['Normal'],['Crossing with right of way'],['Normal'],['Not Applicable'],['Not Applicable'],['Not Applicable'],False,"['30 to 34', '25 to 29', '10 to 14', '5 to 9', '55 to 59']",3.0
596,2016-08-26 08:00:00,850,2016,LOWER JARVIS ST,LAKE SHORE BLVD E,Major Arterial,Toronto and East York,43.645556,-79.369815,631475.3342,4833796.9041,At Intersection,Traffic Signal,Clear,Daylight,Dry,166,St Lawrence-East Bayfront-The Islands,77,Waterfront Communities-The Island (77),Non-Fatal Injury,1,0,1,0,0,0,0,1,0,1,1,0,0,Pedestrian Collisions,"['Driver', 'Passenger', 'Pedestrian']",East,"['Automobile, Station Wagon']","['Turning Left', 'Going Ahead']","['Disobeyed Traffic Control', 'Driving Properly']","['Inattentive', 'Normal']",['On Sidewalk or Shoulder'],['Normal'],['Not Applicable'],['Not Applicable'],['Not Applicable'],False,"['30 to 34', '20 to 24']",3.0
597,2016-08-26 08:00:00,1600,2016,116 ELINOR AVE,JOY DR,Local,Scarborough,43.752097,-79.303737,636562.5307,4845736.5989,At/Near Private Drive,No Control,Clear,Daylight,Dry,119,Wexford/Maryvale,119,Wexford/Maryvale (119),Non-Fatal Injury,0,1,1,0,0,0,0,0,0,1,0,0,0,Cyclist Collisions,"['Driver', 'Cyclist']",North,"['Automobile, Station Wagon', 'Bicycle']","['Turning Left', 'Going Ahead']",['Failed to Yield Right of Way'],['Inattentive'],['Not Applicable'],['Not Applicable'],['Motorist turned left across cyclists path.'],['Driving Properly'],['Normal'],False,"['unknown', '50 to 54']",3.0
598,2016-08-26 08:00:00,2215,2016,LAKE SHORE BLVD W,BRITISH COLUMBIA RD,Major Arterial,Toronto and East York,43.629969,-79.425586,627010.1615,4831978.9273,Non Intersection,No Control,Clear,"Dark, artificial",Dry,163,Fort York-Liberty Village,82,Niagara (82),Non-Fatal Injury,0,0,1,1,0,0,0,1,1,1,0,0,0,Sideswipe,"['Motorcycle Driver', 'Driver', 'Passenger']",East,"['Motorcycle', 'Automobile, Station Wagon']",['Going Ahead'],"['Lost control', 'Driving Properly']",['Normal'],['Not Applicable'],['Not Applicable'],['Not Applicable'],['Not Applicable'],['Not Applicable'],False,"['40 to 44', '55 to 59', '50 to 54']",3.0
599,2016-08-27 08:00:00,1356,2016,ROYAL YORK RD,NEWCASTLE ST,Minor Arterial,Etobicoke York,43.617427,-79.498882,621122.401,4830476.4559,At Intersection,Traffic Signal,Clear,Daylight,Dry,160,Mimico-Queensway,17,Mimico (includes Humber Bay Shores) (17),Non-Fatal Injury,1,0,1,0,0,0,0,0,0,1,0,0,0,Pedestrian Collisions,"['Driver', 'Pedestrian']",East,"['Automobile, Station Wagon']",['Turning Left'],['Failed to Yield Right of Way'],['Normal'],['Crossing with right of way'],['Normal'],['Not Applicable'],['Not Applicable'],['Not Applicable'],False,"['70 to 74', '65 to 69']",3.0
600,2016-08-27 08:00:00,2315,2016,18 CORTLEIGH BLVD,Not Applicable,Local,North York,43.71342,-79.407489,628292.1547,4841275.1284,Non Intersection,No Control,Clear,Dark,Dry,103,Lawrence Park South,103,Lawrence Park South (103),Non-Fatal Injury,0,0,1,0,0,0,0,1,1,1,0,0,0,Other,"['Passenger', 'Driver']",West,['Passenger Van'],['Going Ahead'],['Speed too Fast For Condition'],['Unknown'],['Not Applicable'],['Not Applicable'],['Not Applicable'],['Not Applicable'],['Not Applicable'],False,['15 to 19'],3.0
601,2016-08-29 08:00:00,745,2016,STEELES AVE E,PHARMACY AVE,Major Arterial,Scarborough,43.816851,-79.336429,633786.0086,4852875.1614,At Intersection,Traffic Signal,Clear,Daylight,Dry,116,Steeles,116,Steeles (116),Non-Fatal Injury,1,0,1,0,0,0,0,0,0,1,0,0,0,Pedestrian Collisions,"['Driver', 'Pedestrian']",East,"['Automobile, Station Wagon']",['Turning Right'],['Failed to Yield Right of Way'],['Inattentive'],['Crossing with right of way'],['Normal'],['Not Applicable'],['Not Applicable'],['Not Applicable'],False,"['35 to 39', '20 to 24']",3.0
602,2016-08-29 08:00:00,1610,2016,WARDEN AVE,CONTINENTAL PL,Major Arterial,Scarborough,43.763491,-79.301257,636736.2358,4847006.1683,At Intersection,Stop Sign,Clear,Daylight,Dry,119,Wexford/Maryvale,119,Wexford/Maryvale (119),Non-Fatal Injury,0,0,1,1,0,0,0,0,0,0,0,0,0,Turning Movement,"['Driver', 'Motorcycle Driver']",North,"['Automobile, Station Wagon', 'Motorcycle']","['Turning Left', 'Going Ahead']","['Improper Turn', 'Driving Properly']","['Inattentive', 'Normal']",['Not Applicable'],['Not Applicable'],['Not Applicable'],['Not Applicable'],['Not Applicable'],False,"['55 to 59', '30 to 34']",3.0
603,2016-08-30 08:00:00,630,2016,WARDEN AVE,FINCH AVE E,Major Arterial,Scarborough,43.796763,-79.315753,635494.222,4850677.7095,At Intersection,Traffic Signal,Clear,Daylight,Dry,148,East L'Amoreaux,117,L'Amoreaux (117),Fatal,0,0,1,0,0,1,0,1,0,0,0,0,0,Rear End,"['Passenger', 'Driver']",South,"['Automobile, Station Wagon', 'Municipal Transit Bus (TTC)']","['Going Ahead', 'Stopped']","['Lost control', 'Driving Properly']","['Inattentive', 'Normal']",['Not Applicable'],['Not Applicable'],['Not Applicable'],['Not Applicable'],['Not Applicable'],True,"['25 to 29', '50 to 54', '65 to 69', '55 to 59']",4.0
604,2016-09-01 08:00:00,1413,2016,ROGERS RD,KANE AVE,Minor Arterial,Etobicoke York,43.682048,-79.46651,623601.8411,4837701.1796,Intersection Related,No Control,Clear,Daylight,Dry,110,Keelesdale-Eglinton West,110,Keelesdale-Eglinton West (110),Non-Fatal Injury,0,1,1,0,0,0,0,0,0,1,0,0,0,Cyclist Collisions,"['Cyclist', 'Driver']",East,"['Bicycle', 'Automobile, Station Wagon']",['Going Ahead'],['Driving Properly'],['Normal'],['Not Applicable'],['Not Applicable'],['Cyclist turned left across motorists path.'],['Failed to Yield Right of Way'],['Normal'],False,"['60 to 64', '70 to 74']",3.0
605,2016-09-01 08:00:00,2230,2016,BAY ST,HARBOUR ST,Major Arterial,Toronto and East York,43.642066,-79.377452,630866.977,4833397.2238,Intersection Related,Traffic Signal,Clear,"Dark, artificial",Dry,166,St Lawrence-East Bayfront-The Islands,77,Waterfront Communities-The Island (77),Fatal,0,0,1,1,0,0,0,0,0,0,0,0,0,Turning Movement,"['Motorcycle Driver', 'Driver']",North,"['Motorcycle', 'Automobile, Station Wagon']","['Going Ahead', 'Turning Left']","['Driving Properly', 'Improper Turn']","['Unknown', 'Inattentive']",['Not Applicable'],['Not Applicable'],['Not Applicable'],['Not Applicable'],['Not Applicable'],True,"['30 to 34', '65 to 69']",4.0
606,2016-09-02 08:00:00,1630,2016,LONSDALE RD,ORIOLE RD,Major Arterial,Toronto and East York,43.691004,-79.401546,628818.9257,4838794.7334,At Intersection,No Control,Clear,Daylight,Dry,97,Yonge-St.Clair,97,Yonge-St.Clair (97),Non-Fatal Injury,0,1,1,0,0,0,0,0,0,0,0,0,0,Cyclist Collisions,"['Driver', 'Cyclist']",East,"['Automobile, Station Wagon', 'Bicycle']","['Turning Left', 'Going Ahead']",['Improper Turn'],['Inattentive'],['Not Applicable'],['Not Applicable'],['Motorist turned left across cyclists path.'],['Driving Properly'],['Normal'],False,"['55 to 59', '20 to 24']",3.0