accident_number,date,time,year,street1,street2,road_class,district,latitude,longitude,x,y,accident_location,traffctl,visibility,light,road_surface_condition,hood_158,neighbourhood_new,hood_140,neighbourhood_old,accident_class,pedestrian,cyclist,automobile,motorcycle,truck,trsn_city_veh,emerg_veh,passenger,speeding,aggressive_driving,redlight,alcohol,disability,impact_type,involvement_type,initial_direction,vehicle_type,manoeuver,driver_action,driver_condition,pedestrian_action,pedestrian_condition,cyclist_type,cyclist_action,cyclist_condition,injury,involvement_age,injury_severity_score
607,2016-09-04 08:00:00,1400,2016,GERRARD ST E,RIVER ST,Minor Arterial,Toronto and East York,43.663905,-79.358226,632369.6823,4835853.2286,Non Intersection,No Control,Clear,Daylight,Dry,72,Regent Park,72,Regent Park (72),Non-Fatal Injury,0,1,1,0,0,0,0,1,0,0,0,0,0,Cyclist Collisions,"['Cyclist', 'Driver', 'Passenger']",West,"['Bicycle', 'Automobile, Station Wagon']","['Changing Lanes', 'Going Ahead']",['Driving Properly'],['Normal'],['Not Applicable'],['Not Applicable'],['Cyclist and Driver travelling in same direction. One vehicle sideswipes the other.'],['Improper Lane Change'],['Inattentive'],False,"['65 to 69', '20 to 24']",3.0
608,2016-09-05 08:00:00,210,2016,ST CLAIR AVE E,DANFORTH RD,Major Arterial,Scarborough,43.716773,-79.259883,640175.561,4841886.581,At Intersection,Traffic Signal,Clear,"Dark, artificial",Dry,120,Clairlea-Birchmount,120,Clairlea-Birchmount (120),Non-Fatal Injury,0,0,1,0,0,0,0,1,0,1,1,0,0,Angle,"['Driver', 'Passenger']",South,"['Automobile, Station Wagon']",['Going Ahead'],"['Disobeyed Traffic Control', 'Driving Properly']","['Inattentive', 'Normal']",['Not Applicable'],['Not Applicable'],['Not Applicable'],['Not Applicable'],['Not Applicable'],False,"['45 to 49', '50 to 54']",3.0
609,2016-09-05 08:00:00,220,2016,MOUNT PLEASANT RD,ROXBOROUGH DR,Major Arterial,Toronto and East York,43.680724,-79.382404,630383.8593,4837682.913,At Intersection,No Control,Clear,Dark,Dry,98,Rosedale-Moore Park,98,Rosedale-Moore Park (98),Fatal,0,0,1,0,0,0,0,1,1,1,0,1,0,SMV Other,"['Passenger', 'Driver']",North,"['Automobile, Station Wagon']",['Going Ahead'],['Lost control'],"['Ability Impaired, Alcohol']",['Not Applicable'],['Not Applicable'],['Not Applicable'],['Not Applicable'],['Not Applicable'],True,"['25 to 29', '20 to 24', '15 to 19']",4.0
610,2016-09-05 08:00:00,1600,2016,KINGSTON RD,FALLINGBROOK RD,Major Arterial,Scarborough,43.682185,-79.279201,638699.1092,4838012.5987,At Intersection,Traffic Signal,Clear,Daylight,Dry,122,Birchcliffe-Cliffside,122,Birchcliffe-Cliffside (122),Non-Fatal Injury,0,0,1,1,0,0,0,1,0,1,0,0,0,Turning Movement,"['Driver', 'Motorcycle Driver', 'Passenger']",East,"['Automobile, Station Wagon', 'Motorcycle']","['Turning Left', 'Going Ahead', 'Stopped']","['Failed to Yield Right of Way', 'Driving Properly']","['Inattentive', 'Normal']",['Not Applicable'],['Not Applicable'],['Not Applicable'],['Not Applicable'],['Not Applicable'],False,"['80 to 84', '55 to 59', '50 to 54']",3.0
611,2016-09-05 08:00:00,1913,2016,CARLTON ST,SEATON ST,Minor Arterial,Toronto and East York,43.663439,-79.371478,631302.2308,4835780.4143,Intersection Related,No Control,Clear,Daylight,Dry,73,Moss Park,73,Moss Park (73),Non-Fatal Injury,0,1,1,0,0,0,0,0,1,1,0,0,0,Cyclist Collisions,"['Driver', 'Cyclist']",East,"['Automobile, Station Wagon', 'Bicycle']",['Going Ahead'],['Speed too Fast For Condition'],['Normal'],['Not Applicable'],['Not Applicable'],['Cyclist and Driver travelling in same direction. One vehicle rear-ended the other.'],['Driving Properly'],['Normal'],False,"['35 to 39', '45 to 49']",3.0
612,2016-09-06 08:00:00,1643,2016,HULLRICK DR,CINRICKBAR DR,Local,Etobicoke York,43.722979,-79.620067,611149.1417,4842029.7373,At Intersection,Stop Sign,Clear,Daylight,Dry,1,West Humber-Clairville,1,West Humber-Clairville (1),Non-Fatal Injury,0,0,1,0,0,0,0,1,0,1,0,0,0,Angle,"['Driver', 'Passenger']",South,"['Automobile, Station Wagon']",['Going Ahead'],"['Disobeyed Traffic Control', 'Driving Properly']",['Normal'],['Not Applicable'],['Not Applicable'],['Not Applicable'],['Not Applicable'],['Not Applicable'],False,"['25 to 29', '50 to 54', '15 to 19']",3.0
613,2016-09-06 08:00:00,2040,2016,1058 GERRARD ST E,Not Applicable,Minor Arterial,Toronto and East York,43.669036,-79.336017,634148.8949,4836458.7707,Non Intersection,No Control,Clear,"Dark, artificial",Dry,70,South Riverdale,70,South Riverdale (70),Non-Fatal Injury,1,0,1,0,0,0,0,0,0,0,0,0,0,Pedestrian Collisions,"['Driver', 'Pedestrian']",East,"['Automobile, Station Wagon']",['Going Ahead'],['Driving Properly'],['Had Been Drinking'],"['Crossing, no Traffic Control']",['Normal'],['Not Applicable'],['Not Applicable'],['Not Applicable'],False,"['40 to 44', '60 to 64']",3.0
614,2016-09-07 08:00:00,28,2016,DANFORTH RD,BARRYMORE RD,Major Arterial,Scarborough,43.750331,-79.244403,641343.5981,4845639.9973,Non Intersection,No Control,Clear,"Dark, artificial",Dry,157,Bendale South,127,Bendale (127),Non-Fatal Injury,1,0,1,0,0,0,0,0,0,0,0,1,0,Pedestrian Collisions,"['Pedestrian', 'Driver']",East,"['Automobile, Station Wagon']",['Going Ahead'],['Driving Properly'],"['Ability Impaired, Alcohol Over .08']","['Crossing, no Traffic Control']","['Ability Impaired, Alcohol']",['Not Applicable'],['Not Applicable'],['Not Applicable'],False,"['20 to 24', '30 to 34']",3.0
615,2016-09-08 08:00:00,37,2016,MELFORD DR,TAPSCOTT RD,Collector,Scarborough,43.810794,-79.236697,641820.9789,4852368.5488,Non Intersection,No Control,Rain,"Dark, artificial",Wet,145,Malvern West,132,Malvern (132),Non-Fatal Injury,0,0,1,0,1,0,0,1,1,1,0,0,0,SMV Unattended Vehicle,"['Driver', 'Other', 'Passenger']",East,"['Automobile, Station Wagon', 'Truck - Dump']","['Going Ahead', 'Parked']",['Speed too Fast For Condition'],['Inattentive'],['Not Applicable'],['Not Applicable'],['Not Applicable'],['Not Applicable'],['Not Applicable'],False,"['50 to 54', 'unknown', '45 to 49']",3.0
616,2016-09-09 08:00:00,610,2016,VICTORIA PARK AVE,HUNTINGWOOD DR,Major Arterial,North York,43.779479,-79.324985,634790.3649,4848742.9764,Non Intersection,No Control,Clear,"Dark, artificial",Dry,147,L'Amoreaux West,117,L'Amoreaux (117),Non-Fatal Injury,0,0,1,0,0,0,0,0,0,0,0,0,0,SMV Other,['Driver'],North,"['Automobile, Station Wagon']",['Going Ahead'],['Lost control'],['Fatigue'],['Not Applicable'],['Not Applicable'],['Not Applicable'],['Not Applicable'],['Not Applicable'],False,['35 to 39'],3.0
617,2016-09-09 08:00:00,1733,2016,LAUDER AVE,AMHERST AVE,Local,Toronto and East York,43.691344,-79.444896,625324.6211,4838766.0652,Non Intersection,No Control,Clear,"Dark, artificial",Dry,107,Oakwood Village,107,Oakwood Village (107),Non-Fatal Injury,1,0,1,0,0,0,0,0,0,0,0,0,0,Pedestrian Collisions,"['Driver', 'Pedestrian']",Unknown,"['Automobile, Station Wagon']",['Unknown'],['Other'],['Unknown'],['Other'],['Other'],['Not Applicable'],['Not Applicable'],['Not Applicable'],False,"['unknown', '15 to 19']",3.0
618,2016-09-09 08:00:00,2305,2016,BATHURST ST,COCKSFIELD AVE,Major Arterial,North York,43.75672,-79.438747,625683.3816,4846036.3162,Non Intersection,No Control,Clear,"Dark, artificial",Dry,34,Bathurst Manor,34,Bathurst Manor (34),Non-Fatal Injury,1,0,1,0,0,0,0,0,0,0,0,0,0,Pedestrian Collisions,"['Driver', 'Pedestrian']",East,"['Automobile, Station Wagon']",['Going Ahead'],['Driving Properly'],['Normal'],"['Crossing, no Traffic Control']",['Inattentive'],['Not Applicable'],['Not Applicable'],['Not Applicable'],False,"['30 to 34', '50 to 54', '55 to 59']",3.0
619,2016-09-11 08:00:00,230,2016,JARVIS ST,GERRARD ST E,Major Arterial,Toronto and East York,43.660365,-79.375858,630955.7658,4835432.083,At Intersection,Traffic Signal,Clear,Dark,Dry,73,Moss Park,73,Moss Park (73),Non-Fatal Injury,0,0,1,0,0,0,0,1,1,1,0,0,0,Turning Movement,"['Driver', 'Passenger']",North,"['Passenger Van', 'Automobile, Station Wagon']","['Turning Left', 'Going Ahead']","['Improper Turn', 'Exceeding Speed Limit']","['Inattentive', 'Other']",['Not Applicable'],['Not Applicable'],['Not Applicable'],['Not Applicable'],['Not Applicable'],False,"['45 to 49', '20 to 24']",3.0
620,2016-09-12 08:00:00,1651,2016,SHEPPARD AVE E,VANDORF ST,Minor Arterial,Scarborough,43.802382,-79.154285,648470.2303,4851578.825,Non Intersection,No Control,Clear,Daylight,Dry,143,West Rouge,131,Rouge (131),Non-Fatal Injury,0,0,1,0,0,0,0,0,1,1,0,0,0,Rear End,['Driver'],East,"['Automobile, Station Wagon']","['Changing Lanes', 'Going Ahead']","['Improper Lane Change', 'Speed too Fast For Condition']",['Normal'],['Not Applicable'],['Not Applicable'],['Not Applicable'],['Not Applicable'],['Not Applicable'],False,"['50 to 54', '55 to 59']",3.0
621,2016-09-12 08:00:00,1830,2016,HAVENBROOK BLVD,DON MILLS RD,Major Arterial,North York,43.769499,-79.346492,633081.7911,4847599.7514,At Intersection,Traffic Signal,Clear,Daylight,Dry,53,Henry Farm,53,Henry Farm (53),Non-Fatal Injury,1,0,1,0,0,0,0,0,0,1,0,0,0,Pedestrian Collisions,"['Driver', 'Pedestrian']",East,"['Automobile, Station Wagon']",['Turning Left'],['Failed to Yield Right of Way'],['Inattentive'],['Crossing with right of way'],['Normal'],['Not Applicable'],['Not Applicable'],['Not Applicable'],False,"['30 to 34', '55 to 59']",3.0
622,2016-09-15 08:00:00,1927,2016,OSSINGTON AVE,ACORES AVE,Minor Arterial,Toronto and East York,43.671096,-79.429454,626611.6755,4836540.7044,Non Intersection,No Control,Clear,Daylight,Dry,94,Wychwood,94,Wychwood (94),Non-Fatal Injury,0,0,1,1,0,0,0,0,1,1,0,0,0,Sideswipe,"['Motorcycle Driver', 'Driver']",North,"['Motorcycle', 'Automobile, Station Wagon']",['Going Ahead'],"['Lost control', 'Speed too Fast For Condition']",['Unknown'],['Not Applicable'],['Not Applicable'],['Not Applicable'],['Not Applicable'],['Not Applicable'],False,"['15 to 19', 'unknown']",3.0
623,2016-09-16 08:00:00,1047,2016,SHEPPARD AV E,PALMDALE DR,Major Arterial,Scarborough,43.777972,-79.31116,635906.3044,4848598.2029,Intersection Related,No Control,Clear,Daylight,Dry,118,Tam O'Shanter-Sullivan,118,Tam O'Shanter-Sullivan (118),Non-Fatal Injury,0,1,0,0,1,0,0,0,0,0,0,0,0,Cyclist Collisions,"['Cyclist', 'Truck Driver']",East,"['Bicycle', 'Truck - Dump']","['Going Ahead', 'Turning Left']",['Driving Properly'],['Normal'],['Not Applicable'],['Not Applicable'],"['Cyclist without ROW rides into path of motorist at inter, lnwy, dwy-Cyclist not turn.']",['Other'],['Inattentive'],False,"['40 to 44', '50 to 54']",3.0
624,2016-09-16 08:00:00,1242,2016,110 ST REGIS CRES,Not Applicable,Local,North York,43.754729,-79.482974,622127.0575,4845749.0242,At/Near Private Drive,No Control,Clear,Daylight,Dry,27,York University Heights,27,York University Heights (27),Fatal,1,0,1,0,0,0,0,0,0,1,0,0,0,Pedestrian Collisions,"['Driver', 'Pedestrian']",North,"['Automobile, Station Wagon']",['Reversing'],['Failed to Yield Right of Way'],['Normal'],['On Sidewalk or Shoulder'],['Unknown'],['Not Applicable'],['Not Applicable'],['Not Applicable'],True,"['50 to 54', '80 to 84']",4.0
625,2016-09-16 08:00:00,1955,2016,BROWNS LINE,WOODBURY RD,Major Arterial,Etobicoke York,43.599227,-79.544116,617507.9567,4828390.1423,At Intersection,Pedestrian Crossover,Clear,Dark,Dry,20,Alderwood,20,Alderwood (20),Non-Fatal Injury,1,0,1,0,0,0,0,1,0,0,0,0,0,Pedestrian Collisions,"['Driver', 'Pedestrian', 'Passenger']",East,"['Automobile, Station Wagon']",['Going Ahead'],['Driving Properly'],['Normal'],['Running onto Roadway'],['Inattentive'],['Not Applicable'],['Not Applicable'],['Not Applicable'],False,"['20 to 24', '10 to 14']",3.0
626,2016-09-16 08:00:00,1955,2016,O CONNOR DR,DOHME AVE,Major Arterial,Toronto and East York,43.710887,-79.308582,636265.896,4841151.6434,Non Intersection,No Control,Clear,"Dark, artificial",Dry,54,O'Connor-Parkview,54,O'Connor-Parkview (54),Non-Fatal Injury,0,0,1,0,0,0,0,0,1,1,0,0,0,Rear End,['Driver'],North,"['Automobile, Station Wagon']","['Going Ahead', 'Stopped']","['Exceeding Speed Limit', 'Driving Properly']","['Unknown', 'Normal']",['Not Applicable'],['Not Applicable'],['Not Applicable'],['Not Applicable'],['Not Applicable'],False,"['20 to 24', '55 to 59']",3.0
627,2016-09-19 08:00:00,1534,2016,DON MILLS RD W,GOODVIEW RD,Major Arterial,North York,43.784453,-79.353236,632505.9627,4849249.8073,Non Intersection,No Control,Clear,Daylight,Dry,47,Don Valley Village,47,Don Valley Village (47),Non-Fatal Injury,0,0,0,1,0,0,0,0,0,0,0,0,0,SMV Other,['Motorcycle Driver'],South,['Motorcycle'],['Going Ahead'],['Lost control'],['Inattentive'],['Not Applicable'],['Not Applicable'],['Not Applicable'],['Not Applicable'],['Not Applicable'],False,['15 to 19'],3.0
628,2016-09-20 08:00:00,1721,2016,JANE ST,COLBECK ST,Major Arterial,Toronto and East York,43.652877,-79.485935,622095.2678,4834432.5907,At Intersection,Pedestrian Crossover,Clear,Daylight,Dry,89,Runnymede-Bloor West Village,89,Runnymede-Bloor West Village (89),Non-Fatal Injury,1,0,1,0,0,0,0,0,0,1,0,0,0,Pedestrian Collisions,"['Driver', 'Pedestrian']",East,"['Automobile, Station Wagon']",['Going Ahead'],['Failed to Yield Right of Way'],['Normal'],"['Crossing, Pedestrian Crossover']",['Normal'],['Not Applicable'],['Not Applicable'],['Not Applicable'],False,['35 to 39'],3.0
629,2016-09-20 08:00:00,1754,2016,BLOOR ST W,LIPPINCOTT ST,Major Arterial,Toronto and East York,43.665316,-79.409953,628196.0944,4835928.7074,At Intersection,Stop Sign,Clear,Daylight,Dry,79,University,79,University (79),Non-Fatal Injury,0,1,1,0,0,0,0,0,0,1,0,0,0,Cyclist Collisions,"['Driver', 'Cyclist']",East,"['Automobile, Station Wagon', 'Bicycle']","['Slowing or Stopping', 'Going Ahead']",['Failed to Yield Right of Way'],['Inattentive'],['Not Applicable'],['Not Applicable'],"['Motorist without ROW drives into path of cyclist at inter, lnwy, dwy-Driver not turn.']",['Driving Properly'],['Normal'],False,"['50 to 54', '25 to 29']",3.0
630,2016-09-20 08:00:00,2130,2016,SHEPPARD AVE E,BONESET RD,Major Arterial,North York,43.775275,-79.333202,634138.5271,4848262.7112,Non Intersection,No Control,Clear,"Dusk, artificial",Dry,53,Henry Farm,53,Henry Farm (53),Non-Fatal Injury,1,0,1,0,0,0,0,0,0,0,0,0,0,Pedestrian Collisions,"['Driver', 'Pedestrian']",Unknown,"['Automobile, Station Wagon']",['Going Ahead'],['Lost control'],['Normal'],['On Sidewalk or Shoulder'],['Normal'],['Not Applicable'],['Not Applicable'],['Not Applicable'],False,"['55 to 59', '40 to 44']",3.0
631,2016-09-21 08:00:00,1537,2016,REXDALE BLVD,BERGAMOT AVE,Major Arterial,Etobicoke York,43.712752,-79.561816,615860.8116,4840973.656,Non Intersection,No Control,Clear,Daylight,Dry,1,West Humber-Clairville,1,West Humber-Clairville (1),Non-Fatal Injury,0,0,1,1,0,0,0,0,0,0,0,0,0,Turning Movement,"['Driver', 'Motorcycle Driver']",East,"['Automobile, Station Wagon', 'Motorcycle']","['Turning Left', 'Going Ahead']","['Improper Turn', 'Driving Properly']",['Normal'],['Not Applicable'],['Not Applicable'],['Not Applicable'],['Not Applicable'],['Not Applicable'],False,"['65 to 69', '35 to 39']",3.0
632,2016-09-21 08:00:00,1735,2016,ST CLAIR AVE W,RUSHTON RD,Major Arterial,Toronto and East York,43.681227,-79.427661,626734.893,4837668.6265,Intersection Related,No Control,Clear,Daylight,Dry,94,Wychwood,94,Wychwood (94),Fatal,1,0,1,0,0,0,0,1,0,0,0,0,0,Pedestrian Collisions,"['Driver', 'Passenger', 'Pedestrian']",South,"['Automobile, Station Wagon']",['Going Ahead'],['Driving Properly'],['Normal'],"['Crossing, no Traffic Control']",['Had Been Drinking'],['Not Applicable'],['Not Applicable'],['Not Applicable'],True,"['30 to 34', '25 to 29', '65 to 69']",4.0
633,2016-09-22 08:00:00,944,2016,KING ST W,SIMCOE ST,Major Arterial,Toronto and East York,43.647322,-79.386073,630160.289,4833967.4136,At Intersection,Traffic Signal,Clear,Daylight,Dry,170,Yonge-Bay Corridor,76,Bay Street Corridor (76),Non-Fatal Injury,1,0,0,1,0,0,0,0,0,0,0,0,0,Pedestrian Collisions,"['Pedestrian', 'Motorcycle Driver']",North,['Motorcycle'],['Going Ahead'],['Driving Properly'],['Normal'],['Crossing without right of way'],['Normal'],['Not Applicable'],['Not Applicable'],['Not Applicable'],False,"['60 to 64', '50 to 54']",3.0
634,2016-09-24 08:00:00,903,2016,MIDLAND AVE,SHEPPARD AVE E,Major Arterial,Scarborough,43.785277,-79.278529,638515.3814,4849463.6232,At Intersection,Traffic Signal,Clear,Daylight,Dry,128,Agincourt South-Malvern West,128,Agincourt South-Malvern West (128),Non-Fatal Injury,0,1,1,0,0,0,0,1,0,0,0,0,0,Cyclist Collisions,"['Cyclist', 'Driver', 'Passenger']",North,"['Bicycle', 'Automobile, Station Wagon']","['Going Ahead', 'Turning Left']",['Improper Turn'],['Inattentive'],['Not Applicable'],['Not Applicable'],['Motorist turned left across cyclists path.'],['Other'],['Inattentive'],False,"['10 to 14', '70 to 74']",3.0
635,2016-09-25 08:00:00,1629,2016,KEELE ST,STEELES AVE W,Major Arterial,Etobicoke York,43.781508,-79.494464,621147.9828,4848706.3556,At Intersection,Traffic Signal,Clear,Daylight,Dry,27,York University Heights,27,York University Heights (27),Non-Fatal Injury,0,0,1,0,0,0,0,1,0,1,1,0,0,Angle,"['Driver', 'Passenger']",North,"['Automobile, Station Wagon']","['Going Ahead', 'Stopped']","['Disobeyed Traffic Control', 'Driving Properly']","['Inattentive', 'Normal']",['Not Applicable'],['Not Applicable'],['Not Applicable'],['Not Applicable'],['Not Applicable'],False,"['65 to 69', '55 to 59', '75 to 79', '50 to 54']",3.0
636,2016-09-26 08:00:00,738,2016,LOGAN AVE,DANFORTH AVE,Major Arterial,Toronto and East York,43.677939,-79.349582,633035.61,4837425.7229,At Intersection,Traffic Controller,Clear,Daylight,Dry,68,North Riverdale,68,North Riverdale (68),Non-Fatal Injury,0,0,0,0,1,0,0,1,0,0,0,0,0,SMV Other,"['Truck Driver', 'Passenger']",West,['Truck - Tank'],['Slowing or Stopping'],['Driving Properly'],['Normal'],['Not Applicable'],['Not Applicable'],['Not Applicable'],['Not Applicable'],['Not Applicable'],False,"['45 to 49', '20 to 24', 'unknown']",3.0
637,2016-09-26 08:00:00,1709,2016,THE QUEENSWAY,SOUTH KINGSWAY,Major Arterial,Etobicoke York,43.632361,-79.476856,622869.2261,4832167.4261,Non Intersection,No Control,Clear,Daylight,Dry,16,Stonegate-Queensway,16,Stonegate-Queensway (16),Non-Fatal Injury,0,0,0,1,0,0,0,0,0,0,0,0,0,SMV Other,['Motorcycle Driver'],East,['Motorcycle'],['Overtaking'],['Lost control'],['Unknown'],['Not Applicable'],['Not Applicable'],['Not Applicable'],['Not Applicable'],['Not Applicable'],False,['35 to 39'],3.0
638,2016-09-27 08:00:00,925,2016,CUMMER AVE,PINEWAY BLVD,Collector,North York,43.798747,-79.375842,630655.8139,4850801.443,At Intersection,Stop Sign,Clear,Daylight,Dry,49,Bayview Woods-Steeles,49,Bayview Woods-Steeles (49),Non-Fatal Injury,1,0,1,0,0,0,0,0,0,1,0,0,0,Pedestrian Collisions,"['Driver', 'Pedestrian']",North,"['Automobile, Station Wagon']",['Turning Left'],['Failed to Yield Right of Way'],['Normal'],['Crossing with right of way'],['Normal'],['Not Applicable'],['Not Applicable'],['Not Applicable'],False,"['20 to 24', '60 to 64']",3.0
639,2016-09-29 08:00:00,1040,2016,2336 ST CLAIR AVE W,Not Applicable,Major Arterial,Etobicoke York,43.669959,-79.479152,622607.4832,4836339.7724,Non Intersection,No Control,Rain,Daylight,Wet,90,Junction Area,90,Junction Area (90),Fatal,0,0,1,0,0,0,0,1,1,1,0,0,0,Sideswipe,"['Driver', 'Passenger']",East,"['Automobile, Station Wagon']",['Going Ahead'],"['Driving Properly', 'Speed too Fast For Condition']","['Normal', 'Unknown']",['Not Applicable'],['Not Applicable'],['Not Applicable'],['Not Applicable'],['Not Applicable'],True,"['70 to 74', '35 to 39', '50 to 54', '40 to 44']",4.0
640,2016-09-29 08:00:00,2310,2016,MIDLAND AVE,MCNICOLL AVE,Major Arterial,Scarborough,43.814509,-79.292178,637350.1234,4852687.5559,Intersection Related,Traffic Signal,Clear,"Dark, artificial",Dry,130,Milliken,130,Milliken (130),Non-Fatal Injury,0,0,1,0,0,0,0,1,0,1,1,0,0,Angle,"['Driver', 'Passenger']",West,"['Automobile, Station Wagon']",['Going Ahead'],"['Disobeyed Traffic Control', 'Driving Properly']",['Normal'],['Not Applicable'],['Not Applicable'],['Not Applicable'],['Not Applicable'],['Not Applicable'],False,"['45 to 49', '20 to 24', '50 to 54', '55 to 59']",3.0
641,2016-09-30 08:00:00,52,2016,DUNDAS ST W,STERLING RD,Minor Arterial,Toronto and East York,43.650614,-79.442981,625563.8567,4834245.3518,At Intersection,Traffic Signal,Clear,"Dark, artificial",Dry,84,Little Portugal,84,Little Portugal (84),Non-Fatal Injury,0,0,1,0,0,0,0,1,0,1,1,0,0,Turning Movement,"['Driver', 'Passenger']",South,"['Automobile, Station Wagon']","['Turning Left', 'Going Ahead']","['Disobeyed Traffic Control', 'Driving Properly']","['Inattentive', 'Normal']",['Not Applicable'],['Not Applicable'],['Not Applicable'],['Not Applicable'],['Not Applicable'],False,"['15 to 19', '25 to 29', '30 to 34']",3.0
642,2016-09-30 08:00:00,1928,2016,EGLINTON AVE W,CHILTERN HILL RD,Major Arterial,North York,43.700667,-79.427036,626744.3153,4839828.6607,Non Intersection,No Control,Clear,Dark,Dry,106,Humewood-Cedarvale,106,Humewood-Cedarvale (106),Fatal,1,0,1,0,0,0,0,0,0,0,0,0,0,Pedestrian Collisions,"['Pedestrian', 'Driver']",East,"['Automobile, Station Wagon']",['Going Ahead'],['Driving Properly'],['Normal'],"['Crossing, no Traffic Control']",['Normal'],['Not Applicable'],['Not Applicable'],['Not Applicable'],True,"['Over 95', '40 to 44']",4.0
643,2016-10-01 08:00:00,510,2016,THE QUEENSWAY,KIPLING AVE,Major Arterial,Etobicoke York,43.619612,-79.532115,618436.5797,4830671.188,Non Intersection,No Control,Clear,"Dark, artificial",Dry,159,Etobicoke City Centre,14,Islington-City Centre West (14),Non-Fatal Injury,1,0,1,0,0,0,0,0,0,0,0,0,0,Pedestrian Collisions,"['Driver', 'Pedestrian']",North,"['Automobile, Station Wagon']",['Going Ahead'],['Driving Properly'],['Normal'],['Running onto Roadway'],['Had Been Drinking'],['Not Applicable'],['Not Applicable'],['Not Applicable'],False,"['50 to 54', '15 to 19']",3.0
644,2016-10-02 08:00:00,1058,2016,EGLINTON AVE E,WINTER AVE,Major Arterial,Scarborough,43.735331,-79.25436,640577.0536,4843957.0777,Intersection Related,Stop Sign,Clear,Daylight,Dry,124,Kennedy Park,124,Kennedy Park (124),Fatal,1,0,1,0,0,0,0,1,0,0,0,0,0,Pedestrian Collisions,"['Driver', 'Passenger', 'Pedestrian']",North,"['Automobile, Station Wagon']",['Turning Left'],['Driving Properly'],['Inattentive'],['Crossing without right of way'],['Medical or Physical Disability'],['Not Applicable'],['Not Applicable'],['Not Applicable'],True,"['20 to 24', '80 to 84']",4.0
645,2016-10-02 08:00:00,1940,2016,EGLINTON AVE E,MIDLAND AVE,Major Arterial,Scarborough,43.734049,-79.260188,640110.7068,4843804.8203,Non Intersection,No Control,Rain,"Dark, artificial",Wet,124,Kennedy Park,124,Kennedy Park (124),Fatal,1,0,1,0,0,0,0,0,0,0,0,0,0,Pedestrian Collisions,"['Pedestrian', 'Driver']",East,"['Automobile, Station Wagon']",['Going Ahead'],['Driving Properly'],['Normal'],['Crossing without right of way'],['Inattentive'],['Not Applicable'],['Not Applicable'],['Not Applicable'],True,"['70 to 74', '75 to 79']",4.0
646,2016-10-03 08:00:00,1317,2016,BATHURST ST,VAUGHAN RD,Major Arterial,Toronto and East York,43.681559,-79.417659,627540.3863,4837720.832,At/Near Private Drive,No Control,Clear,Daylight,Dry,96,Casa Loma,96,Casa Loma (96),Non-Fatal Injury,0,0,1,0,0,0,0,0,1,1,0,0,0,Angle,['Driver'],South,"['Automobile, Station Wagon']",['Going Ahead'],"['Failed to Yield Right of Way', 'Driving Properly']",['Normal'],['Not Applicable'],['Not Applicable'],['Not Applicable'],['Not Applicable'],['Not Applicable'],False,"['20 to 24', '50 to 54']",3.0
647,2016-10-03 08:00:00,1426,2016,KEELE ST,FLAMBOROUGH DR,Major Arterial,Etobicoke York,43.703021,-79.476772,622731.9116,4840015.275,At Intersection,Traffic Signal,Clear,Daylight,Dry,30,Brookhaven-Amesbury,30,Brookhaven-Amesbury (30),Non-Fatal Injury,0,1,1,0,0,0,0,0,0,0,0,0,0,Cyclist Collisions,"['Driver', 'Cyclist']",North,"['Automobile, Station Wagon', 'Bicycle']","['Turning Left', 'Going Ahead']",['Improper Turn'],['Normal'],['Not Applicable'],['Not Applicable'],['Motorist turned left across cyclists path.'],['Driving Properly'],['Normal'],False,"['85 to 89', '45 to 49']",3.0
648,2016-10-03 08:00:00,2143,2016,THORNCLIFFE PARK DR,OVERLEA DR,Collector,North York,43.706244,-79.343097,633495.5371,4840579.8107,At/Near Private Drive,No Control,Clear,"Dark, artificial",Dry,55,Thorncliffe Park,55,Thorncliffe Park (55),Non-Fatal Injury,0,0,1,1,0,0,0,0,0,1,0,0,0,Turning Movement,"['Driver', 'Motorcycle Driver']",North,"['Automobile, Station Wagon', 'Motorcycle']",['Turning Right'],"['Failed to Yield Right of Way', 'Driving Properly']",['Normal'],['Not Applicable'],['Not Applicable'],['Not Applicable'],['Not Applicable'],['Not Applicable'],False,"['25 to 29', '30 to 34']",3.0
649,2016-10-05 08:00:00,957,2016,ST GEORGE ST,RUSSELL ST,Minor Arterial,Toronto and East York,43.660964,-79.397128,629239.447,4835465.2576,Intersection Related,Pedestrian Crossover,Clear,Daylight,Dry,79,University,79,University (79),Non-Fatal Injury,1,0,1,0,0,0,0,0,0,1,0,0,0,Pedestrian Collisions,"['Driver', 'Pedestrian']",North,"['Automobile, Station Wagon']","['Going Ahead', 'Stopped']","['Failed to Yield Right of Way', 'Driving Properly']","['Inattentive', 'Normal']","['Crossing, Pedestrian Crossover']",['Normal'],['Not Applicable'],['Not Applicable'],['Not Applicable'],False,"['75 to 79', '50 to 54', '15 to 19']",3.0
650,2016-10-05 08:00:00,2215,2016,BLOOR ST E,DRUMSNAB RD,Major Arterial,Toronto and East York,43.674296,-79.367328,631613.103,4836992.807,Intersection Related,No Control,Clear,"Dark, artificial",Dry,71,Cabbagetown-South St.James Town,71,Cabbagetown-South St.James Town (71),Non-Fatal Injury,0,1,1,0,0,0,0,0,0,0,0,0,0,Cyclist Collisions,"['Driver', 'Cyclist']",East,"['Automobile, Station Wagon', 'Bicycle']","['Turning Left', 'Going Ahead']",['Improper Turn'],['Unknown'],['Not Applicable'],['Not Applicable'],['Motorist turned left across cyclists path.'],['Driving Properly'],['Normal'],False,"['unknown', '35 to 39']",3.0