accident_number,date,time,year,street1,street2,road_class,district,latitude,longitude,x,y,accident_location,traffctl,visibility,light,road_surface_condition,hood_158,neighbourhood_new,hood_140,neighbourhood_old,accident_class,pedestrian,cyclist,automobile,motorcycle,truck,trsn_city_veh,emerg_veh,passenger,speeding,aggressive_driving,redlight,alcohol,disability,impact_type,involvement_type,initial_direction,vehicle_type,manoeuver,driver_action,driver_condition,pedestrian_action,pedestrian_condition,cyclist_type,cyclist_action,cyclist_condition,injury,involvement_age,injury_severity_score
651,2016-10-07 08:00:00,1750,2016,MONTGOMERY AV,MIDLAND AV,Local,Scarborough,43.791091,-79.279849,638395.7492,4850107.152,Non Intersection,No Control,Clear,Daylight,Dry,128,Agincourt South-Malvern West,128,Agincourt South-Malvern West (128),Non-Fatal Injury,1,0,1,0,0,0,0,0,0,1,0,0,0,Pedestrian Collisions,"['Driver', 'Pedestrian']",West,"['Automobile, Station Wagon']",['Going Ahead'],['Improper Passing'],['Inattentive'],['Walking on Roadway with Traffic'],['Normal'],['Not Applicable'],['Not Applicable'],['Not Applicable'],False,"['60 to 64', '75 to 79']",3.0
652,2016-10-08 08:00:00,1113,2016,DUPLEX AVE,MONTGOMERY AVE,Minor Arterial,North York,43.709098,-79.401019,628822.6402,4840805.1435,At Intersection,Stop Sign,Clear,Daylight,Dry,100,Yonge-Eglinton,100,Yonge-Eglinton (100),Non-Fatal Injury,1,0,1,0,0,0,0,0,0,1,0,0,0,Pedestrian Collisions,"['Driver', 'Pedestrian']",North,"['Automobile, Station Wagon']",['Turning Left'],['Failed to Yield Right of Way'],['Normal'],['Crossing with right of way'],['Normal'],['Not Applicable'],['Not Applicable'],['Not Applicable'],False,"['70 to 74', '65 to 69']",3.0
653,2016-10-09 08:00:00,1747,2016,LAWRENCE AVE W,WILLIAM R ALLEN RD N,Major Arterial,North York,43.716258,-79.443179,625411.0336,4841535.7081,At Intersection,Traffic Signal,Clear,Daylight,Dry,32,Englemount-Lawrence,32,Englemount-Lawrence (32),Non-Fatal Injury,0,0,1,1,0,0,0,1,0,1,0,0,0,Turning Movement,"['Driver', 'Motorcycle Driver', 'Passenger']",East,"['Automobile, Station Wagon', 'Motorcycle']","['Turning Left', 'Going Ahead']","['Failed to Yield Right of Way', 'Driving Properly']","['Inattentive', 'Normal']",['Not Applicable'],['Not Applicable'],['Not Applicable'],['Not Applicable'],['Not Applicable'],False,"['20 to 24', '25 to 29', '15 to 19']",3.0
654,2016-10-09 08:00:00,2108,2016,DANFORTH RD,FALMOUTH AVE,Major Arterial,Scarborough,43.730475,-79.250911,640866.1915,4843423.6042,At Intersection,No Control,Clear,"Dark, artificial",Dry,124,Kennedy Park,124,Kennedy Park (124),Non-Fatal Injury,1,0,1,0,0,0,0,0,0,0,0,0,0,Pedestrian Collisions,"['Pedestrian', 'Driver']",East,"['Automobile, Station Wagon']",['Going Ahead'],['Driving Properly'],['Normal'],['Crossing without right of way'],['Normal'],['Not Applicable'],['Not Applicable'],['Not Applicable'],False,"['15 to 19', '45 to 49']",3.0
655,2016-10-10 08:00:00,1608,2016,391 LAWSON RD,Not Applicable,Collector,Scarborough,43.788512,-79.145709,649194.6135,4850053.7586,At/Near Private Drive,No Control,Clear,Daylight,Dry,133,Centennial Scarborough,133,Centennial Scarborough (133),Non-Fatal Injury,0,0,1,0,0,0,0,0,0,1,0,0,0,Rear End,['Driver'],East,"['Automobile, Station Wagon']","['Going Ahead', 'Turning Left']","['Following too Close', 'Driving Properly']",['Normal'],['Not Applicable'],['Not Applicable'],['Not Applicable'],['Not Applicable'],['Not Applicable'],False,"['20 to 24', '25 to 29', '60 to 64']",3.0
656,2016-10-11 08:00:00,1152,2016,8 SILVERDALE CRES,Not Applicable,Collector,North York,43.756446,-79.341022,633551.0881,4846158.8229,At/Near Private Drive,No Control,Clear,Daylight,Dry,149,Parkwoods-O'Connor Hills,45,Parkwoods-Donalda (45),Fatal,1,0,1,0,0,0,0,0,0,0,0,0,0,Pedestrian Collisions,"['Pedestrian', 'Driver']",South,"['Automobile, Station Wagon']",['Going Ahead'],['Lost control'],['Unknown'],['On Sidewalk or Shoulder'],['Normal'],['Not Applicable'],['Not Applicable'],['Not Applicable'],True,"['80 to 84', '25 to 29']",4.0
657,2016-10-12 08:00:00,1109,2016,DAVENPORT RD,OSSINGTON AVE,Minor Arterial,Toronto and East York,43.674712,-79.430972,626481.7023,4836939.9938,Intersection Related,Traffic Signal,Clear,Daylight,Dry,94,Wychwood,94,Wychwood (94),Fatal,1,0,1,0,0,0,0,0,0,1,0,0,0,Pedestrian Collisions,"['Driver', 'Pedestrian']",North,['Pick Up Truck'],['Turning Left'],['Failed to Yield Right of Way'],['Inattentive'],['Crossing with right of way'],['Normal'],['Not Applicable'],['Not Applicable'],['Not Applicable'],True,"['50 to 54', 'Over 95']",4.0
658,2016-10-12 08:00:00,1117,2016,EGLINTON AVE E,MIDLAND AVE,Major Arterial,Scarborough,43.734519,-79.258098,640277.9234,4843860.5573,Intersection Related,Traffic Signal,Clear,Daylight,Dry,124,Kennedy Park,124,Kennedy Park (124),Fatal,1,0,1,0,0,0,0,0,1,1,1,0,0,Pedestrian Collisions,"['Pedestrian', 'Driver']",East,"['Automobile, Station Wagon']",['Going Ahead'],['Disobeyed Traffic Control'],['Unknown'],['Playing or Working on Highway'],['Normal'],['Not Applicable'],['Not Applicable'],['Not Applicable'],True,"['40 to 44', 'unknown']",4.0
659,2016-10-14 08:00:00,1918,2016,JANE ST,MARSHLYNN AVE,Major Arterial,Etobicoke York,43.704402,-79.504207,620518.5902,4840128.4062,At Intersection,Stop Sign,Clear,"Dark, artificial",Dry,28,Rustic,28,Rustic (28),Non-Fatal Injury,0,0,1,1,0,0,0,1,0,1,0,0,0,Turning Movement,"['Passenger', 'Motorcycle Driver', 'Driver']",North,"['Motorcycle', 'Automobile, Station Wagon']","['Going Ahead', 'Turning Left']","['Driving Properly', 'Failed to Yield Right of Way']","['Normal', 'Inattentive']",['Not Applicable'],['Not Applicable'],['Not Applicable'],['Not Applicable'],['Not Applicable'],False,"['55 to 59', '20 to 24', '50 to 54']",3.0
660,2016-10-19 08:00:00,950,2016,DON VALLEY PARKWAY  N,LAWRENCE AVE E,Expressway,North York,43.740336,-79.332057,634308.8244,4844384.061,Non Intersection,No Control,Clear,Daylight,Dry,42,Banbury-Don Mills,42,Banbury-Don Mills (42),Non-Fatal Injury,0,0,1,1,0,0,0,0,0,0,0,0,0,Rear End,"['Motorcycle Driver', 'Driver']",North,"['Motorcycle', 'Automobile, Station Wagon']","['Changing Lanes', 'Slowing or Stopping']","['Improper Lane Change', 'Driving Properly']",['Normal'],['Not Applicable'],['Not Applicable'],['Not Applicable'],['Not Applicable'],['Not Applicable'],False,"['45 to 49', '40 to 44']",3.0
661,2016-10-19 08:00:00,2046,2016,BROCK AVE,MOUTRAY ST,Collector,Toronto and East York,43.651053,-79.436054,626121.5625,4834304.613,At Intersection,No Control,Clear,"Dark, artificial",Dry,84,Little Portugal,84,Little Portugal (84),Non-Fatal Injury,0,1,1,0,0,0,0,0,0,0,0,0,0,Cyclist Collisions,"['Driver', 'Cyclist']",North,"['Automobile, Station Wagon', 'Bicycle']","['Turning Left', 'Going Ahead']",['Improper Turn'],['Normal'],['Not Applicable'],['Not Applicable'],['Motorist turned left across cyclists path.'],['Driving Properly'],['Normal'],False,"['20 to 24', '30 to 34']",3.0
662,2016-10-20 08:00:00,730,2016,KEELE ST,HOLWOOD AV,Major Arterial,Etobicoke York,43.688346,-79.474239,622965.9969,4838389.1681,At Intersection,No Control,Rain,"Dawn, artificial",Wet,110,Keelesdale-Eglinton West,110,Keelesdale-Eglinton West (110),Non-Fatal Injury,1,0,1,0,0,0,0,0,0,1,0,0,0,Pedestrian Collisions,"['Driver', 'Pedestrian']",North,"['Automobile, Station Wagon']",['Turning Left'],['Failed to Yield Right of Way'],['Normal'],['Crossing with right of way'],['Normal'],['Not Applicable'],['Not Applicable'],['Not Applicable'],False,"['30 to 34', 'unknown']",3.0
663,2016-10-20 08:00:00,823,2016,MIDWEST RD,MIDLAND AVE,Major Arterial,Scarborough,43.753928,-79.265865,639607.302,4846003.0988,Intersection Related,Stop Sign,Rain,Daylight,Wet,156,Bendale-Glen Andrew,127,Bendale (127),Non-Fatal Injury,1,0,1,0,0,0,0,0,1,1,0,0,0,Pedestrian Collisions,"['Driver', 'Pedestrian']",East,['Passenger Van'],['Going Ahead'],['Driving Properly'],['Normal'],"['Crossing, no Traffic Control']",['Normal'],['Not Applicable'],['Not Applicable'],['Not Applicable'],False,"['55 to 59', '15 to 19']",3.0
664,2016-10-20 08:00:00,1922,2016,EGLINTON AVE E,HANNA RD,Major Arterial,North York,43.712084,-79.372058,631149.407,4841182.1957,Non Intersection,No Control,Rain,Dark,Wet,56,Leaside-Bennington,56,Leaside-Bennington (56),Fatal,1,0,1,0,0,0,0,1,0,1,0,0,0,Pedestrian Collisions,"['Pedestrian', 'Passenger', 'Driver']",East,"['Automobile, Station Wagon']",['Going Ahead'],['Driving Properly'],['Normal'],"['Crossing, no Traffic Control']",['Inattentive'],['Not Applicable'],['Not Applicable'],['Not Applicable'],True,"['60 to 64', '40 to 44', '30 to 34']",4.0
665,2016-10-21 08:00:00,1040,2016,ST CLAIR AVENUE EAST,WARDEN AVENUE,Major Arterial,Scarborough,43.711646,-79.282314,638380.4055,4841279.4599,Non Intersection,No Control,Rain,"Daylight, artificial",Wet,121,Oakridge,121,Oakridge (121),Non-Fatal Injury,0,0,1,0,0,0,0,0,0,0,0,0,0,SMV Other,['Driver'],West,['Delivery Van'],['Going Ahead'],['Lost control'],['Unknown'],['Not Applicable'],['Not Applicable'],['Not Applicable'],['Not Applicable'],['Not Applicable'],False,['55 to 59'],3.0
666,2016-10-21 08:00:00,1314,2016,DUNDAS ST W,DUFFERIN ST,Minor Arterial,Toronto and East York,43.649645,-79.431422,626498.0611,4834155.2866,At Intersection,Traffic Signal,Rain,Daylight,Wet,84,Little Portugal,84,Little Portugal (84),Non-Fatal Injury,1,0,1,0,0,0,0,0,0,0,0,0,0,Pedestrian Collisions,"['Driver', 'Pedestrian']",North,['Delivery Van'],['Turning Left'],['Driving Properly'],['Normal'],['Running onto Roadway'],['Normal'],['Not Applicable'],['Not Applicable'],['Not Applicable'],False,"['45 to 49', '70 to 74']",3.0
667,2016-10-27 08:00:00,707,2016,DUNDAS ST W,BLOOR ST W,Minor Arterial,Toronto and East York,43.655474,-79.452243,624806.8596,4834771.1454,Non Intersection,No Control,Rain,"Dusk, artificial",Wet,86,Roncesvalles,86,Roncesvalles (86),Non-Fatal Injury,1,0,0,0,0,1,0,0,0,0,0,0,0,Pedestrian Collisions,"['Driver', 'Pedestrian']",North,['Street Car'],['Going Ahead'],['Driving Properly'],['Normal'],"['Crossing, no Traffic Control']",['Normal'],['Not Applicable'],['Not Applicable'],['Not Applicable'],False,['55 to 59'],3.0
668,2016-10-27 08:00:00,1506,2016,STEELES AV W,KEELE ST,Major Arterial,North York,43.78168,-79.49377,621203.4807,4848726.4746,Non Intersection,No Control,Rain,Daylight,Wet,27,York University Heights,27,York University Heights (27),Non-Fatal Injury,1,0,1,0,0,0,0,0,0,0,0,0,0,Pedestrian Collisions,"['Driver', 'Pedestrian']",South,"['Automobile, Station Wagon']",['Going Ahead'],['Driving Properly'],['Normal'],['Running onto Roadway'],['Inattentive'],['Not Applicable'],['Not Applicable'],['Not Applicable'],False,"['60 to 64', '25 to 29']",3.0
669,2016-10-27 08:00:00,1549,2016,CHERRY ST,POLSON ST,Collector,Toronto and East York,43.641406,-79.349178,633148.9062,4833368.8929,Overpass or Bridge,No Control,Rain,Daylight,Wet,70,South Riverdale,70,South Riverdale (70),Fatal,0,0,1,0,0,0,0,0,1,1,0,0,0,SMV Other,['Driver'],North,"['Automobile, Station Wagon']",['Going Ahead'],['Lost control'],['Unknown'],['Not Applicable'],['Not Applicable'],['Not Applicable'],['Not Applicable'],['Not Applicable'],True,['50 to 54'],4.0
670,2016-10-27 08:00:00,1840,2016,LESLIE ST,LAWRENCE AVE E,Major Arterial,North York,43.734465,-79.355937,632398.8394,4843693.5633,At Intersection,Traffic Signal,Rain,"Dark, artificial",Wet,42,Banbury-Don Mills,42,Banbury-Don Mills (42),Non-Fatal Injury,1,0,1,0,0,0,0,0,0,1,0,0,0,Pedestrian Collisions,"['Driver', 'Pedestrian']",East,"['Automobile, Station Wagon']",['Turning Left'],['Failed to Yield Right of Way'],['Inattentive'],['Crossing with right of way'],['Normal'],['Not Applicable'],['Not Applicable'],['Not Applicable'],False,"['85 to 89', '65 to 69']",3.0
671,2016-10-29 08:00:00,1825,2016,LAWRENCE AVE W,CHATSWORTH DR,Major Arterial,North York,43.723117,-79.411304,627964.1728,4842346.2209,Intersection Related,No Control,Clear,"Dark, artificial",Dry,103,Lawrence Park South,103,Lawrence Park South (103),Non-Fatal Injury,0,0,1,1,0,0,0,0,0,0,0,0,0,Turning Movement,"['Driver', 'Motorcycle Driver']",East,"['Automobile, Station Wagon', 'Motorcycle']","['Making U Turn', 'Going Ahead']","['Improper Turn', 'Driving Properly']","['Inattentive', 'Normal']",['Not Applicable'],['Not Applicable'],['Not Applicable'],['Not Applicable'],['Not Applicable'],False,"['70 to 74', '50 to 54']",3.0
672,2016-10-30 08:00:00,227,2016,PHARMACY AVE,EGLINTON AVE E,Major Arterial,Scarborough,43.725642,-79.297504,637124.7212,4842808.6721,Intersection Related,No Control,Clear,Dark,Dry,120,Clairlea-Birchmount,120,Clairlea-Birchmount (120),Fatal,0,0,1,0,0,0,0,0,1,1,0,0,0,SMV Other,['Driver'],North,"['Automobile, Station Wagon']",['Going Ahead'],['Lost control'],['Had Been Drinking'],['Not Applicable'],['Not Applicable'],['Not Applicable'],['Not Applicable'],['Not Applicable'],True,['30 to 34'],4.0
673,2016-10-31 08:00:00,257,2016,F G GARDINER XY  E,JAMESON AVE,Expressway,Toronto and East York,43.633078,-79.435222,626226.2957,4832309.5235,Non Intersection,No Control,Clear,Dark,Dry,85,South Parkdale,85,South Parkdale (85),Fatal,0,0,1,0,0,0,0,0,1,1,0,0,0,SMV Other,['Driver'],East,"['Automobile, Station Wagon']",['Going Ahead'],['Lost control'],['Unknown'],['Not Applicable'],['Not Applicable'],['Not Applicable'],['Not Applicable'],['Not Applicable'],True,['25 to 29'],4.0
674,2016-10-31 08:00:00,2035,2016,LAWRENCE AVE E,DON MILLS RD,Major Arterial,North York,43.73693,-79.344211,633337.6902,4843986.1423,Non Intersection,No Control,Clear,"Dark, artificial",Dry,42,Banbury-Don Mills,42,Banbury-Don Mills (42),Non-Fatal Injury,1,0,1,0,0,0,0,1,1,1,0,1,0,Pedestrian Collisions,"['Driver', 'Passenger', 'Pedestrian']",Unknown,"['Automobile, Station Wagon']",['Going Ahead'],"['Exceeding Speed Limit', 'Driving Properly']","['Inattentive', 'Ability Impaired, Alcohol Over .08', 'Normal']",['On Sidewalk or Shoulder'],['Normal'],['Not Applicable'],['Not Applicable'],['Not Applicable'],False,"['40 to 44', '35 to 39', '5 to 9', '10 to 14']",3.0
675,2016-11-01 08:00:00,1300,2016,KIPLING AVE,JUTLAND RD,Major Arterial,Etobicoke York,43.626231,-79.528804,618690.7051,4831411.0369,At Intersection,Stop Sign,Clear,Daylight,Dry,159,Etobicoke City Centre,14,Islington-City Centre West (14),Non-Fatal Injury,0,0,1,1,0,0,0,0,0,1,0,0,0,Turning Movement,"['Driver', 'Motorcycle Driver']",North,"['Automobile, Station Wagon', 'Motorcycle']","['Turning Left', 'Going Ahead']","['Failed to Yield Right of Way', 'Driving Properly']","['Inattentive', 'Normal']",['Not Applicable'],['Not Applicable'],['Not Applicable'],['Not Applicable'],['Not Applicable'],False,"['40 to 44', '50 to 54']",3.0
676,2016-11-01 08:00:00,2100,2016,BAYVIEW AVE,HEATHCOTE AVE,Major Arterial,North York,43.753062,-79.385135,630007.1953,4845712.7927,Non Intersection,No Control,Clear,"Dark, artificial",Dry,40,St.Andrew-Windfields,40,St.Andrew-Windfields (40),Non-Fatal Injury,0,0,1,0,0,0,0,0,0,0,0,0,0,Turning Movement,['Driver'],North,"['Automobile, Station Wagon']","['Turning Left', 'Going Ahead']","['Improper Turn', 'Driving Properly']","['Unknown', 'Normal']",['Not Applicable'],['Not Applicable'],['Not Applicable'],['Not Applicable'],['Not Applicable'],False,"['20 to 24', '50 to 54']",3.0
677,2016-11-02 08:00:00,1948,2016,486 COLLEGE ST,Not Applicable,Major Arterial,Toronto and East York,43.656096,-79.409488,628253.2149,4834905.4231,Non Intersection,No Control,Rain,"Dark, artificial",Wet,81,Trinity-Bellwoods,81,Trinity-Bellwoods (81),Fatal,1,0,1,0,0,0,0,0,0,0,0,0,0,Pedestrian Collisions,"['Pedestrian', 'Driver']",North,"['Automobile, Station Wagon', 'Passenger Van']",['Going Ahead'],['Driving Properly'],['Normal'],"['Crossing, no Traffic Control']","['Inattentive', 'Normal']",['Not Applicable'],['Not Applicable'],['Not Applicable'],True,"['65 to 69', '30 to 34', '60 to 64', '45 to 49']",4.0
678,2016-11-03 08:00:00,226,2016,F G GARDINER XY  E,CHERRY ST,Expressway,Toronto and East York,43.648909,-79.3549,632670.8685,4834193.0355,Non Intersection,No Control,Clear,"Dark, artificial",Dry,166,St Lawrence-East Bayfront-The Islands,77,Waterfront Communities-The Island (77),Non-Fatal Injury,0,0,0,1,0,0,0,1,0,0,0,0,0,SMV Other,"['Motorcycle Driver', 'Motorcycle Passenger']",East,['Motorcycle'],['Going Ahead'],['Lost control'],['Inattentive'],['Not Applicable'],['Not Applicable'],['Not Applicable'],['Not Applicable'],['Not Applicable'],False,['20 to 24'],3.0
679,2016-11-03 08:00:00,1507,2016,PARLIAMENT ST,WELLESLEY ST E,Minor Arterial,Toronto and East York,43.668101,-79.369525,631449.5201,4836301.2848,At Intersection,Traffic Signal,Clear,Daylight,Dry,71,Cabbagetown-South St.James Town,71,Cabbagetown-South St.James Town (71),Non-Fatal Injury,0,1,0,0,1,0,0,0,0,0,0,0,0,Cyclist Collisions,"['Truck Driver', 'Cyclist']",South,"['Truck - Dump', 'Bicycle']","['Turning Right', 'Stopped']",['Improper Turn'],['Inattentive'],['Not Applicable'],['Not Applicable'],['Motorist turning right on red at signalized intersection strikes cyclist.'],['Other'],['Inattentive'],False,"['40 to 44', '25 to 29']",3.0
680,2016-11-03 08:00:00,1815,2016,LAWRENCE AVE E,GREENHOLM CRCT,Major Arterial,Scarborough,43.760241,-79.222949,643047.2704,4846777.4899,At Intersection,No Control,Clear,"Dusk, artificial",Dry,141,Golfdale-Cedarbrae-Woburn,137,Woburn (137),Non-Fatal Injury,1,0,1,0,0,0,0,0,0,0,0,0,0,Pedestrian Collisions,"['Driver', 'Pedestrian']",East,"['Automobile, Station Wagon']",['Going Ahead'],['Driving Properly'],['Normal'],['Crossing marked crosswalk without ROW'],['Had Been Drinking'],['Not Applicable'],['Not Applicable'],['Not Applicable'],False,"['70 to 74', '60 to 64']",3.0
681,2016-11-03 08:00:00,2201,2016,401 W ALLEN YORKDALE RAMP,YORKDALE RD,Minor Arterial,North York,43.727496,-79.449474,624880.5791,4842774.3425,Intersection Related,Traffic Signal,Clear,Dark,Dry,31,Yorkdale-Glen Park,31,Yorkdale-Glen Park (31),Non-Fatal Injury,0,0,1,0,0,0,0,0,0,0,0,0,0,SMV Other,['Driver'],South,"['Automobile, Station Wagon']",['Going Ahead'],['Lost control'],['Unknown'],['Not Applicable'],['Not Applicable'],['Not Applicable'],['Not Applicable'],['Not Applicable'],False,['20 to 24'],3.0
682,2016-11-05 08:00:00,32,2016,BRUYERES  MEWS,IANNUZZI  ST,Pending,Toronto and East York,43.637377,-79.401897,628905.3662,4832838.196,Non Intersection,No Control,Clear,Dark,Dry,163,Fort York-Liberty Village,82,Niagara (82),Non-Fatal Injury,0,0,1,0,0,0,0,1,1,1,0,0,0,Turning Movement,"['Driver', 'Passenger']",West,"['Automobile, Station Wagon', 'Pick Up Truck']","['Going Ahead', 'Making U Turn', 'Stopped']","['Disobeyed Traffic Control', 'Driving Properly']","['Unknown', 'Normal']",['Not Applicable'],['Not Applicable'],['Not Applicable'],['Not Applicable'],['Not Applicable'],False,"['20 to 24', '30 to 34', '50 to 54']",3.0
683,2016-11-06 09:00:00,1155,2016,BLOOR ST W,GRENVIEW BLVD N,Major Arterial,Etobicoke York,43.648158,-79.507747,620345.7419,4833876.624,At Intersection,Stop Sign,Clear,Daylight,Dry,16,Stonegate-Queensway,16,Stonegate-Queensway (16),Fatal,1,0,1,0,0,0,0,0,0,1,0,0,0,Pedestrian Collisions,"['Pedestrian', 'Driver']",East,['Pick Up Truck'],['Turning Right'],['Failed to Yield Right of Way'],['Normal'],['Crossing with right of way'],['Other'],['Not Applicable'],['Not Applicable'],['Not Applicable'],True,"['Over 95', '25 to 29']",4.0
684,2016-11-06 09:00:00,1900,2016,MARKHAM RD,ROSEBANK DR,Major Arterial,Scarborough,43.791438,-79.237788,641779.0096,4850216.8823,Intersection Related,No Control,Clear,"Dark, artificial",Dry,146,Malvern East,132,Malvern (132),Non-Fatal Injury,1,0,1,0,0,0,0,0,0,0,0,0,0,Pedestrian Collisions,"['Driver', 'Other', 'Pedestrian']",South,['Passenger Van'],['Going Ahead'],['Driving Properly'],['Normal'],"['Crossing, no Traffic Control']",['Inattentive'],['Not Applicable'],['Not Applicable'],['Not Applicable'],False,"['75 to 79', '50 to 54', '70 to 74']",3.0
685,2016-11-07 10:00:00,805,2016,ANCASTER RD,REGENT RD,Local,North York,43.731738,-79.465846,623553.2316,4843220.9356,At Intersection,No Control,Clear,Daylight,Dry,155,Downsview,26,Downsview-Roding-CFB (26),Non-Fatal Injury,0,0,1,0,0,0,0,1,0,1,0,0,0,Turning Movement,"['Driver', 'Passenger']",North,"['Automobile, Station Wagon']","['Turning Left', 'Going Ahead']","['Failed to Yield Right of Way', 'Driving Properly']","['Inattentive', 'Normal']",['Not Applicable'],['Not Applicable'],['Not Applicable'],['Not Applicable'],['Not Applicable'],False,"['35 to 39', '30 to 34', '0 to 4']",3.0
686,2016-11-07 10:00:00,935,2016,AVENUE RD,ROXBOROUGH ST W,Major Arterial,Toronto and East York,43.676688,-79.397388,629184.7457,4837211.2136,At Intersection,No Control,Clear,Daylight,Dry,95,Annex,95,Annex (95),Non-Fatal Injury,1,0,1,0,0,0,0,1,0,1,0,0,0,Pedestrian Collisions,"['Driver', 'Passenger', 'Pedestrian']",North,"['Automobile, Station Wagon']","['Turning Left', 'Going Ahead']","['Failed to Yield Right of Way', 'Driving Properly']","['Inattentive', 'Normal']",['Not Applicable'],['Unknown'],['Not Applicable'],['Not Applicable'],['Not Applicable'],False,"['55 to 59', '50 to 54', '25 to 29']",3.0
687,2016-11-07 10:00:00,1911,2016,ISLINGTON AVE,CORDOVA AVE,Major Arterial,Etobicoke York,43.647818,-79.524829,618968.7894,4833814.2336,Non Intersection,No Control,Clear,Dark,Dry,158,Islington,14,Islington-City Centre West (14),Non-Fatal Injury,1,0,1,0,0,0,0,1,0,0,0,0,0,Pedestrian Collisions,"['Driver', 'Pedestrian', 'Passenger']",North,"['Automobile, Station Wagon', 'Pick Up Truck']",['Going Ahead'],['Driving Properly'],['Normal'],"['Crossing, no Traffic Control']",['Normal'],['Not Applicable'],['Not Applicable'],['Not Applicable'],False,"['40 to 44', '50 to 54', '45 to 49', '30 to 34', '10 to 14', '5 to 9']",3.0
688,2016-11-08 10:00:00,1833,2016,ISLINGTON AVE,SUMMITCREST DR,Major Arterial,Etobicoke York,43.683188,-79.540462,617638.9106,4837720.2403,At Intersection,Traffic Signal,Rain,"Dark, artificial",Wet,7,Willowridge-Martingrove-Richview,7,Willowridge-Martingrove-Richview (7),Non-Fatal Injury,1,0,1,0,0,0,0,0,0,1,0,0,0,Pedestrian Collisions,"['Driver', 'Pedestrian']",East,"['Automobile, Station Wagon']",['Turning Left'],['Failed to Yield Right of Way'],['Inattentive'],['Crossing with right of way'],['Normal'],['Not Applicable'],['Not Applicable'],['Not Applicable'],False,"['65 to 69', '15 to 19']",3.0
689,2016-11-10 10:00:00,1732,2016,BRIMLEY RD,GAGE AVE,Major Arterial,Scarborough,43.750491,-79.254108,640561.862,4845641.2523,Non Intersection,No Control,Clear,"Dark, artificial",Dry,157,Bendale South,127,Bendale (127),Fatal,1,0,1,0,0,0,0,0,0,0,0,0,0,Pedestrian Collisions,"['Driver', 'Pedestrian']",West,['Passenger Van'],['Going Ahead'],['Driving Properly'],['Normal'],"['Crossing, no Traffic Control']","['Inattentive', 'Unknown']",['Not Applicable'],['Not Applicable'],['Not Applicable'],True,"['70 to 74', '60 to 64', '65 to 69']",4.0
690,2016-11-12 10:00:00,1241,2016,WILLOWDALE AVE,ABITIBI AVE,Minor Arterial,North York,43.797526,-79.413745,627609.2692,4850606.6912,At Intersection,Traffic Signal,Clear,Daylight,Dry,50,Newtonbrook East,50,Newtonbrook East (50),Non-Fatal Injury,0,0,1,1,0,0,0,0,0,1,0,0,0,Turning Movement,"['Driver', 'Motorcycle Driver']",North,"['Automobile, Station Wagon', 'Motorcycle']","['Turning Left', 'Going Ahead']","['Failed to Yield Right of Way', 'Driving Properly']","['Inattentive', 'Normal']",['Not Applicable'],['Not Applicable'],['Not Applicable'],['Not Applicable'],['Not Applicable'],False,"['50 to 54', '55 to 59']",3.0
691,2016-11-13 10:00:00,2225,2016,SHEPPARD AVE W,ARLETA AVE,Major Arterial,Etobicoke York,43.741427,-79.50146,620665.5693,4844244.5524,At Intersection,Traffic Signal,Clear,"Dark, artificial",Dry,25,Glenfield-Jane Heights,25,Glenfield-Jane Heights (25),Non-Fatal Injury,0,0,1,1,0,0,0,0,1,1,0,0,0,Turning Movement,"['Driver', 'Motorcycle Driver']",West,"['Automobile, Station Wagon', 'Motorcycle']","['Turning Left', 'Going Ahead']","['Failed to Yield Right of Way', 'Speed too Fast For Condition', 'Driving Properly']","['Inattentive', 'Normal']",['Not Applicable'],['Not Applicable'],['Not Applicable'],['Not Applicable'],['Not Applicable'],False,"['25 to 29', '45 to 49', '50 to 54']",3.0
692,2016-11-14 10:00:00,814,2016,ARAGON AVE,SHEPPARD AVE E,Major Arterial,Scarborough,43.77949,-79.304355,636450.477,4848777.9941,At Intersection,Traffic Signal,Clear,Daylight,Dry,118,Tam O'Shanter-Sullivan,118,Tam O'Shanter-Sullivan (118),Fatal,1,0,1,0,0,0,0,0,0,1,0,0,0,Pedestrian Collisions,"['Driver', 'Pedestrian']",East,['Pick Up Truck'],['Turning Right'],['Failed to Yield Right of Way'],['Unknown'],['Crossing with right of way'],['Normal'],['Not Applicable'],['Not Applicable'],['Not Applicable'],True,"['unknown', '75 to 79']",4.0
693,2016-11-18 10:00:00,318,2016,SHEPPARD AVE E,YONGE ST,Major Arterial,North York,43.761435,-79.410892,627915.7264,4846602.6341,At Intersection,Traffic Signal,Clear,"Dark, artificial",Dry,153,Avondale,51,Willowdale East (51),Non-Fatal Injury,1,0,0,0,0,1,0,0,0,0,0,0,0,Pedestrian Collisions,"['Driver', 'Pedestrian']",East,['Intercity Bus'],['Going Ahead'],['Driving Properly'],['Unknown'],['Running onto Roadway'],['Inattentive'],['Not Applicable'],['Not Applicable'],['Not Applicable'],False,"['45 to 49', '20 to 24']",3.0