accident_number,date,time,year,street1,street2,road_class,district,latitude,longitude,x,y,accident_location,traffctl,visibility,light,road_surface_condition,hood_158,neighbourhood_new,hood_140,neighbourhood_old,accident_class,pedestrian,cyclist,automobile,motorcycle,truck,trsn_city_veh,emerg_veh,passenger,speeding,aggressive_driving,redlight,alcohol,disability,impact_type,involvement_type,initial_direction,vehicle_type,manoeuver,driver_action,driver_condition,pedestrian_action,pedestrian_condition,cyclist_type,cyclist_action,cyclist_condition,injury,involvement_age,injury_severity_score
694,2016-11-18 10:00:00,1354,2016,BLOOR ST W,RENFORTH DR,Major Arterial,Etobicoke York,43.635283,-79.563747,615854.2168,4832367.0123,Intersection Related,No Control,Clear,Daylight,Dry,12,Markland Wood,12,Markland Wood (12),Non-Fatal Injury,1,0,1,0,0,0,0,0,0,0,0,0,0,Pedestrian Collisions,"['Driver', 'Pedestrian']",North,"['Automobile, Station Wagon']",['Going Ahead'],['Driving Properly'],['Normal'],['Crossing without right of way'],['Inattentive'],['Not Applicable'],['Not Applicable'],['Not Applicable'],False,"['20 to 24', '80 to 84']",3.0
695,2016-11-19 10:00:00,1807,2016,KENNEDY RD,MCNICOLL AVE,Major Arterial,Scarborough,43.812064,-79.301906,636573.3227,4852399.8949,At Intersection,Traffic Signal,Clear,"Dark, artificial",Dry,130,Milliken,130,Milliken (130),Non-Fatal Injury,0,1,1,0,0,0,0,0,0,0,0,0,0,Cyclist Collisions,"['Driver', 'Cyclist']",South,"['Automobile, Station Wagon', 'Bicycle']","['Turning Left', 'Going Ahead']",['Improper Turn'],['Inattentive'],['Not Applicable'],['Not Applicable'],['Motorist turned left across cyclists path.'],['Driving Properly'],['Normal'],False,"['70 to 74', '55 to 59']",3.0
696,2016-11-22 10:00:00,649,2016,DEANS DR,WARDEN AVE,Major Arterial,Scarborough,43.716109,-79.282733,638336.3798,4841774.4414,At Intersection,Traffic Signal,Clear,"Dark, artificial",Wet,120,Clairlea-Birchmount,120,Clairlea-Birchmount (120),Non-Fatal Injury,1,0,1,0,0,0,0,1,0,0,0,0,0,Pedestrian Collisions,"['Driver', 'Pedestrian', 'Passenger']",East,"['Automobile, Station Wagon']",['Turning Left'],['Improper Turn'],['Inattentive'],['Crossing with right of way'],['Normal'],['Not Applicable'],['Not Applicable'],['Not Applicable'],False,"['35 to 39', '70 to 74', '50 to 54']",3.0
697,2016-11-22 10:00:00,2040,2016,MELROSE ST,GARROCH PL,Local,Etobicoke York,43.618716,-79.506374,620515.3051,4830608.7141,At Intersection,No Control,Clear,"Dark, artificial",Dry,160,Mimico-Queensway,17,Mimico (includes Humber Bay Shores) (17),Non-Fatal Injury,1,0,1,0,0,0,0,0,0,1,0,0,0,Pedestrian Collisions,"['Driver', 'Pedestrian']",East,"['Automobile, Station Wagon']",['Turning Left'],['Failed to Yield Right of Way'],['Inattentive'],['Crossing with right of way'],['Normal'],['Not Applicable'],['Not Applicable'],['Not Applicable'],False,"['25 to 29', '85 to 89']",3.0
698,2016-11-23 10:00:00,1515,2016,CENTENNIAL PARK BLVD,EGLINTON AVE W,Major Arterial,Etobicoke York,43.65576,-79.598361,613023.6787,4834593.5125,At Intersection,Traffic Signal,Clear,Daylight,Dry,11,Eringate-Centennial-West Deane,11,Eringate-Centennial-West Deane (11),Non-Fatal Injury,0,0,1,0,0,0,0,0,0,0,0,0,0,Turning Movement,['Driver'],South,"['Automobile, Station Wagon']",['Going Ahead'],['Driving Properly'],['Normal'],['Not Applicable'],['Not Applicable'],['Not Applicable'],['Not Applicable'],['Not Applicable'],False,"['55 to 59', '20 to 24']",3.0
699,2016-11-24 10:00:00,2010,2016,300 GEORGE ST,Not Applicable,Local,Toronto and East York,43.657778,-79.373676,631137.3358,4835148.2086,At/Near Private Drive,No Control,Clear,Dark,Wet,73,Moss Park,73,Moss Park (73),Fatal,1,0,1,0,0,0,0,0,0,0,0,0,0,Pedestrian Collisions,"['Pedestrian', 'Driver']",East,"['Automobile, Station Wagon']",['Going Ahead'],['Other'],['Normal'],['Other'],['Unknown'],['Not Applicable'],['Not Applicable'],['Not Applicable'],True,"['70 to 74', '35 to 39']",4.0
700,2016-11-25 10:00:00,251,2016,FINCH AVE E,MIDLAND AVE,Major Arterial,Scarborough,43.803679,-79.28625,637851.7961,4851494.5675,At Intersection,Traffic Signal,"Fog, Mist, Smoke, Dust","Dark, artificial",Wet,129,Agincourt North,129,Agincourt North (129),Non-Fatal Injury,0,0,1,0,0,0,0,1,1,1,0,0,0,Turning Movement,"['Driver', 'Passenger']",East,"['Automobile, Station Wagon']","['Going Ahead', 'Turning Left']","['Exceeding Speed Limit', 'Driving Properly']",['Normal'],['Not Applicable'],['Not Applicable'],['Not Applicable'],['Not Applicable'],['Not Applicable'],False,"['20 to 24', '15 to 19', '25 to 29']",3.0
701,2016-11-25 10:00:00,1403,2016,DUNDAS ST W,CORDOVA AVE,Major Arterial,Etobicoke York,43.649054,-79.528392,618679.006,4833946.4057,Intersection Related,No Control,Clear,Daylight,Dry,158,Islington,14,Islington-City Centre West (14),Non-Fatal Injury,0,0,1,0,0,0,0,1,1,1,0,0,0,Approaching,"['Driver', 'Passenger']",East,"['Automobile, Station Wagon']",['Going Ahead'],"['Lost control', 'Driving Properly']","['Unknown', 'Normal']",['Not Applicable'],['Not Applicable'],['Not Applicable'],['Not Applicable'],['Not Applicable'],False,"['40 to 44', '85 to 89', '55 to 59', '20 to 24', '65 to 69', '75 to 79']",3.0
702,2016-11-26 10:00:00,1807,2016,YORK MILLS RD,SCARSDALE RD,Major Arterial,North York,43.753421,-79.357456,632234.7673,4845796.4825,At Intersection,Traffic Signal,Rain,"Dark, artificial",Wet,42,Banbury-Don Mills,42,Banbury-Don Mills (42),Non-Fatal Injury,1,0,1,0,0,0,0,0,0,1,0,0,0,Pedestrian Collisions,"['Driver', 'Pedestrian']",South,"['Automobile, Station Wagon']",['Turning Left'],['Failed to Yield Right of Way'],['Inattentive'],['Crossing with right of way'],"['Normal', 'Unknown']",['Not Applicable'],['Not Applicable'],['Not Applicable'],False,"['40 to 44', '60 to 64', '65 to 69']",3.0
703,2016-11-28 10:00:00,124,2016,1595 BATHURST ST,LONSMOUNT DR,Major Arterial,Toronto and East York,43.689776,-79.421008,627253.0707,4838628.2974,Non Intersection,No Control,Clear,"Dark, artificial",Dry,106,Humewood-Cedarvale,106,Humewood-Cedarvale (106),Non-Fatal Injury,1,0,1,0,0,0,0,0,0,0,0,0,0,Pedestrian Collisions,"['Driver', 'Pedestrian']",South,"['Automobile, Station Wagon']",['Going Ahead'],['Driving Properly'],['Normal'],"['Crossing, no Traffic Control']",['Had Been Drinking'],['Not Applicable'],['Not Applicable'],['Not Applicable'],False,"['60 to 64', '70 to 74']",3.0
704,2016-11-28 10:00:00,2153,2016,BLOOR ST E,PARLIAMENT ST,Major Arterial,Toronto and East York,43.671935,-79.370654,631350.1351,4836725.3139,At Intersection,Traffic Signal,Clear,Dark,Dry,71,Cabbagetown-South St.James Town,71,Cabbagetown-South St.James Town (71),Fatal,0,0,1,0,0,0,0,1,1,1,0,0,0,SMV Other,"['Driver', 'Passenger']",East,"['Automobile, Station Wagon']",['Going Ahead'],['Lost control'],"['Ability Impaired, Drugs']",['Not Applicable'],['Not Applicable'],['Not Applicable'],['Not Applicable'],['Not Applicable'],True,"['20 to 24', '25 to 29']",4.0
705,2016-11-29 10:00:00,720,2016,THE EAST MALL,RATHBURN RD,Minor Arterial,Etobicoke York,43.656016,-79.565013,615712.2827,4834667.9064,Non Intersection,No Control,Rain,"Dawn, artificial",Wet,11,Eringate-Centennial-West Deane,11,Eringate-Centennial-West Deane (11),Non-Fatal Injury,1,0,1,0,0,0,0,1,0,0,0,0,0,Pedestrian Collisions,"['Driver', 'Pedestrian', 'Passenger']",South,"['Automobile, Station Wagon']",['Going Ahead'],['Driving Properly'],['Normal'],"['Crossing, no Traffic Control']",['Normal'],['Not Applicable'],['Not Applicable'],['Not Applicable'],False,"['55 to 59', '70 to 74', '50 to 54']",3.0
706,2016-11-29 10:00:00,2208,2016,BENTWORTH AVE,DUFFERIN ST,Major Arterial,North York,43.721705,-79.456401,624334.6479,4842120.7539,At Intersection,Traffic Signal,Clear,"Dark, artificial",Dry,31,Yorkdale-Glen Park,31,Yorkdale-Glen Park (31),Non-Fatal Injury,1,0,1,0,0,0,0,0,0,1,0,0,0,Pedestrian Collisions,"['Driver', 'Pedestrian']",East,"['Automobile, Station Wagon']",['Turning Left'],['Failed to Yield Right of Way'],['Inattentive'],['Crossing with right of way'],['Normal'],['Not Applicable'],['Not Applicable'],['Not Applicable'],False,"['35 to 39', '25 to 29']",3.0
707,2016-11-30 10:00:00,2106,2016,CONCORDE GT,CONCORDE PL,Collector,North York,43.729285,-79.328357,634631.528,4843162.6893,At/Near Private Drive,No Control,Rain,"Dark, artificial",Wet,42,Banbury-Don Mills,42,Banbury-Don Mills (42),Non-Fatal Injury,1,0,1,0,0,0,0,0,1,1,0,0,0,Pedestrian Collisions,"['Driver', 'Pedestrian']",North,"['Automobile, Station Wagon']",['Going Ahead'],['Speed too Fast For Condition'],['Normal'],['Crossing without right of way'],['Normal'],['Not Applicable'],['Not Applicable'],['Not Applicable'],False,"['35 to 39', '65 to 69']",3.0
708,2016-12-01 10:00:00,1335,2016,COSBURN AVE,CEDARVALE AVE,Collector,Toronto and East York,43.696753,-79.315616,635731.1033,4839570.3219,At Intersection,Pedestrian Crossover,Clear,Daylight,Dry,60,Woodbine-Lumsden,60,Woodbine-Lumsden (60),Fatal,1,0,1,0,0,0,0,0,0,1,0,0,0,Pedestrian Collisions,"['Driver', 'Pedestrian']",North,['Pick Up Truck'],['Turning Left'],['Failed to Yield Right of Way'],['Inattentive'],"['Crossing, Pedestrian Crossover']",['Normal'],['Not Applicable'],['Not Applicable'],['Not Applicable'],True,"['60 to 64', '65 to 69']",4.0
709,2016-12-02 10:00:00,246,2016,PORTLAND ST,ADELAIDE ST W,Major Arterial,Toronto and East York,43.645659,-79.400592,628992.9053,4833760.0465,Intersection Related,No Control,Clear,"Dark, artificial",Dry,164,Wellington Place,77,Waterfront Communities-The Island (77),Non-Fatal Injury,0,0,1,0,0,0,0,1,1,1,0,0,0,SMV Unattended Vehicle,"['Driver', 'Passenger']",North,"['Automobile, Station Wagon']",['Going Ahead'],['Lost control'],['Unknown'],['Not Applicable'],['Not Applicable'],['Not Applicable'],['Not Applicable'],['Not Applicable'],False,['20 to 24'],3.0
710,2016-12-03 10:00:00,708,2016,VICTORIA PARK AVE,YORK MILLS RD,Major Arterial,North York,43.763381,-79.317676,635414.8618,4846966.9711,Non Intersection,No Control,Clear,"Dawn, artificial",Dry,119,Wexford/Maryvale,119,Wexford/Maryvale (119),Non-Fatal Injury,1,0,1,0,0,0,0,0,0,0,0,0,0,Pedestrian Collisions,"['Driver', 'Pedestrian']",East,"['Automobile, Station Wagon']",['Going Ahead'],['Driving Properly'],['Normal'],"['Crossing, no Traffic Control']",['Had Been Drinking'],['Not Applicable'],['Not Applicable'],['Not Applicable'],False,"['45 to 49', '50 to 54']",3.0
711,2016-12-04 10:00:00,706,2016,SCARBOROUGH GOLF CLUB RD,KINGSTON RD,Major Arterial,Scarborough,43.745928,-79.209316,644179.069,4845211.4503,At Intersection,Traffic Signal,Clear,Dawn,Dry,140,Guildwood,140,Guildwood (140),Non-Fatal Injury,0,0,1,0,0,0,0,1,0,1,1,1,0,Angle,"['Driver', 'Passenger']",South,"['Automobile, Station Wagon']",['Going Ahead'],"['Disobeyed Traffic Control', 'Driving Properly']","['Ability Impaired, Alcohol Over .08', 'Normal']",['Not Applicable'],['Not Applicable'],['Not Applicable'],['Not Applicable'],['Not Applicable'],False,"['15 to 19', '55 to 59', '30 to 34']",3.0
712,2016-12-04 10:00:00,2315,2016,CARLTON STREET,HOMEWOOD AVENUE,Minor Arterial,Toronto and East York,43.662909,-79.374309,631075.1279,4835717.0742,At Intersection,No Control,Rain,"Dark, artificial",Wet,73,Moss Park,73,Moss Park (73),Non-Fatal Injury,1,0,1,0,0,0,0,0,0,1,0,0,0,Pedestrian Collisions,"['Driver', 'Pedestrian']",East,"['Automobile, Station Wagon']",['Turning Left'],['Failed to Yield Right of Way'],['Inattentive'],['Crossing with right of way'],['Normal'],['Not Applicable'],['Not Applicable'],['Not Applicable'],False,"['75 to 79', '25 to 29']",3.0
713,2016-12-06 10:00:00,712,2016,BATHURST ST,REINER RD,Major Arterial,North York,43.752669,-79.437747,625772.3701,4845587.9105,At Intersection,No Control,Clear,Daylight,Dry,38,Lansing-Westgate,38,Lansing-Westgate (38),Fatal,1,0,1,0,0,0,0,0,0,0,0,0,0,Pedestrian Collisions,"['Pedestrian', 'Driver']",East,"['Automobile, Station Wagon']",['Going Ahead'],['Driving Properly'],['Unknown'],"['Crossing, no Traffic Control']",['Unknown'],['Not Applicable'],['Not Applicable'],['Not Applicable'],True,"['85 to 89', '50 to 54']",4.0
714,2016-12-06 10:00:00,1535,2016,BLOOR ST W,ALBANY AVE,Major Arterial,Toronto and East York,43.665316,-79.409953,628196.0944,4835928.7074,At Intersection,No Control,Clear,Daylight,Dry,79,University,79,University (79),Non-Fatal Injury,0,1,1,0,0,0,0,0,0,1,0,0,0,Cyclist Collisions,"['Driver', 'Cyclist']",East,"['Automobile, Station Wagon', 'Bicycle']","['Turning Left', 'Going Ahead']",['Failed to Yield Right of Way'],['Inattentive'],['Not Applicable'],['Not Applicable'],['Motorist turned left across cyclists path.'],['Driving Properly'],['Normal'],False,"['unknown', '65 to 69']",3.0
715,2016-12-06 10:00:00,1836,2016,DUFFERIN ST,KING ST W,Major Arterial,Toronto and East York,43.638888,-79.427333,626850.4603,4832966.8242,At Intersection,Traffic Signal,Rain,"Dark, artificial",Wet,85,South Parkdale,85,South Parkdale (85),Non-Fatal Injury,1,0,1,0,0,0,0,0,0,0,0,0,0,Pedestrian Collisions,"['Driver', 'Pedestrian']",South,"['Automobile, Station Wagon']",['Turning Left'],['Driving Properly'],['Normal'],['Crossing without right of way'],['Inattentive'],['Not Applicable'],['Not Applicable'],['Not Applicable'],False,"['20 to 24', '80 to 84']",3.0
716,2016-12-06 10:00:00,1837,2016,Queen St E,Dalhousie St,Major Arterial,Toronto and East York,43.653231,-79.375102,631032.2395,4834640.9513,Non Intersection,No Control,Rain,"Dark, artificial",Wet,168,Downtown Yonge East,75,Church-Yonge Corridor (75),Non-Fatal Injury,1,0,1,0,0,0,0,0,0,0,0,0,0,Pedestrian Collisions,"['Driver', 'Pedestrian']",South,"['Automobile, Station Wagon']",['Going Ahead'],['Driving Properly'],['Normal'],"['Crossing, no Traffic Control']",['Normal'],['Not Applicable'],['Not Applicable'],['Not Applicable'],False,"['35 to 39', '75 to 79', '70 to 74']",3.0
717,2016-12-06 10:00:00,2220,2016,GERRARD ST E,COXWELL AVE,Minor Arterial,Toronto and East York,43.675257,-79.320285,635403.2188,4837175.2591,At Intersection,Traffic Signal,Rain,"Dark, artificial",Wet,65,Greenwood-Coxwell,65,Greenwood-Coxwell (65),Non-Fatal Injury,1,0,1,0,0,0,0,0,0,1,0,0,0,Pedestrian Collisions,"['Driver', 'Pedestrian']",West,"['Automobile, Station Wagon']",['Turning Left'],['Failed to Yield Right of Way'],['Inattentive'],['Crossing with right of way'],['Normal'],['Not Applicable'],['Not Applicable'],['Not Applicable'],False,['50 to 54'],3.0
718,2016-12-06 10:00:00,2220,2016,COXWELL AVE,GERRARD ST E,Minor Arterial,Toronto and East York,43.675265,-79.320262,635405.0548,4837176.1851,At Intersection,Traffic Signal,Rain,"Dark, artificial",Wet,64,Woodbine Corridor,64,Woodbine Corridor (64),Non-Fatal Injury,1,0,1,0,0,0,0,0,0,1,0,0,0,Pedestrian Collisions,"['Pedestrian', 'Driver']",West,"['Automobile, Station Wagon']",['Turning Left'],['Failed to Yield Right of Way'],['Inattentive'],['Crossing with right of way'],['Normal'],['Not Applicable'],['Not Applicable'],['Not Applicable'],False,['50 to 54'],3.0
719,2016-12-09 10:00:00,255,2016,KINGSTON RD,OLD KINGSTON RD,Major Arterial,Scarborough,43.773932,-79.183063,646224.6478,4848367.762,At Intersection,Traffic Signal,Clear,"Dark, artificial",Wet,136,West Hill,136,West Hill (136),Non-Fatal Injury,0,0,1,0,0,0,0,0,1,1,0,1,0,SMV Other,['Driver'],East,"['Automobile, Station Wagon']",['Going Ahead'],['Lost control'],"['Ability Impaired, Alcohol']",['Not Applicable'],['Not Applicable'],['Not Applicable'],['Not Applicable'],['Not Applicable'],False,['20 to 24'],3.0
720,2016-12-11 10:00:00,1514,2016,BLACK CREEK DR,LAWRENCE AVE W,Major Arterial,Etobicoke York,43.703303,-79.491756,621524.0173,4840024.5223,Non Intersection,No Control,Snow,Daylight,Loose Snow,30,Brookhaven-Amesbury,30,Brookhaven-Amesbury (30),Non-Fatal Injury,0,0,1,0,0,0,0,1,0,0,0,0,0,SMV Other,"['Driver', 'Passenger']",North,"['Automobile, Station Wagon']",['Going Ahead'],['Lost control'],['Normal'],['Not Applicable'],['Not Applicable'],['Not Applicable'],['Not Applicable'],['Not Applicable'],False,"['75 to 79', '35 to 39']",3.0
721,2016-12-12 10:00:00,2106,2016,LAKE SHORE BLVD W,PARKSIDE DR,Major Arterial,Toronto and East York,43.637873,-79.448924,625111.0317,4832821.3252,Non Intersection,No Control,Clear,"Dark, artificial",Dry,85,South Parkdale,85,South Parkdale (85),Non-Fatal Injury,0,0,1,0,0,0,0,0,1,1,0,0,0,SMV Other,['Driver'],East,"['Automobile, Station Wagon']",['Going Ahead'],['Lost control'],['Unknown'],['Not Applicable'],['Not Applicable'],['Not Applicable'],['Not Applicable'],['Not Applicable'],False,['30 to 34'],3.0
722,2016-12-12 10:00:00,2255,2016,232 SEATON ST,Not Applicable,Local,Toronto and East York,43.660491,-79.370273,631405.8184,4835454.9074,Non Intersection,No Control,Clear,"Dark, artificial",Loose Snow,73,Moss Park,73,Moss Park (73),Non-Fatal Injury,1,0,1,0,0,0,0,0,0,0,0,0,0,Pedestrian Collisions,"['Driver', 'Pedestrian']",South,"['Automobile, Station Wagon']",['Pulling Away from Shoulder or Curb'],['Other'],['Unknown'],['Other'],['Normal'],['Not Applicable'],['Not Applicable'],['Not Applicable'],False,"['unknown', '65 to 69']",3.0
723,2016-12-13 10:00:00,1440,2016,MIDLAND AVE,KILCULLEN CASTLE GT,Major Arterial,Scarborough,43.81116,-79.290668,637479.2498,4852318.1029,Non Intersection,No Control,Clear,Daylight,Dry,130,Milliken,129,Agincourt North (129),Fatal,1,0,1,0,0,0,0,0,0,0,0,0,0,Pedestrian Collisions,"['Driver', 'Pedestrian']",South,"['Automobile, Station Wagon']",['Going Ahead'],['Driving Properly'],['Normal'],"['Crossing, no Traffic Control']",['Normal'],['Not Applicable'],['Not Applicable'],['Not Applicable'],True,"['55 to 59', '70 to 74']",4.0
724,2016-12-14 10:00:00,1036,2016,PARK RD,CHURCH ST,Major Arterial,Toronto and East York,43.672099,-79.384769,630211.8843,4836721.2744,At Intersection,Traffic Signal,Clear,Daylight,Dry,98,Rosedale-Moore Park,98,Rosedale-Moore Park (98),Non-Fatal Injury,1,0,1,0,0,0,0,0,0,1,0,0,0,Pedestrian Collisions,"['Driver', 'Pedestrian']",North,"['Automobile, Station Wagon']",['Turning Left'],['Failed to Yield Right of Way'],['Inattentive'],['Crossing with right of way'],['Normal'],['Not Applicable'],['Not Applicable'],['Not Applicable'],False,"['50 to 54', '25 to 29']",3.0
725,2016-12-14 10:00:00,1704,2016,QUEENS QY W,YORK ST,Minor Arterial,Toronto and East York,43.639723,-79.380908,630593.3058,4833131.5598,Non Intersection,No Control,Clear,Dark,Dry,165,Harbourfront-CityPlace,77,Waterfront Communities-The Island (77),Non-Fatal Injury,1,0,1,0,0,0,0,0,0,0,0,0,0,Pedestrian Collisions,"['Driver', 'Pedestrian']",East,"['Automobile, Station Wagon']",['Going Ahead'],['Driving Properly'],['Normal'],"['Crossing, no Traffic Control']",['Inattentive'],['Not Applicable'],['Not Applicable'],['Not Applicable'],False,"['65 to 69', '50 to 54']",3.0
726,2016-12-16 10:00:00,1312,2016,EGLINTON AVE E,PRUDHAM GT,Major Arterial,Scarborough,43.728209,-79.285533,638083.0179,4843113.654,Non Intersection,No Control,Clear,Daylight,Slush,120,Clairlea-Birchmount,120,Clairlea-Birchmount (120),Non-Fatal Injury,1,0,0,0,0,1,0,0,0,0,0,0,0,Pedestrian Collisions,"['Driver', 'Pedestrian']",East,['Municipal Transit Bus (TTC)'],['Going Ahead'],['Driving Properly'],['Normal'],['Running onto Roadway'],['Other'],['Not Applicable'],['Not Applicable'],['Not Applicable'],False,"['25 to 29', '65 to 69']",3.0
727,2016-12-18 10:00:00,2236,2016,SB DON VALLEY PKWY,POTTERY RD,Major Arterial,Toronto and East York,43.683962,-79.361606,632053.1637,4838075.4437,Non Intersection,No Control,Clear,"Dark, artificial",Dry,57,Broadview North,57,Broadview North (57),Non-Fatal Injury,1,0,1,0,0,0,0,0,0,1,0,0,0,Pedestrian Collisions,"['Driver', 'Pedestrian']",South,['Passenger Van'],['Going Ahead'],['Driving Properly'],['Normal'],['Playing or Working on Highway'],['Medical or Physical Disability'],['Not Applicable'],['Not Applicable'],['Not Applicable'],False,"['65 to 69', '20 to 24']",3.0
728,2016-12-19 10:00:00,1132,2016,BAYVIEW AVE,BAYVIEW MEWS LANE,Major Arterial,North York,43.769309,-79.388622,629691.3564,4847511.7999,At Intersection,Traffic Signal,Clear,Daylight,Dry,52,Bayview Village,52,Bayview Village (52),Non-Fatal Injury,1,0,0,0,1,0,0,0,0,0,0,0,0,Pedestrian Collisions,"['Truck Driver', 'Pedestrian']",South,['Truck - Tank'],['Going Ahead'],['Driving Properly'],['Normal'],['Other'],['Normal'],['Not Applicable'],['Not Applicable'],['Not Applicable'],False,"['25 to 29', '65 to 69']",3.0
729,2016-12-21 10:00:00,230,2016,JARVIS ST,GERRARD ST E,Major Arterial,Toronto and East York,43.659625,-79.375568,630980.7581,4835350.3539,Non Intersection,No Control,Clear,"Dark, artificial",Wet,73,Moss Park,73,Moss Park (73),Non-Fatal Injury,0,0,1,0,0,0,0,0,0,0,0,0,0,Sideswipe,['Driver'],South,"['Automobile, Station Wagon']","['Going Ahead', 'Changing Lanes']","['Driving Properly', 'Other']",['Normal'],['Not Applicable'],['Not Applicable'],['Not Applicable'],['Not Applicable'],['Not Applicable'],False,"['unknown', '30 to 34']",3.0
730,2016-12-21 10:00:00,959,2016,KEELE ST,401 C W KEELE RAMP ST,Major Arterial,North York,43.724372,-79.481548,622303.6495,4842379.5435,At Intersection,Traffic Signal,Clear,Daylight,Wet,155,Downsview,26,Downsview-Roding-CFB (26),Non-Fatal Injury,1,0,0,0,1,0,0,0,0,0,0,0,0,Pedestrian Collisions,"['Truck Driver', 'Pedestrian']",West,['Truck-Tractor'],['Turning Right'],['Driving Properly'],['Normal'],['Crossing without right of way'],['Inattentive'],['Not Applicable'],['Not Applicable'],['Not Applicable'],False,"['40 to 44', '15 to 19']",3.0
731,2016-12-21 10:00:00,1340,2016,F G GARDINER XY  W,JAMESON AVE,Expressway,Toronto and East York,43.633063,-79.434955,626247.8654,4832308.2636,Non Intersection,No Control,Clear,Daylight,Dry,85,South Parkdale,85,South Parkdale (85),Non-Fatal Injury,0,0,1,0,0,0,0,1,0,1,0,0,0,Rear End,"['Driver', 'Passenger']",West,"['Automobile, Station Wagon']","['Going Ahead', 'Slowing or Stopping']","['Following too Close', 'Driving Properly']",['Normal'],['Not Applicable'],['Not Applicable'],['Not Applicable'],['Not Applicable'],['Not Applicable'],False,"['35 to 39', '30 to 34', '60 to 64', '25 to 29']",3.0
732,2016-12-21 10:00:00,2030,2016,BIRCHMOUNT RD,CHALDEAN ST,Major Arterial,Scarborough,43.793257,-79.303493,636488.5061,4850308.4575,Intersection Related,Stop Sign,Clear,"Dark, artificial",Wet,148,East L'Amoreaux,117,L'Amoreaux (117),Non-Fatal Injury,1,0,1,0,0,0,0,0,0,0,0,0,0,Pedestrian Collisions,"['Driver', 'Pedestrian']",South,"['Automobile, Station Wagon']",['Going Ahead'],['Driving Properly'],['Normal'],"['Crossing, no Traffic Control']",['Normal'],['Not Applicable'],['Not Applicable'],['Not Applicable'],False,"['60 to 64', '55 to 59']",3.0
733,2016-12-24 10:00:00,356,2016,DUFFERIN ST,DOLOMITE DR,Major Arterial,North York,43.780772,-79.469775,623136.1923,4848661.0364,At Intersection,Traffic Signal,Rain,"Dark, artificial",Slush,34,Bathurst Manor,34,Bathurst Manor (34),Non-Fatal Injury,0,0,1,0,0,0,0,0,1,1,0,1,0,SMV Other,['Driver'],South,"['Automobile, Station Wagon']",['Going Ahead'],['Lost control'],"['Ability Impaired, Alcohol']",['Not Applicable'],['Not Applicable'],['Not Applicable'],['Not Applicable'],['Not Applicable'],False,['25 to 29'],3.0
734,2016-12-25 10:00:00,705,2016,55 BELMONT ST,Not Applicable,Minor Arterial,Toronto and East York,43.674994,-79.390941,629708.0862,4837033.1333,Non Intersection,No Control,Clear,"Dark, artificial",Dry,95,Annex,95,Annex (95),Non-Fatal Injury,1,0,1,0,0,0,0,0,0,0,0,0,0,Pedestrian Collisions,"['Driver', 'Pedestrian']",East,"['Automobile, Station Wagon']",['Going Ahead'],['Driving Properly'],['Normal'],"['Crossing, no Traffic Control']",['Inattentive'],['Not Applicable'],['Not Applicable'],['Not Applicable'],False,"['25 to 29', '65 to 69']",3.0
735,2016-12-25 10:00:00,2141,2016,LESLIE ST,401 C W LESLIE S RAMP,Major Arterial,North York,43.767161,-79.36362,631708.3702,4847312.695,Intersection Related,Traffic Signal,Clear,"Dark, artificial",Dry,52,Bayview Village,52,Bayview Village (52),Non-Fatal Injury,1,0,1,0,0,0,0,0,0,1,0,0,0,Pedestrian Collisions,"['Driver', 'Pedestrian']",West,"['Automobile, Station Wagon']",['Turning Right'],['Failed to Yield Right of Way'],['Inattentive'],['Crossing with right of way'],['Normal'],['Not Applicable'],['Not Applicable'],['Not Applicable'],False,"['30 to 34', '75 to 79']",3.0
736,2016-12-27 10:00:00,230,2016,TAPSCOTT RD,PASSMORE AVE,Minor Arterial,Scarborough,43.831568,-79.2457,641047.936,4854660.4517,At Intersection,Stop Sign,Clear,"Dark, artificial",Dry,144,Morningside Heights,131,Rouge (131),Non-Fatal Injury,0,0,1,0,0,0,0,1,0,0,0,0,0,SMV Other,"['Driver', 'Passenger']",South,"['Automobile, Station Wagon']",['Going Ahead'],['Lost control'],['Had Been Drinking'],['Not Applicable'],['Not Applicable'],['Not Applicable'],['Not Applicable'],['Not Applicable'],False,['20 to 24'],3.0
737,2016-12-28 10:00:00,1919,2016,CALEDONIA RD,EGLINTON AVE W,Major Arterial,North York,43.692958,-79.462169,623929.2666,4838919.3618,Intersection Related,Traffic Signal,Clear,"Dark, artificial",Dry,109,Caledonia-Fairbank,109,Caledonia-Fairbank (109),Non-Fatal Injury,1,0,1,0,0,0,0,0,0,1,0,0,0,Pedestrian Collisions,"['Driver', 'Pedestrian']",North,"['Automobile, Station Wagon']",['Turning Left'],['Failed to Yield Right of Way'],['Unknown'],['Crossing with right of way'],['Normal'],['Not Applicable'],['Not Applicable'],['Not Applicable'],False,"['unknown', '25 to 29']",3.0
738,2016-12-31 10:00:00,2022,2016,EGLINTON AVE E,BERMONDSEY RD,Major Arterial,North York,43.725951,-79.313487,635836.6841,4842816.6674,Intersection Related,Traffic Signal,Clear,"Dark, artificial",Wet,43,Victoria Village,43,Victoria Village (43),Non-Fatal Injury,0,0,1,0,0,0,0,1,0,0,0,0,0,Turning Movement,"['Driver', 'Passenger']",East,"['Automobile, Station Wagon']","['Turning Left', 'Going Ahead']","['Improper Turn', 'Driving Properly']",['Normal'],['Not Applicable'],['Not Applicable'],['Not Applicable'],['Not Applicable'],['Not Applicable'],False,"['25 to 29', '50 to 54', '20 to 24', '15 to 19']",3.0