accident_number,date,time,year,street1,street2,road_class,district,latitude,longitude,x,y,accident_location,traffctl,visibility,light,road_surface_condition,hood_158,neighbourhood_new,hood_140,neighbourhood_old,accident_class,pedestrian,cyclist,automobile,motorcycle,truck,trsn_city_veh,emerg_veh,passenger,speeding,aggressive_driving,redlight,alcohol,disability,impact_type,involvement_type,initial_direction,vehicle_type,manoeuver,driver_action,driver_condition,pedestrian_action,pedestrian_condition,cyclist_type,cyclist_action,cyclist_condition,injury,involvement_age,injury_severity_score
739,2017-01-01 10:00:00,1405,2017,57 BIMINI CRES,Not Applicable,Local,Etobicoke York,43.766555,-79.526157,618627.2421,4846999.7112,Non Intersection,No Control,Clear,Daylight,Other,24,Black Creek,24,Black Creek (24),Non-Fatal Injury,0,0,1,0,0,0,0,0,0,0,0,0,0,SMV Other,['Driver'],West,"['Automobile, Station Wagon']",['Reversing'],['Other'],['Inattentive'],['Not Applicable'],['Not Applicable'],['Not Applicable'],['Not Applicable'],['Not Applicable'],False,['85 to 89'],3.0
740,2017-01-03 10:00:00,10,2017,F G GARDINER XY  E,KIPLING AVE,Expressway,Etobicoke York,43.615851,-79.535251,618190.9169,4830249.015,Non Intersection,No Control,Rain,"Dark, artificial",Wet,20,Alderwood,20,Alderwood (20),Non-Fatal Injury,0,0,1,0,0,0,0,1,1,1,0,0,0,Rear End,"['Passenger', 'Driver']",East,"['Automobile, Station Wagon']","['Slowing or Stopping', 'Going Ahead']","['Driving Properly', 'Speed too Fast For Condition']","['Normal', 'Inattentive']",['Not Applicable'],['Not Applicable'],['Not Applicable'],['Not Applicable'],['Not Applicable'],False,"['20 to 24', '15 to 19', 'unknown', '50 to 54', '45 to 49', '25 to 29', '75 to 79']",3.0
741,2017-01-03 10:00:00,717,2017,LOWER SHERBOURNE ST,THE ESPLANADE,Minor Arterial,Toronto and East York,43.648974,-79.367259,631674.0106,4834180.5702,At Intersection,Traffic Signal,Rain,Dark,Wet,166,St Lawrence-East Bayfront-The Islands,77,Waterfront Communities-The Island (77),Fatal,1,0,1,0,0,0,0,0,0,0,0,0,0,Pedestrian Collisions,"['Driver', 'Pedestrian']",South,"['Automobile, Station Wagon']",['Going Ahead'],['Driving Properly'],['Normal'],['Crossing without right of way'],['Normal'],['Not Applicable'],['Not Applicable'],['Not Applicable'],True,"['35 to 39', '80 to 84']",4.0
742,2017-01-07 10:00:00,16,2017,DUFFERIN ST,STEELES AVE W,Major Arterial,North York,43.787211,-79.470042,623101.49,4849375.7889,At Intersection,Traffic Signal,Clear,"Dark, artificial",Dry,34,Bathurst Manor,34,Bathurst Manor (34),Non-Fatal Injury,0,0,1,0,0,0,0,0,1,1,1,1,0,Angle,['Driver'],North,"['Automobile, Station Wagon', 'Pick Up Truck']",['Going Ahead'],"['Driving Properly', 'Disobeyed Traffic Control']","['Normal', 'Ability Impaired, Alcohol Over .08']",['Not Applicable'],['Not Applicable'],['Not Applicable'],['Not Applicable'],['Not Applicable'],False,"['20 to 24', '65 to 69', '35 to 39']",3.0
743,2017-01-07 10:00:00,2222,2017,ISLINGTON AVE,ABERFOYLE CRES,Major Arterial,Etobicoke York,43.645438,-79.523776,619058.4135,4833551.4144,At Intersection,No Control,Clear,"Dark, artificial",Dry,158,Islington,14,Islington-City Centre West (14),Non-Fatal Injury,0,0,1,0,0,0,0,1,0,1,0,0,0,Rear End,"['Driver', 'Passenger']",North,"['Automobile, Station Wagon', 'Pick Up Truck']","['Going Ahead', 'Slowing or Stopping']","['Following too Close', 'Driving Properly']","['Inattentive', 'Normal']",['Not Applicable'],['Not Applicable'],['Not Applicable'],['Not Applicable'],['Not Applicable'],False,"['20 to 24', '60 to 64']",3.0
744,2017-01-08 10:00:00,1311,2017,BATHURST ST,NINA ST,Major Arterial,Toronto and East York,43.679816,-79.416942,627601.8736,4837528.351,At Intersection,Traffic Signal,Clear,Daylight,Dry,96,Casa Loma,96,Casa Loma (96),Non-Fatal Injury,1,0,1,0,0,0,0,0,0,1,0,0,0,Pedestrian Collisions,"['Driver', 'Pedestrian']",East,"['Automobile, Station Wagon']",['Turning Left'],['Failed to Yield Right of Way'],['Inattentive'],['Crossing with right of way'],['Normal'],['Not Applicable'],['Not Applicable'],['Not Applicable'],False,"['55 to 59', '65 to 69']",3.0
745,2017-01-08 10:00:00,1829,2017,ELLESMERE RD,MONDEO DR,Major Arterial,Scarborough,43.764189,-79.287677,637827.7343,4847106.2049,At Intersection,Traffic Signal,Clear,"Dark, artificial",Dry,126,Dorset Park,126,Dorset Park (126),Fatal,1,0,1,0,0,0,0,0,0,0,0,0,0,Pedestrian Collisions,"['Driver', 'Pedestrian']",North,"['Automobile, Station Wagon']",['Going Ahead'],['Driving Properly'],['Normal'],['Crossing without right of way'],['Inattentive'],['Not Applicable'],['Not Applicable'],['Not Applicable'],True,"['25 to 29', '75 to 79']",4.0
746,2017-01-10 10:00:00,2003,2017,ADELAIDE ST E,CHURCH ST,Major Arterial,Toronto and East York,43.651179,-79.374912,631052.0245,4834413.3497,At Intersection,Traffic Signal,Rain,"Dark, artificial",Wet,168,Downtown Yonge East,75,Church-Yonge Corridor (75),Non-Fatal Injury,1,0,1,0,0,0,0,1,0,0,0,0,0,Pedestrian Collisions,"['Driver', 'Pedestrian', 'Passenger']",East,"['Automobile, Station Wagon']",['Going Ahead'],['Driving Properly'],['Normal'],['Crossing without right of way'],['Normal'],['Not Applicable'],['Not Applicable'],['Not Applicable'],False,"['55 to 59', '50 to 54', '15 to 19']",3.0
747,2017-01-12 10:00:00,2258,2017,WESTON RD,VEROBEACH BLVD,Major Arterial,Etobicoke York,43.736796,-79.538928,617657.6151,4843676.3258,Non Intersection,No Control,Clear,"Dark, artificial",Dry,22,Humbermede,22,Humbermede (22),Non-Fatal Injury,0,0,0,0,1,0,0,0,0,0,0,0,1,SMV Other,['Truck Driver'],North,"['Truck - Closed (Blazer, etc)']",['Going Ahead'],['Lost control'],['Medical or Physical Disability'],['Not Applicable'],['Not Applicable'],['Not Applicable'],['Not Applicable'],['Not Applicable'],False,['55 to 59'],3.0
748,2017-01-14 10:00:00,1902,2017,NEILSON RD,CROW TRL,Minor Arterial,Scarborough,43.812148,-79.225711,642701.3589,4852537.8227,At Intersection,Traffic Signal,Clear,"Dark, artificial",Dry,145,Malvern West,132,Malvern (132),Non-Fatal Injury,0,0,1,0,0,0,0,1,0,0,0,0,0,Turning Movement,"['Passenger', 'Driver']",North,"['Automobile, Station Wagon', 'Pick Up Truck']","['Going Ahead', 'Turning Left']","['Driving Properly', 'Improper Turn']","['Normal', 'Inattentive']",['Not Applicable'],['Not Applicable'],['Not Applicable'],['Not Applicable'],['Not Applicable'],False,"['10 to 14', '5 to 9', '15 to 19', '20 to 24', '75 to 79']",3.0
749,2017-01-15 10:00:00,2033,2017,YONGE  ST,ALBERTUS AVE,Major Arterial,North York,43.714495,-79.399997,628893.4089,4841406.1456,Intersection Related,No Control,Clear,"Dark, artificial",Dry,99,Mount Pleasant East,99,Mount Pleasant East (99),Non-Fatal Injury,1,0,1,0,0,0,0,0,0,0,0,0,0,Pedestrian Collisions,"['Pedestrian', 'Driver']",North,"['Automobile, Station Wagon']",['Going Ahead'],['Driving Properly'],['Normal'],['Crossing without right of way'],['Inattentive'],['Not Applicable'],['Not Applicable'],['Not Applicable'],False,"['45 to 49', '55 to 59']",3.0
750,2017-01-19 10:00:00,553,2017,KING ST W,BAY ST,Major Arterial,Toronto and East York,43.648577,-79.380237,630628.2364,4834115.9676,At Intersection,Traffic Signal,Clear,"Dark, artificial",Dry,170,Yonge-Bay Corridor,76,Bay Street Corridor (76),Non-Fatal Injury,1,0,0,0,1,0,0,0,0,0,0,0,0,Pedestrian Collisions,"['Truck Driver', 'Pedestrian']",East,"['Truck - Closed (Blazer, etc)']",['Turning Right'],['Other'],['Normal'],['Other'],['Inattentive'],['Not Applicable'],['Not Applicable'],['Not Applicable'],False,"['60 to 64', '40 to 44']",3.0
751,2017-01-19 10:00:00,1755,2017,COLLINSGROVE RD,LAWRENCE AV E,Collector,Scarborough,43.769919,-79.183154,646227.1047,4847921.8942,Non Intersection,No Control,Clear,"Dark, artificial",Dry,136,West Hill,136,West Hill (136),Non-Fatal Injury,1,0,1,0,0,0,0,0,0,0,0,0,0,Pedestrian Collisions,"['Driver', 'Pedestrian']",East,"['Automobile, Station Wagon']",['Going Ahead'],['Driving Properly'],['Normal'],"['Crossing, no Traffic Control']",['Normal'],['Not Applicable'],['Not Applicable'],['Not Applicable'],False,"['65 to 69', '55 to 59']",3.0
752,2017-01-19 10:00:00,1828,2017,KENNEDY RD,MERRIAN RD,Major Arterial,Scarborough,43.727336,-79.26588,639667.9165,4843049.6321,At Intersection,Traffic Controller,Clear,"Dark, artificial",Wet,124,Kennedy Park,124,Kennedy Park (124),Non-Fatal Injury,0,0,1,0,0,0,0,0,1,1,0,0,0,Rear End,['Driver'],South,"['Automobile, Station Wagon']",['Going Ahead'],"['Exceeding Speed Limit', 'Driving Properly']",['Normal'],['Not Applicable'],['Not Applicable'],['Not Applicable'],['Not Applicable'],['Not Applicable'],False,['20 to 24'],3.0
753,2017-01-20 10:00:00,527,2017,CALEDONIA RD,CASTLEFIELD AVE,Minor Arterial,North York,43.698371,-79.463481,623812.3951,4839518.5897,At Intersection,Traffic Signal,Clear,"Dark, artificial",Dry,108,Briar Hill-Belgravia,108,Briar Hill-Belgravia (108),Non-Fatal Injury,0,0,1,0,0,0,0,0,0,1,1,0,0,Angle,['Driver'],North,"['Other', 'Automobile, Station Wagon']",['Going Ahead'],"['Disobeyed Traffic Control', 'Driving Properly']","['Inattentive', 'Normal']",['Not Applicable'],['Not Applicable'],['Not Applicable'],['Not Applicable'],['Not Applicable'],False,"['50 to 54', '30 to 34']",3.0
754,2017-01-21 10:00:00,40,2017,BROWNS LINE,LAKESHORE W BROWNS LI RAMP,Major Arterial,Etobicoke York,43.592673,-79.542079,617685.144,4827665.1274,Non Intersection,No Control,"Fog, Mist, Smoke, Dust","Dark, artificial",Wet,19,Long Branch,19,Long Branch (19),Fatal,0,0,1,0,0,0,0,0,1,1,0,0,0,SMV Other,['Driver'],South,['Delivery Van'],['Going Ahead'],['Lost control'],['Had Been Drinking'],['Not Applicable'],['Not Applicable'],['Not Applicable'],['Not Applicable'],['Not Applicable'],True,['20 to 24'],4.0
755,2017-01-24 10:00:00,1635,2017,95 REDPATH  AVE,Not Applicable,Collector,Toronto and East York,43.706874,-79.392413,629520.7835,4840571.547,Non Intersection,No Control,Freezing Rain,Daylight,Wet,174,South Eglinton-Davisville,104,Mount Pleasant West (104),Non-Fatal Injury,1,0,1,0,0,0,0,0,0,0,0,0,0,Pedestrian Collisions,"['Pedestrian', 'Driver']",East,"['Automobile, Station Wagon']",['Going Ahead'],['Driving Properly'],['Normal'],['Running onto Roadway'],['Other'],['Not Applicable'],['Not Applicable'],['Not Applicable'],False,"['35 to 39', '60 to 64']",3.0
756,2017-01-25 10:00:00,1440,2017,FINCH AVE W,WESTON RD,Major Arterial,Etobicoke York,43.752017,-79.542331,617353.8311,4845362.0107,At Intersection,Traffic Signal,Clear,Daylight,Wet,22,Humbermede,22,Humbermede (22),Fatal,0,0,1,0,1,0,0,0,0,1,1,0,1,Angle,"['Truck Driver', 'Driver']",East,"['Truck - Dump', 'Automobile, Station Wagon', 'Passenger Van']",['Going Ahead'],"['Driving Properly', 'Disobeyed Traffic Control']","['Normal', 'Medical or Physical Disability']",['Not Applicable'],['Not Applicable'],['Not Applicable'],['Not Applicable'],['Not Applicable'],True,"['55 to 59', '85 to 89', '40 to 44', '50 to 54']",4.0
757,2017-01-25 10:00:00,1934,2017,BATHURST ST,LENNOX ST,Major Arterial,Toronto and East York,43.663756,-79.410678,628140.9604,4835754.3286,At Intersection,Traffic Signal,Rain,"Dark, artificial",Wet,79,University,79,University (79),Non-Fatal Injury,1,0,1,0,0,0,0,0,0,1,0,0,0,Pedestrian Collisions,"['Driver', 'Pedestrian']",East,"['Automobile, Station Wagon']",['Turning Right'],['Failed to Yield Right of Way'],['Unknown'],['Crossing with right of way'],['Normal'],['Not Applicable'],['Not Applicable'],['Not Applicable'],False,"['unknown', '50 to 54']",3.0
758,2017-01-27 10:00:00,1450,2017,FRONT ST W,YONGE ST,Minor Arterial,Toronto and East York,43.646239,-79.377826,630827.7528,4833860.1001,Non Intersection,No Control,Clear,Daylight,Dry,166,St Lawrence-East Bayfront-The Islands,77,Waterfront Communities-The Island (77),Non-Fatal Injury,0,1,1,0,0,0,0,0,0,0,0,0,0,Cyclist Collisions,"['Driver', 'Cyclist']",West,"['Automobile, Station Wagon', 'Bicycle']","['Stopped', 'Overtaking', 'Going Ahead']","['Other', 'Driving Properly']","['Inattentive', 'Normal']",['Not Applicable'],['Not Applicable'],['Cyclist struck opened vehicle door'],['Driving Properly'],['Normal'],False,"['45 to 49', '35 to 39', '50 to 54']",3.0
759,2017-01-29 10:00:00,110,2017,F G GARDINER XY  E,SPADINA AVE,Major Arterial,Toronto and East York,43.637957,-79.395633,629409.39,4832912.3596,Non Intersection,No Control,Clear,Dark,Dry,165,Harbourfront-CityPlace,77,Waterfront Communities-The Island (77),Fatal,1,0,1,0,0,0,0,0,0,0,0,0,0,Pedestrian Collisions,"['Driver', 'Pedestrian']",East,"['Automobile, Station Wagon']",['Going Ahead'],['Driving Properly'],['Normal'],['Walking on Roadway Against Traffic'],['Other'],['Not Applicable'],['Not Applicable'],['Not Applicable'],True,"['20 to 24', '15 to 19']",4.0
760,2017-01-29 10:00:00,200,2017,OAKDALE RD,EDDYSTONE AVE,Minor Arterial,Etobicoke York,43.749594,-79.526996,618593.2137,4845114.7412,Non Intersection,No Control,Clear,"Dark, artificial",Dry,25,Glenfield-Jane Heights,25,Glenfield-Jane Heights (25),Non-Fatal Injury,0,0,1,0,0,0,0,0,0,0,0,0,0,SMV Other,['Driver'],North,"['Automobile, Station Wagon']",['Going Ahead'],['Lost control'],['Unknown'],['Not Applicable'],['Not Applicable'],['Not Applicable'],['Not Applicable'],['Not Applicable'],False,['20 to 24'],3.0
761,2017-01-29 10:00:00,345,2017,F G GARDINER XY  W,SOUTH KINGSWAY RAMP,Major Arterial,Toronto and East York,43.633498,-79.472667,623204.8248,4832299.9129,Non Intersection,No Control,Clear,"Dark, artificial",Dry,85,South Parkdale,85,South Parkdale (85),Fatal,0,0,1,0,0,0,0,0,1,1,0,1,0,Rear End,['Driver'],West,"['Pick Up Truck', 'Automobile, Station Wagon']",['Going Ahead'],"['Driving Properly', 'Lost control']","['Normal', 'Ability Impaired, Alcohol Over .08']",['Not Applicable'],['Not Applicable'],['Not Applicable'],['Not Applicable'],['Not Applicable'],True,"['40 to 44', '20 to 24']",4.0
762,2017-02-01 10:00:00,1415,2017,MORNINGSIDE AVE,401 C E MORNINGSIDE AVE S RAMP,Major Arterial,Scarborough,43.794795,-79.196475,645094.7682,4850661.331,At Intersection,Traffic Signal,Clear,Daylight,Dry,134,Highland Creek,134,Highland Creek (134),Non-Fatal Injury,1,0,1,0,0,0,0,0,0,1,0,0,0,Pedestrian Collisions,"['Driver', 'Pedestrian']",East,"['Automobile, Station Wagon']",['Going Ahead'],['Failed to Yield Right of Way'],['Inattentive'],['Crossing with right of way'],['Normal'],['Not Applicable'],['Not Applicable'],['Not Applicable'],False,"['45 to 49', '20 to 24']",3.0
763,2017-02-02 10:00:00,219,2017,BRIMLEY RD,ELGAR AVE,Major Arterial,Scarborough,43.741065,-79.250186,640899.7407,4844601.0153,At Intersection,Stop Sign,Clear,Dark,Wet,138,Eglinton East,138,Eglinton East (138),Fatal,0,0,1,0,0,0,0,0,1,1,0,0,0,Turning Movement,['Driver'],South,"['Automobile, Station Wagon']","['Going Ahead', 'Turning Left']","['Driving Properly', 'Improper Turn']","['Unknown', 'Normal']",['Not Applicable'],['Not Applicable'],['Not Applicable'],['Not Applicable'],['Not Applicable'],True,"['25 to 29', '15 to 19']",4.0
764,2017-02-03 10:00:00,1430,2017,BAY ST,GROSVENOR ST,Major Arterial,Toronto and East York,43.662398,-79.38634,630106.1941,4835641.3834,At Intersection,Traffic Signal,Clear,Daylight,Dry,169,Bay-Cloverhill,76,Bay Street Corridor (76),Non-Fatal Injury,0,0,1,0,0,0,0,0,0,0,0,0,0,Angle,['Driver'],East,"['Automobile, Station Wagon']",['Going Ahead'],['Other'],['Normal'],['Not Applicable'],['Not Applicable'],['Not Applicable'],['Not Applicable'],['Not Applicable'],False,"['20 to 24', '45 to 49']",3.0
765,2017-02-05 10:00:00,314,2017,F G GARDINER XY  W,GARDINER X W 427 X N RAMP,Expressway,Etobicoke York,43.615878,-79.536365,618100.9744,4830250.4288,Non Intersection,No Control,Clear,Dark,Dry,20,Alderwood,20,Alderwood (20),Non-Fatal Injury,0,0,1,0,0,0,0,0,0,0,0,0,0,SMV Other,['Driver'],West,"['Automobile, Station Wagon']",['Going Ahead'],['Other'],['Had Been Drinking'],['Not Applicable'],['Not Applicable'],['Not Applicable'],['Not Applicable'],['Not Applicable'],False,['20 to 24'],3.0
766,2017-02-05 10:00:00,1330,2017,DRIFTWOOD  AVE,VENETIAN  CRES,Collector,Etobicoke York,43.754115,-79.513667,619657.3448,4845636.033,Intersection Related,Stop Sign,Drifting Snow,Daylight,Wet,25,Glenfield-Jane Heights,25,Glenfield-Jane Heights (25),Non-Fatal Injury,0,0,1,0,0,0,0,1,1,1,0,0,0,Turning Movement,"['Passenger', 'Driver']",East,"['Automobile, Station Wagon']","['Going Ahead', 'Turning Right']","['Driving Properly', 'Lost control']","['Normal', 'Inattentive']",['Not Applicable'],['Not Applicable'],['Not Applicable'],['Not Applicable'],['Not Applicable'],False,"['55 to 59', '10 to 14']",3.0
767,2017-02-07 10:00:00,1909,2017,MORTIMER AVE,BROADVIEW AVE,Minor Arterial,Toronto and East York,43.683955,-79.356281,632482.3742,4838083.159,Non Intersection,No Control,Rain,"Dark, artificial",Wet,57,Broadview North,57,Broadview North (57),Non-Fatal Injury,1,0,1,0,0,0,0,0,0,0,0,0,0,Pedestrian Collisions,"['Driver', 'Pedestrian']",East,"['Automobile, Station Wagon']",['Slowing or Stopping'],['Driving Properly'],['Normal'],"['Crossing, no Traffic Control']",['Normal'],['Not Applicable'],['Not Applicable'],['Not Applicable'],False,"['65 to 69', '75 to 79']",3.0
768,2017-02-08 10:00:00,1510,2017,4 THE DONWAY  E,GUYTOI CRT,Minor Arterial,North York,43.732337,-79.341464,633569.1146,4843480.4465,At/Near Private Drive,No Control,Clear,Daylight,Dry,42,Banbury-Don Mills,42,Banbury-Don Mills (42),Non-Fatal Injury,1,0,1,0,0,0,0,0,0,1,0,0,0,Pedestrian Collisions,"['Driver', 'Pedestrian']",East,"['Automobile, Station Wagon']",['Turning Left'],['Failed to Yield Right of Way'],['Inattentive'],['On Sidewalk or Shoulder'],['Normal'],['Not Applicable'],['Not Applicable'],['Not Applicable'],False,['35 to 39'],3.0
769,2017-02-10 10:00:00,1003,2017,QUEEN ST E,SHERBOURNE ST,Major Arterial,Toronto and East York,43.654452,-79.369418,631487.939,4834785.5508,At Intersection,Traffic Signal,Clear,Daylight,Dry,73,Moss Park,73,Moss Park (73),Non-Fatal Injury,1,0,0,0,0,1,0,0,0,0,0,0,0,Pedestrian Collisions,"['Driver', 'Pedestrian']",Unknown,['Municipal Transit Bus (TTC)'],['Going Ahead'],['Driving Properly'],['Normal'],['Other'],['Other'],['Not Applicable'],['Not Applicable'],['Not Applicable'],False,"['45 to 49', '35 to 39']",3.0
770,2017-02-11 10:00:00,2011,2017,MIDLAND  AVE,SHEPPARD  AVE E,Major Arterial,Scarborough,43.785277,-79.278529,638515.3814,4849463.6232,At Intersection,Traffic Signal,Clear,"Dark, artificial",Wet,128,Agincourt South-Malvern West,128,Agincourt South-Malvern West (128),Non-Fatal Injury,1,0,1,0,0,0,0,0,0,0,0,0,0,Pedestrian Collisions,"['Pedestrian', 'Driver']",North,"['Automobile, Station Wagon']",['Going Ahead'],['Driving Properly'],['Normal'],['Crossing without right of way'],['Inattentive'],['Not Applicable'],['Not Applicable'],['Not Applicable'],False,"['35 to 39', '65 to 69']",3.0
771,2017-02-11 10:00:00,2021,2017,STEELES AVE W,ISLINGTON AVE,Major Arterial,Etobicoke York,43.763838,-79.576625,614570.3131,4846626.8917,Non Intersection,No Control,Clear,"Dark, artificial",Dry,21,Humber Summit,21,Humber Summit (21),Non-Fatal Injury,0,0,1,0,0,0,0,0,0,0,0,0,0,Approaching,['Driver'],East,"['Passenger Van', 'Automobile, Station Wagon']",['Going Ahead'],"['Driving Properly', 'Lost control']","['Normal', 'Inattentive']",['Not Applicable'],['Not Applicable'],['Not Applicable'],['Not Applicable'],['Not Applicable'],False,"['60 to 64', '15 to 19']",3.0
772,2017-02-12 10:00:00,936,2017,RICHMOND ST E,JARVIS ST,Major Arterial,Toronto and East York,43.652632,-79.372791,631219.9057,4834578.0763,At Intersection,Traffic Signal,Rain,Daylight,Packed Snow,73,Moss Park,73,Moss Park (73),Non-Fatal Injury,1,0,1,0,0,0,0,1,1,1,0,0,0,Pedestrian Collisions,"['Driver', 'Passenger', 'Pedestrian']",Unknown,"['Automobile, Station Wagon']",['Going Ahead'],['Speed too Fast For Condition'],['Normal'],['On Sidewalk or Shoulder'],['Normal'],['Not Applicable'],['Not Applicable'],['Not Applicable'],False,"['30 to 34', '40 to 44', '60 to 64']",3.0
773,2017-02-13 10:00:00,1507,2017,FINCH AVE W,YONGE ST,Major Arterial,North York,43.779696,-79.415538,627502.9325,4848623.63,At Intersection,Traffic Signal,Clear,Daylight,Wet,151,Yonge-Doris,51,Willowdale East (51),Non-Fatal Injury,1,0,1,0,0,0,0,0,0,0,0,0,0,Pedestrian Collisions,"['Driver', 'Pedestrian']",East,"['Automobile, Station Wagon']",['Going Ahead'],['Driving Properly'],['Normal'],['Crossing without right of way'],['Inattentive'],['Not Applicable'],['Not Applicable'],['Not Applicable'],False,"['35 to 39', '50 to 54']",3.0
774,2017-02-14 10:00:00,1017,2017,ISLINGTON AVE,EGLINTON AVE W,Major Arterial,Etobicoke York,43.679766,-79.538974,617765.5393,4837342.2934,At Intersection,Traffic Signal,Clear,Daylight,Dry,9,Edenbridge-Humber Valley,9,Edenbridge-Humber Valley (9),Non-Fatal Injury,0,0,1,0,0,0,0,0,0,0,0,0,0,Turning Movement,['Driver'],North,"['Automobile, Station Wagon']","['Turning Left', 'Going Ahead']",['Other'],['Normal'],['Not Applicable'],['Not Applicable'],['Not Applicable'],['Not Applicable'],['Not Applicable'],False,"['55 to 59', '15 to 19']",3.0
775,2017-02-18 10:00:00,29,2017,KIPLING AVE,NEW TORONTO ST,Major Arterial,Etobicoke York,43.604773,-79.519672,619469.9311,4829040.9613,Underpass or Tunnel,No Control,Clear,"Dark, artificial",Dry,160,Mimico-Queensway,17,Mimico (includes Humber Bay Shores) (17),Fatal,0,0,1,0,0,0,0,1,1,1,0,0,0,SMV Other,"['Passenger', 'Driver']",South,['Pick Up Truck'],['Going Ahead'],['Failed to Yield Right of Way'],['Had Been Drinking'],['Not Applicable'],['Not Applicable'],['Not Applicable'],['Not Applicable'],['Not Applicable'],True,['30 to 34'],4.0
776,2017-02-18 10:00:00,347,2017,DUFFERIN ST,DUPONT ST,Major Arterial,Toronto and East York,43.668391,-79.438991,625848.4833,4836225.7661,At Intersection,Traffic Signal,Clear,"Dark, artificial",Dry,172,Dovercourt Village,93,Dovercourt-Wallace Emerson-Junction (93),Non-Fatal Injury,0,0,1,0,0,1,0,1,1,1,1,1,0,Angle,"['Driver', 'Passenger']",North,"['Automobile, Station Wagon', 'Intercity Bus']",['Going Ahead'],"['Disobeyed Traffic Control', 'Driving Properly']","['Ability Impaired, Alcohol', 'Normal']",['Not Applicable'],['Not Applicable'],['Not Applicable'],['Not Applicable'],['Not Applicable'],False,"['30 to 34', '45 to 49', '50 to 54', '20 to 24']",3.0
777,2017-02-18 10:00:00,709,2017,DON VALLEY PARKWAY  S,PRINCE EDWARD VIADUCT,Expressway,Toronto and East York,43.676798,-79.361957,632040.5875,4837279.2244,Non Intersection,No Control,Clear,Daylight,Dry,67,Playter Estates-Danforth,67,Playter Estates-Danforth (67),Non-Fatal Injury,0,0,1,0,0,0,0,0,0,0,0,0,0,SMV Other,['Driver'],South,"['Automobile, Station Wagon']",['Going Ahead'],['Lost control'],['Fatigue'],['Not Applicable'],['Not Applicable'],['Not Applicable'],['Not Applicable'],['Not Applicable'],False,['20 to 24'],3.0
778,2017-02-18 10:00:00,2230,2017,UNIVERSITY AVE,QUEEN ST W,Major Arterial,Toronto and East York,43.650778,-79.386592,630110.9697,4834350.4337,At Intersection,Traffic Signal,Clear,"Dark, artificial",Dry,170,Yonge-Bay Corridor,76,Bay Street Corridor (76),Non-Fatal Injury,1,0,1,0,0,0,0,0,0,0,0,0,0,Pedestrian Collisions,"['Driver', 'Other', 'Pedestrian']",East,"['Automobile, Station Wagon']","['Turning Left', 'Unknown']",['Driving Properly'],['Normal'],['Crossing without right of way'],"['Inattentive', 'Had Been Drinking']",['Not Applicable'],['Not Applicable'],['Not Applicable'],False,"['30 to 34', 'unknown', '35 to 39']",3.0
779,2017-02-19 10:00:00,1057,2017,KIPLING AVE,GARDINER C W KIPLING  RAMP,Major Arterial,Etobicoke York,43.61912,-79.525974,618933.0416,4830625.323,At Intersection,Traffic Signal,Clear,Daylight,Dry,159,Etobicoke City Centre,14,Islington-City Centre West (14),Non-Fatal Injury,0,0,1,1,0,0,0,1,0,1,1,0,0,Turning Movement,"['Driver', 'Motorcycle Driver', 'Passenger']",North,"['Automobile, Station Wagon', 'Motorcycle']","['Going Ahead', 'Turning Left']","['Disobeyed Traffic Control', 'Driving Properly']","['Inattentive', 'Normal']",['Not Applicable'],['Not Applicable'],['Not Applicable'],['Not Applicable'],['Not Applicable'],False,"['35 to 39', '45 to 49', '10 to 14']",3.0
780,2017-02-19 10:00:00,1727,2017,1000 GERRARD ST E,Not Applicable,Minor Arterial,Toronto and East York,43.668463,-79.338725,633931.8502,4836390.7556,Non Intersection,No Control,Clear,Daylight,Dry,70,South Riverdale,70,South Riverdale (70),Non-Fatal Injury,1,0,1,0,0,0,0,0,0,0,0,0,0,Pedestrian Collisions,"['Driver', 'Pedestrian']",South,"['Automobile, Station Wagon']",['Going Ahead'],['Driving Properly'],['Normal'],['Crossing without right of way'],['Normal'],['Not Applicable'],['Not Applicable'],['Not Applicable'],False,"['20 to 24', '55 to 59']",3.0
781,2017-02-23 10:00:00,1022,2017,ADELAIDE ST W,BAY ST,Major Arterial,Toronto and East York,43.649821,-79.380771,630582.4748,4834253.2897,At Intersection,Traffic Signal,Clear,"Daylight, artificial",Dry,170,Yonge-Bay Corridor,76,Bay Street Corridor (76),Fatal,1,0,1,0,0,0,0,0,0,1,0,0,0,Pedestrian Collisions,"['Pedestrian', 'Driver']",East,['Pick Up Truck'],['Turning Right'],['Failed to Yield Right of Way'],['Inattentive'],['Crossing with right of way'],['Normal'],['Not Applicable'],['Not Applicable'],['Not Applicable'],True,"['75 to 79', '20 to 24']",4.0
782,2017-02-23 10:00:00,1200,2017,YONGE ST,NORTON AVE,Major Arterial,North York,43.772185,-79.413593,627675.4336,4847792.4159,At Intersection,Stop Sign,Clear,Daylight,Dry,151,Yonge-Doris,51,Willowdale East (51),Non-Fatal Injury,1,0,1,0,0,0,0,0,0,0,0,0,0,Pedestrian Collisions,"['Driver', 'Pedestrian']",East,"['Automobile, Station Wagon']",['Turning Left'],['Improper Turn'],['Inattentive'],"['Crossing, no Traffic Control']",['Normal'],['Not Applicable'],['Not Applicable'],['Not Applicable'],False,"['65 to 69', '80 to 84']",3.0