accident_number,date,time,year,street1,street2,road_class,district,latitude,longitude,x,y,accident_location,traffctl,visibility,light,road_surface_condition,hood_158,neighbourhood_new,hood_140,neighbourhood_old,accident_class,pedestrian,cyclist,automobile,motorcycle,truck,trsn_city_veh,emerg_veh,passenger,speeding,aggressive_driving,redlight,alcohol,disability,impact_type,involvement_type,initial_direction,vehicle_type,manoeuver,driver_action,driver_condition,pedestrian_action,pedestrian_condition,cyclist_type,cyclist_action,cyclist_condition,injury,involvement_age,injury_severity_score
783,2017-02-23 10:00:00,2020,2017,EGLINTON AVE E,VICTORIA PARK AVE,Major Arterial,Scarborough,43.724738,-79.30141,636812.1733,4842701.8136,Non Intersection,No Control,Clear,"Dark, artificial",Dry,120,Clairlea-Birchmount,120,Clairlea-Birchmount (120),Non-Fatal Injury,1,0,1,0,0,0,0,0,0,0,0,0,0,Pedestrian Collisions,"['Driver', 'Pedestrian']",North,"['Automobile, Station Wagon']",['Going Ahead'],['Driving Properly'],['Unknown'],"['Crossing, no Traffic Control']",['Inattentive'],['Not Applicable'],['Not Applicable'],['Not Applicable'],False,"['25 to 29', '85 to 89']",3.0
784,2017-02-24 10:00:00,615,2017,KING ST W,JAMESON AVE,Major Arterial,Toronto and East York,43.637103,-79.435993,626155.678,4832755.3788,At Intersection,Traffic Signal,Rain,Dawn,Wet,85,South Parkdale,85,South Parkdale (85),Non-Fatal Injury,1,0,1,0,0,0,0,0,0,1,0,0,0,Pedestrian Collisions,"['Driver', 'Pedestrian']",North,"['Automobile, Station Wagon']",['Turning Left'],['Failed to Yield Right of Way'],['Normal'],['Crossing with right of way'],['Normal'],['Not Applicable'],['Not Applicable'],['Not Applicable'],False,"['50 to 54', '55 to 59']",3.0
785,2017-02-24 10:00:00,1818,2017,OAKWOOD AVE,STRADER AVE,Minor Arterial,Toronto and East York,43.693427,-79.441173,625620.3086,4839003.0443,At Intersection,No Control,Clear,"Dark, artificial",Dry,107,Oakwood Village,107,Oakwood Village (107),Non-Fatal Injury,1,0,1,0,0,0,0,0,0,0,0,0,0,Pedestrian Collisions,"['Driver', 'Pedestrian']",South,"['Automobile, Station Wagon']",['Going Ahead'],['Driving Properly'],['Normal'],"['Crossing, no Traffic Control']",['Had Been Drinking'],['Not Applicable'],['Not Applicable'],['Not Applicable'],False,"['70 to 74', '25 to 29']",3.0
786,2017-02-26 10:00:00,300,2017,EGLINTON AVE E,BRIMLEY RD,Major Arterial,Scarborough,43.736624,-79.24805,641082.1697,4844111.4105,Intersection Related,No Control,Clear,"Dark, artificial",Dry,124,Kennedy Park,124,Kennedy Park (124),Non-Fatal Injury,0,0,1,0,0,0,0,1,1,1,0,1,0,Rear End,"['Driver', 'Passenger']",East,"['Automobile, Station Wagon']",['Going Ahead'],"['Exceeding Speed Limit', 'Driving Properly']","['Ability Impaired, Alcohol Over .08', 'Normal']",['Not Applicable'],['Not Applicable'],['Not Applicable'],['Not Applicable'],['Not Applicable'],False,"['20 to 24', '45 to 49']",3.0
787,2017-02-26 10:00:00,2311,2017,215 HURON ST,Not Applicable,Local,Toronto and East York,43.659106,-79.398532,629130.2244,4835256.716,Non Intersection,No Control,Clear,"Dark, artificial",Dry,79,University,79,University (79),Non-Fatal Injury,0,1,1,0,0,0,0,1,0,0,0,0,0,Cyclist Collisions,"['Driver', 'Cyclist', 'Passenger']",North,"['Automobile, Station Wagon', 'Bicycle']",['Going Ahead'],['Other'],['Inattentive'],['Not Applicable'],['Not Applicable'],['Insufficient information (to determine cyclist crash type).'],['Other'],['Inattentive'],False,"['45 to 49', '25 to 29', '20 to 24']",3.0
788,2017-02-28 10:00:00,2122,2017,STEELES AVE E,KENNEDY RD,Major Arterial,Scarborough,43.823619,-79.307025,636135.3475,4853674.8288,At Intersection,Traffic Signal,Rain,"Dark, artificial",Wet,130,Milliken,130,Milliken (130),Non-Fatal Injury,1,0,1,0,0,0,0,0,0,1,0,0,0,Pedestrian Collisions,"['Driver', 'Pedestrian']",East,"['Automobile, Station Wagon']",['Turning Left'],['Failed to Yield Right of Way'],['Normal'],['Crossing with right of way'],['Normal'],['Not Applicable'],['Not Applicable'],['Not Applicable'],False,"['45 to 49', '50 to 54']",3.0
789,2017-03-04 10:00:00,1001,2017,SHEPPARD AVE W,MAGELLAN DR,Major Arterial,Etobicoke York,43.7396,-79.509639,620010.6242,4844029.758,At Intersection,Traffic Signal,Clear,Daylight,Dry,25,Glenfield-Jane Heights,25,Glenfield-Jane Heights (25),Fatal,1,0,1,0,0,0,0,0,0,1,1,0,0,Pedestrian Collisions,"['Driver', 'Pedestrian']",North,"['Automobile, Station Wagon']",['Going Ahead'],['Disobeyed Traffic Control'],['Inattentive'],['Crossing with right of way'],['Normal'],['Not Applicable'],['Not Applicable'],['Not Applicable'],True,"['20 to 24', '5 to 9']",4.0
790,2017-03-04 10:00:00,1249,2017,REXDALE BLVD,RAMP TO ENTRANCE RD,Major Arterial,Etobicoke York,43.720431,-79.61201,611802.8502,4841757.5833,Non Intersection,No Control,Clear,Daylight,Dry,1,West Humber-Clairville,1,West Humber-Clairville (1),Fatal,1,0,1,0,0,0,0,0,0,0,0,0,0,Pedestrian Collisions,"['Pedestrian', 'Driver']",East,['Passenger Van'],['Going Ahead'],['Driving Properly'],['Normal'],"['Crossing, no Traffic Control']",['Inattentive'],['Not Applicable'],['Not Applicable'],['Not Applicable'],True,"['90 to 94', '75 to 79']",4.0
791,2017-03-07 10:00:00,1538,2017,BLOOR ST W,KENNEDY PARK RD,Major Arterial,Toronto and East York,43.652056,-79.471744,623241.3296,4834362.3857,Intersection Related,No Control,Clear,Daylight,Dry,87,High Park-Swansea,87,High Park-Swansea (87),Fatal,0,0,1,0,0,0,0,1,1,1,0,0,0,Approaching,"['Driver', 'Passenger']",East,"['Automobile, Station Wagon']","['Overtaking', 'Going Ahead']","['Improper Passing', 'Driving Properly']","['Unknown', 'Normal']",['Not Applicable'],['Not Applicable'],['Not Applicable'],['Not Applicable'],['Not Applicable'],True,"['30 to 34', '80 to 84', '35 to 39', '20 to 24']",4.0
792,2017-03-08 10:00:00,36,2017,YONGE ST,MERTON ST,Major Arterial,Toronto and East York,43.692683,-79.395435,629307.8059,4838990.7211,Non Intersection,No Control,Clear,"Dark, artificial",Dry,99,Mount Pleasant East,99,Mount Pleasant East (99),Non-Fatal Injury,0,0,1,0,0,0,0,0,0,0,0,1,0,SMV Other,['Driver'],North,"['Automobile, Station Wagon']",['Going Ahead'],['Other'],"['Ability Impaired, Alcohol']",['Not Applicable'],['Not Applicable'],['Not Applicable'],['Not Applicable'],['Not Applicable'],False,['30 to 34'],3.0
793,2017-03-10 10:00:00,204,2017,SPADINA AV,COLLEGE ST,Major Arterial,Toronto and East York,43.657942,-79.40002,629012.7351,4835125.1237,Non Intersection,No Control,Clear,"Dark, artificial",Dry,78,Kensington-Chinatown,78,Kensington-Chinatown (78),Non-Fatal Injury,0,0,1,0,0,0,0,1,1,1,0,0,0,Rear End,"['Passenger', 'Driver']",North,"['Automobile, Station Wagon']",['Going Ahead'],['Improper Passing'],['Inattentive'],['Not Applicable'],['Not Applicable'],['Not Applicable'],['Not Applicable'],['Not Applicable'],False,"['25 to 29', '35 to 39']",3.0
794,2017-03-10 10:00:00,846,2017,LAWRENCE AVE E,CENTENNIAL RD,Minor Arterial,Scarborough,43.777285,-79.146533,649156.2346,4848805.3345,At Intersection,Traffic Signal,Clear,Daylight,Dry,133,Centennial Scarborough,133,Centennial Scarborough (133),Non-Fatal Injury,0,0,1,0,0,0,0,1,0,0,0,0,1,Rear End,"['Driver', 'Passenger']",West,"['Automobile, Station Wagon']","['Going Ahead', 'Stopped']","['Lost control', 'Driving Properly']","['Medical or Physical Disability', 'Normal']",['Not Applicable'],['Not Applicable'],['Not Applicable'],['Not Applicable'],['Not Applicable'],False,"['85 to 89', '35 to 39', '45 to 49', '0 to 4']",3.0
795,2017-03-13 08:00:00,1006,2017,BRIMWOOD BLVD,WELLPARK BLVD,Collector,Scarborough,43.81272,-79.274318,638790.6584,4852518.6639,At Intersection,Stop Sign,Clear,Daylight,Dry,129,Agincourt North,129,Agincourt North (129),Non-Fatal Injury,0,1,1,0,0,0,0,0,0,0,0,0,0,Cyclist Collisions,"['Cyclist', 'Driver']",East,"['Bicycle', 'Automobile, Station Wagon']","['Turning Left', 'Going Ahead']",['Driving Properly'],['Normal'],['Not Applicable'],['Not Applicable'],['Cyclist turned left across motorists path.'],['Failed to Yield Right of Way'],['Inattentive'],False,"['70 to 74', '45 to 49']",3.0
796,2017-03-13 08:00:00,1405,2017,CALEDONIA RD,BRIDGELAND AVE,Minor Arterial,North York,43.722506,-79.469394,623286.4287,4842190.306,Non Intersection,No Control,Snow,Daylight,Wet,31,Yorkdale-Glen Park,31,Yorkdale-Glen Park (31),Non-Fatal Injury,0,0,1,0,0,0,0,0,1,1,0,0,0,Rear End,['Driver'],South,"['Automobile, Station Wagon']","['Going Ahead', 'Slowing or Stopping']","['Speed too Fast For Condition', 'Driving Properly']","['Inattentive', 'Normal']",['Not Applicable'],['Not Applicable'],['Not Applicable'],['Not Applicable'],['Not Applicable'],False,"['30 to 34', '40 to 44']",3.0
797,2017-03-15 08:00:00,1658,2017,BRIMLEY RD,HUNTINGWOOD DR,Major Arterial,Scarborough,43.798335,-79.273326,638903.7813,4850922.6417,At Intersection,Traffic Signal,Clear,Daylight,Dry,129,Agincourt North,129,Agincourt North (129),Non-Fatal Injury,0,0,1,0,0,0,0,1,0,1,1,0,0,Angle,"['Driver', 'Passenger']",East,"['Automobile, Station Wagon']","['Going Ahead', 'Stopped']","['Disobeyed Traffic Control', 'Driving Properly']","['Inattentive', 'Normal']",['Not Applicable'],['Not Applicable'],['Not Applicable'],['Not Applicable'],['Not Applicable'],False,"['15 to 19', '30 to 34', '45 to 49']",3.0
798,2017-03-18 08:00:00,1932,2017,JARVIS ST,EARL PL,Major Arterial,Toronto and East York,43.667636,-79.378894,630695.189,4836234.8372,Intersection Related,No Control,Rain,"Dark, artificial",Wet,74,North St.James Town,74,North St.James Town (74),Fatal,1,0,1,0,0,0,0,0,0,0,0,0,0,Pedestrian Collisions,"['Pedestrian', 'Driver']",East,"['Automobile, Station Wagon']",['Going Ahead'],['Driving Properly'],['Unknown'],"['Crossing, no Traffic Control']",['Medical or Physical Disability'],['Not Applicable'],['Not Applicable'],['Not Applicable'],True,"['60 to 64', '65 to 69']",4.0
799,2017-03-19 08:00:00,155,2017,2677 KIPLING  AVE,Not Applicable,Major Arterial,Etobicoke York,43.748488,-79.584605,613957.1151,4844911.0422,At/Near Private Drive,No Control,Snow,"Dark, artificial",Wet,2,Mount Olive-Silverstone-Jamestown,2,Mount Olive-Silverstone-Jamestown (2),Non-Fatal Injury,0,0,1,0,0,0,0,0,1,1,0,1,0,SMV Other,['Driver'],South,"['Automobile, Station Wagon']",['Going Ahead'],['Speed too Fast For Condition'],"['Ability Impaired, Alcohol']",['Not Applicable'],['Not Applicable'],['Not Applicable'],['Not Applicable'],['Not Applicable'],False,['30 to 34'],3.0
800,2017-03-19 08:00:00,255,2017,106 YORK MILLS RD,Not Applicable,Major Arterial,North York,43.745097,-79.397746,629009.0288,4844808.4443,Non Intersection,No Control,Clear,"Dark, artificial",Wet,41,Bridle Path-Sunnybrook-York Mills,41,Bridle Path-Sunnybrook-York Mills (41),Fatal,0,0,1,0,0,0,0,0,1,1,0,0,0,SMV Other,['Driver'],East,"['Automobile, Station Wagon']",['Going Ahead'],"['Driving Properly', 'Lost control']","['Normal', 'Inattentive']",['Not Applicable'],['Not Applicable'],['Not Applicable'],['Not Applicable'],['Not Applicable'],True,"['45 to 49', '15 to 19']",4.0
801,2017-03-21 08:00:00,845,2017,LAKE SHORE BLVD E,DON ROADWAY,Major Arterial,Toronto and East York,43.65082,-79.346919,633310.2842,4834418.0678,At Intersection,Traffic Signal,Clear,Daylight,Dry,70,South Riverdale,70,South Riverdale (70),Non-Fatal Injury,0,1,1,0,0,0,0,0,0,0,0,0,0,Cyclist Collisions,"['Driver', 'Cyclist']",East,"['Automobile, Station Wagon', 'Bicycle']",['Going Ahead'],['Driving Properly'],['Normal'],['Not Applicable'],['Not Applicable'],"['Cyclist without ROW rides into path of motorist at inter, lnwy, dwy-Cyclist not turn.']",['Disobeyed Traffic Control'],['Inattentive'],False,"['65 to 69', '50 to 54']",3.0
802,2017-03-21 08:00:00,905,2017,EGLINTON AVE E,BRIMLEY RD,Major Arterial,Scarborough,43.736624,-79.24805,641082.1697,4844111.4105,At Intersection,Traffic Signal,Clear,Daylight,Dry,124,Kennedy Park,124,Kennedy Park (124),Non-Fatal Injury,1,0,1,0,0,0,0,0,0,1,0,0,0,Pedestrian Collisions,"['Driver', 'Pedestrian']",North,"['Automobile, Station Wagon']",['Turning Left'],['Failed to Yield Right of Way'],['Unknown'],['Crossing with right of way'],['Normal'],['Not Applicable'],['Not Applicable'],['Not Applicable'],False,"['60 to 64', '75 to 79']",3.0
803,2017-03-21 08:00:00,1606,2017,401 C E VICTORIA PR N RAMP,VICTORIA PARK AVE,Major Arterial,North York,43.766852,-79.319141,635289.1137,4847350.0843,At Intersection,Traffic Signal,Clear,Daylight,Dry,119,Wexford/Maryvale,119,Wexford/Maryvale (119),Non-Fatal Injury,1,0,1,0,0,0,0,0,0,1,0,0,0,Pedestrian Collisions,"['Driver', 'Pedestrian']",East,"['Automobile, Station Wagon']",['Turning Right'],['Failed to Yield Right of Way'],['Inattentive'],['Crossing with right of way'],['Normal'],['Not Applicable'],['Not Applicable'],['Not Applicable'],False,"['50 to 54', '65 to 69']",3.0
804,2017-03-22 08:00:00,1440,2017,CARLAW AVE,RIVERDALE AVE,Minor Arterial,Toronto and East York,43.670687,-79.343982,633503.0957,4836629.2869,At Intersection,No Control,Clear,Daylight,Dry,68,North Riverdale,68,North Riverdale (68),Non-Fatal Injury,1,0,1,0,0,0,0,0,0,0,0,0,0,Pedestrian Collisions,"['Pedestrian', 'Driver']",North,['Delivery Van'],['Going Ahead'],['Lost control'],['Unknown'],['Crossing with right of way'],['Normal'],['Not Applicable'],['Not Applicable'],['Not Applicable'],False,"['60 to 64', 'unknown']",3.0
805,2017-03-23 08:00:00,653,2017,MARTIN GROVE RD,BRUNELLO GT,Minor Arterial,Etobicoke York,43.755927,-79.601611,612573.9617,4845713.9974,At Intersection,Stop Sign,Clear,Dawn,Dry,1,West Humber-Clairville,1,West Humber-Clairville (1),Non-Fatal Injury,0,0,1,0,0,0,0,0,0,1,0,0,0,Turning Movement,['Driver'],East,"['Automobile, Station Wagon']","['Turning Left', 'Going Ahead']","['Failed to Yield Right of Way', 'Driving Properly']","['Inattentive', 'Normal']",['Not Applicable'],['Not Applicable'],['Not Applicable'],['Not Applicable'],['Not Applicable'],False,"['55 to 59', '25 to 29']",3.0
806,2017-03-24 08:00:00,2213,2017,FINCH AVE E,DORIS AVE,Major Arterial,North York,43.780406,-79.412273,627764.1597,4848707.52,At Intersection,Traffic Signal,Rain,"Dark, artificial",Wet,152,East Willowdale,51,Willowdale East (51),Non-Fatal Injury,0,1,1,0,0,0,0,0,0,0,0,0,0,Cyclist Collisions,"['Driver', 'Cyclist']",North,"['Automobile, Station Wagon', 'Bicycle']","['Turning Left', 'Going Ahead']",['Improper Turn'],['Inattentive'],['Not Applicable'],['Not Applicable'],['Motorist turned left across cyclists path.'],['Disobeyed Traffic Control'],['Inattentive'],False,"['50 to 54', '20 to 24']",3.0
807,2017-03-26 08:00:00,254,2017,LAWRENCE  AVE W,WESTON RD,Major Arterial,Etobicoke York,43.700087,-79.516155,619564.4888,4839631.8669,At Intersection,Traffic Signal,Rain,"Dark, artificial",Wet,113,Weston,113,Weston (113),Non-Fatal Injury,1,0,1,0,0,0,0,0,0,0,0,0,0,Pedestrian Collisions,"['Driver', 'Pedestrian']",South,"['Automobile, Station Wagon']",['Going Ahead'],['Driving Properly'],['Normal'],['Crossing without right of way'],"['Ability Impaired, Drugs']",['Not Applicable'],['Not Applicable'],['Not Applicable'],False,"['70 to 74', '30 to 34']",3.0
808,2017-03-26 08:00:00,1310,2017,ELLESMERE RD,DOLLY VARDEN BLVD,Major Arterial,Scarborough,43.775668,-79.234958,642044.0466,4848470.2252,At Intersection,Traffic Signal,Clear,Daylight,Wet,142,Woburn North,137,Woburn (137),Non-Fatal Injury,0,0,1,0,0,0,0,1,0,1,1,0,0,Turning Movement,"['Driver', 'Passenger']",East,"['Automobile, Station Wagon']","['Going Ahead', 'Turning Left']","['Disobeyed Traffic Control', 'Driving Properly']","['Inattentive', 'Normal']",['Not Applicable'],['Not Applicable'],['Not Applicable'],['Not Applicable'],['Not Applicable'],False,"['65 to 69', '25 to 29', '20 to 24', '70 to 74', '0 to 4']",3.0
809,2017-03-27 08:00:00,855,2017,EGLINTON AVE W,RUSSELL HILL RD,Major Arterial,North York,43.703047,-79.415462,627671.8674,4840110.7514,Non Intersection,Traffic Controller,Clear,Daylight,Wet,101,Forest Hill South,101,Forest Hill South (101),Non-Fatal Injury,0,0,0,0,0,1,0,1,0,0,0,0,0,Other,"['Driver', 'Passenger']",East,['Municipal Transit Bus (TTC)'],['Going Ahead'],['Driving Properly'],['Normal'],['Not Applicable'],['Not Applicable'],['Not Applicable'],['Not Applicable'],['Not Applicable'],False,"['45 to 49', '25 to 29']",3.0
810,2017-03-28 08:00:00,600,2017,2800 WARDEN AVE,Not Applicable,Major Arterial,Scarborough,43.794673,-79.314952,635563.3876,4850446.8935,Non Intersection,Pedestrian Crossover,Clear,Dark,Dry,147,L'Amoreaux West,117,L'Amoreaux (117),Non-Fatal Injury,1,0,1,0,0,0,0,0,0,1,0,0,0,Pedestrian Collisions,"['Pedestrian', 'Driver']",East,"['Automobile, Station Wagon']",['Going Ahead'],['Disobeyed Traffic Control'],['Inattentive'],"['Crossing, Pedestrian Crossover']",['Normal'],['Not Applicable'],['Not Applicable'],['Not Applicable'],False,"['65 to 69', '25 to 29']",3.0
811,2017-03-30 08:00:00,15,2017,SCARBOROUGH GOLF CLUB RD,LAWRENCE AVE E,Major Arterial,Scarborough,43.761779,-79.215801,643618.9897,4846960.6807,At Intersection,Traffic Signal,Clear,"Dark, artificial",Dry,141,Golfdale-Cedarbrae-Woburn,137,Woburn (137),Non-Fatal Injury,0,0,1,0,0,0,0,1,1,1,1,0,0,Angle,"['Driver', 'Passenger']",East,"['Automobile, Station Wagon']",['Going Ahead'],"['Disobeyed Traffic Control', 'Driving Properly']","['Unknown', 'Normal']",['Not Applicable'],['Not Applicable'],['Not Applicable'],['Not Applicable'],['Not Applicable'],False,"['15 to 19', '55 to 59', '70 to 74']",3.0
812,2017-03-31 08:00:00,1050,2017,PASSMORE  AVE,SILVER STAR  BLVD,Collector,Scarborough,43.819899,-79.298061,636864.6677,4853276.4534,At Intersection,Traffic Signal,Clear,Daylight,Dry,130,Milliken,130,Milliken (130),Non-Fatal Injury,0,0,1,0,0,0,0,0,0,1,1,0,0,Turning Movement,['Driver'],South,['Passenger Van'],"['Turning Left', 'Going Ahead']","['Disobeyed Traffic Control', 'Driving Properly']",['Normal'],['Not Applicable'],['Not Applicable'],['Not Applicable'],['Not Applicable'],['Not Applicable'],False,"['60 to 64', '45 to 49']",3.0
813,2017-04-01 08:00:00,208,2017,MARGUERETTA ST,BLOOR  ST W,Local,Toronto and East York,43.658438,-79.440212,625770.8274,4835118.5025,Non Intersection,No Control,Clear,"Dark, artificial",Wet,83,Dufferin Grove,83,Dufferin Grove (83),Non-Fatal Injury,1,0,1,0,0,0,0,0,0,0,0,0,0,Pedestrian Collisions,"['Driver', 'Pedestrian']",North,"['Automobile, Station Wagon']",['Going Ahead'],['Other'],['Unknown'],['Running onto Roadway'],['Normal'],['Not Applicable'],['Not Applicable'],['Not Applicable'],False,"['unknown', '20 to 24']",3.0
814,2017-04-02 08:00:00,4,2017,MARTIN GROVE RD,JEFFCOAT DR,Major Arterial,Etobicoke York,43.717608,-79.582813,614160.0503,4841483.8486,Non Intersection,No Control,Clear,"Dark, artificial",Dry,1,West Humber-Clairville,1,West Humber-Clairville (1),Non-Fatal Injury,0,0,1,0,0,0,0,0,1,1,0,0,0,SMV Other,['Driver'],South,"['Automobile, Station Wagon']",['Unknown'],['Speed too Fast For Condition'],['Inattentive'],['Not Applicable'],['Not Applicable'],['Not Applicable'],['Not Applicable'],['Not Applicable'],False,['60 to 64'],3.0
815,2017-04-02 08:00:00,905,2017,PHARMACY AVE,STEELES AVE E,Major Arterial,Scarborough,43.816786,-79.336421,633786.7971,4852867.955,At Intersection,Traffic Signal,Clear,Daylight,Dry,116,Steeles,116,Steeles (116),Non-Fatal Injury,1,0,1,0,0,0,0,0,0,1,0,0,0,Pedestrian Collisions,"['Driver', 'Pedestrian']",South,"['Automobile, Station Wagon']",['Turning Left'],['Failed to Yield Right of Way'],['Inattentive'],['Crossing with right of way'],['Normal'],['Not Applicable'],['Not Applicable'],['Not Applicable'],False,"['65 to 69', '60 to 64']",3.0
816,2017-04-03 08:00:00,1053,2017,THE EAST MALL,BURNHAMTHORPE RD,Major Arterial,Etobicoke York,43.646231,-79.559947,616139.648,4833588.2349,Intersection Related,Traffic Signal,Clear,Daylight,Dry,158,Islington,14,Islington-City Centre West (14),Non-Fatal Injury,1,0,1,0,0,0,0,1,0,0,0,0,0,Pedestrian Collisions,"['Driver', 'Passenger', 'Pedestrian']",North,"['Automobile, Station Wagon']",['Turning Left'],['Improper Turn'],['Normal'],['Crossing with right of way'],['Normal'],['Not Applicable'],['Not Applicable'],['Not Applicable'],False,"['80 to 84', '90 to 94', '50 to 54']",3.0
817,2017-04-04 08:00:00,10,2017,MCLEVIN AVE,TAPSCOTT RD,Minor Arterial,Scarborough,43.80511,-79.22665,642642.5903,4851754.5186,At Intersection,Traffic Signal,Rain,"Dark, artificial",Wet,145,Malvern West,132,Malvern (132),Non-Fatal Injury,1,0,1,0,0,0,0,0,0,0,0,0,0,Pedestrian Collisions,"['Driver', 'Pedestrian']",East,['Pick Up Truck'],['Turning Left'],['Improper Turn'],['Inattentive'],['Crossing with right of way'],['Normal'],['Not Applicable'],['Not Applicable'],['Not Applicable'],False,"['40 to 44', '15 to 19']",3.0
818,2017-04-04 08:00:00,853,2017,DUFFERIN ST,DUNDAS ST W,Minor Arterial,Toronto and East York,43.649577,-79.431415,626498.7684,4834147.745,At Intersection,Traffic Signal,Rain,Daylight,Wet,84,Little Portugal,84,Little Portugal (84),Non-Fatal Injury,1,0,1,0,0,0,0,0,0,1,0,0,0,Pedestrian Collisions,"['Driver', 'Pedestrian']",South,"['Automobile, Station Wagon']",['Turning Left'],['Failed to Yield Right of Way'],['Normal'],['Crossing with right of way'],['Normal'],['Not Applicable'],['Not Applicable'],['Not Applicable'],False,"['30 to 34', '65 to 69']",3.0
819,2017-04-05 08:00:00,1454,2017,4 RIDGEMOUNT RD,CHAPMAN RD,Local,Etobicoke York,43.688971,-79.522189,619100.2831,4838388.6006,At/Near Private Drive,No Control,Clear,Daylight,Dry,8,Humber Heights-Westmount,8,Humber Heights-Westmount (8),Non-Fatal Injury,1,0,1,0,0,0,0,0,0,0,0,0,0,Pedestrian Collisions,"['Driver', 'Pedestrian']",North,"['Automobile, Station Wagon']",['Reversing'],['Other'],[],['Other'],['Normal'],['Not Applicable'],['Not Applicable'],['Not Applicable'],False,"['35 to 39', '55 to 59', '85 to 89']",3.0
820,2017-04-06 08:00:00,1403,2017,CLIFFSIDE DR,FOLCROFT AVE,Local,Scarborough,43.701213,-79.251239,640908.348,4840173.0733,Intersection Related,No Control,Rain,Daylight,Wet,122,Birchcliffe-Cliffside,122,Birchcliffe-Cliffside (122),Fatal,0,0,0,0,1,0,0,1,0,0,0,0,0,Other,"['Passenger', 'Truck Driver']",North,"['Truck - Closed (Blazer, etc)']",['Going Ahead'],['Driving Properly'],['Normal'],['Not Applicable'],['Not Applicable'],['Not Applicable'],['Not Applicable'],['Not Applicable'],True,"['55 to 59', '50 to 54']",4.0
821,2017-04-06 08:00:00,1549,2017,NASSAU ST,BATHURST ST,Major Arterial,Toronto and East York,43.654212,-79.406795,628474.3886,4834700.3461,At Intersection,Traffic Signal,Rain,Daylight,Wet,78,Kensington-Chinatown,78,Kensington-Chinatown (78),Non-Fatal Injury,1,0,1,0,0,0,0,1,0,1,0,0,0,Pedestrian Collisions,"['Pedestrian', 'Passenger', 'Driver']",East,"['Automobile, Station Wagon']",['Turning Left'],['Failed to Yield Right of Way'],['Inattentive'],['Crossing with right of way'],['Normal'],['Not Applicable'],['Not Applicable'],['Not Applicable'],False,"['75 to 79', '40 to 44', '50 to 54']",3.0
822,2017-04-06 08:00:00,2315,2017,MARKHAM RD,PAINTED POST DR,Major Arterial,Scarborough,43.767493,-79.22832,642597.6832,4847573.6736,At Intersection,Traffic Signal,Rain,"Dark, artificial",Wet,142,Woburn North,137,Woburn (137),Non-Fatal Injury,1,0,1,0,0,0,0,0,0,0,0,0,0,Pedestrian Collisions,"['Driver', 'Pedestrian']",South,"['Automobile, Station Wagon']",['Going Ahead'],['Driving Properly'],['Normal'],['Crossing without right of way'],['Inattentive'],['Not Applicable'],['Not Applicable'],['Not Applicable'],False,['25 to 29'],3.0
823,2017-04-10 08:00:00,1610,2017,MARTIN GROVE RD,DOSCO RD,Major Arterial,Etobicoke York,43.695151,-79.572528,615031.4988,4839003.9089,At Intersection,No Control,Clear,Daylight,Wet,1,West Humber-Clairville,1,West Humber-Clairville (1),Non-Fatal Injury,0,0,1,0,0,0,0,0,1,1,0,0,0,Turning Movement,['Driver'],East,"['Passenger Van', 'Automobile, Station Wagon']","['Turning Left', 'Going Ahead']","['Failed to Yield Right of Way', 'Driving Properly']",['Inattentive'],['Not Applicable'],['Not Applicable'],['Not Applicable'],['Not Applicable'],['Not Applicable'],False,"['45 to 49', '20 to 24']",3.0
824,2017-04-10 08:00:00,2229,2017,ST CLAIR AVE W,GUNNS RD,Major Arterial,Etobicoke York,43.671408,-79.472408,623148.2113,4836510.6926,Non Intersection,No Control,Rain,Dark,Wet,90,Junction Area,90,Junction Area (90),Non-Fatal Injury,1,0,1,0,0,0,0,0,0,1,0,0,0,Pedestrian Collisions,"['Driver', 'Pedestrian']",West,"['Automobile, Station Wagon']",['Going Ahead'],['Driving Properly'],['Normal'],['Running onto Roadway'],['Inattentive'],['Not Applicable'],['Not Applicable'],['Not Applicable'],False,"['35 to 39', '50 to 54']",3.0
825,2017-04-11 08:00:00,1056,2017,WILSON AVE,DUFFERIN ST,Major Arterial,North York,43.73202,-79.458873,624114.2251,4843262.6765,At Intersection,Traffic Signal,Clear,Daylight,Dry,33,Clanton Park,33,Clanton Park (33),Fatal,1,0,0,0,1,0,0,0,0,1,0,0,0,Pedestrian Collisions,"['Pedestrian', 'Truck Driver']",East,"['Truck - Closed (Blazer, etc)']",['Turning Right'],['Failed to Yield Right of Way'],['Inattentive'],['Crossing with right of way'],['Normal'],['Not Applicable'],['Not Applicable'],['Not Applicable'],True,"['50 to 54', '60 to 64']",4.0
826,2017-04-11 08:00:00,1919,2017,GERRARD ST E,SACKVILLE ST,Minor Arterial,Toronto and East York,43.66265,-79.363513,631946.1573,4835705.422,Non Intersection,No Control,Clear,Daylight,Dry,72,Regent Park,72,Regent Park (72),Non-Fatal Injury,1,0,1,0,0,0,0,0,0,0,0,0,0,Pedestrian Collisions,"['Driver', 'Pedestrian']",East,"['Automobile, Station Wagon']",['Going Ahead'],['Driving Properly'],['Normal'],"['Crossing, no Traffic Control']",['Other'],['Not Applicable'],['Not Applicable'],['Not Applicable'],False,['40 to 44'],3.0