accident_number,date,time,year,street1,street2,road_class,district,latitude,longitude,x,y,accident_location,traffctl,visibility,light,road_surface_condition,hood_158,neighbourhood_new,hood_140,neighbourhood_old,accident_class,pedestrian,cyclist,automobile,motorcycle,truck,trsn_city_veh,emerg_veh,passenger,speeding,aggressive_driving,redlight,alcohol,disability,impact_type,involvement_type,initial_direction,vehicle_type,manoeuver,driver_action,driver_condition,pedestrian_action,pedestrian_condition,cyclist_type,cyclist_action,cyclist_condition,injury,involvement_age,injury_severity_score
827,2017-04-13 08:00:00,144,2017,CUMMER AVE,SNOWCREST AVE,Collector,North York,43.795336,-79.380786,630265.5008,4850414.8043,Non Intersection,No Control,Clear,"Dark, artificial",Dry,49,Bayview Woods-Steeles,49,Bayview Woods-Steeles (49),Fatal,0,0,1,0,0,0,0,1,1,1,0,0,0,SMV Other,"['Passenger', 'Driver']",East,"['Automobile, Station Wagon']",['Going Ahead'],['Lost control'],['Unknown'],['Not Applicable'],['Not Applicable'],['Not Applicable'],['Not Applicable'],['Not Applicable'],True,['25 to 29'],4.0
828,2017-04-14 08:00:00,1805,2017,SPADINA AVE,SULLIVAN ST,Major Arterial,Toronto and East York,43.651316,-79.397403,629237.9692,4834393.2917,Non Intersection,No Control,Clear,Daylight,Dry,78,Kensington-Chinatown,78,Kensington-Chinatown (78),Fatal,1,0,0,0,0,1,0,0,0,0,0,0,0,Pedestrian Collisions,"['Pedestrian', 'Driver']",East,['Street Car'],['Going Ahead'],['Driving Properly'],['Normal'],"['Crossing, no Traffic Control']",['Had Been Drinking'],['Not Applicable'],['Not Applicable'],['Not Applicable'],True,"['65 to 69', '40 to 44']",4.0
829,2017-04-15 08:00:00,2002,2017,61 TOPCLIFF  AVE,Not Applicable,Local,Etobicoke York,43.756457,-79.508296,620085.0563,4845903.9196,Non Intersection,No Control,Clear,"Dark, artificial",Dry,25,Glenfield-Jane Heights,25,Glenfield-Jane Heights (25),Non-Fatal Injury,0,0,1,0,0,0,0,1,1,1,0,0,0,Approaching,"['Driver', 'Passenger']",East,"['Automobile, Station Wagon']",['Going Ahead'],"['Lost control', 'Driving Properly']",['Normal'],['Not Applicable'],['Not Applicable'],['Not Applicable'],['Not Applicable'],['Not Applicable'],False,"['20 to 24', '30 to 34', '35 to 39', '5 to 9', '0 to 4', '25 to 29']",3.0
830,2017-04-16 08:00:00,1649,2017,QUEENS QUAY W,YORK ST,Minor Arterial,Toronto and East York,43.639735,-79.380924,630591.9892,4833132.8674,Non Intersection,No Control,Clear,Daylight,Dry,165,Harbourfront-CityPlace,77,Waterfront Communities-The Island (77),Non-Fatal Injury,1,0,0,0,0,1,0,0,0,0,0,0,0,Pedestrian Collisions,"['Driver', 'Pedestrian']",East,"['Bus (Other) (Go Bus, Gray Coa']",['Going Ahead'],['Driving Properly'],['Normal'],"['Crossing, no Traffic Control']",['Inattentive'],['Not Applicable'],['Not Applicable'],['Not Applicable'],False,"['50 to 54', '35 to 39']",3.0
831,2017-04-16 08:00:00,1659,2017,MARTIN GROVE RD,TOLLINGTON RD,Major Arterial,Etobicoke York,43.686537,-79.568591,615365.274,4838052.678,At Intersection,No Control,Clear,Daylight,Dry,7,Willowridge-Martingrove-Richview,7,Willowridge-Martingrove-Richview (7),Non-Fatal Injury,0,0,1,0,0,0,0,0,0,1,0,0,0,Rear End,"['Truck Driver', 'Driver']",South,"['Tow Truck', 'Pick Up Truck']","['Slowing or Stopping', 'Going Ahead']","['Failed to Yield Right of Way', 'Driving Properly']",['Normal'],['Not Applicable'],['Not Applicable'],['Not Applicable'],['Not Applicable'],['Not Applicable'],False,"['25 to 29', '40 to 44']",3.0
832,2017-04-17 08:00:00,1858,2017,219 MARTIN GROVE RD,Not Applicable,Collector,Etobicoke York,43.654845,-79.551708,616787.429,4834556.4912,Non Intersection,No Control,Clear,Daylight,Dry,158,Islington,14,Islington-City Centre West (14),Non-Fatal Injury,0,0,0,1,0,0,0,0,0,0,0,0,0,SMV Other,['Motorcycle Driver'],South,['Motorcycle'],['Going Ahead'],['Lost control'],['Normal'],['Not Applicable'],['Not Applicable'],['Not Applicable'],['Not Applicable'],['Not Applicable'],False,['15 to 19'],3.0
833,2017-04-17 08:00:00,2132,2017,WILSON HEIGHTS BLVD,COCKSFIELD AVE,Collector,North York,43.752844,-79.457706,624165.1544,4845577.2341,Intersection Related,No Control,Clear,"Dark, artificial",Dry,34,Bathurst Manor,34,Bathurst Manor (34),Non-Fatal Injury,1,0,1,0,0,0,0,0,0,0,0,0,0,Pedestrian Collisions,"['Driver', 'Pedestrian']",North,"['Automobile, Station Wagon']",['Turning Left'],['Improper Turn'],['Inattentive'],['Crossing with right of way'],['Normal'],['Not Applicable'],['Not Applicable'],['Not Applicable'],False,"['85 to 89', '60 to 64']",3.0
834,2017-04-18 08:00:00,1503,2017,SHEPPARD AVE W,BATHURST ST,Major Arterial,North York,43.755385,-79.438442,625710.7302,4845888.5075,At/Near Private Drive,No Control,Clear,Daylight,Dry,38,Lansing-Westgate,38,Lansing-Westgate (38),Non-Fatal Injury,0,1,1,0,0,0,0,0,0,1,0,0,0,Cyclist Collisions,"['Driver', 'Cyclist']",East,"['Automobile, Station Wagon', 'Bicycle']","['Turning Right', 'Going Ahead']",['Failed to Yield Right of Way'],['Inattentive'],['Not Applicable'],['Not Applicable'],"['Motorist turns right at non-signal Inter.(stop, yield, no cont.,and dwy) and strikes cyclist.']",['Driving Properly'],['Normal'],False,['55 to 59'],3.0
835,2017-04-19 08:00:00,2045,2017,EGLINTON AVE E,COMMONWEALTH AVE,Major Arterial,Scarborough,43.734736,-79.256801,640381.8669,4843886.8552,At Intersection,No Control,Clear,"Dark, artificial",Dry,124,Kennedy Park,124,Kennedy Park (124),Non-Fatal Injury,1,0,1,0,0,0,0,0,0,0,0,0,0,Pedestrian Collisions,"['Driver', 'Pedestrian']",South,"['Automobile, Station Wagon']",['Going Ahead'],['Driving Properly'],['Normal'],"['Crossing, no Traffic Control']",['Normal'],['Not Applicable'],['Not Applicable'],['Not Applicable'],False,"['65 to 69', '45 to 49']",3.0
836,2017-04-19 08:00:00,2206,2017,COLLEGE ST,MC CAUL ST,Major Arterial,Toronto and East York,43.659129,-79.393443,629540.5176,4835267.2032,At Intersection,Streetcar (Stop for),Clear,"Dark, artificial",Dry,78,Kensington-Chinatown,78,Kensington-Chinatown (78),Non-Fatal Injury,1,0,1,0,0,0,0,1,0,1,0,0,0,Pedestrian Collisions,"['Driver', 'Passenger', 'Pedestrian']",East,"['Automobile, Station Wagon']",['Going Ahead'],['Failed to Yield Right of Way'],['Inattentive'],['Person Getting on/off Vehicle'],['Normal'],['Not Applicable'],['Not Applicable'],['Not Applicable'],False,"['35 to 39', '20 to 24', '25 to 29']",3.0
837,2017-04-21 08:00:00,543,2017,LAKE SHORE BLVD W,PARKSIDE DR,Major Arterial,Toronto and East York,43.636943,-79.445483,625390.5225,4832723.2292,Non Intersection,No Control,Clear,"Dark, artificial",Wet,85,South Parkdale,85,South Parkdale (85),Non-Fatal Injury,0,0,1,0,0,0,0,0,1,1,0,0,0,SMV Other,['Driver'],East,"['Automobile, Station Wagon']",['Going Ahead'],['Lost control'],['Fatigue'],['Not Applicable'],['Not Applicable'],['Not Applicable'],['Not Applicable'],['Not Applicable'],False,['60 to 64'],3.0
838,2017-04-21 08:00:00,1530,2017,HALFMOON SQ,CANMORE BLVD,Collector,Scarborough,43.793753,-79.17908,646496.7712,4850576.2442,Intersection Related,No Control,Clear,"Daylight, artificial",Dry,134,Highland Creek,134,Highland Creek (134),Fatal,1,0,1,0,0,0,0,0,0,0,0,0,0,Pedestrian Collisions,"['Pedestrian', 'Driver']",East,"['Automobile, Station Wagon']",['Going Ahead'],['Driving Properly'],['Inattentive'],['Running onto Roadway'],['Inattentive'],['Not Applicable'],['Not Applicable'],['Not Applicable'],True,"['5 to 9', '50 to 54']",4.0
839,2017-04-23 08:00:00,2044,2017,YONGE ST,ERSKINE AVE,Major Arterial,North York,43.711005,-79.399272,628959.2995,4841019.6592,At Intersection,Traffic Controller,Clear,Dusk,Dry,173,North Toronto,104,Mount Pleasant West (104),Non-Fatal Injury,0,0,1,1,0,0,0,1,0,1,0,0,0,Turning Movement,"['Driver', 'Motorcycle Driver', 'Motorcycle Passenger']",North,"['Pick Up Truck', 'Motorcycle']","['Turning Left', 'Going Ahead']","['Failed to Yield Right of Way', 'Driving Properly']","['Unknown', 'Normal']",['Not Applicable'],['Not Applicable'],['Not Applicable'],['Not Applicable'],['Not Applicable'],False,"['25 to 29', '50 to 54', '15 to 19']",3.0
840,2017-04-26 08:00:00,1857,2017,LESLIE ST,CORNING RD,Major Arterial,North York,43.781909,-79.366107,631475.8714,4848946.7345,At/Near Private Drive,No Control,Clear,Daylight,Dry,47,Don Valley Village,47,Don Valley Village (47),Fatal,0,0,1,1,0,0,0,0,0,1,0,0,0,Angle,"['Motorcycle Driver', 'Driver']",East,"['Motorcycle', 'Automobile, Station Wagon']",['Going Ahead'],"['Driving Properly', 'Failed to Yield Right of Way']","['Unknown', 'Normal']",['Not Applicable'],['Not Applicable'],['Not Applicable'],['Not Applicable'],['Not Applicable'],True,"['30 to 34', '45 to 49']",4.0
841,2017-04-29 08:00:00,205,2017,KIPLING AVE,STEVENSON  RD,Major Arterial,Etobicoke York,43.745127,-79.582996,614093.0456,4844539.9695,Non Intersection,No Control,Clear,"Dark, artificial",Dry,2,Mount Olive-Silverstone-Jamestown,2,Mount Olive-Silverstone-Jamestown (2),Non-Fatal Injury,0,0,1,0,0,0,0,1,0,1,0,0,0,Approaching,"['Driver', 'Passenger']",North,"['Automobile, Station Wagon']",['Going Ahead'],"['Failed to Yield Right of Way', 'Driving Properly']",['Normal'],['Not Applicable'],['Not Applicable'],['Not Applicable'],['Not Applicable'],['Not Applicable'],False,"['20 to 24', '50 to 54', '35 to 39', '25 to 29']",3.0
842,2017-04-29 08:00:00,325,2017,DAVENPORT ROAD,BATHURST ST,Major Arterial,Toronto and East York,43.676657,-79.415744,627705.1404,4837179.3452,Intersection Related,Traffic Signal,Clear,"Dark, artificial",Dry,96,Casa Loma,96,Casa Loma (96),Non-Fatal Injury,1,0,1,0,0,0,0,0,0,0,0,0,0,Pedestrian Collisions,"['Driver', 'Pedestrian']",East,"['Automobile, Station Wagon']",['Going Ahead'],['Other'],['Had Been Drinking'],['Crossing without right of way'],['Inattentive'],['Not Applicable'],['Not Applicable'],['Not Applicable'],False,"['70 to 74', '30 to 34']",3.0
843,2017-05-02 08:00:00,645,2017,WESTHUMBER BLVD,KIPLING AVE,Major Arterial,Etobicoke York,43.728068,-79.574611,614800.7788,4842656.9069,At Intersection,Traffic Signal,Clear,"Dawn, artificial",Dry,4,Rexdale-Kipling,4,Rexdale-Kipling (4),Non-Fatal Injury,0,1,1,0,0,0,0,0,0,0,0,0,0,Cyclist Collisions,"['Driver', 'Cyclist']",East,"['Automobile, Station Wagon', 'Bicycle']","['Turning Right', 'Going Ahead']",['Improper Turn'],['Inattentive'],['Not Applicable'],['Not Applicable'],['Motorist turning right on red at signalized intersection strikes cyclist.'],['Driving Properly'],['Normal'],False,"['45 to 49', '60 to 64']",3.0
844,2017-05-03 08:00:00,716,2017,DUNDAS ST W,BEVERLEY ST,Major Arterial,Toronto and East York,43.65375,-79.393817,629521.9249,4834669.2105,At Intersection,Traffic Signal,Clear,Daylight,Dry,78,Kensington-Chinatown,78,Kensington-Chinatown (78),Non-Fatal Injury,1,0,0,0,1,0,0,0,0,0,0,0,0,Pedestrian Collisions,"['Pedestrian', 'Truck Driver']",East,"['Truck - Closed (Blazer, etc)']",['Going Ahead'],['Driving Properly'],['Normal'],['Crossing without right of way'],['Inattentive'],['Not Applicable'],['Not Applicable'],['Not Applicable'],False,"['40 to 44', '60 to 64']",3.0
845,2017-05-03 08:00:00,2142,2017,DON VALLEY PARKWAY  N,LAWRENCE AVE E,Expressway,North York,43.742961,-79.33224,634288.2193,4844675.3097,Non Intersection,No Control,Clear,"Dark, artificial",Dry,149,Parkwoods-O'Connor Hills,45,Parkwoods-Donalda (45),Non-Fatal Injury,1,0,1,0,0,0,0,0,0,0,0,0,0,Pedestrian Collisions,"['Pedestrian', 'Driver']",North,"['Automobile, Station Wagon']",['Going Ahead'],['Improper Lane Change'],['Normal'],['Other'],['Normal'],['Not Applicable'],['Not Applicable'],['Not Applicable'],False,"['25 to 29', 'unknown']",3.0
846,2017-05-04 08:00:00,1546,2017,SHEPPARD AVE E,MALVERN ST,Major Arterial,Scarborough,43.794589,-79.234897,642004.1444,4850571.8078,At Intersection,Traffic Controller,Rain,Daylight,Wet,146,Malvern East,132,Malvern (132),Non-Fatal Injury,0,0,1,0,0,0,0,1,0,0,0,0,0,Turning Movement,"['Driver', 'Passenger']",East,"['Automobile, Station Wagon']","['Turning Left', 'Going Ahead']","['Improper Turn', 'Driving Properly']",['Normal'],['Not Applicable'],['Not Applicable'],['Not Applicable'],['Not Applicable'],['Not Applicable'],False,"['40 to 44', '20 to 24']",3.0
847,2017-05-04 08:00:00,2025,2017,NUGGET AVE,MARKHAM RD,Major Arterial,Scarborough,43.798484,-79.241008,641503.3085,4850993.9429,At Intersection,Traffic Signal,Rain,Daylight,Wet,145,Malvern West,132,Malvern (132),Non-Fatal Injury,1,0,1,0,0,0,0,0,0,1,0,0,0,Pedestrian Collisions,"['Driver', 'Pedestrian']",West,"['Automobile, Station Wagon']",['Turning Left'],['Failed to Yield Right of Way'],['Unknown'],['Crossing with right of way'],['Normal'],['Not Applicable'],['Not Applicable'],['Not Applicable'],False,"['unknown', '65 to 69']",3.0
848,2017-05-04 08:00:00,2110,2017,MIDLAND AVE,TREEWOOD ST,Major Arterial,Scarborough,43.753573,-79.265743,639617.9493,4845963.8763,At Intersection,No Control,Rain,"Dark, artificial",Wet,156,Bendale-Glen Andrew,127,Bendale (127),Non-Fatal Injury,0,0,1,0,0,0,0,1,0,1,0,0,1,Approaching,"['Passenger', 'Driver']",North,"['Automobile, Station Wagon']",['Going Ahead'],"['Driving Properly', 'Other']","['Normal', 'Medical or Physical Disability']",['Not Applicable'],['Not Applicable'],['Not Applicable'],['Not Applicable'],['Not Applicable'],False,"['0 to 4', '25 to 29', '40 to 44', '65 to 69']",3.0
849,2017-05-05 08:00:00,151,2017,116 KING ST,Not Applicable,Local,Etobicoke York,43.706057,-79.515132,619635.0452,4840296.3932,Non Intersection,No Control,Rain,"Dark, artificial",Wet,113,Weston,113,Weston (113),Non-Fatal Injury,0,0,0,0,0,0,0,1,0,0,0,0,0,SMV Other,['Passenger'],Unknown,[],[],[],[],['Not Applicable'],['Not Applicable'],['Not Applicable'],['Not Applicable'],['Not Applicable'],False,['25 to 29'],3.0
850,2017-05-05 08:00:00,1616,2017,WYCHCREST AVE,SHAW ST,Collector,Toronto and East York,43.672232,-79.427295,626783.3358,4836670.17,At Intersection,Stop Sign,Rain,Daylight,Wet,94,Wychwood,94,Wychwood (94),Non-Fatal Injury,0,0,1,0,0,0,0,0,0,0,0,0,0,SMV Other,['Driver'],West,"['Automobile, Station Wagon']",['Going Ahead'],['Other'],['Normal'],['Not Applicable'],['Not Applicable'],['Not Applicable'],['Not Applicable'],['Not Applicable'],False,['75 to 79'],3.0
851,2017-05-05 08:00:00,2359,2017,MORNINGSIDE AVE,SEWELLS RD,Minor Arterial,Scarborough,43.816607,-79.211665,643820.3495,4853057.3908,Non Intersection,No Control,Clear,"Dark, artificial",Unknown,146,Malvern East,132,Malvern (132),Fatal,0,0,1,0,0,0,0,1,0,0,0,0,0,Approaching,"['Driver', 'Passenger']",South,"['Automobile, Station Wagon', 'Passenger Van']",['Going Ahead'],['Driving Properly'],['Normal'],['Not Applicable'],['Not Applicable'],['Not Applicable'],['Not Applicable'],['Not Applicable'],True,"['40 to 44', '30 to 34', '60 to 64', '20 to 24', '70 to 74']",4.0
852,2017-05-06 08:00:00,1248,2017,YONGE  ST,GOULD ST,Major Arterial,Toronto and East York,43.657344,-79.381328,630521.2566,4835087.9416,At Intersection,Traffic Signal,Clear,Daylight,Dry,168,Downtown Yonge East,75,Church-Yonge Corridor (75),Non-Fatal Injury,0,1,1,0,0,0,0,0,0,1,0,0,0,Cyclist Collisions,"['Driver', 'Cyclist']",South,"['Automobile, Station Wagon', 'Bicycle']",['Going Ahead'],['Improper Passing'],['Normal'],['Not Applicable'],['Not Applicable'],['Cyclist and Driver travelling in same direction. One vehicle sideswipes the other.'],['Driving Properly'],['Normal'],False,"['30 to 34', '70 to 74']",3.0
853,2017-05-07 08:00:00,620,2017,KING ST E,QUEEN ST E,Major Arterial,Toronto and East York,43.657664,-79.354923,632649.7365,4835165.3574,Intersection Related,No Control,Clear,"Daylight, artificial",Dry,73,Moss Park,73,Moss Park (73),Non-Fatal Injury,0,0,1,0,0,0,0,1,1,1,0,0,0,Approaching,"['Driver', 'Passenger']",West,"['Automobile, Station Wagon']","['Going Ahead', 'Slowing or Stopping']","['Driving Properly', 'Exceeding Speed Limit']","['Normal', 'Had Been Drinking']",['Not Applicable'],['Not Applicable'],['Not Applicable'],['Not Applicable'],['Not Applicable'],False,"['40 to 44', '45 to 49', '20 to 24', '55 to 59', '25 to 29']",3.0
854,2017-05-07 08:00:00,1630,2017,1446 DON MILLS RD,Not Applicable,Major Arterial,North York,43.751673,-79.347278,633058.0402,4845618.6406,Non Intersection,No Control,Clear,Daylight,Dry,42,Banbury-Don Mills,42,Banbury-Don Mills (42),Non-Fatal Injury,0,0,1,0,0,0,0,1,0,0,0,0,1,SMV Other,"['Driver', 'Passenger']",South,"['Automobile, Station Wagon']",['Going Ahead'],['Driving Properly'],['Medical or Physical Disability'],['Not Applicable'],['Not Applicable'],['Not Applicable'],['Not Applicable'],['Not Applicable'],False,['75 to 79'],3.0
855,2017-05-08 08:00:00,1815,2017,WILSON AVE,WILSON HEIGHTS BLVD,Major Arterial,North York,43.734515,-79.447238,625046.0619,4843557.2755,At Intersection,Traffic Signal,Clear,Daylight,Dry,33,Clanton Park,33,Clanton Park (33),Fatal,0,0,1,1,0,0,0,0,0,1,0,0,0,Turning Movement,"['Motorcycle Driver', 'Driver']",North,"['Motorcycle', 'Automobile, Station Wagon']","['Going Ahead', 'Turning Left']","['Driving Properly', 'Failed to Yield Right of Way']","['Normal', 'Inattentive']",['Not Applicable'],['Not Applicable'],['Not Applicable'],['Not Applicable'],['Not Applicable'],True,"['25 to 29', '45 to 49']",4.0
856,2017-05-10 08:00:00,900,2017,COLLEGE  ST,HENRY ST,Major Arterial,Toronto and East York,43.658881,-79.394641,629444.4519,4835237.7898,At Intersection,No Control,Clear,Daylight,Dry,78,Kensington-Chinatown,78,Kensington-Chinatown (78),Non-Fatal Injury,0,1,1,0,0,0,0,0,0,1,0,0,0,Cyclist Collisions,"['Cyclist', 'Driver']",East,"['Bicycle', 'Automobile, Station Wagon']","['Going Ahead', 'Turning Left']",['Failed to Yield Right of Way'],['Normal'],['Not Applicable'],['Not Applicable'],['Motorist turned left across cyclists path.'],['Driving Properly'],['Normal'],False,"['25 to 29', '30 to 34']",3.0
857,2017-05-10 08:00:00,2017,2017,ASHTONBEE RD,HAKIMI AV              (411),Collector,Scarborough,43.729903,-79.292049,637554.3359,4843290.9601,Intersection Related,Traffic Signal,Clear,"Dark, artificial",Dry,119,Wexford/Maryvale,119,Wexford/Maryvale (119),Non-Fatal Injury,0,0,1,0,0,0,0,1,1,1,1,0,0,Turning Movement,"['Driver', 'Passenger']",East,"['Pick Up Truck', 'Automobile, Station Wagon']","['Going Ahead', 'Turning Left']","['Disobeyed Traffic Control', 'Driving Properly']",['Normal'],['Not Applicable'],['Not Applicable'],['Not Applicable'],['Not Applicable'],['Not Applicable'],False,"['20 to 24', '45 to 49', '15 to 19']",3.0
858,2017-05-11 08:00:00,1550,2017,DANFORTH AVE,FERRIER AVE,Major Arterial,Toronto and East York,43.678198,-79.34827,633140.795,4837456.5936,Intersection Related,No Control,Clear,Daylight,Dry,68,North Riverdale,68,North Riverdale (68),Non-Fatal Injury,0,1,1,0,0,0,0,0,0,1,0,0,0,Cyclist Collisions,"['Driver', 'Cyclist']",West,"['Automobile, Station Wagon', 'Bicycle']","['Overtaking', 'Going Ahead']",['Improper Passing'],['Inattentive'],['Not Applicable'],['Not Applicable'],['Cyclist and Driver travelling in same direction. One vehicle sideswipes the other.'],['Driving Properly'],['Had Been Drinking'],False,"['unknown', '20 to 24']",3.0
859,2017-05-11 08:00:00,2100,2017,LANSDOWNE AVE,COLLEGE ST,Minor Arterial,Toronto and East York,43.650939,-79.43996,625806.8052,4834286.0228,At Intersection,Traffic Signal,Clear,"Dusk, artificial",Dry,83,Dufferin Grove,83,Dufferin Grove (83),Non-Fatal Injury,1,0,1,0,0,0,0,0,0,0,0,0,0,Pedestrian Collisions,"['Driver', 'Pedestrian']",East,['Passenger Van'],['Turning Left'],['Other'],['Unknown'],['Crossing without right of way'],['Normal'],['Not Applicable'],['Not Applicable'],['Not Applicable'],False,"['unknown', '25 to 29']",3.0
860,2017-05-12 08:00:00,1723,2017,3160 STEELES AVE E,Not Applicable,Major Arterial,North York,43.814719,-79.344959,633104.7479,4852624.6096,Intersection Related,No Control,Clear,Daylight,Dry,48,Hillcrest Village,48,Hillcrest Village (48),Non-Fatal Injury,0,0,1,0,0,0,0,1,1,1,0,0,0,Rear End,"['Passenger', 'Driver']",West,"['Automobile, Station Wagon']","['Stopped', 'Going Ahead']","['Driving Properly', 'Speed too Fast For Condition']","['Normal', 'Had Been Drinking']",['Not Applicable'],['Not Applicable'],['Not Applicable'],['Not Applicable'],['Not Applicable'],False,"['75 to 79', '70 to 74', '30 to 34', '35 to 39', '45 to 49', '20 to 24']",3.0
861,2017-05-13 08:00:00,1625,2017,SPADINA AVENUE,BALDWIN STREET,Major Arterial,Toronto and East York,43.655135,-79.398891,629109.7874,4834815.1254,Intersection Related,No Control,Clear,Daylight,Dry,78,Kensington-Chinatown,78,Kensington-Chinatown (78),Non-Fatal Injury,1,0,0,0,0,1,0,0,0,0,0,0,0,Pedestrian Collisions,"['Driver', 'Pedestrian']",North,['Street Car'],['Slowing or Stopping'],['Driving Properly'],['Normal'],"['Crossing, no Traffic Control']",['Inattentive'],['Not Applicable'],['Not Applicable'],['Not Applicable'],False,"['30 to 34', '55 to 59']",3.0
862,2017-05-13 08:00:00,1740,2017,STRACHAN  AVE,DOURO ST,Minor Arterial,Toronto and East York,43.640685,-79.411426,628129.7035,4833190.8375,At Intersection,Traffic Signal,Clear,Daylight,Dry,162,West Queen West,82,Niagara (82),Non-Fatal Injury,0,1,1,0,0,0,0,0,0,0,0,0,0,Cyclist Collisions,"['Cyclist', 'Driver']",South,"['Bicycle', 'Automobile, Station Wagon']","['Going Ahead', 'Turning Right']",['Improper Turn'],['Inattentive'],['Not Applicable'],['Not Applicable'],['Motorist turning right on green or amber at signalized intersection strikes cyclist.'],['Driving Properly'],['Normal'],False,"['25 to 29', '50 to 54']",3.0
863,2017-05-13 08:00:00,2246,2017,BATHURST ST,AVENAL DR,Major Arterial,Toronto and East York,43.696036,-79.423534,627036.277,4839319.6834,At Intersection,No Control,Clear,"Dark, artificial",Dry,101,Forest Hill South,101,Forest Hill South (101),Non-Fatal Injury,1,0,1,0,0,0,0,0,0,1,0,0,0,Pedestrian Collisions,"['Driver', 'Pedestrian']",North,"['Automobile, Station Wagon']",['Turning Left'],['Failed to Yield Right of Way'],['Inattentive'],['Crossing with right of way'],['Normal'],['Not Applicable'],['Not Applicable'],['Not Applicable'],False,"['60 to 64', '55 to 59']",3.0
864,2017-05-13 08:00:00,2343,2017,MORNINGSIDE AVE,STAINES RD,Minor Arterial,Scarborough,43.819625,-79.221034,643059.6646,4853376.3444,At Intersection,Traffic Signal,Clear,"Dark, artificial",Dry,145,Malvern West,132,Malvern (132),Non-Fatal Injury,0,0,1,0,0,0,0,0,1,1,0,0,0,SMV Other,['Driver'],West,"['Automobile, Station Wagon']",['Going Ahead'],['Lost control'],['Unknown'],['Not Applicable'],['Not Applicable'],['Not Applicable'],['Not Applicable'],['Not Applicable'],False,['25 to 29'],3.0
865,2017-05-14 08:00:00,2230,2017,DANFORTH RD,BARRYMORE RD,Major Arterial,Scarborough,43.750331,-79.244403,641343.5981,4845639.9973,Intersection Related,No Control,Clear,"Dark, artificial",Dry,157,Bendale South,127,Bendale (127),Non-Fatal Injury,1,0,1,0,0,0,0,0,0,0,0,0,0,Pedestrian Collisions,"['Driver', 'Pedestrian']",East,"['Automobile, Station Wagon']",['Going Ahead'],['Driving Properly'],['Normal'],['Running onto Roadway'],['Normal'],['Not Applicable'],['Not Applicable'],['Not Applicable'],False,"['60 to 64', '15 to 19']",3.0
866,2017-05-15 08:00:00,1315,2017,MEADOWVALE RD,SHEPPARD AV E,Minor Arterial,Scarborough,43.807875,-79.170573,647146.5102,4852159.8169,Non Intersection,No Control,Clear,Daylight,Dry,143,West Rouge,131,Rouge (131),Non-Fatal Injury,0,0,1,1,0,0,0,0,0,1,0,0,0,Turning Movement,"['Motorcycle Driver', 'Driver']",North,"['Motorcycle', 'Automobile, Station Wagon']","['Going Ahead', 'Turning Left']","['Driving Properly', 'Failed to Yield Right of Way']","['Normal', 'Inattentive']",['Not Applicable'],['Not Applicable'],['Not Applicable'],['Not Applicable'],['Not Applicable'],False,"['20 to 24', '45 to 49']",3.0
867,2017-05-15 08:00:00,1806,2017,JANE ST,DALRYMPLE DR,Major Arterial,Etobicoke York,43.677169,-79.496097,621226.8844,4837115.6338,Non Intersection,No Control,Clear,Daylight,Dry,111,Rockcliffe-Smythe,111,Rockcliffe-Smythe (111),Non-Fatal Injury,1,0,1,0,0,0,0,0,0,0,0,0,0,Pedestrian Collisions,"['Driver', 'Pedestrian']",South,"['Automobile, Station Wagon']",['Going Ahead'],['Driving Properly'],['Normal'],"['Crossing, no Traffic Control']",['Medical or Physical Disability'],['Not Applicable'],['Not Applicable'],['Not Applicable'],False,"['50 to 54', '15 to 19']",3.0
868,2017-05-16 08:00:00,1135,2017,95 ELLESMERE RD,Not Applicable,Major Arterial,Scarborough,43.758727,-79.311122,635952.9582,4846460.8115,Non Intersection,No Control,Clear,Daylight,Dry,119,Wexford/Maryvale,119,Wexford/Maryvale (119),Fatal,0,0,1,0,0,0,0,0,0,0,0,0,1,SMV Other,['Driver'],East,"['Automobile, Station Wagon']",['Going Ahead'],['Lost control'],['Medical or Physical Disability'],['Not Applicable'],['Not Applicable'],['Not Applicable'],['Not Applicable'],['Not Applicable'],True,['80 to 84'],4.0
869,2017-05-16 08:00:00,1535,2017,CORBETT  AVE,MOULD  AVE,Local,Etobicoke York,43.671309,-79.488353,621862.9798,4836476.1501,At Intersection,No Control,Clear,Daylight,Dry,111,Rockcliffe-Smythe,111,Rockcliffe-Smythe (111),Non-Fatal Injury,1,0,1,0,0,0,0,0,0,0,0,0,0,Pedestrian Collisions,"['Pedestrian', 'Driver']",East,"['Automobile, Station Wagon']",['Going Ahead'],['Driving Properly'],['Normal'],['Crossing without right of way'],['Inattentive'],['Not Applicable'],['Not Applicable'],['Not Applicable'],False,"['5 to 9', '45 to 49']",3.0
870,2017-05-17 08:00:00,752,2017,MILLWOOD RD,OVERLEA BLVD,Major Arterial,North York,43.701914,-79.352802,632723.1588,4840083.3201,Intersection Related,Traffic Signal,Clear,Daylight,Dry,55,Thorncliffe Park,55,Thorncliffe Park (55),Non-Fatal Injury,0,1,1,0,0,0,0,0,0,0,0,0,0,Cyclist Collisions,"['Cyclist', 'Driver']",North,"['Bicycle', 'Automobile, Station Wagon']","['Merging', 'Going Ahead']",['Driving Properly'],['Normal'],['Not Applicable'],['Not Applicable'],['Cyclist and Driver travelling in same direction. One vehicle sideswipes the other.'],['Improper Lane Change'],['Normal'],False,"['10 to 14', '60 to 64']",3.0