accident_number,date,time,year,street1,street2,road_class,district,latitude,longitude,x,y,accident_location,traffctl,visibility,light,road_surface_condition,hood_158,neighbourhood_new,hood_140,neighbourhood_old,accident_class,pedestrian,cyclist,automobile,motorcycle,truck,trsn_city_veh,emerg_veh,passenger,speeding,aggressive_driving,redlight,alcohol,disability,impact_type,involvement_type,initial_direction,vehicle_type,manoeuver,driver_action,driver_condition,pedestrian_action,pedestrian_condition,cyclist_type,cyclist_action,cyclist_condition,injury,involvement_age,injury_severity_score
871,2017-05-17 08:00:00,1134,2017,MARKHAM RD,EGLINTON AVE E,Major Arterial,Scarborough,43.743109,-79.218875,643416.137,4844881.7636,At Intersection,Traffic Signal,Clear,Daylight,Dry,139,Scarborough Village,139,Scarborough Village (139),Non-Fatal Injury,1,0,0,0,1,0,0,0,0,1,0,0,0,Pedestrian Collisions,"['Truck Driver', 'Pedestrian']",South,['Truck-Tractor'],['Turning Right'],['Failed to Yield Right of Way'],['Normal'],['Crossing with right of way'],['Normal'],['Not Applicable'],['Not Applicable'],['Not Applicable'],False,"['45 to 49', '55 to 59', '50 to 54']",3.0
872,2017-05-17 08:00:00,1900,2017,SHEPPARD AVE E,YORKLAND RD,Major Arterial,North York,43.775824,-79.337718,633773.866,4848316.3794,At Intersection,Traffic Signal,Clear,Dusk,Dry,53,Henry Farm,46,Pleasant View (46),Non-Fatal Injury,1,0,1,0,0,0,0,0,0,0,0,0,0,Pedestrian Collisions,"['Driver', 'Pedestrian']",East,"['Automobile, Station Wagon']",['Going Ahead'],['Driving Properly'],['Normal'],['Crossing marked crosswalk without ROW'],['Inattentive'],['Not Applicable'],['Not Applicable'],['Not Applicable'],False,"['15 to 19', '20 to 24']",3.0
873,2017-05-18 08:00:00,1423,2017,BLOOR ST W,KENNEDY AVE,Major Arterial,Toronto and East York,43.651286,-79.47549,622940.8137,4834271.3108,Intersection Related,No Control,Clear,Daylight,Dry,87,High Park-Swansea,88,High Park North (88),Non-Fatal Injury,1,0,1,0,0,0,0,0,0,0,0,0,0,Pedestrian Collisions,"['Driver', 'Pedestrian']",West,['Pick Up Truck'],['Going Ahead'],['Driving Properly'],['Normal'],['Other'],"['Ability Impaired, Alcohol Over .80']",['Not Applicable'],['Not Applicable'],['Not Applicable'],False,"['30 to 34', '55 to 59']",3.0
874,2017-05-19 08:00:00,2356,2017,EGLINTON AVE W,DUPLEX AVE,Major Arterial,North York,43.706278,-79.400241,628891.3649,4840493.1521,At Intersection,Traffic Controller,Clear,"Daylight, artificial",Dry,100,Yonge-Eglinton,100,Yonge-Eglinton (100),Non-Fatal Injury,0,0,1,0,0,0,0,1,0,0,0,1,0,SMV Other,"['Driver', 'Passenger']",South,"['Automobile, Station Wagon']",['Turning Right'],['Lost control'],"['Ability Impaired, Alcohol']",['Not Applicable'],['Not Applicable'],['Not Applicable'],['Not Applicable'],['Not Applicable'],False,['20 to 24'],3.0
875,2017-05-20 08:00:00,1740,2017,EGLINTON AVE E,DANFORTH RD,Major Arterial,Scarborough,43.737235,-79.245181,641311.7719,4844184.1608,Non Intersection,No Control,Clear,Daylight,Dry,138,Eglinton East,138,Eglinton East (138),Non-Fatal Injury,0,0,1,0,0,0,0,1,0,1,0,0,0,Rear End,"['Driver', 'Passenger']",East,"['Automobile, Station Wagon']",['Going Ahead'],"['Following too Close', 'Driving Properly']","['Inattentive', 'Normal']",['Not Applicable'],['Not Applicable'],['Not Applicable'],['Not Applicable'],['Not Applicable'],False,"['40 to 44', '45 to 49', '65 to 69', '80 to 84', '0 to 4', '25 to 29', '60 to 64', '50 to 54']",3.0
876,2017-05-23 08:00:00,900,2017,DUNDAS ST E,CARLAW AVE,Minor Arterial,Toronto and East York,43.664771,-79.341571,633710.6007,4835976.1181,At Intersection,Traffic Signal,Clear,Daylight,Dry,70,South Riverdale,70,South Riverdale (70),Non-Fatal Injury,0,1,1,0,0,0,0,0,0,0,0,0,0,Cyclist Collisions,"['Cyclist', 'Driver']",East,"['Bicycle', 'Automobile, Station Wagon']","['Going Ahead', 'Turning Left']","['Other', 'Driving Properly']",['Normal'],['Not Applicable'],['Not Applicable'],"['Cyclist without ROW rides into path of motorist at inter, lnwy, dwy-Cyclist not turn.']",['Disobeyed Traffic Control'],['Unknown'],False,"['20 to 24', '35 to 39', '55 to 59']",3.0
877,2017-05-24 08:00:00,1815,2017,1395 LAKE SHORE BLVD W,Not Applicable,Major Arterial,Toronto and East York,43.635432,-79.441371,625725.3592,4832561.6333,Non Intersection,No Control,Clear,Daylight,Dry,85,South Parkdale,85,South Parkdale (85),Fatal,0,1,0,0,0,0,0,0,0,0,0,0,0,Cyclist Collisions,['Cyclist'],West,['Bicycle'],['Going Ahead'],[],[],['Not Applicable'],['Not Applicable'],['Insufficient information (to determine cyclist crash type).'],['Lost control'],['Normal'],True,['5 to 9'],4.0
878,2017-05-25 08:00:00,2150,2017,MOUNT PLEASANT RD,BROADWAY AVE,Major Arterial,North York,43.711058,-79.391185,629610.7039,4841038.1587,At Intersection,Traffic Signal,Rain,"Dark, artificial",Wet,99,Mount Pleasant East,99,Mount Pleasant East (99),Non-Fatal Injury,0,1,1,0,0,0,0,1,0,1,0,0,0,Cyclist Collisions,"['Driver', 'Cyclist', 'Passenger']",North,"['Automobile, Station Wagon', 'Bicycle']","['Turning Left', 'Going Ahead']",['Failed to Yield Right of Way'],['Inattentive'],['Not Applicable'],['Not Applicable'],['Motorist turned left across cyclists path.'],['Driving Properly'],['Normal'],False,"['15 to 19', '65 to 69']",3.0
879,2017-05-27 08:00:00,548,2017,EGLINTON AVE E,VICTORIA PARK AVE,Major Arterial,North York,43.72465,-79.302608,636715.88,4842690.0628,At Intersection,Traffic Controller,Clear,Dawn,Dry,120,Clairlea-Birchmount,120,Clairlea-Birchmount (120),Non-Fatal Injury,0,0,1,0,0,0,0,1,0,1,0,0,0,Angle,"['Driver', 'Passenger']",East,"['Automobile, Station Wagon']",['Going Ahead'],"['Disobeyed Traffic Control', 'Driving Properly']","['Fatigue', 'Normal']",['Not Applicable'],['Not Applicable'],['Not Applicable'],['Not Applicable'],['Not Applicable'],False,"['25 to 29', '30 to 34']",3.0
880,2017-05-28 08:00:00,1025,2017,66 BLACKSMITH CRES,Not Applicable,Local,North York,43.771647,-79.524562,618745.5455,4847567.5398,Non Intersection,No Control,Clear,Daylight,Dry,24,Black Creek,24,Black Creek (24),Non-Fatal Injury,0,0,1,0,0,0,0,0,0,0,0,0,1,SMV Unattended Vehicle,['Driver'],West,"['Automobile, Station Wagon']",['Going Ahead'],['Lost control'],['Medical or Physical Disability'],['Not Applicable'],['Not Applicable'],['Not Applicable'],['Not Applicable'],['Not Applicable'],False,['85 to 89'],3.0
881,2017-05-28 08:00:00,1345,2017,YONGE ST,YORK MILLS RD,Major Arterial,North York,43.744078,-79.40668,628291.8579,4844681.3951,At Intersection,Traffic Signal,Clear,Daylight,Dry,40,St.Andrew-Windfields,40,St.Andrew-Windfields (40),Non-Fatal Injury,0,0,1,1,0,0,0,1,0,1,1,0,0,Angle,"['Driver', 'Motorcycle Driver', 'Passenger']",East,"['Automobile, Station Wagon', 'Motorcycle']","['Going Ahead', 'Stopped']","['Disobeyed Traffic Control', 'Driving Properly']","['Inattentive', 'Normal']",['Not Applicable'],['Not Applicable'],['Not Applicable'],['Not Applicable'],['Not Applicable'],False,"['40 to 44', '30 to 34', '65 to 69', '55 to 59', '75 to 79']",3.0
882,2017-05-29 08:00:00,1343,2017,OAKWOOD AVE,VAUGHAN RD,Minor Arterial,Toronto and East York,43.692584,-79.440807,625651.564,4838909.9722,At Intersection,Traffic Signal,Clear,Daylight,Dry,107,Oakwood Village,107,Oakwood Village (107),Non-Fatal Injury,0,0,1,1,0,0,0,0,0,0,0,0,0,Turning Movement,"['Driver', 'Motorcycle Driver']",North,"['Automobile, Station Wagon', 'Motorcycle']","['Turning Left', 'Going Ahead']","['Improper Turn', 'Driving Properly']","['Inattentive', 'Normal']",['Not Applicable'],['Not Applicable'],['Not Applicable'],['Not Applicable'],['Not Applicable'],False,"['60 to 64', '35 to 39']",3.0
883,2017-05-30 08:00:00,1305,2017,960 LAWRENCE AVE W,Not Applicable,Major Arterial,North York,43.71353,-79.457065,624298.0651,4841211.8086,At/Near Private Drive,No Control,Clear,Daylight,Dry,31,Yorkdale-Glen Park,31,Yorkdale-Glen Park (31),Non-Fatal Injury,0,0,1,0,0,0,0,1,0,1,0,0,0,Turning Movement,"['Driver', 'Passenger']",East,"['Automobile, Station Wagon', 'Delivery Van']","['Turning Left', 'Going Ahead', 'Slowing or Stopping']","['Failed to Yield Right of Way', 'Driving Properly']","['Inattentive', 'Normal']",['Not Applicable'],['Not Applicable'],['Not Applicable'],['Not Applicable'],['Not Applicable'],False,"['70 to 74', '65 to 69', '50 to 54', '60 to 64', '80 to 84']",3.0
884,2017-05-30 08:00:00,1750,2017,FRONT ST E,LOWER JARVIS ST,Major Arterial,Toronto and East York,43.649378,-79.371425,631337.1552,4834218.8379,At Intersection,Traffic Signal,Rain,Daylight,Wet,166,St Lawrence-East Bayfront-The Islands,77,Waterfront Communities-The Island (77),Non-Fatal Injury,0,0,0,1,0,0,0,0,1,1,0,0,0,SMV Other,['Motorcycle Driver'],West,['Motorcycle'],['Slowing or Stopping'],['Speed too Fast For Condition'],['Inattentive'],['Not Applicable'],['Not Applicable'],['Not Applicable'],['Not Applicable'],['Not Applicable'],False,['30 to 34'],3.0
885,2017-05-31 08:00:00,900,2017,ELLESMERE RD,BELLAMY RD N,Major Arterial,Scarborough,43.774333,-79.241718,641503.1694,4848310.3764,At Intersection,Traffic Signal,Clear,Daylight,Dry,142,Woburn North,137,Woburn (137),Non-Fatal Injury,1,0,1,0,0,0,0,0,0,1,0,0,0,Pedestrian Collisions,"['Driver', 'Pedestrian']",East,"['Automobile, Station Wagon']","['Turning Left', 'Going Ahead']","['Failed to Yield Right of Way', 'Driving Properly']","['Inattentive', 'Normal']",['On Sidewalk or Shoulder'],['Normal'],['Not Applicable'],['Not Applicable'],['Not Applicable'],False,"['50 to 54', '80 to 84', '20 to 24']",3.0
886,2017-05-31 08:00:00,950,2017,BAYVIEW AVE,BURLEIGH HEIGHTS DR,Major Arterial,North York,43.779303,-79.390872,629488.6919,4848618.2651,At Intersection,No Control,Clear,Daylight,Dry,52,Bayview Village,52,Bayview Village (52),Fatal,1,0,1,0,0,0,0,0,0,0,0,0,0,Pedestrian Collisions,"['Driver', 'Pedestrian']",West,"['Automobile, Station Wagon']",['Going Ahead'],['Driving Properly'],['Normal'],"['Crossing, no Traffic Control', 'Crossing without right of way']",['Normal'],['Not Applicable'],['Not Applicable'],['Not Applicable'],True,"['40 to 44', '15 to 19']",4.0
887,2017-05-31 08:00:00,1540,2017,ELLESMERE RD,CONLINS RD,Minor Arterial,Scarborough,43.787841,-79.183223,646177.8674,4849912.2959,Intersection Related,Traffic Signal,Clear,Daylight,Dry,134,Highland Creek,134,Highland Creek (134),Non-Fatal Injury,0,1,1,0,0,0,0,0,0,0,0,0,0,Cyclist Collisions,"['Cyclist', 'Driver']",North,"['Bicycle', 'Automobile, Station Wagon']",['Going Ahead'],['Driving Properly'],['Unknown'],['Not Applicable'],['Not Applicable'],"['Cyclist without ROW rides into path of motorist at inter, lnwy, dwy-Cyclist not turn.']",['Disobeyed Traffic Control'],['Normal'],False,"['15 to 19', '35 to 39']",3.0
888,2017-05-31 08:00:00,1800,2017,JANE ST,TROUTBROOKE DR,Major Arterial,Etobicoke York,43.731745,-79.511234,619897.8616,4843155.0385,At Intersection,Traffic Signal,Clear,Daylight,Dry,154,Oakdale-Beverley Heights,26,Downsview-Roding-CFB (26),Non-Fatal Injury,0,0,1,0,0,0,0,0,0,0,0,0,0,SMV Other,['Driver'],North,['Pick Up Truck'],['Going Ahead'],['Lost control'],['Normal'],['Not Applicable'],['Not Applicable'],['Not Applicable'],['Not Applicable'],['Not Applicable'],False,['30 to 34'],3.0
889,2017-06-01 08:00:00,1504,2017,GERRARD ST E,ST MATTHEWS RD,Minor Arterial,Toronto and East York,43.66474,-79.355136,632616.9807,4835950.9014,Non Intersection,No Control,Clear,Daylight,Dry,70,South Riverdale,70,South Riverdale (70),Non-Fatal Injury,1,0,1,0,0,0,0,0,0,0,0,0,0,Pedestrian Collisions,"['Driver', 'Pedestrian']",North,"['Automobile, Station Wagon']",['Going Ahead'],['Driving Properly'],['Normal'],"['Crossing, no Traffic Control']",['Normal'],['Not Applicable'],['Not Applicable'],['Not Applicable'],False,"['55 to 59', '60 to 64']",3.0
890,2017-06-01 08:00:00,2018,2017,OSSINGTON AVE,DUPONT ST,Major Arterial,Toronto and East York,43.670024,-79.428981,626652.0622,4836422.3665,At Intersection,Traffic Signal,Clear,Daylight,Dry,172,Dovercourt Village,93,Dovercourt-Wallace Emerson-Junction (93),Non-Fatal Injury,0,0,1,1,0,0,0,0,0,0,0,0,0,Turning Movement,"['Driver', 'Motorcycle Driver']",North,"['Automobile, Station Wagon', 'Motorcycle']","['Turning Left', 'Going Ahead']","['Improper Turn', 'Driving Properly']",['Normal'],['Not Applicable'],['Not Applicable'],['Not Applicable'],['Not Applicable'],['Not Applicable'],False,"['30 to 34', '25 to 29']",3.0
891,2017-06-03 08:00:00,156,2017,EGLINTON AVE W,MIRANDA AVE,Major Arterial,North York,43.694552,-79.455058,624499.0278,4839107.0496,Intersection Related,Stop Sign,Clear,"Dark, artificial",Dry,109,Caledonia-Fairbank,109,Caledonia-Fairbank (109),Non-Fatal Injury,1,0,1,0,0,0,0,0,0,1,0,0,0,Pedestrian Collisions,"['Pedestrian', 'Driver']",South,['Pick Up Truck'],['Going Ahead'],['Failed to Yield Right of Way'],['Had Been Drinking'],"['Crossing, no Traffic Control']",['Normal'],['Not Applicable'],['Not Applicable'],['Not Applicable'],False,"['20 to 24', '35 to 39']",3.0
892,2017-06-03 08:00:00,1134,2017,RIDGEMOOR AVE,KINGSTON RD,Major Arterial,Scarborough,43.706267,-79.251254,640895.2985,4840734.3674,At Intersection,Traffic Signal,Clear,Daylight,Dry,122,Birchcliffe-Cliffside,122,Birchcliffe-Cliffside (122),Fatal,1,0,1,0,0,0,0,0,0,1,0,0,0,Pedestrian Collisions,"['Driver', 'Pedestrian']",North,"['Automobile, Station Wagon']",['Turning Left'],['Failed to Yield Right of Way'],['Inattentive'],['Crossing with right of way'],['Normal'],['Not Applicable'],['Not Applicable'],['Not Applicable'],True,"['55 to 59', '70 to 74']",4.0
893,2017-06-03 08:00:00,2330,2017,ST CLAIR AVE W,CALEDONIA RD,Major Arterial,Toronto and East York,43.67528,-79.45473,624565.3413,4836967.1254,Intersection Related,Traffic Signal,Clear,"Dark, artificial",Dry,92,Corso Italia-Davenport,92,Corso Italia-Davenport (92),Non-Fatal Injury,0,1,1,0,0,0,0,0,0,1,0,0,0,Cyclist Collisions,"['Driver', 'Cyclist']",West,"['Automobile, Station Wagon', 'Bicycle']",['Going Ahead'],['Improper Passing'],['Inattentive'],['Not Applicable'],['Not Applicable'],['Cyclist and Driver travelling in same direction. One vehicle sideswipes the other.'],['Driving Properly'],['Normal'],False,"['unknown', '40 to 44']",3.0
894,2017-06-05 08:00:00,1732,2017,KIPLING  AVE,NAMCO  RD,Major Arterial,Etobicoke York,43.708155,-79.565051,615609.0342,4840458.5794,At Intersection,Stop Sign,Clear,Daylight,Dry,1,West Humber-Clairville,1,West Humber-Clairville (1),Non-Fatal Injury,0,0,1,1,0,0,0,1,0,1,0,0,0,Angle,"['Driver', 'Motorcycle Driver', 'Passenger']",East,"['Automobile, Station Wagon', 'Motorcycle']",['Going Ahead'],"['Failed to Yield Right of Way', 'Driving Properly']",['Normal'],['Not Applicable'],['Not Applicable'],['Not Applicable'],['Not Applicable'],['Not Applicable'],False,"['30 to 34', '60 to 64', '55 to 59']",3.0
895,2017-06-06 08:00:00,825,2017,BAYVIEW AVE,POTTERY RD,Major Arterial,North York,43.688643,-79.36375,631870.0996,4838591.9217,Non Intersection,No Control,Rain,Daylight,Wet,56,Leaside-Bennington,56,Leaside-Bennington (56),Non-Fatal Injury,0,0,0,1,0,0,0,0,0,0,0,0,0,SMV Other,['Motorcycle Driver'],South,['Motorcycle'],['Slowing or Stopping'],['Lost control'],['Normal'],['Not Applicable'],['Not Applicable'],['Not Applicable'],['Not Applicable'],['Not Applicable'],False,['25 to 29'],3.0
896,2017-06-06 08:00:00,1320,2017,MARKHAM  RD,ELLESMERE RD,Major Arterial,Scarborough,43.777068,-79.231982,642280.2263,4848630.8275,Non Intersection,No Control,Rain,Daylight,Wet,142,Woburn North,137,Woburn (137),Non-Fatal Injury,1,0,1,0,0,0,0,0,0,0,0,0,0,Pedestrian Collisions,"['Pedestrian', 'Driver']",South,"['Automobile, Station Wagon']",['Going Ahead'],['Lost control'],['Normal'],['On Sidewalk or Shoulder'],['Normal'],['Not Applicable'],['Not Applicable'],['Not Applicable'],False,"['20 to 24', '40 to 44']",3.0
897,2017-06-07 08:00:00,701,2017,COLLEGE ST,DUFFERIN ST,Major Arterial,Toronto and East York,43.652568,-79.432521,626403.2993,4834478.2491,Intersection Related,Traffic Signal,Clear,Daylight,Dry,84,Little Portugal,84,Little Portugal (84),Non-Fatal Injury,0,1,1,0,0,0,0,0,0,1,0,0,0,Cyclist Collisions,"['Driver', 'Cyclist']",East,"['Pick Up Truck', 'Bicycle']","['Turning Left', 'Going Ahead']",['Failed to Yield Right of Way'],['Inattentive'],['Not Applicable'],['Not Applicable'],['Motorist turned left across cyclists path.'],['Driving Properly'],['Normal'],False,"['50 to 54', '65 to 69']",3.0
898,2017-06-07 08:00:00,715,2017,DUNDAS ST W,ELIZABETH ST,Major Arterial,Toronto and East York,43.655352,-79.385181,630214.8732,4834860.6499,At Intersection,No Control,Clear,Daylight,Dry,170,Yonge-Bay Corridor,76,Bay Street Corridor (76),Non-Fatal Injury,0,1,1,0,0,0,0,0,0,1,0,0,0,Cyclist Collisions,"['Driver', 'Cyclist']",East,"['Automobile, Station Wagon', 'Bicycle']","['Turning Left', 'Going Ahead']",['Failed to Yield Right of Way'],['Inattentive'],['Not Applicable'],['Not Applicable'],['Motorist turned left across cyclists path.'],['Driving Properly'],['Normal'],False,"['55 to 59', '25 to 29']",3.0
899,2017-06-08 08:00:00,1030,2017,DAVENPORT RD,AVENUE RD,Major Arterial,Toronto and East York,43.674872,-79.395358,629352.2852,4837012.6859,Non Intersection,No Control,Clear,Daylight,Dry,95,Annex,95,Annex (95),Non-Fatal Injury,0,1,0,0,1,0,0,0,0,0,0,0,0,Cyclist Collisions,"['Truck Driver', 'Cyclist']",East,"['Truck - Closed (Blazer, etc)', 'Bicycle']",['Going Ahead'],['Other'],['Normal'],['Not Applicable'],['Not Applicable'],['Cyclist and Driver travelling in same direction. One vehicle sideswipes the other.'],['Other'],['Normal'],False,"['35 to 39', '20 to 24']",3.0
900,2017-06-09 08:00:00,135,2017,SYMINGTON AVE,DUPONT ST,Collector,Toronto and East York,43.665156,-79.451022,624885.2438,4835848.2957,Non Intersection,No Control,Clear,"Dark, artificial",Dry,171,Junction-Wallace Emerson,93,Dovercourt-Wallace Emerson-Junction (93),Non-Fatal Injury,0,0,1,0,0,0,0,0,0,1,0,0,0,SMV Unattended Vehicle,['Driver'],South,"['Automobile, Station Wagon']",['Going Ahead'],['Lost control'],['Unknown'],['Not Applicable'],['Not Applicable'],['Not Applicable'],['Not Applicable'],['Not Applicable'],False,['20 to 24'],3.0
901,2017-06-09 08:00:00,1543,2017,DANFORTH AV,COXWELL AV              (542),Major Arterial,Toronto and East York,43.683394,-79.323482,635127.2352,4838073.7711,Intersection Related,Traffic Signal,Clear,Daylight,Dry,64,Woodbine Corridor,66,Danforth (66),Non-Fatal Injury,0,1,1,0,0,0,0,0,0,0,0,0,0,Cyclist Collisions,"['Cyclist', 'Driver']",West,"['Bicycle', 'Automobile, Station Wagon']","['Changing Lanes', 'Going Ahead']",['Driving Properly'],['Normal'],['Not Applicable'],['Not Applicable'],['Cyclist and Driver travelling in same direction. One vehicle sideswipes the other.'],['Improper Lane Change'],['Normal'],False,"['60 to 64', '55 to 59']",3.0
902,2017-06-10 08:00:00,1055,2017,DANFORTH RD,WETHERBY DR,Major Arterial,Scarborough,43.73878,-79.245494,641282.9324,4844355.2225,Non Intersection,No Control,Clear,Daylight,Dry,138,Eglinton East,138,Eglinton East (138),Non-Fatal Injury,0,0,0,0,0,1,0,1,0,0,0,0,0,Other,"['Driver', 'Passenger']",North,['Municipal Transit Bus (TTC)'],['Pulling Away from Shoulder or Curb'],['Driving Properly'],['Normal'],['Not Applicable'],['Not Applicable'],['Not Applicable'],['Not Applicable'],['Not Applicable'],False,"['30 to 34', '80 to 84']",3.0
903,2017-06-10 08:00:00,1404,2017,FINCH  AVE E,PHARMACY AVE,Major Arterial,Scarborough,43.794886,-79.323169,634901.8376,4850457.1242,Non Intersection,No Control,Clear,Daylight,Dry,147,L'Amoreaux West,117,L'Amoreaux (117),Non-Fatal Injury,1,0,0,1,0,0,0,0,1,1,0,0,0,Pedestrian Collisions,"['Motorcycle Driver', 'Pedestrian']",East,['Motorcycle'],['Going Ahead'],['Exceeding Speed Limit'],['Inattentive'],"['Crossing, no Traffic Control']",['Normal'],['Not Applicable'],['Not Applicable'],['Not Applicable'],False,"['25 to 29', '60 to 64']",3.0
904,2017-06-11 08:00:00,635,2017,50 TORYORK DR,Not Applicable,Collector,Etobicoke York,43.753699,-79.544574,617169.9683,4845545.6461,At/Near Private Drive,No Control,Clear,"Dark, artificial",Dry,21,Humber Summit,21,Humber Summit (21),Non-Fatal Injury,0,0,1,0,0,0,0,0,1,1,0,0,0,SMV Other,['Driver'],East,"['Automobile, Station Wagon']",['Going Ahead'],['Lost control'],['Inattentive'],['Not Applicable'],['Not Applicable'],['Not Applicable'],['Not Applicable'],['Not Applicable'],False,['45 to 49'],3.0
905,2017-06-11 08:00:00,1605,2017,5 WAKUNDA PL,O CONNOR DR,Major Arterial,Toronto and East York,43.715914,-79.304904,636550.7924,4841716.0173,Intersection Related,No Control,Clear,Daylight,Dry,43,Victoria Village,43,Victoria Village (43),Non-Fatal Injury,0,1,1,0,0,0,0,0,0,0,0,0,0,Cyclist Collisions,"['Cyclist', 'Driver']",East,"['Bicycle', 'Automobile, Station Wagon']","['Other', 'Going Ahead']",['Driving Properly'],['Normal'],['Not Applicable'],['Not Applicable'],['Insufficient information (to determine cyclist crash type).'],['Other'],['Unknown'],False,"['25 to 29', '40 to 44']",3.0
906,2017-06-11 08:00:00,1922,2017,1755 LAKE SHORE BLVD W,Not Applicable,Major Arterial,Toronto and East York,43.637885,-79.457416,624426.0289,4832809.8932,Non Intersection,No Control,Clear,Daylight,Dry,85,South Parkdale,85,South Parkdale (85),Non-Fatal Injury,0,0,0,1,1,0,0,0,0,1,0,0,0,Sideswipe,"['Truck Driver', 'Motorcycle Driver']",East,"['Truck - Closed (Blazer, etc)', 'Motorcycle']","['Changing Lanes', 'Going Ahead']","['Improper Passing', 'Driving Properly']","['Inattentive', 'Normal']",['Not Applicable'],['Not Applicable'],['Not Applicable'],['Not Applicable'],['Not Applicable'],False,"['25 to 29', '20 to 24']",3.0
907,2017-06-13 08:00:00,854,2017,BATHURST ST,REINER RD,Major Arterial,North York,43.752307,-79.437686,625778.0394,4845547.7976,At Intersection,Stop Sign,Clear,Daylight,Dry,38,Lansing-Westgate,38,Lansing-Westgate (38),Non-Fatal Injury,0,0,1,0,0,0,0,1,1,1,0,0,0,Turning Movement,"['Passenger', 'Driver']",North,"['Automobile, Station Wagon', 'Delivery Van']","['Going Ahead', 'Turning Left']","['Driving Properly', 'Exceeding Speed Limit', 'Failed to Yield Right of Way']","['Normal', 'Unknown']",['Not Applicable'],['Not Applicable'],['Not Applicable'],['Not Applicable'],['Not Applicable'],False,"['15 to 19', '75 to 79', '20 to 24', '45 to 49', '65 to 69']",3.0
908,2017-06-13 08:00:00,1505,2017,BURNHAMTHORPE RD,MARTIN GROVE RD,Major Arterial,Etobicoke York,43.648734,-79.548938,617022.6656,4833881.6891,Intersection Related,No Control,Clear,Daylight,Dry,158,Islington,14,Islington-City Centre West (14),Non-Fatal Injury,0,0,1,1,0,0,0,1,0,0,0,0,0,Rear End,"['Motorcycle Driver', 'Driver', 'Passenger']",West,"['Motorcycle', 'Automobile, Station Wagon']","['Going Ahead', 'Stopped']","['Other', 'Driving Properly']","['Inattentive', 'Normal']",['Not Applicable'],['Not Applicable'],['Not Applicable'],['Not Applicable'],['Not Applicable'],False,"['20 to 24', '60 to 64', '70 to 74']",3.0
909,2017-06-13 08:00:00,1606,2017,5085 SHEPPARD AVE E,Not Applicable,Major Arterial,Scarborough,43.793505,-79.24007,641590.5272,4850442.5492,Non Intersection,No Control,Clear,Daylight,Dry,128,Agincourt South-Malvern West,128,Agincourt South-Malvern West (128),Fatal,0,0,1,0,0,0,0,1,0,0,0,0,0,Turning Movement,"['Driver', 'Passenger']",East,"['Automobile, Station Wagon']","['Turning Left', 'Going Ahead']","['Improper Turn', 'Driving Properly']",['Normal'],['Not Applicable'],['Not Applicable'],['Not Applicable'],['Not Applicable'],['Not Applicable'],True,"['25 to 29', '40 to 44', '0 to 4', '55 to 59']",4.0
910,2017-06-13 08:00:00,1719,2017,SHEPPARD AVE E,DON MILLS RD,Major Arterial,North York,43.775035,-79.347003,633028.3881,4848213.7883,At Intersection,Traffic Controller,Clear,Daylight,Dry,53,Henry Farm,53,Henry Farm (53),Non-Fatal Injury,0,0,1,0,0,0,0,1,0,0,0,0,1,Rear End,"['Driver', 'Passenger']",East,"['Automobile, Station Wagon']","['Going Ahead', 'Stopped']","['Other', 'Driving Properly']","['Medical or Physical Disability', 'Normal']",['Not Applicable'],['Not Applicable'],['Not Applicable'],['Not Applicable'],['Not Applicable'],False,"['70 to 74', '25 to 29']",3.0
911,2017-06-13 08:00:00,2001,2017,DON VALLEY PARKWAY  N,EGLINTON AVE E,Expressway,North York,43.725211,-79.330257,634487.6206,4842707.1268,Non Intersection,No Control,Clear,Daylight,Dry,42,Banbury-Don Mills,42,Banbury-Don Mills (42),Non-Fatal Injury,0,0,1,1,0,0,0,0,0,1,0,0,0,Sideswipe,"['Motorcycle Driver', 'Driver']",North,"['Motorcycle', 'Automobile, Station Wagon']","['Changing Lanes', 'Going Ahead']","['Lost control', 'Driving Properly']",['Normal'],['Not Applicable'],['Not Applicable'],['Not Applicable'],['Not Applicable'],['Not Applicable'],False,"['25 to 29', '20 to 24']",3.0
912,2017-06-15 08:00:00,1200,2017,MORNINGVIEW TRL,BLACKHURST CRT,Local,Scarborough,43.818915,-79.200221,644735.1257,4853333.6914,Intersection Related,No Control,Clear,Daylight,Dry,144,Morningside Heights,131,Rouge (131),Non-Fatal Injury,1,0,0,0,0,1,0,0,0,0,0,0,0,Pedestrian Collisions,"['Driver', 'Pedestrian']",North,['Municipal Transit Bus (TTC)'],['Going Ahead'],['Driving Properly'],['Normal'],['Coming From Behind Parked Vehicle'],['Normal'],['Not Applicable'],['Not Applicable'],['Not Applicable'],False,"['65 to 69', '50 to 54']",3.0
913,2017-06-16 08:00:00,21,2017,LAKE SHORE BLVD E,CARLAW AVE,Major Arterial,Toronto and East York,43.654887,-79.337398,634069.0496,4834885.1017,At Intersection,Traffic Signal,Clear,"Dark, artificial",Dry,70,South Riverdale,70,South Riverdale (70),Non-Fatal Injury,0,0,1,1,0,0,0,1,0,0,0,0,0,Turning Movement,"['Driver', 'Motorcycle Driver', 'Motorcycle Passenger']",East,"['Automobile, Station Wagon', 'Motorcycle']","['Turning Left', 'Going Ahead']","['Improper Turn', 'Driving Properly']",['Normal'],['Not Applicable'],['Not Applicable'],['Not Applicable'],['Not Applicable'],['Not Applicable'],False,"['35 to 39', '25 to 29']",3.0