accident_number,date,time,year,street1,street2,road_class,district,latitude,longitude,x,y,accident_location,traffctl,visibility,light,road_surface_condition,hood_158,neighbourhood_new,hood_140,neighbourhood_old,accident_class,pedestrian,cyclist,automobile,motorcycle,truck,trsn_city_veh,emerg_veh,passenger,speeding,aggressive_driving,redlight,alcohol,disability,impact_type,involvement_type,initial_direction,vehicle_type,manoeuver,driver_action,driver_condition,pedestrian_action,pedestrian_condition,cyclist_type,cyclist_action,cyclist_condition,injury,involvement_age,injury_severity_score
914,2017-06-16 08:00:00,1513,2017,DUFFERIN ST,HUNTER AVE,Major Arterial,Toronto and East York,43.693637,-79.449458,624952.2078,4839013.8497,Non Intersection,No Control,Clear,Daylight,Dry,109,Caledonia-Fairbank,109,Caledonia-Fairbank (109),Non-Fatal Injury,0,0,1,0,0,0,0,1,0,1,0,0,0,Rear End,"['Driver', 'Passenger']",North,"['Pick Up Truck', 'Automobile, Station Wagon']","['Going Ahead', 'Stopped']","['Following too Close', 'Driving Properly']","['Inattentive', 'Normal']",['Not Applicable'],['Not Applicable'],['Not Applicable'],['Not Applicable'],['Not Applicable'],False,"['55 to 59', '40 to 44', '15 to 19']",3.0
915,2017-06-16 08:00:00,1820,2017,YONGE  ST,ADELAIDE ST W,Major Arterial,Toronto and East York,43.650336,-79.378429,630770.2294,4834314.1752,Intersection Related,No Control,Clear,Daylight,Dry,168,Downtown Yonge East,75,Church-Yonge Corridor (75),Non-Fatal Injury,0,0,1,0,1,0,0,0,0,0,0,0,0,Sideswipe,"['Driver', 'Truck Driver']",South,"['Automobile, Station Wagon', 'Truck - Closed (Blazer, etc)']","['Going Ahead', 'Changing Lanes']","['Driving Properly', 'Improper Lane Change']","['Inattentive', 'Normal']",['Not Applicable'],['Not Applicable'],['Not Applicable'],['Not Applicable'],['Not Applicable'],False,"['30 to 34', '35 to 39']",3.0
916,2017-06-16 08:00:00,2101,2017,MARTIN GROVE RD,SILVERSTONE DR,Minor Arterial,Etobicoke York,43.750025,-79.598178,612861.422,4845063.1665,Non Intersection,No Control,Rain,"Dark, artificial",Wet,2,Mount Olive-Silverstone-Jamestown,2,Mount Olive-Silverstone-Jamestown (2),Non-Fatal Injury,1,0,1,0,0,0,0,0,0,0,0,0,0,Pedestrian Collisions,"['Driver', 'Pedestrian']",East,"['Automobile, Station Wagon']",['Going Ahead'],['Driving Properly'],['Normal'],"['Crossing, no Traffic Control']",['Medical or Physical Disability'],['Not Applicable'],['Not Applicable'],['Not Applicable'],False,"['70 to 74', '10 to 14']",3.0
917,2017-06-19 08:00:00,1543,2017,MARKHAM RD,PROGRESS AVE,Major Arterial,Scarborough,43.781672,-79.233852,642118.8282,4849138.9624,At Intersection,Traffic Signal,Clear,Daylight,Dry,142,Woburn North,137,Woburn (137),Non-Fatal Injury,0,0,1,1,0,0,0,0,0,0,0,0,0,Turning Movement,"['Motorcycle Driver', 'Driver', 'Other']",North,"['Motorcycle', 'Automobile, Station Wagon']","['Turning Left', 'Going Ahead']","['Improper Turn', 'Driving Properly']","['Inattentive', 'Normal']",['Not Applicable'],['Not Applicable'],['Not Applicable'],['Not Applicable'],['Not Applicable'],False,"['20 to 24', '55 to 59', 'unknown']",3.0
918,2017-06-20 08:00:00,1227,2017,5799 YONGE ST,Not Applicable,Major Arterial,North York,43.784888,-79.416782,627391.7979,4849198.3664,At/Near Private Drive,Stop Sign,Clear,Daylight,Dry,50,Newtonbrook East,50,Newtonbrook East (50),Non-Fatal Injury,1,0,1,0,0,0,0,0,0,1,0,0,0,Pedestrian Collisions,"['Driver', 'Pedestrian']",South,"['Automobile, Station Wagon']",['Turning Right'],['Failed to Yield Right of Way'],['Normal'],['On Sidewalk or Shoulder'],['Normal'],['Not Applicable'],['Not Applicable'],['Not Applicable'],False,"['65 to 69', '70 to 74']",3.0
919,2017-06-20 08:00:00,1550,2017,SIMCOE ST,QUEEN ST W,Major Arterial,Toronto and East York,43.650595,-79.387454,630041.8492,4834328.758,Laneway,No Control,Clear,Daylight,Dry,164,Wellington Place,77,Waterfront Communities-The Island (77),Non-Fatal Injury,1,0,1,0,0,0,0,0,0,0,0,0,0,Pedestrian Collisions,"['Driver', 'Pedestrian']",Unknown,"['Automobile, Station Wagon']",['Turning Right'],['Driving Properly'],['Normal'],['Other'],['Other'],['Not Applicable'],['Not Applicable'],['Not Applicable'],False,"['50 to 54', '55 to 59']",3.0
920,2017-06-21 08:00:00,1700,2017,LAWRENCE AVE W,KIMBARK BLVD,Major Arterial,North York,43.721591,-79.41846,627391.0097,4842165.7122,At Intersection,No Control,Clear,Daylight,Dry,39,Bedford Park-Nortown,39,Bedford Park-Nortown (39),Non-Fatal Injury,0,0,1,0,0,0,0,1,0,0,0,0,0,SMV Other,"['Driver', 'Passenger']",East,"['Automobile, Station Wagon']",['Going Ahead'],['Lost control'],['Other'],['Not Applicable'],['Not Applicable'],['Not Applicable'],['Not Applicable'],['Not Applicable'],False,['60 to 64'],3.0
921,2017-06-23 08:00:00,1510,2017,YORKVILLE AVE,YONGE ST,Collector,Toronto and East York,43.671492,-79.389255,629851.5506,4836646.8268,Non Intersection,No Control,Clear,Daylight,Dry,95,Annex,95,Annex (95),Non-Fatal Injury,1,0,1,0,0,0,0,1,0,0,0,0,0,Pedestrian Collisions,"['Driver', 'Passenger', 'Pedestrian']",South,"['Automobile, Station Wagon']",['Reversing'],['Driving Properly'],['Inattentive'],"['Crossing, no Traffic Control']",['Inattentive'],['Not Applicable'],['Not Applicable'],['Not Applicable'],False,"['45 to 49', '10 to 14', '85 to 89']",3.0
922,2017-06-26 08:00:00,1045,2017,WELLESLEY ST E,CHURCH ST,Minor Arterial,Toronto and East York,43.665648,-79.380916,630536.4807,4836010.8596,At Intersection,Traffic Signal,Clear,Daylight,Dry,167,Church-Wellesley,75,Church-Yonge Corridor (75),Non-Fatal Injury,1,0,0,0,1,0,0,0,0,1,0,0,0,Pedestrian Collisions,"['Pedestrian', 'Truck Driver']",East,['Truck-Tractor'],['Turning Right'],['Failed to Yield Right of Way'],['Normal'],['Crossing with right of way'],['Normal'],['Not Applicable'],['Not Applicable'],['Not Applicable'],False,"['70 to 74', '55 to 59']",3.0
923,2017-06-28 08:00:00,1155,2017,ST CLAIR AVE W,AVENUE RD,Major Arterial,North York,43.686503,-79.401767,628810.7496,4838294.4922,Non Intersection,No Control,Clear,Daylight,Dry,96,Casa Loma,96,Casa Loma (96),Non-Fatal Injury,1,0,0,0,0,1,0,0,0,0,0,0,0,Pedestrian Collisions,"['Driver', 'Pedestrian']",East,['Street Car'],['Going Ahead'],['Driving Properly'],['Normal'],['Running onto Roadway'],['Medical or Physical Disability'],['Not Applicable'],['Not Applicable'],['Not Applicable'],False,"['25 to 29', '75 to 79']",3.0
924,2017-06-28 08:00:00,1648,2017,MIDDELFIELD ROAD,PEBBLEWOOD AVENUE,Minor Arterial,Scarborough,43.823207,-79.263141,639665.142,4853702.2278,At Intersection,No Control,Clear,Daylight,Dry,130,Milliken,130,Milliken (130),Non-Fatal Injury,1,0,1,0,0,0,0,0,0,0,0,0,0,Pedestrian Collisions,"['Driver', 'Pedestrian']",North,"['Automobile, Station Wagon']",['Going Ahead'],['Driving Properly'],['Normal'],['Coming From Behind Parked Vehicle'],['Inattentive'],['Not Applicable'],['Not Applicable'],['Not Applicable'],False,"['65 to 69', '15 to 19']",3.0
925,2017-06-28 08:00:00,1800,2017,DANFORTH AVE,WOODYCREST AVE,Major Arterial,Toronto and East York,43.679412,-79.342189,633628.2758,4837601.2045,At/Near Private Drive,No Control,Clear,Daylight,Dry,69,Blake-Jones,69,Blake-Jones (69),Non-Fatal Injury,0,1,1,0,0,0,0,1,0,0,0,0,0,Cyclist Collisions,"['Driver', 'Cyclist', 'Passenger']",East,"['Automobile, Station Wagon', 'Bicycle']","['Turning Left', 'Going Ahead']",['Improper Turn'],['Inattentive'],['Not Applicable'],['Not Applicable'],['Motorist turned left across cyclists path.'],['Driving Properly'],['Normal'],False,"['35 to 39', '0 to 4']",3.0
926,2017-06-29 08:00:00,248,2017,196 DUPONT ST,Not Applicable,Major Arterial,Toronto and East York,43.675368,-79.404186,628639.5817,4837054.0444,Non Intersection,No Control,Rain,"Dark, artificial",Wet,95,Annex,95,Annex (95),Non-Fatal Injury,1,0,1,0,0,0,0,0,0,0,0,0,0,Pedestrian Collisions,"['Driver', 'Pedestrian']",East,"['Automobile, Station Wagon']",['Going Ahead'],['Driving Properly'],['Normal'],"['Crossing, no Traffic Control']",['Had Been Drinking'],['Not Applicable'],['Not Applicable'],['Not Applicable'],False,['30 to 34'],3.0
927,2017-06-29 08:00:00,1808,2017,THE WEST MALL,CAMBRIAN RD,Minor Arterial,Etobicoke York,43.651934,-79.570628,615267.3145,4834206.7339,Non Intersection,No Control,Clear,Daylight,Dry,13,Etobicoke West Mall,13,Etobicoke West Mall (13),Non-Fatal Injury,0,0,1,0,0,1,0,1,0,1,0,0,0,Angle,"['Driver', 'Passenger']",North,"['Passenger Van', 'Municipal Transit Bus (TTC)']",['Going Ahead'],"['Failed to Yield Right of Way', 'Driving Properly']",['Normal'],['Not Applicable'],['Not Applicable'],['Not Applicable'],['Not Applicable'],['Not Applicable'],False,"['15 to 19', '40 to 44', '20 to 24']",3.0
928,2017-06-30 08:00:00,1304,2017,847 JANE ST,Not Applicable,Collector,Etobicoke York,43.676146,-79.494518,621356.228,4837004.325,Non Intersection,No Control,Clear,Daylight,Dry,111,Rockcliffe-Smythe,111,Rockcliffe-Smythe (111),Fatal,0,1,1,0,0,0,0,0,0,0,0,0,0,Cyclist Collisions,"['Cyclist', 'Driver']",West,"['Bicycle', 'Delivery Van']","['Going Ahead', 'Turning Right']",['Improper Turn'],['Normal'],['Not Applicable'],['Not Applicable'],"['Motorist turns right at non-signal Inter.(stop, yield, no cont.,and dwy) and strikes cyclist.']",['Driving Properly'],['Normal'],True,"['70 to 74', '60 to 64']",4.0
929,2017-07-01 08:00:00,306,2017,JANE ST,LAWRENCE AVE W,Major Arterial,Etobicoke York,43.702807,-79.503795,620554.983,4839951.8585,At Intersection,Traffic Signal,Clear,"Dark, artificial",Dry,30,Brookhaven-Amesbury,30,Brookhaven-Amesbury (30),Non-Fatal Injury,0,0,1,1,0,0,0,1,0,0,0,0,0,Rear End,"['Motorcycle Driver', 'Driver', 'Passenger']",North,"['Motorcycle', 'Automobile, Station Wagon']","['Going Ahead', 'Slowing or Stopping']","['Driving Properly', 'Improper Lane Change']","['Normal', 'Inattentive']",['Not Applicable'],['Not Applicable'],['Not Applicable'],['Not Applicable'],['Not Applicable'],False,"['35 to 39', '65 to 69', '20 to 24']",3.0
930,2017-07-01 08:00:00,2240,2017,THE WEST MALL,HOLIDAY DR,Minor Arterial,Etobicoke York,43.650077,-79.568996,615402.4794,4834002.7586,Non Intersection,No Control,Clear,"Dark, artificial",Dry,13,Etobicoke West Mall,13,Etobicoke West Mall (13),Non-Fatal Injury,1,0,1,0,0,0,0,1,0,0,0,0,0,Pedestrian Collisions,"['Driver', 'Passenger', 'Pedestrian']",West,['Pick Up Truck'],['Going Ahead'],['Driving Properly'],['Normal'],"['Crossing, no Traffic Control']",['Inattentive'],['Not Applicable'],['Not Applicable'],['Not Applicable'],False,"['40 to 44', '20 to 24', '30 to 34', '10 to 14', '15 to 19']",3.0
931,2017-07-03 08:00:00,1312,2017,ST CLAIR AVE W,AVENUE RD,Major Arterial,Toronto and East York,43.686568,-79.401454,628835.8372,4838302.1975,At Intersection,Traffic Signal,Clear,Daylight,Dry,97,Yonge-St.Clair,97,Yonge-St.Clair (97),Non-Fatal Injury,0,1,0,0,0,1,0,0,0,0,0,0,0,Cyclist Collisions,"['Cyclist', 'Driver']",East,"['Bicycle', 'Street Car']","['Turning Left', 'Going Ahead']",['Driving Properly'],['Inattentive'],['Not Applicable'],['Not Applicable'],['Cyclist turned left across motorists path.'],['Improper Turn'],['Normal'],False,"['55 to 59', '45 to 49']",3.0
932,2017-07-06 08:00:00,835,2017,DIXON  RD,SKYWAY  AVE,Major Arterial,Etobicoke York,43.687876,-79.58678,613896.7761,4838176.2507,At Intersection,Traffic Signal,Clear,Daylight,Dry,1,West Humber-Clairville,1,West Humber-Clairville (1),Non-Fatal Injury,0,1,1,0,0,0,0,0,0,1,0,0,0,Cyclist Collisions,"['Driver', 'Cyclist']",North,"['Automobile, Station Wagon', 'Bicycle']","['Turning Right', 'Going Ahead']",['Failed to Yield Right of Way'],['Inattentive'],['Not Applicable'],['Not Applicable'],['Motorist turning right on red at signalized intersection strikes cyclist.'],['Other'],['Normal'],False,['20 to 24'],3.0
933,2017-07-06 08:00:00,1547,2017,DANFORTH AVE,MAIN ST,Major Arterial,Toronto and East York,43.687918,-79.302562,636803.1207,4838610.5238,At/Near Private Drive,No Control,Clear,Daylight,Dry,62,East End-Danforth,62,East End-Danforth (62),Non-Fatal Injury,0,1,1,0,0,0,0,0,0,1,0,0,0,Cyclist Collisions,"['Driver', 'Cyclist']",East,"['Automobile, Station Wagon', 'Bicycle']","['Turning Left', 'Going Ahead']",['Failed to Yield Right of Way'],['Inattentive'],['Not Applicable'],['Not Applicable'],['Motorist turned left across cyclists path.'],['Driving Properly'],['Normal'],False,"['55 to 59', '50 to 54']",3.0
934,2017-07-06 08:00:00,2300,2017,HIGHWAY 27  N,QUEENS PLATE DR,Major Arterial,Etobicoke York,43.72275,-79.598026,612924.9146,4842034.0987,At Intersection,Traffic Signal,Clear,Dark,Dry,1,West Humber-Clairville,1,West Humber-Clairville (1),Non-Fatal Injury,0,0,1,1,0,0,0,0,0,1,0,0,0,Turning Movement,"['Driver', 'Motorcycle Driver']",North,"['Automobile, Station Wagon', 'Motorcycle']","['Turning Left', 'Going Ahead']","['Failed to Yield Right of Way', 'Driving Properly']",['Normal'],['Not Applicable'],['Not Applicable'],['Not Applicable'],['Not Applicable'],['Not Applicable'],False,"['60 to 64', '30 to 34']",3.0
935,2017-07-08 08:00:00,1900,2017,KIPLING  AVE,CLEMENT RD,Major Arterial,Etobicoke York,43.681307,-79.552768,616650.6835,4837493.9492,At Intersection,Traffic Signal,Clear,Daylight,Dry,7,Willowridge-Martingrove-Richview,7,Willowridge-Martingrove-Richview (7),Non-Fatal Injury,0,0,1,1,0,0,0,0,1,1,0,0,0,Turning Movement,"['Driver', 'Motorcycle Driver']",North,"['Automobile, Station Wagon', 'Motorcycle']","['Turning Left', 'Going Ahead']","['Improper Turn', 'Speed too Fast For Condition']","['Normal', 'Unknown']",['Not Applicable'],['Not Applicable'],['Not Applicable'],['Not Applicable'],['Not Applicable'],False,"['75 to 79', '20 to 24']",3.0
936,2017-07-08 08:00:00,2007,2017,BAYVIEW AVE,BLOOR W BAYVIEW N RAMP,Major Arterial,Toronto and East York,43.680995,-79.36806,631539.4555,4837735.6611,Non Intersection,No Control,Clear,Daylight,Dry,98,Rosedale-Moore Park,98,Rosedale-Moore Park (98),Fatal,0,0,1,1,0,0,0,0,0,0,0,0,0,Turning Movement,"['Motorcycle Driver', 'Driver']",North,"['Motorcycle', 'Automobile, Station Wagon']","['Going Ahead', 'Making U Turn']","['Driving Properly', 'Improper Turn']",['Normal'],['Not Applicable'],['Not Applicable'],['Not Applicable'],['Not Applicable'],['Not Applicable'],True,"['35 to 39', '45 to 49']",4.0
937,2017-07-10 08:00:00,1200,2017,LYNVALLEY CRES,VICTORIA PARK AVE,Major Arterial,North York,43.747889,-79.311778,635924.6853,4845256.0108,At Intersection,Traffic Signal,Clear,"Daylight, artificial",Dry,119,Wexford/Maryvale,119,Wexford/Maryvale (119),Non-Fatal Injury,1,0,1,0,0,0,0,0,0,1,0,0,0,Pedestrian Collisions,"['Driver', 'Pedestrian']",East,"['Automobile, Station Wagon']",['Turning Left'],['Failed to Yield Right of Way'],['Inattentive'],['Crossing with right of way'],['Normal'],['Not Applicable'],['Not Applicable'],['Not Applicable'],False,"['40 to 44', '50 to 54']",3.0
938,2017-07-10 08:00:00,1250,2017,DON MILLS RD,MCNICOLL AVE,Major Arterial,North York,43.799536,-79.354099,632403.2092,4850923.6306,At Intersection,Traffic Signal,Clear,Daylight,Dry,48,Hillcrest Village,48,Hillcrest Village (48),Non-Fatal Injury,0,0,1,0,0,0,0,1,0,0,0,0,0,Turning Movement,"['Passenger', 'Driver']",North,"['Automobile, Station Wagon', 'Pick Up Truck']","['Going Ahead', 'Turning Left']","['Driving Properly', 'Improper Turn']",['Normal'],['Not Applicable'],['Not Applicable'],['Not Applicable'],['Not Applicable'],['Not Applicable'],False,"['10 to 14', '60 to 64', '15 to 19', '55 to 59', '35 to 39']",3.0
939,2017-07-12 08:00:00,1612,2017,BROADVIEW AVE,DUNDAS ST E,Minor Arterial,Toronto and East York,43.661425,-79.350917,632964.459,4835589.4791,Non Intersection,No Control,Rain,Daylight,Wet,70,South Riverdale,70,South Riverdale (70),Non-Fatal Injury,0,0,0,1,0,0,0,0,0,0,0,0,0,SMV Other,['Motorcycle Driver'],North,['Motorcycle'],['Going Ahead'],['Lost control'],['Normal'],['Not Applicable'],['Not Applicable'],['Not Applicable'],['Not Applicable'],['Not Applicable'],False,['45 to 49'],3.0
940,2017-07-15 08:00:00,1335,2017,538 MCLEVIN AVE,Not Applicable,Minor Arterial,Scarborough,43.810435,-79.216625,643436.2313,4852363.2777,At/Near Private Drive,No Control,Clear,Daylight,Dry,146,Malvern East,132,Malvern (132),Non-Fatal Injury,1,0,1,0,0,0,0,1,0,1,0,0,0,Pedestrian Collisions,"['Driver', 'Pedestrian', 'Passenger']",East,"['Automobile, Station Wagon']","['Turning Left', 'Going Ahead']","['Failed to Yield Right of Way', 'Driving Properly']","['Inattentive', 'Normal']",['On Sidewalk or Shoulder'],['Normal'],['Not Applicable'],['Not Applicable'],['Not Applicable'],False,"['35 to 39', '30 to 34', 'unknown']",3.0
941,2017-07-16 08:00:00,1045,2017,HIGHWAY 27  N,BELFIELD RD,Major Arterial,Etobicoke York,43.702597,-79.58858,613723.8773,4839808.7448,Non Intersection,No Control,Clear,Daylight,Dry,1,West Humber-Clairville,1,West Humber-Clairville (1),Non-Fatal Injury,0,0,0,1,0,0,0,0,1,1,0,0,0,SMV Other,['Motorcycle Driver'],North,['Motorcycle'],['Going Ahead'],['Lost control'],['Normal'],['Not Applicable'],['Not Applicable'],['Not Applicable'],['Not Applicable'],['Not Applicable'],False,['35 to 39'],3.0
942,2017-07-16 08:00:00,2033,2017,1450 CASTLEFIELD AVE,Not Applicable,Collector,Etobicoke York,43.697581,-79.466968,623533.0331,4839425.6482,Non Intersection,No Control,Clear,Daylight,Dry,112,Beechborough-Greenbrook,112,Beechborough-Greenbrook (112),Non-Fatal Injury,0,0,0,1,0,0,0,0,1,1,0,0,0,Sideswipe,['Motorcycle Driver'],West,['Motorcycle'],['Going Ahead'],"['Driving Properly', 'Lost control']","['Normal', 'Unknown']",['Not Applicable'],['Not Applicable'],['Not Applicable'],['Not Applicable'],['Not Applicable'],False,"['25 to 29', 'unknown']",3.0
943,2017-07-18 08:00:00,737,2017,YONGE ST,CAMERON AVE,Major Arterial,North York,43.757689,-79.409946,627999.8633,4846188.0462,Non Intersection,No Control,Clear,Daylight,Dry,153,Avondale,51,Willowdale East (51),Non-Fatal Injury,0,1,0,0,1,0,0,0,0,0,0,0,0,Cyclist Collisions,"['Truck Driver', 'Cyclist']",South,"['Truck - Dump', 'Bicycle']","['Changing Lanes', 'Going Ahead']",['Improper Lane Change'],['Inattentive'],['Not Applicable'],['Not Applicable'],['Cyclist and Driver travelling in same direction. One vehicle sideswipes the other.'],['Driving Properly'],['Normal'],False,"['55 to 59', '40 to 44']",3.0
944,2017-07-18 08:00:00,825,2017,VICTORIA PARK AVE,FINCH AVE E,Major Arterial,North York,43.793036,-79.331371,634246.1187,4850238.3162,At Intersection,Traffic Signal,Clear,Daylight,Dry,147,L'Amoreaux West,117,L'Amoreaux (117),Non-Fatal Injury,1,0,1,0,0,0,0,1,0,0,0,0,0,Pedestrian Collisions,"['Driver', 'Pedestrian', 'Passenger']",East,['Delivery Van'],['Going Ahead'],['Driving Properly'],['Normal'],['Crossing without right of way'],['Inattentive'],['Not Applicable'],['Not Applicable'],['Not Applicable'],False,"['35 to 39', '15 to 19', '45 to 49']",3.0
945,2017-07-18 08:00:00,1054,2017,EGLINTON AVE E,MIDLAND AVE,Major Arterial,Scarborough,43.734023,-79.260021,640124.2165,4843802.2151,Non Intersection,No Control,Clear,Daylight,Dry,124,Kennedy Park,124,Kennedy Park (124),Fatal,1,0,0,0,0,1,0,0,0,0,0,0,0,Pedestrian Collisions,"['Pedestrian', 'Driver']",Unknown,['Municipal Transit Bus (TTC)'],['Pulling Away from Shoulder or Curb'],['Other'],['Inattentive'],['Person Getting on/off Vehicle'],['Normal'],['Not Applicable'],['Not Applicable'],['Not Applicable'],True,"['70 to 74', '55 to 59']",4.0
946,2017-07-18 08:00:00,1504,2017,BLOOR ST W,JANE ST,Major Arterial,Toronto and East York,43.64926,-79.484439,622223.2438,4834033.0786,At Intersection,Traffic Signal,Clear,Daylight,Dry,87,High Park-Swansea,87,High Park-Swansea (87),Fatal,0,0,0,1,1,0,0,0,0,0,0,0,0,Rear End,"['Motorcycle Driver', 'Truck Driver']",East,"['Motorcycle', 'Truck - Dump']",['Going Ahead'],"['Driving Properly', 'Other']","['Unknown', 'Normal']",['Not Applicable'],['Not Applicable'],['Not Applicable'],['Not Applicable'],['Not Applicable'],True,"['70 to 74', '40 to 44']",4.0
947,2017-07-18 08:00:00,2115,2017,BATHURST ST,BRENTHALL AVE,Major Arterial,North York,43.774478,-79.443141,625292.5754,4848001.9508,At Intersection,Stop Sign,Clear,"Daylight, artificial",Dry,36,Newtonbrook West,36,Newtonbrook West (36),Non-Fatal Injury,0,0,1,1,0,0,0,0,0,0,0,0,0,Turning Movement,"['Motorcycle Driver', 'Driver']",North,"['Motorcycle', 'Automobile, Station Wagon']","['Going Ahead', 'Turning Left']","['Driving Properly', 'Improper Turn']","['Normal', 'Unknown']",['Not Applicable'],['Not Applicable'],['Not Applicable'],['Not Applicable'],['Not Applicable'],False,"['45 to 49', 'unknown']",3.0
948,2017-07-19 08:00:00,1548,2017,SPADINA RD,MACPHERSON AVE,Minor Arterial,Toronto and East York,43.675795,-79.407451,628375.4748,4837096.4101,At Intersection,No Control,Clear,Daylight,Dry,96,Casa Loma,96,Casa Loma (96),Non-Fatal Injury,0,0,1,0,0,0,0,0,0,1,0,0,0,Turning Movement,['Driver'],North,"['Automobile, Station Wagon', 'Other']","['Going Ahead', 'Turning Left']","['Driving Properly', 'Improper Turn']",['Normal'],['Not Applicable'],['Not Applicable'],['Not Applicable'],['Not Applicable'],['Not Applicable'],False,"['25 to 29', '10 to 14']",3.0
949,2017-07-19 08:00:00,1659,2017,ELLESMERE RD,KENNEDY RD,Major Arterial,Scarborough,43.765731,-79.28104,638358.4083,4847288.5359,At Intersection,Traffic Signal,Clear,Daylight,Dry,126,Dorset Park,126,Dorset Park (126),Non-Fatal Injury,0,0,0,0,0,1,0,1,0,0,0,0,0,Other,"['Passenger', 'Driver']",West,['Municipal Transit Bus (TTC)'],['Pulling Away from Shoulder or Curb'],['Driving Properly'],['Normal'],['Not Applicable'],['Not Applicable'],['Not Applicable'],['Not Applicable'],['Not Applicable'],False,"['55 to 59', '35 to 39']",3.0
950,2017-07-20 08:00:00,624,2017,BREMNER BLVD,SPADINA AVE,Major Arterial,Toronto and East York,43.64049,-79.392963,629619.3096,4833197.8481,At Intersection,Traffic Signal,Clear,Daylight,Dry,165,Harbourfront-CityPlace,77,Waterfront Communities-The Island (77),Non-Fatal Injury,1,0,1,0,0,0,0,0,0,0,0,0,0,Pedestrian Collisions,"['Driver', 'Pedestrian']",North,"['Automobile, Station Wagon']",['Going Ahead'],['Driving Properly'],['Normal'],['Crossing without right of way'],['Normal'],['Not Applicable'],['Not Applicable'],['Not Applicable'],False,"['20 to 24', '30 to 34']",3.0
951,2017-07-22 08:00:00,2134,2017,ALBION RD,ISLINGTON AVE,Major Arterial,Etobicoke York,43.737166,-79.565257,615536.6595,4843680.3692,At Intersection,Traffic Signal,Rain,"Dark, artificial",Wet,3,Thistletown-Beaumond Heights,3,Thistletown-Beaumond Heights (3),Non-Fatal Injury,0,0,1,1,0,0,0,1,0,0,0,0,0,Turning Movement,"['Driver', 'Motorcycle Driver', 'Passenger']",East,"['Automobile, Station Wagon', 'Motorcycle']","['Turning Left', 'Going Ahead']","['Improper Turn', 'Driving Properly']","['Inattentive', 'Normal']",['Not Applicable'],['Not Applicable'],['Not Applicable'],['Not Applicable'],['Not Applicable'],False,"['45 to 49', '55 to 59', '5 to 9']",3.0
952,2017-07-22 08:00:00,2305,2017,SCARBOROUGH GOLF CLUB RD,LAWRENCE AVE E,Minor Arterial,Scarborough,43.760802,-79.215762,643624.467,4846852.2373,Non Intersection,No Control,Clear,"Dark, artificial",Dry,141,Golfdale-Cedarbrae-Woburn,137,Woburn (137),Fatal,1,0,1,0,0,0,0,1,0,0,0,0,0,Pedestrian Collisions,"['Passenger', 'Pedestrian', 'Driver']",East,"['Automobile, Station Wagon']",['Going Ahead'],['Driving Properly'],['Normal'],"['Crossing, no Traffic Control']",['Normal'],['Not Applicable'],['Not Applicable'],['Not Applicable'],True,"['45 to 49', '80 to 84', '25 to 29', '20 to 24']",4.0
953,2017-07-23 08:00:00,620,2017,114 TORYORK  DR,Not Applicable,Collector,Etobicoke York,43.756503,-79.551357,616618.4482,4845847.4986,Non Intersection,No Control,Clear,Dawn,Dry,21,Humber Summit,21,Humber Summit (21),Non-Fatal Injury,0,0,1,0,0,0,0,0,1,1,0,0,0,SMV Other,['Driver'],East,"['Automobile, Station Wagon']",['Going Ahead'],['Lost control'],['Unknown'],['Not Applicable'],['Not Applicable'],['Not Applicable'],['Not Applicable'],['Not Applicable'],False,['30 to 34'],3.0
954,2017-07-26 08:00:00,746,2017,LAWRENCE AVE E,CARNFORTH RD,Major Arterial,North York,43.741427,-79.314204,635743.9627,4844534.3309,At Intersection,Traffic Signal,Clear,Daylight,Dry,43,Victoria Village,43,Victoria Village (43),Non-Fatal Injury,0,0,1,1,0,0,0,0,0,1,0,0,0,Rear End,"['Motorcycle Driver', 'Driver']",West,"['Motorcycle', 'Automobile, Station Wagon']","['Going Ahead', 'Slowing or Stopping']","['Following too Close', 'Driving Properly']",['Normal'],['Not Applicable'],['Not Applicable'],['Not Applicable'],['Not Applicable'],['Not Applicable'],False,"['50 to 54', '20 to 24']",3.0
955,2017-07-26 08:00:00,1751,2017,DUNDAS ST W,CARLYLE ST,Major Arterial,Toronto and East York,43.652083,-79.404804,628639.4879,4834466.9773,At Intersection,No Control,Clear,Daylight,Dry,78,Kensington-Chinatown,78,Kensington-Chinatown (78),Non-Fatal Injury,0,1,1,0,0,0,0,0,0,0,0,0,0,Cyclist Collisions,"['Cyclist', 'Driver']",East,"['Bicycle', 'Automobile, Station Wagon']","['Going Ahead', 'Turning Left']",['Improper Turn'],['Inattentive'],['Not Applicable'],['Not Applicable'],['Motorist turned left across cyclists path.'],['Driving Properly'],['Normal'],False,"['60 to 64', '50 to 54']",3.0
956,2017-07-26 08:00:00,2100,2017,EGLINTON AVE E,VICTORIA PARK AVE,Major Arterial,North York,43.72465,-79.302608,636715.88,4842690.0628,At Intersection,Traffic Signal,Rain,"Dark, artificial",Wet,120,Clairlea-Birchmount,120,Clairlea-Birchmount (120),Non-Fatal Injury,1,0,1,0,0,0,0,0,0,1,0,0,0,Pedestrian Collisions,"['Pedestrian', 'Driver']",East,"['Automobile, Station Wagon']",['Turning Left'],['Failed to Yield Right of Way'],['Inattentive'],['Crossing with right of way'],['Normal'],['Not Applicable'],['Not Applicable'],['Not Applicable'],False,"['65 to 69', '55 to 59']",3.0