accident_number,date,time,year,street1,street2,road_class,district,latitude,longitude,x,y,accident_location,traffctl,visibility,light,road_surface_condition,hood_158,neighbourhood_new,hood_140,neighbourhood_old,accident_class,pedestrian,cyclist,automobile,motorcycle,truck,trsn_city_veh,emerg_veh,passenger,speeding,aggressive_driving,redlight,alcohol,disability,impact_type,involvement_type,initial_direction,vehicle_type,manoeuver,driver_action,driver_condition,pedestrian_action,pedestrian_condition,cyclist_type,cyclist_action,cyclist_condition,injury,involvement_age,injury_severity_score
957,2017-07-27 08:00:00,1540,2017,QUEEN ST W,YONGE  ST,Major Arterial,Toronto and East York,43.652369,-79.379222,630701.8679,4834538.7172,At Intersection,Traffic Signal,Clear,Daylight,Dry,168,Downtown Yonge East,75,Church-Yonge Corridor (75),Non-Fatal Injury,0,0,0,0,0,1,0,1,0,0,0,0,0,Other,"['Passenger', 'Driver']",East,['Municipal Transit Bus (TTC)'],['Pulling Away from Shoulder or Curb'],['Driving Properly'],['Normal'],['Not Applicable'],['Not Applicable'],['Not Applicable'],['Not Applicable'],['Not Applicable'],False,"['65 to 69', '40 to 44']",3.0
958,2017-07-28 08:00:00,1830,2017,YONGE ST,BOGERT AVE,Major Arterial,North York,43.760642,-79.410709,627932.1473,4846514.8422,At Intersection,No Control,Clear,Daylight,Dry,153,Avondale,51,Willowdale East (51),Non-Fatal Injury,0,0,1,1,0,0,0,1,0,0,0,0,0,Sideswipe,"['Driver', 'Motorcycle Driver', 'Passenger']",South,"['Automobile, Station Wagon', 'Motorcycle']","['Changing Lanes', 'Going Ahead']","['Improper Lane Change', 'Driving Properly']","['Inattentive', 'Normal']",['Not Applicable'],['Not Applicable'],['Not Applicable'],['Not Applicable'],['Not Applicable'],False,"['55 to 59', '50 to 54', '25 to 29', '15 to 19']",3.0
959,2017-07-30 08:00:00,237,2017,DUNDAS ST W,KEELE ST,Major Arterial,Toronto and East York,43.665332,-79.464519,623796.686,4835847.6142,At Intersection,Traffic Signal,Clear,Dark,Dry,90,Junction Area,90,Junction Area (90),Non-Fatal Injury,0,0,1,0,0,0,0,0,1,1,0,1,0,Angle,['Driver'],East,"['Automobile, Station Wagon']",['Going Ahead'],"['Other', 'Driving Properly']","['Ability Impaired, Alcohol Over .08', 'Normal']",['Not Applicable'],['Not Applicable'],['Not Applicable'],['Not Applicable'],['Not Applicable'],False,"['55 to 59', '60 to 64']",3.0
960,2017-07-31 08:00:00,139,2017,BATHURST ST,FINCH AVE W,Major Arterial,Toronto and East York,43.773787,-79.442966,625308.1023,4847925.4696,At Intersection,Traffic Signal,Clear,"Daylight, artificial",Dry,37,Willowdale West,37,Willowdale West (37),Non-Fatal Injury,0,0,1,0,0,0,0,1,0,1,1,0,0,Angle,"['Passenger', 'Driver']",South,"['Automobile, Station Wagon']",['Going Ahead'],"['Driving Properly', 'Disobeyed Traffic Control']",['Normal'],['Not Applicable'],['Not Applicable'],['Not Applicable'],['Not Applicable'],['Not Applicable'],False,"['70 to 74', '25 to 29', '75 to 79', '30 to 34']",3.0
961,2017-07-31 08:00:00,713,2017,SHERBOURNE ST,DUNDAS ST E,Major Arterial,Toronto and East York,43.658221,-79.37099,631352.9556,4835201.6583,At Intersection,Traffic Signal,Clear,Daylight,Dry,73,Moss Park,73,Moss Park (73),Fatal,1,0,1,0,0,0,0,0,1,1,0,0,0,Pedestrian Collisions,"['Pedestrian', 'Driver']",Unknown,"['Automobile, Station Wagon']",['Going Ahead'],['Lost control'],['Fatigue'],"['Crossing with right of way', 'On Sidewalk or Shoulder']",['Normal'],['Not Applicable'],['Not Applicable'],['Not Applicable'],True,"['45 to 49', '70 to 74', '25 to 29']",4.0
962,2017-07-31 08:00:00,1345,2017,MARTIN GROVE RD,WESTHUMBER  BLVD,Major Arterial,Etobicoke York,43.725955,-79.586673,613833.3015,4842405.59,At Intersection,Traffic Signal,Clear,Daylight,Dry,1,West Humber-Clairville,1,West Humber-Clairville (1),Non-Fatal Injury,0,0,1,0,0,1,0,1,0,0,0,0,0,Turning Movement,"['Passenger', 'Driver']",North,"['Automobile, Station Wagon', 'Municipal Transit Bus (TTC)']","['Going Ahead', 'Turning Left']","['Driving Properly', 'Improper Turn']",['Normal'],['Not Applicable'],['Not Applicable'],['Not Applicable'],['Not Applicable'],['Not Applicable'],False,"['65 to 69', '25 to 29', '45 to 49']",3.0
963,2017-08-01 08:00:00,1648,2017,YONGE  ST,WEDGEWOOD  DR,Major Arterial,North York,43.788905,-79.417781,627302.8862,4849642.9796,At Intersection,No Control,Clear,Daylight,Dry,50,Newtonbrook East,50,Newtonbrook East (50),Non-Fatal Injury,0,0,1,0,0,0,0,1,0,1,0,0,0,Turning Movement,"['Driver', 'Passenger']",North,"['Automobile, Station Wagon']","['Turning Left', 'Going Ahead']","['Failed to Yield Right of Way', 'Driving Properly']",['Normal'],['Not Applicable'],['Not Applicable'],['Not Applicable'],['Not Applicable'],['Not Applicable'],False,"['20 to 24', '60 to 64', '35 to 39']",3.0
964,2017-08-01 08:00:00,1735,2017,GRANGE AVE,LARCH ST,Local,Toronto and East York,43.652007,-79.396526,629307.2107,4834471.4025,At Intersection,No Control,Clear,Daylight,Dry,78,Kensington-Chinatown,78,Kensington-Chinatown (78),Non-Fatal Injury,0,1,1,0,0,0,0,0,0,0,0,0,0,Cyclist Collisions,"['Cyclist', 'Driver']",East,"['Bicycle', 'Automobile, Station Wagon']","['Going Ahead', 'Slowing or Stopping']",['Driving Properly'],['Normal'],['Not Applicable'],['Not Applicable'],['Cyclist and Driver travelling in same direction. One vehicle rear-ended the other.'],['Failed to Yield Right of Way'],['Inattentive'],False,"['30 to 34', '60 to 64']",3.0
965,2017-08-02 08:00:00,123,2017,BRIMLEY RD,SHEPPARD AVE E,Major Arterial,Scarborough,43.787505,-79.268276,639335.2048,4849728.286,At Intersection,Traffic Signal,Clear,"Dark, artificial",Dry,128,Agincourt South-Malvern West,128,Agincourt South-Malvern West (128),Non-Fatal Injury,0,0,1,0,0,0,0,0,0,1,0,0,0,Turning Movement,['Driver'],North,"['Automobile, Station Wagon']","['Going Ahead', 'Turning Left']","['Driving Properly', 'Improper Turn']","['Normal', 'Inattentive']",['Not Applicable'],['Not Applicable'],['Not Applicable'],['Not Applicable'],['Not Applicable'],False,"['20 to 24', '55 to 59']",3.0
966,2017-08-05 08:00:00,225,2017,BAY ST,FRONT ST W,Major Arterial,Toronto and East York,43.645484,-79.378894,630743.256,4833774.5645,At/Near Private Drive,No Control,Clear,"Dark, artificial",Dry,166,St Lawrence-East Bayfront-The Islands,77,Waterfront Communities-The Island (77),Non-Fatal Injury,1,0,1,0,0,0,0,0,0,0,0,0,0,Pedestrian Collisions,"['Driver', 'Pedestrian']",East,"['Automobile, Station Wagon']",['Going Ahead'],['Driving Properly'],['Inattentive'],"['Crossing, no Traffic Control']",['Had Been Drinking'],['Not Applicable'],['Not Applicable'],['Not Applicable'],False,"['50 to 54', '20 to 24']",3.0
967,2017-08-05 08:00:00,2245,2017,YORK MILLS RD,YONGE ST,Major Arterial,North York,43.744078,-79.40668,628291.8579,4844681.3951,At Intersection,Traffic Signal,Clear,"Dark, artificial",Dry,40,St.Andrew-Windfields,40,St.Andrew-Windfields (40),Non-Fatal Injury,1,0,1,0,0,0,0,0,0,1,0,0,0,Pedestrian Collisions,"['Pedestrian', 'Driver']",South,"['Automobile, Station Wagon']",['Turning Right'],['Failed to Yield Right of Way'],['Inattentive'],['Crossing with right of way'],['Normal'],['Not Applicable'],['Not Applicable'],['Not Applicable'],False,"['70 to 74', '15 to 19']",3.0
968,2017-08-06 08:00:00,1125,2017,KEELE ST,ANNETTE ST,Major Arterial,Toronto and East York,43.663581,-79.463763,623861.2393,4835654.271,Intersection Related,Traffic Signal,Clear,Daylight,Dry,90,Junction Area,90,Junction Area (90),Non-Fatal Injury,1,0,1,0,0,0,0,1,0,1,1,0,0,Pedestrian Collisions,"['Driver', 'Passenger', 'Pedestrian']",East,"['Automobile, Station Wagon']",['Going Ahead'],"['Disobeyed Traffic Control', 'Driving Properly']",['Normal'],['Walking on Roadway Against Traffic'],['Normal'],['Not Applicable'],['Not Applicable'],['Not Applicable'],False,"['50 to 54', '5 to 9', '10 to 14', '60 to 64']",3.0
969,2017-08-06 08:00:00,1255,2017,DUFFERIN ST,BRANDON AVE,Major Arterial,Toronto and East York,43.670371,-79.439845,625775.4975,4836444.3762,Intersection Related,No Control,Clear,Daylight,Dry,171,Junction-Wallace Emerson,93,Dovercourt-Wallace Emerson-Junction (93),Non-Fatal Injury,0,0,1,1,0,0,0,0,0,1,0,0,0,Turning Movement,"['Driver', 'Motorcycle Driver']",North,"['Automobile, Station Wagon', 'Motorcycle']","['Turning Left', 'Going Ahead']","['Failed to Yield Right of Way', 'Driving Properly']",['Normal'],['Not Applicable'],['Not Applicable'],['Not Applicable'],['Not Applicable'],['Not Applicable'],False,"['55 to 59', '40 to 44']",3.0
970,2017-08-08 08:00:00,555,2017,JANE ST,ALLIANCE AVE,Major Arterial,Etobicoke York,43.676131,-79.49567,621263.3952,4837000.9742,At Intersection,Traffic Signal,Clear,Dark,Dry,111,Rockcliffe-Smythe,111,Rockcliffe-Smythe (111),Non-Fatal Injury,0,0,1,0,0,0,0,0,1,1,0,0,0,Turning Movement,['Driver'],North,"['Automobile, Station Wagon']","['Going Ahead', 'Turning Left']","['Exceeding Speed Limit', 'Failed to Yield Right of Way']","['Normal', 'Inattentive']",['Not Applicable'],['Not Applicable'],['Not Applicable'],['Not Applicable'],['Not Applicable'],False,"['20 to 24', '55 to 59']",3.0
971,2017-08-08 08:00:00,801,2017,MILLIKEN BLVD,FINCH  AVE E,Major Arterial,Scarborough,43.801741,-79.294254,637212.3949,4851266.0187,At Intersection,Traffic Signal,Clear,Daylight,Dry,148,East L'Amoreaux,117,L'Amoreaux (117),Non-Fatal Injury,1,0,1,0,0,0,0,0,0,1,0,0,0,Pedestrian Collisions,"['Driver', 'Pedestrian']",North,['Pick Up Truck'],['Turning Left'],['Failed to Yield Right of Way'],['Normal'],['Crossing with right of way'],['Normal'],['Not Applicable'],['Not Applicable'],['Not Applicable'],False,"['50 to 54', '75 to 79']",3.0
972,2017-08-09 08:00:00,923,2017,DON VALLEY PARKWAY  S,DUNDAS ST E,Expressway,Toronto and East York,43.660643,-79.354686,632662.2861,4835496.5941,Non Intersection,No Control,Clear,Daylight,Dry,70,South Riverdale,70,South Riverdale (70),Non-Fatal Injury,0,0,1,0,0,0,0,0,0,1,0,0,0,Rear End,"['Driver', 'Truck Driver']",South,"['Automobile, Station Wagon', 'Tow Truck']","['Going Ahead', 'Stopped']","['Following too Close', 'Driving Properly']",['Normal'],['Not Applicable'],['Not Applicable'],['Not Applicable'],['Not Applicable'],['Not Applicable'],False,"['25 to 29', '30 to 34']",3.0
973,2017-08-10 08:00:00,1810,2017,SHEPPARD AVE E,WATER TOWER GT,Major Arterial,Scarborough,43.803004,-79.194843,645206.177,4851575.9364,At Intersection,Traffic Signal,Clear,Daylight,Dry,144,Morningside Heights,131,Rouge (131),Fatal,0,0,1,0,0,1,0,0,0,0,0,0,0,Rear End,['Driver'],West,"['Automobile, Station Wagon', 'Municipal Transit Bus (TTC)']","['Going Ahead', 'Stopped']","['Lost control', 'Driving Properly']","['Unknown', 'Normal']",['Not Applicable'],['Not Applicable'],['Not Applicable'],['Not Applicable'],['Not Applicable'],True,"['50 to 54', '45 to 49']",4.0
974,2017-08-11 08:00:00,2117,2017,STEELES AVE E,MAXOME AVE,Major Arterial,North York,43.801318,-79.404666,628331.5343,4851041.8913,Non Intersection,No Control,Rain,"Dark, artificial",Wet,50,Newtonbrook East,50,Newtonbrook East (50),Non-Fatal Injury,0,0,1,0,0,0,0,1,0,1,0,0,0,Rear End,"['Passenger', 'Driver']",East,"['Automobile, Station Wagon']","['Stopped', 'Going Ahead']","['Driving Properly', 'Following too Close']","['Normal', 'Inattentive']",['Not Applicable'],['Not Applicable'],['Not Applicable'],['Not Applicable'],['Not Applicable'],False,"['25 to 29', '0 to 4', '30 to 34', '60 to 64']",3.0
975,2017-08-12 08:00:00,1917,2017,BLACK CREEK DR,PHOTOGRAPHY DR,Major Arterial,Etobicoke York,43.685794,-79.481639,622374.7911,4838094.788,At Intersection,Traffic Signal,Clear,Daylight,Dry,110,Keelesdale-Eglinton West,110,Keelesdale-Eglinton West (110),Non-Fatal Injury,0,0,1,1,0,0,0,0,1,1,0,0,0,Turning Movement,"['Motorcycle Driver', 'Driver']",North,"['Motorcycle', 'Automobile, Station Wagon']","['Going Ahead', 'Turning Left']","['Lost control', 'Driving Properly']","['Unknown', 'Normal']",['Not Applicable'],['Not Applicable'],['Not Applicable'],['Not Applicable'],['Not Applicable'],False,['35 to 39'],3.0
976,2017-08-13 08:00:00,237,2017,JANE ST,SHOREHAM DR,Major Arterial,Etobicoke York,43.768756,-79.520358,619089.6298,4847252.4884,At Intersection,Traffic Signal,Clear,"Dark, artificial",Dry,24,Black Creek,24,Black Creek (24),Non-Fatal Injury,0,0,1,0,0,0,0,0,0,1,0,1,0,Turning Movement,['Driver'],North,"['Automobile, Station Wagon']","['Going Ahead', 'Turning Left']","['Driving Properly', 'Failed to Yield Right of Way']","['Normal', 'Ability Impaired, Alcohol']",['Not Applicable'],['Not Applicable'],['Not Applicable'],['Not Applicable'],['Not Applicable'],False,"['20 to 24', '25 to 29']",3.0
977,2017-08-14 08:00:00,900,2017,VICTORIA PARK AVE,EDGE PARK AVE,Major Arterial,Toronto and East York,43.717787,-79.299754,636961.395,4841932.5389,Intersection Related,No Control,Clear,Daylight,Dry,120,Clairlea-Birchmount,120,Clairlea-Birchmount (120),Non-Fatal Injury,0,0,1,0,0,0,0,1,0,0,0,0,0,Rear End,"['Driver', 'Passenger']",North,"['Automobile, Station Wagon']","['Going Ahead', 'Stopped']","['Lost control', 'Driving Properly']","['Inattentive', 'Normal']",['Not Applicable'],['Not Applicable'],['Not Applicable'],['Not Applicable'],['Not Applicable'],False,"['65 to 69', '25 to 29', '30 to 34']",3.0
978,2017-08-15 08:00:00,407,2017,DUNDAS ST E,SHERBOURNE ST,Major Arterial,Toronto and East York,43.658351,-79.370532,631389.6026,4835216.8217,Non Intersection,No Control,Rain,"Dark, artificial",Wet,73,Moss Park,73,Moss Park (73),Fatal,1,0,1,0,0,0,0,0,0,0,0,0,0,Pedestrian Collisions,"['Pedestrian', 'Driver']",East,"['Automobile, Station Wagon']",['Going Ahead'],['Other'],['Unknown'],['Other'],['Medical or Physical Disability'],['Not Applicable'],['Not Applicable'],['Not Applicable'],True,"['45 to 49', 'unknown']",4.0
979,2017-08-15 08:00:00,1700,2017,FAYWOOD  BLVD,WILSON AVE,Major Arterial,North York,43.734683,-79.446399,625113.2785,4843577.2009,At Intersection,Stop Sign,Clear,Daylight,Dry,33,Clanton Park,33,Clanton Park (33),Non-Fatal Injury,0,0,1,0,0,1,0,1,0,0,0,0,0,Turning Movement,"['Passenger', 'Driver']",South,"['Municipal Transit Bus (TTC)', 'Automobile, Station Wagon']","['Going Ahead', 'Turning Left']","['Driving Properly', 'Improper Turn']",['Normal'],['Not Applicable'],['Not Applicable'],['Not Applicable'],['Not Applicable'],['Not Applicable'],False,"['65 to 69', '5 to 9', '35 to 39', '30 to 34']",3.0
980,2017-08-17 08:00:00,2215,2017,DUFFERIN ST,CARTWRIGHT  AVE,Major Arterial,North York,43.723784,-79.456859,624293.457,4842350.9694,At Intersection,No Control,Rain,"Dark, artificial",Wet,31,Yorkdale-Glen Park,31,Yorkdale-Glen Park (31),Non-Fatal Injury,1,0,1,0,0,0,0,0,0,0,0,0,0,Pedestrian Collisions,"['Driver', 'Pedestrian']",South,"['Automobile, Station Wagon']",['Going Ahead'],['Driving Properly'],['Normal'],"['Crossing, no Traffic Control']",['Inattentive'],['Not Applicable'],['Not Applicable'],['Not Applicable'],False,"['40 to 44', '15 to 19']",3.0
981,2017-08-17 08:00:00,2245,2017,WHITE HEATHER BLVD,LONGSWORD  DR,Collector,Scarborough,43.815486,-79.26604,639449.9981,4852839.7933,At Intersection,No Control,Clear,"Dark, artificial",Dry,129,Agincourt North,129,Agincourt North (129),Non-Fatal Injury,0,0,1,0,0,0,0,1,1,1,0,1,0,SMV Other,"['Passenger', 'Driver']",North,"['Automobile, Station Wagon']",['Going Ahead'],['Lost control'],"['Ability Impaired, Alcohol']",['Not Applicable'],['Not Applicable'],['Not Applicable'],['Not Applicable'],['Not Applicable'],False,"['15 to 19', '20 to 24']",3.0
982,2017-08-18 08:00:00,1055,2017,FAYWOOD  BLVD,WILSON  AVE,Major Arterial,North York,43.734683,-79.446399,625113.2785,4843577.2009,At Intersection,Stop Sign,Clear,Daylight,Dry,33,Clanton Park,33,Clanton Park (33),Non-Fatal Injury,0,1,1,0,0,0,0,0,0,1,0,0,0,Cyclist Collisions,"['Driver', 'Cyclist']",South,"['Automobile, Station Wagon', 'Bicycle']","['Turning Right', 'Going Ahead']",['Failed to Yield Right of Way'],['Inattentive'],['Not Applicable'],['Not Applicable'],"['Motorist turns right at non-signal Inter.(stop, yield, no cont.,and dwy) and strikes cyclist.']",['Driving Properly'],['Normal'],False,"['45 to 49', '55 to 59']",3.0
983,2017-08-18 08:00:00,1444,2017,NORTH QUEEN ST,NOVA RD,Minor Arterial,Etobicoke York,43.616969,-79.557323,616407.7508,4830342.0042,At/Near Private Drive,Stop Sign,Clear,Daylight,Dry,159,Etobicoke City Centre,14,Islington-City Centre West (14),Non-Fatal Injury,0,0,1,0,0,0,0,1,0,1,0,0,0,Turning Movement,"['Driver', 'Passenger']",North,"['Automobile, Station Wagon']","['Turning Left', 'Going Ahead']","['Failed to Yield Right of Way', 'Driving Properly']","['Inattentive', 'Normal']",['Not Applicable'],['Not Applicable'],['Not Applicable'],['Not Applicable'],['Not Applicable'],False,"['25 to 29', '40 to 44', '60 to 64', '0 to 4']",3.0
984,2017-08-18 08:00:00,1622,2017,MIDLAND AVE,EGLINTON AVE E,Major Arterial,Scarborough,43.734458,-79.258067,640280.5624,4843853.8348,Intersection Related,No Control,Clear,Daylight,Dry,124,Kennedy Park,124,Kennedy Park (124),Non-Fatal Injury,1,0,1,0,0,0,0,0,0,0,0,0,0,Pedestrian Collisions,"['Driver', 'Pedestrian']",South,"['Automobile, Station Wagon']",['Going Ahead'],['Driving Properly'],['Normal'],"['Crossing, no Traffic Control']",['Inattentive'],['Not Applicable'],['Not Applicable'],['Not Applicable'],False,"['65 to 69', '25 to 29']",3.0
985,2017-08-18 08:00:00,2305,2017,FINCH  AVE W,DUNCANWOODS  DR,Major Arterial,Etobicoke York,43.748725,-79.55759,616131.7192,4844974.8817,At Intersection,Traffic Signal,Clear,"Dark, artificial",Dry,22,Humbermede,22,Humbermede (22),Non-Fatal Injury,1,0,1,0,0,0,0,1,0,0,0,0,0,Pedestrian Collisions,"['Pedestrian', 'Passenger', 'Driver']",North,"['Automobile, Station Wagon']",['Going Ahead'],['Driving Properly'],['Normal'],['Crossing without right of way'],['Inattentive'],['Not Applicable'],['Not Applicable'],['Not Applicable'],False,"['25 to 29', '55 to 59', '35 to 39']",3.0
986,2017-08-19 08:00:00,2309,2017,HINTON RD,KIPLING AVE,Local,Etobicoke York,43.726092,-79.571864,615025.8056,4842441.2534,At/Near Private Drive,No Control,Clear,"Dark, artificial",Dry,4,Rexdale-Kipling,4,Rexdale-Kipling (4),Non-Fatal Injury,0,0,1,1,0,0,0,0,0,1,0,0,0,Turning Movement,"['Motorcycle Driver', 'Driver']",East,"['Motorcycle', 'Automobile, Station Wagon']","['Going Ahead', 'Turning Left']","['Driving Properly', 'Failed to Yield Right of Way']",['Normal'],['Not Applicable'],['Not Applicable'],['Not Applicable'],['Not Applicable'],['Not Applicable'],False,"['30 to 34', '35 to 39']",3.0
987,2017-08-21 08:00:00,118,2017,FINCH AVE W,WESTON RD,Major Arterial,Etobicoke York,43.75149,-79.544833,617153.4271,4845299.9381,Non Intersection,No Control,Clear,"Dark, artificial",Dry,22,Humbermede,22,Humbermede (22),Non-Fatal Injury,0,0,1,0,0,0,0,0,1,1,0,0,0,Turning Movement,['Driver'],East,"['Automobile, Station Wagon']","['Going Ahead', 'Turning Left']","['Speed too Fast For Condition', 'Failed to Yield Right of Way']","['Normal', 'Unknown']",['Not Applicable'],['Not Applicable'],['Not Applicable'],['Not Applicable'],['Not Applicable'],False,"['unknown', '15 to 19']",3.0
988,2017-08-21 08:00:00,1414,2017,ST CLAIR AVE E,BIRCHMOUNT RD,Major Arterial,Scarborough,43.713835,-79.272197,639190.3941,4841539.5201,At/Near Private Drive,No Control,Clear,Daylight,Dry,120,Clairlea-Birchmount,120,Clairlea-Birchmount (120),Non-Fatal Injury,0,0,1,0,0,0,0,0,0,1,0,0,0,Angle,['Driver'],East,"['Automobile, Station Wagon']",['Going Ahead'],"['Driving Properly', 'Failed to Yield Right of Way']","['Normal', 'Inattentive']",['Not Applicable'],['Not Applicable'],['Not Applicable'],['Not Applicable'],['Not Applicable'],False,"['35 to 39', '25 to 29']",3.0
989,2017-08-21 08:00:00,1634,2017,SPADINA CRES,RUSSELL ST,Major Arterial,Toronto and East York,43.659789,-79.399905,629018.0521,4835330.4363,At Intersection,No Control,Clear,Daylight,Dry,79,University,79,University (79),Non-Fatal Injury,0,1,1,0,0,0,0,0,1,1,0,0,0,Cyclist Collisions,"['Cyclist', 'Driver']",North,"['Bicycle', 'Delivery Van']",['Going Ahead'],['Other'],['Unknown'],['Not Applicable'],['Not Applicable'],['Cyclist and Driver travelling in same direction. One vehicle sideswipes the other.'],['Driving Properly'],['Unknown'],False,"['35 to 39', '25 to 29']",3.0
990,2017-08-23 08:00:00,1010,2017,MAIN ST,GERRARD  ST E,Minor Arterial,Toronto and East York,43.683879,-79.300121,637009.0479,4838165.9664,At Intersection,Traffic Signal,Clear,Daylight,Dry,62,East End-Danforth,62,East End-Danforth (62),Non-Fatal Injury,0,1,1,0,0,0,0,0,0,0,0,0,0,Cyclist Collisions,"['Driver', 'Cyclist']",East,"['Automobile, Station Wagon', 'Bicycle']",['Going Ahead'],['Driving Properly'],['Normal'],['Not Applicable'],['Not Applicable'],"['Cyclist without ROW rides into path of motorist at inter, lnwy, dwy-Cyclist not turn.']",['Driving Properly'],['Normal'],False,"['45 to 49', '25 to 29']",3.0
991,2017-08-23 08:00:00,1525,2017,STEELES AVE E,NINTH LINE,Minor Arterial,Scarborough,43.842215,-79.22684,642538.966,4855875.3175,Non Intersection,No Control,Clear,Daylight,Dry,144,Morningside Heights,131,Rouge (131),Non-Fatal Injury,0,0,1,0,0,0,0,0,0,1,0,0,0,Rear End,['Driver'],East,"['Automobile, Station Wagon']","['Going Ahead', 'Slowing or Stopping']","['Following too Close', 'Driving Properly']","['Inattentive', 'Normal']",['Not Applicable'],['Not Applicable'],['Not Applicable'],['Not Applicable'],['Not Applicable'],False,"['35 to 39', '40 to 44']",3.0
992,2017-08-23 08:00:00,2218,2017,KING ST W,STRACHAN AVE,Major Arterial,Toronto and East York,43.64197,-79.411929,628086.4019,4833332.7769,At Intersection,Traffic Signal,Clear,"Dark, artificial",Dry,162,West Queen West,82,Niagara (82),Non-Fatal Injury,1,0,1,0,0,0,0,0,0,1,0,0,0,Pedestrian Collisions,"['Driver', 'Pedestrian']",West,"['Automobile, Station Wagon']",['Turning Left'],['Failed to Yield Right of Way'],['Inattentive'],['Crossing with right of way'],['Had Been Drinking'],['Not Applicable'],['Not Applicable'],['Not Applicable'],False,"['45 to 49', '30 to 34']",3.0
993,2017-08-24 08:00:00,2325,2017,VICTORIA PARK AVE,CLINTWOOD GT,Major Arterial,North York,43.748763,-79.312076,635898.714,4845352.5927,At Intersection,No Control,Clear,"Dark, artificial",Dry,119,Wexford/Maryvale,119,Wexford/Maryvale (119),Fatal,1,0,1,0,0,0,0,0,0,0,0,0,0,Pedestrian Collisions,"['Driver', 'Pedestrian']",North,"['Automobile, Station Wagon']",['Going Ahead'],['Driving Properly'],['Normal'],"['Crossing, no Traffic Control']",['Unknown'],['Not Applicable'],['Not Applicable'],['Not Applicable'],True,"['40 to 44', '55 to 59']",4.0
994,2017-08-25 08:00:00,1130,2017,DUNDAS ST W,GLADSTONE AVE,Minor Arterial,Toronto and East York,43.649501,-79.428958,626697.0752,4834143.0524,Non Intersection,No Control,Clear,Dark,Dry,84,Little Portugal,84,Little Portugal (84),Fatal,1,0,1,0,0,0,0,0,0,0,0,0,0,Pedestrian Collisions,"['Pedestrian', 'Driver']",East,"['Automobile, Station Wagon']",['Going Ahead'],['Driving Properly'],['Normal'],['Running onto Roadway'],['Had Been Drinking'],['Not Applicable'],['Not Applicable'],['Not Applicable'],True,"['30 to 34', '65 to 69']",4.0
995,2017-08-25 08:00:00,1204,2017,EGLINTON AVE E,TORRANCE RD,Major Arterial,Scarborough,43.739459,-79.235217,642108.8993,4844448.2132,At Intersection,Traffic Signal,Clear,Daylight,Dry,138,Eglinton East,138,Eglinton East (138),Non-Fatal Injury,0,0,1,0,0,0,0,0,0,0,0,0,1,SMV Other,['Driver'],East,"['Automobile, Station Wagon']",['Going Ahead'],['Lost control'],['Medical or Physical Disability'],['Not Applicable'],['Not Applicable'],['Not Applicable'],['Not Applicable'],['Not Applicable'],False,['55 to 59'],3.0
996,2017-08-26 08:00:00,1055,2017,3738 ST CLAIR AVE E,Not Applicable,Minor Arterial,Scarborough,43.720442,-79.243045,641523.3283,4842322.6937,Non Intersection,No Control,Clear,Daylight,Dry,123,Cliffcrest,123,Cliffcrest (123),Fatal,0,0,1,0,0,0,0,0,1,1,0,0,0,SMV Other,['Driver'],East,"['Automobile, Station Wagon']",['Going Ahead'],['Lost control'],"['Ability Impaired, Drugs']",['Not Applicable'],['Not Applicable'],['Not Applicable'],['Not Applicable'],['Not Applicable'],True,['30 to 34'],4.0
997,2017-08-27 08:00:00,1105,2017,LESWYN  RD,CALEDONIA  RD,Minor Arterial,North York,43.715659,-79.467586,623446.1198,4841432.541,Intersection Related,Stop Sign,Clear,Daylight,Dry,31,Yorkdale-Glen Park,31,Yorkdale-Glen Park (31),Non-Fatal Injury,1,0,1,0,0,0,0,0,0,0,0,0,0,Pedestrian Collisions,"['Pedestrian', 'Driver']",Unknown,"['Automobile, Station Wagon']",['Going Ahead'],['Other'],['Unknown'],['Other'],['Normal'],['Not Applicable'],['Not Applicable'],['Not Applicable'],False,"['25 to 29', 'unknown']",3.0
998,2017-08-27 08:00:00,2054,2017,6065 STEELES AVE E,Not Applicable,Major Arterial,Scarborough,43.83705,-79.249019,640768.1903,4855263.6646,Non Intersection,No Control,Clear,Dark,Dry,144,Morningside Heights,131,Rouge (131),Fatal,1,0,1,0,0,0,0,0,0,1,0,0,0,Pedestrian Collisions,"['Driver', 'Pedestrian']",North,"['Automobile, Station Wagon']",['Going Ahead'],['Driving Properly'],['Normal'],['Running onto Roadway'],['Inattentive'],['Not Applicable'],['Not Applicable'],['Not Applicable'],True,"['45 to 49', '75 to 79']",4.0
999,2017-08-28 08:00:00,849,2017,5450 DUNDAS ST W,Not Applicable,Major Arterial,Etobicoke York,43.632731,-79.543445,617496.8477,4832112.1156,At/Near Private Drive,No Control,Clear,Daylight,Dry,159,Etobicoke City Centre,14,Islington-City Centre West (14),Non-Fatal Injury,1,0,1,0,0,0,0,0,0,0,0,0,0,Pedestrian Collisions,"['Driver', 'Pedestrian']",South,"['Automobile, Station Wagon']",['Turning Left'],['Driving Properly'],['Inattentive'],"['Crossing, no Traffic Control']",['Other'],['Not Applicable'],['Not Applicable'],['Not Applicable'],False,"['30 to 34', '25 to 29']",3.0