accident_number,date,time,year,street1,street2,road_class,district,latitude,longitude,x,y,accident_location,traffctl,visibility,light,road_surface_condition,hood_158,neighbourhood_new,hood_140,neighbourhood_old,accident_class,pedestrian,cyclist,automobile,motorcycle,truck,trsn_city_veh,emerg_veh,passenger,speeding,aggressive_driving,redlight,alcohol,disability,impact_type,involvement_type,initial_direction,vehicle_type,manoeuver,driver_action,driver_condition,pedestrian_action,pedestrian_condition,cyclist_type,cyclist_action,cyclist_condition,injury,involvement_age,injury_severity_score
1000,2017-08-28 08:00:00,935,2017,SHEPPARD  AVE W,CANYON AVE,Major Arterial,North York,43.755618,-79.436946,625830.676,4845916.6573,At Intersection,No Control,Clear,Daylight,Dry,38,Lansing-Westgate,38,Lansing-Westgate (38),Non-Fatal Injury,0,0,1,0,0,0,0,1,0,1,0,0,0,Rear End,"['Passenger', 'Driver']",East,"['Automobile, Station Wagon', 'Pick Up Truck']",['Going Ahead'],"['Driving Properly', 'Following too Close']",['Normal'],['Not Applicable'],['Not Applicable'],['Not Applicable'],['Not Applicable'],['Not Applicable'],False,"['35 to 39', '10 to 14', '70 to 74', '45 to 49']",3.0
1001,2017-08-28 08:00:00,1135,2017,215 LONSDALE  RD,Not Applicable,Minor Arterial,Toronto and East York,43.690566,-79.403644,628650.7833,4838742.8304,Non Intersection,No Control,Clear,Daylight,Dry,96,Casa Loma,96,Casa Loma (96),Non-Fatal Injury,0,0,1,1,0,0,0,0,0,1,0,0,0,Sideswipe,"['Motorcycle Driver', 'Driver']",East,"['Motorcycle', 'Automobile, Station Wagon']",['Going Ahead'],"['Driving Properly', 'Improper Passing']",['Normal'],['Not Applicable'],['Not Applicable'],['Not Applicable'],['Not Applicable'],['Not Applicable'],False,"['75 to 79', '55 to 59']",3.0
1002,2017-08-28 08:00:00,1845,2017,OSSINGTON  AVE,HARBORD ST,Minor Arterial,Toronto and East York,43.658473,-79.424274,627055.8994,4835146.6721,Intersection Related,No Control,Clear,Daylight,Dry,80,Palmerston-Little Italy,80,Palmerston-Little Italy (80),Non-Fatal Injury,0,0,1,1,0,0,0,0,0,0,0,0,0,Turning Movement,"['Motorcycle Driver', 'Driver']",North,"['Motorcycle', 'Automobile, Station Wagon']","['Going Ahead', 'Making U Turn']","['Driving Properly', 'Improper Turn']","['Normal', 'Inattentive']",['Not Applicable'],['Not Applicable'],['Not Applicable'],['Not Applicable'],['Not Applicable'],False,"['30 to 34', '25 to 29']",3.0
1003,2017-08-28 08:00:00,2010,2017,RENFORTH DR,SILVER DART DR,Major Arterial,Etobicoke York,43.676356,-79.593196,613401.3838,4836888.0114,At Intersection,Traffic Signal,Clear,"Dark, artificial",Dry,1,West Humber-Clairville,1,West Humber-Clairville (1),Non-Fatal Injury,0,0,1,0,0,0,0,0,0,1,0,0,0,SMV Other,['Driver'],East,"['Automobile, Station Wagon']",['Going Ahead'],['Lost control'],['Unknown'],['Not Applicable'],['Not Applicable'],['Not Applicable'],['Not Applicable'],['Not Applicable'],False,['25 to 29'],3.0
1004,2017-08-30 08:00:00,846,2017,FINCH AVE W,HUMBER COLLEGE BLVD,Major Arterial,Etobicoke York,43.734027,-79.609866,611950.2215,4843270.5033,Intersection Related,No Control,Clear,Daylight,Dry,1,West Humber-Clairville,1,West Humber-Clairville (1),Non-Fatal Injury,0,0,1,0,0,1,0,1,0,0,0,0,0,Rear End,"['Passenger', 'Driver']",West,"['Municipal Transit Bus (TTC)', 'Pick Up Truck']","['Stopped', 'Going Ahead']","['Driving Properly', 'Lost control']","['Normal', 'Inattentive']",['Not Applicable'],['Not Applicable'],['Not Applicable'],['Not Applicable'],['Not Applicable'],False,"['60 to 64', '55 to 59', '25 to 29']",3.0
1005,2017-08-30 08:00:00,1703,2017,WELLESLEY ST W,QUEENS PARK CRES E,Major Arterial,Toronto and East York,43.663512,-79.390605,629759.912,4835758.4285,At Intersection,Traffic Signal,Clear,Daylight,Dry,169,Bay-Cloverhill,76,Bay Street Corridor (76),Non-Fatal Injury,0,1,0,0,1,0,0,0,0,0,0,0,0,Cyclist Collisions,"['Cyclist', 'Truck Driver']",West,"['Bicycle', 'Truck - Dump']","['Going Ahead', 'Turning Right']",['Improper Turn'],['Inattentive'],['Not Applicable'],['Not Applicable'],['Motorist turning right on green or amber at signalized intersection strikes cyclist.'],['Driving Properly'],['Normal'],False,"['40 to 44', '55 to 59']",3.0
1006,2017-08-31 08:00:00,2141,2017,YONGE ST,YONGE BLVD,Major Arterial,North York,43.73429,-79.404529,628485.9895,4843597.6276,At Intersection,Traffic Controller,Clear,"Daylight, artificial",Dry,41,Bridle Path-Sunnybrook-York Mills,41,Bridle Path-Sunnybrook-York Mills (41),Non-Fatal Injury,0,1,1,0,0,0,0,0,0,0,0,0,0,Cyclist Collisions,"['Driver', 'Cyclist']",East,"['Pick Up Truck', 'Bicycle']","['Turning Right', 'Going Ahead']",['Improper Turn'],['Normal'],['Not Applicable'],['Not Applicable'],['Motorist turning right on red at signalized intersection strikes cyclist.'],['Improper Passing'],['Normal'],False,['20 to 24'],3.0
1007,2017-09-05 08:00:00,30,2017,715 MILNER AVE,Not Applicable,Minor Arterial,Scarborough,43.796034,-79.210155,643991.2137,4850775.0492,At/Near Private Drive,No Control,Clear,"Dark, artificial",Dry,146,Malvern East,132,Malvern (132),Non-Fatal Injury,0,0,1,0,0,0,0,1,0,0,0,0,0,SMV Other,"['Passenger', 'Driver']",East,"['Automobile, Station Wagon']",['Going Ahead'],['Lost control'],['Unknown'],['Not Applicable'],['Not Applicable'],['Not Applicable'],['Not Applicable'],['Not Applicable'],False,"['30 to 34', '15 to 19']",3.0
1008,2017-09-05 08:00:00,1735,2017,MILLWOOD RD,YONGE  ST,Local,Toronto and East York,43.6999,-79.393703,629431.8565,4839794.9717,Non Intersection,No Control,Clear,Daylight,Dry,174,South Eglinton-Davisville,104,Mount Pleasant West (104),Non-Fatal Injury,1,0,1,0,0,0,0,1,0,0,0,0,0,Pedestrian Collisions,"['Driver', 'Passenger', 'Pedestrian']",East,"['Automobile, Station Wagon']",['Going Ahead'],['Driving Properly'],['Normal'],"['Crossing, no Traffic Control']",['Inattentive'],['Not Applicable'],['Not Applicable'],['Not Applicable'],False,"['35 to 39', '40 to 44', '0 to 4', '5 to 9']",3.0
1009,2017-09-05 08:00:00,1832,2017,CODSELL AVE,MAXWELL ST,Local,North York,43.756312,-79.446689,625044.8821,4845978.9807,At Intersection,Stop Sign,Clear,Daylight,Dry,34,Bathurst Manor,34,Bathurst Manor (34),Fatal,1,0,1,0,0,0,0,0,0,1,0,0,0,Pedestrian Collisions,"['Pedestrian', 'Driver']",South,"['Automobile, Station Wagon']",['Going Ahead'],['Failed to Yield Right of Way'],['Unknown'],['Crossing with right of way'],['Unknown'],['Not Applicable'],['Not Applicable'],['Not Applicable'],True,['70 to 74'],4.0
1010,2017-09-06 08:00:00,2040,2017,GERRARD ST E,HANNAFORD ST,Minor Arterial,Toronto and East York,43.685328,-79.293407,637546.8862,4838338.0121,At Intersection,No Control,Clear,"Dark, artificial",Dry,62,East End-Danforth,62,East End-Danforth (62),Non-Fatal Injury,0,1,1,0,0,0,0,0,0,0,0,0,0,Cyclist Collisions,"['Driver', 'Cyclist']",East,"['Automobile, Station Wagon', 'Bicycle']","['Turning Left', 'Going Ahead']",['Improper Turn'],['Normal'],['Not Applicable'],['Not Applicable'],['Motorist turned left across cyclists path.'],['Driving Properly'],['Normal'],False,"['55 to 59', '30 to 34']",3.0
1011,2017-09-06 08:00:00,2217,2017,JARVIS ST,DUNDAS ST E,Major Arterial,Toronto and East York,43.656638,-79.374393,631082.001,4835020.4635,Non Intersection,No Control,Clear,"Dark, artificial",Dry,73,Moss Park,73,Moss Park (73),Non-Fatal Injury,1,0,1,0,0,0,0,0,0,0,0,0,0,Pedestrian Collisions,"['Driver', 'Pedestrian']",South,"['Automobile, Station Wagon']",['Going Ahead'],['Driving Properly'],['Normal'],"['Crossing, no Traffic Control']",['Had Been Drinking'],['Not Applicable'],['Not Applicable'],['Not Applicable'],False,"['50 to 54', '25 to 29']",3.0
1012,2017-09-07 08:00:00,1538,2017,EGLINTON AVE E,BIMBROK RD,Major Arterial,Scarborough,43.735778,-79.252017,640764.6911,4844010.7019,At Intersection,No Control,Clear,Daylight,Dry,124,Kennedy Park,124,Kennedy Park (124),Non-Fatal Injury,0,0,1,0,1,0,0,1,0,1,0,0,0,Turning Movement,"['Passenger', 'Truck Driver', 'Driver']",East,"['Truck - Closed (Blazer, etc)', 'Automobile, Station Wagon']","['Going Ahead', 'Turning Left']","['Driving Properly', 'Failed to Yield Right of Way']",['Normal'],['Not Applicable'],['Not Applicable'],['Not Applicable'],['Not Applicable'],['Not Applicable'],False,"['25 to 29', '60 to 64', '30 to 34']",3.0
1013,2017-09-08 08:00:00,1505,2017,BALLIOL ST,BAYVIEW AVE,Major Arterial,North York,43.701991,-79.373752,631034.925,4840058.5463,At Intersection,Stop Sign,Clear,Daylight,Dry,56,Leaside-Bennington,56,Leaside-Bennington (56),Non-Fatal Injury,0,1,1,0,0,0,0,0,0,1,0,0,0,Cyclist Collisions,"['Driver', 'Cyclist']",East,"['Passenger Van', 'Bicycle']","['Turning Right', 'Going Ahead']",['Failed to Yield Right of Way'],['Inattentive'],['Not Applicable'],['Not Applicable'],"['Motorist turns right at non-signal Inter.(stop, yield, no cont.,and dwy) and strikes cyclist.']",['Driving Properly'],['Normal'],False,"['35 to 39', '50 to 54']",3.0
1014,2017-09-09 08:00:00,1221,2017,MC CAUL ST,QUEEN ST W,Major Arterial,Toronto and East York,43.650122,-79.389713,629860.6923,4834272.6876,At Intersection,Traffic Controller,Clear,Daylight,Dry,164,Wellington Place,77,Waterfront Communities-The Island (77),Non-Fatal Injury,0,0,1,1,0,0,0,0,0,0,0,0,0,Turning Movement,"['Motorcycle Driver', 'Driver']",South,"['Motorcycle', 'Automobile, Station Wagon']","['Going Ahead', 'Turning Left']","['Lost control', 'Driving Properly']",['Normal'],['Not Applicable'],['Not Applicable'],['Not Applicable'],['Not Applicable'],['Not Applicable'],False,"['45 to 49', '15 to 19']",3.0
1015,2017-09-12 08:00:00,844,2017,COSBURN AVE,LESMOUNT AVE,Minor Arterial,Toronto and East York,43.691332,-79.340617,633728.4986,4838927.6196,At Intersection,No Control,Clear,Daylight,Dry,59,Danforth East York,59,Danforth East York (59),Non-Fatal Injury,0,1,0,0,1,0,0,0,0,0,0,0,0,Cyclist Collisions,"['Truck Driver', 'Cyclist']",West,"['Truck - Closed (Blazer, etc)', 'Bicycle']","['Turning Right', 'Going Ahead']",['Improper Turn'],['Normal'],['Not Applicable'],['Not Applicable'],"['Motorist turns right at non-signal Inter.(stop, yield, no cont.,and dwy) and strikes cyclist.']",['Driving Properly'],['Normal'],False,"['45 to 49', '35 to 39']",3.0
1016,2017-09-12 08:00:00,1426,2017,BIRCHMOUNT RD,WINTERMUTE BLVD,Major Arterial,Scarborough,43.817134,-79.314929,635514.4367,4852941.5862,Non Intersection,No Control,Clear,Daylight,Dry,116,Steeles,116,Steeles (116),Non-Fatal Injury,0,0,1,0,0,0,0,0,0,0,0,0,0,Approaching,['Driver'],North,"['Automobile, Station Wagon']",['Going Ahead'],"['Driving Properly', 'Lost control']","['Normal', 'Unknown']",['Not Applicable'],['Not Applicable'],['Not Applicable'],['Not Applicable'],['Not Applicable'],False,"['35 to 39', '60 to 64']",3.0
1017,2017-09-13 08:00:00,105,2017,BLOOR ST W,BRUNSWICK AVE,Major Arterial,Toronto and East York,43.665908,-79.407436,628397.7651,4835998.3493,At Intersection,Traffic Signal,Clear,"Dark, artificial",Dry,79,University,79,University (79),Non-Fatal Injury,0,1,0,1,0,0,0,0,0,0,0,0,0,Cyclist Collisions,"['Cyclist', 'Motorcycle Driver']",East,"['Bicycle', 'Motorcycle']","['Making U Turn', 'Going Ahead']",['Driving Properly'],['Normal'],['Not Applicable'],['Not Applicable'],['Cyclist makes u-turn in-front of driver.'],['Improper Turn'],['Had Been Drinking'],False,['20 to 24'],3.0
1018,2017-09-14 08:00:00,1601,2017,DON MILLS RD,GATEWAY BLVD,Major Arterial,North York,43.714392,-79.336337,634022.029,4841495.6709,At Intersection,Traffic Signal,Clear,Daylight,Dry,44,Flemingdon Park,44,Flemingdon Park (44),Non-Fatal Injury,0,0,1,1,0,0,0,0,0,0,0,0,0,Turning Movement,"['Driver', 'Motorcycle Driver']",East,"['Automobile, Station Wagon', 'Motorcycle']","['Going Ahead', 'Turning Right']","['Driving Properly', 'Improper Turn']","['Normal', 'Inattentive']",['Not Applicable'],['Not Applicable'],['Not Applicable'],['Not Applicable'],['Not Applicable'],False,"['30 to 34', '15 to 19']",3.0
1019,2017-09-15 08:00:00,652,2017,STEELES AVE W,HIGHWAY 27  N,Major Arterial,Etobicoke York,43.755641,-79.61288,611667.3042,4845666.979,Non Intersection,No Control,Clear,Daylight,Dry,1,West Humber-Clairville,1,West Humber-Clairville (1),Fatal,0,0,1,0,1,0,0,1,1,1,0,0,0,Turning Movement,"['Truck Driver', 'Passenger', 'Driver']",East,"['Truck - Dump', 'Automobile, Station Wagon']","['Turning Left', 'Going Ahead']","['Failed to Yield Right of Way', 'Driving Properly', 'Exceeding Speed Limit']","['Normal', 'Had Been Drinking']",['Not Applicable'],['Not Applicable'],['Not Applicable'],['Not Applicable'],['Not Applicable'],True,"['30 to 34', '55 to 59', '50 to 54', '20 to 24']",4.0
1020,2017-09-17 08:00:00,2358,2017,LAKE SHORE BLVD W,REMEMBRANCE DR,Major Arterial,Toronto and East York,43.630351,-79.419742,627480.8023,4832030.3108,At Intersection,Traffic Signal,Clear,"Dark, artificial",Dry,163,Fort York-Liberty Village,82,Niagara (82),Non-Fatal Injury,0,1,1,0,0,0,0,0,0,0,0,0,0,Cyclist Collisions,"['Cyclist', 'Driver']",North,"['Bicycle', 'Passenger Van']","['Going Ahead', 'Turning Right']",['Improper Turn'],['Normal'],['Not Applicable'],['Not Applicable'],['Motorist turning right on red at signalized intersection strikes cyclist.'],['Driving Properly'],['Normal'],False,"['25 to 29', '45 to 49']",3.0
1021,2017-09-18 08:00:00,2019,2017,LAKE SHORE BLVD W,BRITISH COLUMBIA RD,Major Arterial,Toronto and East York,43.631358,-79.429141,626720.4527,4832127.7604,At Intersection,Traffic Signal,Clear,"Dark, artificial",Dry,85,South Parkdale,85,South Parkdale (85),Non-Fatal Injury,0,1,1,0,0,0,0,0,0,0,0,0,0,Cyclist Collisions,"['Cyclist', 'Driver']",South,"['Bicycle', 'Automobile, Station Wagon']",['Going Ahead'],['Driving Properly'],['Normal'],['Not Applicable'],['Not Applicable'],"['Cyclist without ROW rides into path of motorist at inter, lnwy, dwy-Cyclist not turn.']",['Disobeyed Traffic Control'],['Normal'],False,"['15 to 19', '60 to 64']",3.0
1022,2017-09-20 08:00:00,1953,2017,BROADVIEW AVE,NEALON AVE,Minor Arterial,Toronto and East York,43.682852,-79.357181,632412.2608,4837959.2183,At Intersection,No Control,Clear,Dark,Dry,57,Broadview North,57,Broadview North (57),Fatal,1,0,1,0,0,0,0,0,0,0,0,0,0,Pedestrian Collisions,"['Pedestrian', 'Driver']",North,"['Automobile, Station Wagon']",['Going Ahead'],['Driving Properly'],['Unknown'],"['Crossing, no Traffic Control']",['Inattentive'],['Not Applicable'],['Not Applicable'],['Not Applicable'],True,"['85 to 89', '50 to 54']",4.0
1023,2017-09-22 08:00:00,1632,2017,SCARLETT  RD,EAST DR,Minor Arterial,Etobicoke York,43.676768,-79.505992,620430.062,4837056.6833,At Intersection,Traffic Signal,Clear,Daylight,Dry,111,Rockcliffe-Smythe,111,Rockcliffe-Smythe (111),Non-Fatal Injury,0,0,1,0,0,0,0,0,0,1,1,0,0,Turning Movement,['Driver'],North,"['Automobile, Station Wagon']","['Turning Left', 'Going Ahead']","['Driving Properly', 'Disobeyed Traffic Control']","['Normal', 'Inattentive']",['Not Applicable'],['Not Applicable'],['Not Applicable'],['Not Applicable'],['Not Applicable'],False,['60 to 64'],3.0
1024,2017-09-23 08:00:00,50,2017,ROCKCLIFFE BLVD,WOOLNER AVE,Collector,Etobicoke York,43.674117,-79.488162,621872.6938,4836788.2963,Non Intersection,No Control,Clear,"Dark, artificial",Dry,111,Rockcliffe-Smythe,111,Rockcliffe-Smythe (111),Non-Fatal Injury,0,0,1,0,0,0,0,1,1,1,0,0,0,SMV Other,"['Passenger', 'Driver']",South,['Passenger Van'],['Going Ahead'],['Lost control'],['Unknown'],['Not Applicable'],['Not Applicable'],['Not Applicable'],['Not Applicable'],['Not Applicable'],False,"['15 to 19', '20 to 24']",3.0
1025,2017-09-24 08:00:00,0,2017,YONGE ST,CENTRE AVE,Major Arterial,North York,43.790942,-79.418277,627258.6553,4849868.4574,Non Intersection,No Control,Clear,"Dark, artificial",Dry,50,Newtonbrook East,50,Newtonbrook East (50),Non-Fatal Injury,1,0,1,0,0,0,0,0,0,1,0,0,0,Pedestrian Collisions,"['Driver', 'Pedestrian']",Unknown,"['Automobile, Station Wagon']",['Going Ahead'],['Lost control'],['Inattentive'],['On Sidewalk or Shoulder'],['Normal'],['Not Applicable'],['Not Applicable'],['Not Applicable'],False,"['25 to 29', '30 to 34']",3.0
1026,2017-09-24 08:00:00,1255,2017,DUFFERIN ST,HOPEWELL AVE,Major Arterial,North York,43.698622,-79.451267,624796.0849,4839564.7781,At Intersection,Stop Sign,Clear,Daylight,Dry,108,Briar Hill-Belgravia,108,Briar Hill-Belgravia (108),Non-Fatal Injury,0,1,1,0,0,0,0,0,0,0,0,0,0,Cyclist Collisions,"['Driver', 'Cyclist']",South,"['Automobile, Station Wagon', 'Bicycle']","['Turning Right', 'Going Ahead']",['Driving Properly'],['Normal'],['Not Applicable'],['Not Applicable'],"['Cyclist without ROW rides into path of motorist at inter, lnwy, dwy-Cyclist not turn.']",['Failed to Yield Right of Way'],['Normal'],False,"['60 to 64', '30 to 34']",3.0
1027,2017-09-25 08:00:00,1652,2017,EGLINTON  AVE W,CHILTERN HILL RD,Major Arterial,North York,43.700457,-79.427722,626689.4814,4839804.2888,Intersection Related,Stop Sign,Clear,Daylight,Dry,106,Humewood-Cedarvale,106,Humewood-Cedarvale (106),Non-Fatal Injury,1,0,1,0,0,0,0,0,0,0,0,0,0,Pedestrian Collisions,"['Pedestrian', 'Driver']",North,"['Automobile, Station Wagon']",['Turning Left'],['Driving Properly'],['Normal'],['Crossing without right of way'],['Normal'],['Not Applicable'],['Not Applicable'],['Not Applicable'],False,"['50 to 54', '25 to 29']",3.0
1028,2017-09-25 08:00:00,2330,2017,4673 JANE ST,Not Applicable,Major Arterial,Etobicoke York,43.770049,-79.520641,619064.2867,4847395.6884,Non Intersection,No Control,Clear,"Dark, artificial",Dry,24,Black Creek,24,Black Creek (24),Non-Fatal Injury,1,0,1,0,0,0,0,0,1,1,0,0,0,Pedestrian Collisions,"['Driver', 'Pedestrian']",East,"['Automobile, Station Wagon']",['Going Ahead'],['Driving Properly'],['Normal'],"['Crossing, no Traffic Control']",['Had Been Drinking'],['Not Applicable'],['Not Applicable'],['Not Applicable'],False,"['55 to 59', '25 to 29']",3.0
1029,2017-09-26 08:00:00,1505,2017,BURNHAMTHORPE RD,SATURN RD,Major Arterial,Etobicoke York,43.642485,-79.575847,614864.449,4833150.0677,At Intersection,Traffic Signal,Clear,Daylight,Dry,13,Etobicoke West Mall,13,Etobicoke West Mall (13),Non-Fatal Injury,0,0,1,1,0,0,0,0,0,1,1,0,0,Turning Movement,"['Driver', 'Motorcycle Driver']",East,"['Automobile, Station Wagon', 'Motorcycle']","['Turning Left', 'Going Ahead']","['Driving Properly', 'Disobeyed Traffic Control']",['Normal'],['Not Applicable'],['Not Applicable'],['Not Applicable'],['Not Applicable'],['Not Applicable'],False,"['60 to 64', '25 to 29']",3.0
1030,2017-09-27 08:00:00,2125,2017,WARDEN AVE,CONTINENTAL PL,Major Arterial,Scarborough,43.763491,-79.301257,636736.2358,4847006.1683,At Intersection,No Control,Clear,Dark,Dry,119,Wexford/Maryvale,119,Wexford/Maryvale (119),Fatal,1,0,1,0,0,0,0,0,1,1,0,0,0,Pedestrian Collisions,"['Driver', 'Pedestrian']",East,"['Automobile, Station Wagon']","['Unknown', 'Going Ahead']","['Other', 'Driving Properly']",['Unknown'],"['Crossing, no Traffic Control']",['Unknown'],['Not Applicable'],['Not Applicable'],['Not Applicable'],True,"['unknown', '30 to 34', '5 to 9', '35 to 39']",4.0
1031,2017-09-28 08:00:00,1630,2017,BIRCHMOUNT RD,ZENITH DR,Minor Arterial,Scarborough,43.711009,-79.269771,639392.3849,4841229.7287,Intersection Related,No Control,Clear,Daylight,Dry,120,Clairlea-Birchmount,120,Clairlea-Birchmount (120),Fatal,1,0,1,0,0,0,0,1,0,1,0,1,0,Pedestrian Collisions,"['Driver', 'Passenger', 'Pedestrian']",South,"['Delivery Van', 'Automobile, Station Wagon']","['Going Ahead', 'Turning Left']","['Lost control', 'Driving Properly']","['Ability Impaired, Alcohol Over .08', 'Normal']",['On Sidewalk or Shoulder'],['Normal'],['Not Applicable'],['Not Applicable'],['Not Applicable'],True,"['45 to 49', '40 to 44', '55 to 59', '50 to 54']",4.0
1032,2017-09-28 08:00:00,2135,2017,4322 MCCOWAN RD,Not Applicable,Major Arterial,Scarborough,43.829547,-79.274997,638697.0764,4854386.44,Non Intersection,No Control,Clear,"Dark, artificial",Dry,130,Milliken,130,Milliken (130),Fatal,1,0,1,0,0,0,0,0,0,0,0,0,0,Pedestrian Collisions,"['Pedestrian', 'Driver']",South,"['Automobile, Station Wagon']",['Going Ahead'],['Driving Properly'],['Normal'],"['Crossing, no Traffic Control']",['Normal'],['Not Applicable'],['Not Applicable'],['Not Applicable'],True,"['70 to 74', '30 to 34']",4.0
1033,2017-09-29 08:00:00,2325,2017,YONGE ST,ORCHARD VIEW BLVD,Major Arterial,North York,43.708125,-79.398631,629017.12,4840700.7919,Non Intersection,Traffic Signal,Rain,Dark,Wet,173,North Toronto,104,Mount Pleasant West (104),Non-Fatal Injury,1,0,1,0,0,0,0,0,0,0,0,0,0,Pedestrian Collisions,"['Driver', 'Pedestrian']",North,"['Automobile, Station Wagon']",['Going Ahead'],['Driving Properly'],['Normal'],"['Crossing, no Traffic Control']","['Ability Impaired, Alcohol']",['Not Applicable'],['Not Applicable'],['Not Applicable'],False,['25 to 29'],3.0
1034,2017-09-30 08:00:00,1311,2017,ROGERS  RD,MCROBERTS AVE,Minor Arterial,Etobicoke York,43.683287,-79.455447,624490.9826,4837855.3339,Non Intersection,No Control,Clear,Daylight,Dry,109,Caledonia-Fairbank,109,Caledonia-Fairbank (109),Non-Fatal Injury,0,0,1,0,0,0,0,1,0,0,0,0,1,Rear End,"['Passenger', 'Driver']",West,"['Automobile, Station Wagon']","['Stopped', 'Going Ahead']","['Driving Properly', 'Lost control']","['Normal', 'Medical or Physical Disability']",['Not Applicable'],['Not Applicable'],['Not Applicable'],['Not Applicable'],['Not Applicable'],False,"['0 to 4', '30 to 34', '35 to 39', '40 to 44', '90 to 94']",3.0
1035,2017-10-01 08:00:00,1615,2017,DAVENPORT RD,DOVERCOURT ROAD,Minor Arterial,Toronto and East York,43.674288,-79.434612,626189.1624,4836887.359,At Intersection,No Control,Clear,Daylight,Dry,94,Wychwood,94,Wychwood (94),Non-Fatal Injury,0,1,1,0,0,0,0,0,0,0,0,0,0,Cyclist Collisions,"['Driver', 'Cyclist']",East,"['Automobile, Station Wagon', 'Bicycle']","['Turning Left', 'Going Ahead']",['Improper Turn'],['Normal'],['Not Applicable'],['Not Applicable'],['Motorist turned left across cyclists path.'],['Driving Properly'],['Normal'],False,"['40 to 44', '45 to 49']",3.0
1036,2017-10-01 08:00:00,1815,2017,BLOOR ST W,SPADINA AVE,Major Arterial,Toronto and East York,43.666583,-79.403827,628687.2952,4836078.909,At Intersection,Traffic Signal,Clear,Daylight,Dry,79,University,79,University (79),Non-Fatal Injury,0,1,0,0,1,0,0,1,0,0,0,0,0,Cyclist Collisions,"['Cyclist', 'Truck Driver', 'Passenger']",East,"['Bicycle', 'Truck - Open']","['Overtaking', 'Turning Right']",['Driving Properly'],['Normal'],['Not Applicable'],['Not Applicable'],['Motorist turning right on green or amber at signalized intersection strikes cyclist.'],['Failed to Yield Right of Way'],['Inattentive'],False,"['20 to 24', '25 to 29']",3.0
1037,2017-10-02 08:00:00,645,2017,WHITMORE AVE,DUFFERIN ST,Major Arterial,North York,43.697844,-79.451099,624811.2365,4839478.6234,At Intersection,Traffic Signal,Clear,Daylight,Dry,108,Briar Hill-Belgravia,108,Briar Hill-Belgravia (108),Non-Fatal Injury,1,0,1,0,0,0,0,0,1,1,0,0,0,Pedestrian Collisions,"['Driver', 'Pedestrian']",East,"['Automobile, Station Wagon']",['Going Ahead'],['Driving Properly'],['Normal'],['Crossing marked crosswalk without ROW'],['Inattentive'],['Not Applicable'],['Not Applicable'],['Not Applicable'],False,['35 to 39'],3.0
1038,2017-10-02 08:00:00,1327,2017,SEWELLS RD,STEELES AVE E,Minor Arterial,Scarborough,43.846129,-79.209255,643943.1725,4856340.497,At Intersection,Stop Sign,Clear,Daylight,Dry,144,Morningside Heights,131,Rouge (131),Non-Fatal Injury,0,0,1,0,0,0,0,0,0,1,0,0,0,Turning Movement,['Driver'],East,"['Automobile, Station Wagon']","['Going Ahead', 'Turning Left']","['Driving Properly', 'Failed to Yield Right of Way']","['Normal', 'Inattentive']",['Not Applicable'],['Not Applicable'],['Not Applicable'],['Not Applicable'],['Not Applicable'],False,"['35 to 39', '25 to 29']",3.0
1039,2017-10-02 08:00:00,1915,2017,QUEEN ST E,BROADVIEW AVE,Major Arterial,Toronto and East York,43.658805,-79.349811,633059.4236,4835300.2661,Intersection Related,No Control,Clear,"Dark, artificial",Dry,70,South Riverdale,70,South Riverdale (70),Non-Fatal Injury,0,0,1,0,0,0,0,0,0,0,0,0,0,SMV Unattended Vehicle,['Driver'],East,"['Automobile, Station Wagon']",['Going Ahead'],['Lost control'],"['Ability Impaired, Drugs']",['Not Applicable'],['Not Applicable'],['Not Applicable'],['Not Applicable'],['Not Applicable'],False,['25 to 29'],3.0
1040,2017-10-02 08:00:00,1925,2017,STEELES AVE E,LAURELEAF RD S,Major Arterial,North York,43.805499,-79.385745,629844.529,4851535.7729,At Intersection,Traffic Signal,Clear,"Dark, artificial",Dry,49,Bayview Woods-Steeles,49,Bayview Woods-Steeles (49),Non-Fatal Injury,1,0,1,0,0,0,0,1,0,0,0,0,0,Pedestrian Collisions,"['Driver', 'Passenger', 'Pedestrian']",North,"['Automobile, Station Wagon']",['Going Ahead'],['Driving Properly'],['Normal'],['Crossing without right of way'],['Inattentive'],['Not Applicable'],['Not Applicable'],['Not Applicable'],False,"['Over 95', '55 to 59']",3.0
1041,2017-10-03 08:00:00,1623,2017,SENTINEL RD,ASSINIBOINE RD,Minor Arterial,Etobicoke York,43.768195,-79.501659,620595.7657,4847217.2427,At Intersection,No Control,Clear,Daylight,Dry,27,York University Heights,27,York University Heights (27),Fatal,1,0,1,0,0,0,0,0,0,0,0,0,0,Pedestrian Collisions,"['Pedestrian', 'Driver']",East,"['Automobile, Station Wagon']",['Going Ahead'],['Driving Properly'],['Unknown'],"['Crossing, no Traffic Control']",['Unknown'],['Not Applicable'],['Not Applicable'],['Not Applicable'],True,['20 to 24'],4.0
1042,2017-10-04 08:00:00,830,2017,KENNEDY RD,FOXRIDGE DR,Major Arterial,Scarborough,43.724085,-79.264446,639790.976,4842690.9786,At Intersection,No Control,Clear,Daylight,Dry,124,Kennedy Park,124,Kennedy Park (124),Non-Fatal Injury,0,1,1,0,0,0,0,0,0,1,0,0,0,Cyclist Collisions,"['Driver', 'Cyclist']",North,"['Automobile, Station Wagon', 'Bicycle']","['Turning Left', 'Going Ahead']",['Failed to Yield Right of Way'],['Inattentive'],['Not Applicable'],['Not Applicable'],['Motorist turned left across cyclists path.'],['Driving Properly'],['Normal'],False,"['80 to 84', '30 to 34']",3.0