accident_number,date,time,year,street1,street2,road_class,district,latitude,longitude,x,y,accident_location,traffctl,visibility,light,road_surface_condition,hood_158,neighbourhood_new,hood_140,neighbourhood_old,accident_class,pedestrian,cyclist,automobile,motorcycle,truck,trsn_city_veh,emerg_veh,passenger,speeding,aggressive_driving,redlight,alcohol,disability,impact_type,involvement_type,initial_direction,vehicle_type,manoeuver,driver_action,driver_condition,pedestrian_action,pedestrian_condition,cyclist_type,cyclist_action,cyclist_condition,injury,involvement_age,injury_severity_score
1130,2018-01-01 10:00:00,125,2018,BAYVIEW AVE,POTTERY RD,Major Arterial,North York,43.692008,-79.361987,632004.8039,4838968.4567,Non Intersection,No Control,Clear,"Dark, artificial",Dry,56,Leaside-Bennington,56,Leaside-Bennington (56),Fatal,0,0,1,0,0,0,0,0,1,1,0,0,0,SMV Other,['Driver'],South,"['Automobile, Station Wagon']",['Going Ahead'],['Speed too Fast For Condition'],['Unknown'],['Not Applicable'],['Not Applicable'],['Not Applicable'],['Not Applicable'],['Not Applicable'],True,['35 to 39'],4.0
1131,2018-01-01 10:00:00,137,2018,NEILSON RD,401 C W NEILSON RAMP RD,Minor Arterial,Scarborough,43.795016,-79.216319,643497.7571,4850651.2776,At Intersection,Traffic Signal,Clear,"Dark, artificial",Dry,146,Malvern East,132,Malvern (132),Non-Fatal Injury,0,0,1,0,0,0,0,1,1,1,1,0,0,Angle,"['Passenger', 'Driver']",North,"['Automobile, Station Wagon']",['Going Ahead'],"['Driving Properly', 'Disobeyed Traffic Control']","['Normal', 'Had Been Drinking']",['Not Applicable'],['Not Applicable'],['Not Applicable'],['Not Applicable'],['Not Applicable'],False,"['20 to 24', '75 to 79', '30 to 34']",3.0
1132,2018-01-02 10:00:00,1718,2018,BRIMLEY RD,HEATHER RD,Major Arterial,Scarborough,43.790507,-79.269923,639195.7159,4850058.9346,Intersection Related,No Control,Clear,"Dusk, artificial",Dry,129,Agincourt North,129,Agincourt North (129),Fatal,1,0,1,0,0,0,0,0,0,0,0,0,0,Pedestrian Collisions,"['Pedestrian', 'Driver']",South,"['Automobile, Station Wagon']",['Going Ahead'],['Driving Properly'],['Normal'],"['Crossing, no Traffic Control']",['Inattentive'],['Not Applicable'],['Not Applicable'],['Not Applicable'],True,"['70 to 74', '60 to 64']",4.0
1133,2018-01-02 10:00:00,1900,2018,FINCH AVE E,TRUDY RD,Major Arterial,North York,43.790946,-79.362178,631772.1738,4849956.6819,Non Intersection,No Control,Clear,"Dark, artificial",Dry,47,Don Valley Village,47,Don Valley Village (47),Non-Fatal Injury,0,0,1,0,0,0,0,1,0,0,0,0,0,Approaching,"['Driver', 'Passenger']",East,"['Passenger Van', 'Automobile, Station Wagon']",['Going Ahead'],"['Lost control', 'Driving Properly']","['Inattentive', 'Normal']",['Not Applicable'],['Not Applicable'],['Not Applicable'],['Not Applicable'],['Not Applicable'],False,"['30 to 34', '50 to 54', '45 to 49', '15 to 19']",3.0
1134,2018-01-05 10:00:00,1145,2018,SHEPPARD ST,ADELAIDE ST W,Major Arterial,Toronto and East York,43.649542,-79.382091,630476.6266,4834220.2268,At Intersection,Traffic Signal,Other,Daylight,Other,170,Yonge-Bay Corridor,76,Bay Street Corridor (76),Fatal,1,0,1,0,0,0,0,0,0,1,0,0,0,Pedestrian Collisions,"['Driver', 'Pedestrian']",North,['Delivery Van'],['Turning Left'],['Failed to Yield Right of Way'],['Unknown'],['Crossing with right of way'],['Unknown'],['Not Applicable'],['Not Applicable'],['Not Applicable'],True,"['50 to 54', '85 to 89']",4.0
1135,2018-01-05 10:00:00,1412,2018,AVENUE RD,DUNBLAINE AVE,Major Arterial,North York,43.73585,-79.420062,627231.7753,4843746.9187,At Intersection,Traffic Controller,Clear,Daylight,Dry,39,Bedford Park-Nortown,39,Bedford Park-Nortown (39),Non-Fatal Injury,1,0,1,0,0,0,0,0,0,1,0,0,0,Pedestrian Collisions,"['Driver', 'Pedestrian']",East,"['Automobile, Station Wagon']",['Turning Left'],['Failed to Yield Right of Way'],['Unknown'],['Crossing with right of way'],['Normal'],['Not Applicable'],['Not Applicable'],['Not Applicable'],False,"['25 to 29', '30 to 34']",3.0
1136,2018-01-05 10:00:00,1455,2018,SUNRISE AVE,BERMONDSEY RD,Collector,North York,43.718005,-79.308299,636272.5602,4841942.6654,At/Near Private Drive,No Control,Clear,Daylight,Dry,43,Victoria Village,43,Victoria Village (43),Non-Fatal Injury,0,0,1,0,0,0,0,0,0,1,0,0,0,Turning Movement,['Driver'],East,"['Automobile, Station Wagon']","['Going Ahead', 'Turning Left']","['Driving Properly', 'Failed to Yield Right of Way']",['Normal'],['Not Applicable'],['Not Applicable'],['Not Applicable'],['Not Applicable'],['Not Applicable'],False,"['20 to 24', '50 to 54']",3.0
1137,2018-01-07 10:00:00,1816,2018,EGLINTON AVE W,ROYAL YORK RD,Major Arterial,Etobicoke York,43.68162,-79.52972,618507.8108,4837561.3855,Non Intersection,Traffic Signal,Other,Daylight,Other,9,Edenbridge-Humber Valley,9,Edenbridge-Humber Valley (9),Fatal,0,0,1,0,0,0,0,0,0,1,0,1,0,Approaching,['Driver'],East,"['Automobile, Station Wagon']",['Going Ahead'],"['Failed to Yield Right of Way', 'Driving Properly']","['Ability Impaired, Alcohol Over .08', 'Unknown']",['Not Applicable'],['Not Applicable'],['Not Applicable'],['Not Applicable'],['Not Applicable'],True,"['25 to 29', '85 to 89']",4.0
1138,2018-01-07 10:00:00,2151,2018,STEELES AVE E,EASTVALE  DR,Major Arterial,Scarborough,43.837935,-79.245151,641077.0715,4855368.5501,Intersection Related,No Control,Other,Dark,Other,144,Morningside Heights,131,Rouge (131),Fatal,1,0,1,0,0,0,0,0,0,0,0,0,0,Pedestrian Collisions,"['Driver', 'Pedestrian']",North,"['Automobile, Station Wagon']",['Going Ahead'],['Driving Properly'],['Unknown'],"['Crossing, no Traffic Control']",['Unknown'],['Not Applicable'],['Not Applicable'],['Not Applicable'],True,"['60 to 64', '20 to 24']",4.0
1139,2018-01-09 10:00:00,1817,2018,EGLINTON AVE E,ROSEMOUNT DR,Major Arterial,Scarborough,43.730475,-79.275096,638918.3838,4843382.7721,Non Intersection,No Control,Clear,Dark,Wet,125,Ionview,125,Ionview (125),Fatal,1,0,1,0,0,0,0,0,0,0,0,0,0,Pedestrian Collisions,"['Driver', 'Pedestrian']",North,['Delivery Van'],['Going Ahead'],['Driving Properly'],['Normal'],"['Crossing, no Traffic Control']",['Normal'],['Not Applicable'],['Not Applicable'],['Not Applicable'],True,"['45 to 49', '70 to 74']",4.0
1140,2018-01-11 10:00:00,923,2018,YONGE ST,RANLEIGH AVE,Major Arterial,North York,43.727763,-79.402904,628630.8268,4842875.2307,At Intersection,Traffic Signal,Clear,Daylight,Wet,105,Lawrence Park North,105,Lawrence Park North (105),Non-Fatal Injury,1,0,1,0,0,0,0,0,0,0,0,0,0,Pedestrian Collisions,"['Pedestrian', 'Driver']",East,['Pick Up Truck'],['Turning Left'],['Improper Turn'],['Fatigue'],['Crossing with right of way'],['Inattentive'],['Not Applicable'],['Not Applicable'],['Not Applicable'],False,"['70 to 74', '50 to 54']",3.0
1141,2018-01-11 10:00:00,1727,2018,YONGE ST,EGLINTON AVE E,Major Arterial,Toronto and East York,43.70666,-79.398326,629044.8368,4840538.5578,At Intersection,Traffic Signal,Rain,"Dark, artificial",Wet,174,South Eglinton-Davisville,104,Mount Pleasant West (104),Non-Fatal Injury,1,0,0,0,0,1,0,0,0,0,0,0,0,Pedestrian Collisions,"['Pedestrian', 'Driver']",North,['Municipal Transit Bus (TTC)'],['Going Ahead'],['Driving Properly'],['Normal'],['Crossing without right of way'],['Inattentive'],['Not Applicable'],['Not Applicable'],['Not Applicable'],False,"['60 to 64', '45 to 49']",3.0
1142,2018-01-11 10:00:00,1740,2018,BRIDLETOWNE CRCL,FINCH AVE E,Major Arterial,Scarborough,43.795779,-79.31927,635213.503,4850562.6687,At Intersection,Traffic Signal,Clear,"Dark, artificial",Dry,147,L'Amoreaux West,117,L'Amoreaux (117),Non-Fatal Injury,1,0,1,0,0,0,0,0,0,1,0,0,0,Pedestrian Collisions,"['Pedestrian', 'Driver']",North,"['Automobile, Station Wagon']",['Turning Right'],['Failed to Yield Right of Way'],['Unknown'],['Crossing with right of way'],['Normal'],['Not Applicable'],['Not Applicable'],['Not Applicable'],False,"['70 to 74', 'unknown']",3.0
1143,2018-01-12 10:00:00,1901,2018,MCCOWAN RD,ELLESMERE RD,Major Arterial,Scarborough,43.772071,-79.25146,640724.4484,4848042.5416,At Intersection,Traffic Signal,Freezing Rain,"Dark, artificial",Ice,142,Woburn North,137,Woburn (137),Non-Fatal Injury,0,0,1,0,0,0,0,1,0,0,0,0,0,SMV Other,"['Passenger', 'Driver']",North,['Passenger Van'],['Going Ahead'],['Lost control'],['Inattentive'],['Not Applicable'],['Not Applicable'],['Not Applicable'],['Not Applicable'],['Not Applicable'],False,"['50 to 54', '15 to 19', '40 to 44']",3.0
1144,2018-01-14 10:00:00,1059,2018,THE QUEENSWAY,ALDGATE AVE,Major Arterial,Etobicoke York,43.629561,-79.487575,622010.2017,4831840.6417,Non Intersection,No Control,Clear,Daylight,Dry,16,Stonegate-Queensway,16,Stonegate-Queensway (16),Non-Fatal Injury,0,0,1,0,0,0,0,1,0,1,0,0,0,Approaching,"['Driver', 'Passenger']",East,"['Automobile, Station Wagon']",['Going Ahead'],"['Failed to Yield Right of Way', 'Driving Properly']",['Normal'],['Not Applicable'],['Not Applicable'],['Not Applicable'],['Not Applicable'],['Not Applicable'],False,"['25 to 29', 'unknown', '35 to 39', '5 to 9']",3.0
1145,2018-01-15 10:00:00,1520,2018,23 IANHALL RD,Not Applicable,Local,North York,43.727904,-79.488223,621758.8514,4842761.9932,Non Intersection,No Control,Snow,Daylight,Loose Snow,155,Downsview,26,Downsview-Roding-CFB (26),Fatal,1,0,1,0,0,0,0,0,0,0,0,0,0,Pedestrian Collisions,['Pedestrian'],Unknown,"['Automobile, Station Wagon']",['Going Ahead'],[],[],['Person Getting on/off Vehicle'],['Normal'],['Not Applicable'],['Not Applicable'],['Not Applicable'],True,"['unknown', '40 to 44', '5 to 9']",4.0
1146,2018-01-15 10:00:00,1623,2018,YONGE ST,MELINDA ST,Major Arterial,Toronto and East York,43.648451,-79.377605,630840.7738,4834106.1201,Intersection Related,No Control,Snow,Daylight,Loose Snow,168,Downtown Yonge East,75,Church-Yonge Corridor (75),Non-Fatal Injury,1,0,1,0,0,0,0,0,0,1,0,0,0,Pedestrian Collisions,"['Pedestrian', 'Driver']",East,['Delivery Van'],['Going Ahead'],['Failed to Yield Right of Way'],['Inattentive'],"['Crossing, no Traffic Control']",['Normal'],['Not Applicable'],['Not Applicable'],['Not Applicable'],False,['45 to 49'],3.0
1147,2018-01-19 10:00:00,1800,2018,FINCH AVE E,DUDLEY AVE,Major Arterial,North York,43.780986,-79.409679,627971.663,4848775.9444,At Intersection,Stop Sign,Clear,"Dark, artificial",Dry,152,East Willowdale,51,Willowdale East (51),Non-Fatal Injury,0,0,1,0,0,0,0,1,0,1,0,0,0,Angle,"['Driver', 'Passenger']",North,"['Automobile, Station Wagon']","['Going Ahead', 'Stopped']","['Failed to Yield Right of Way', 'Driving Properly']",['Normal'],['Not Applicable'],['Not Applicable'],['Not Applicable'],['Not Applicable'],['Not Applicable'],False,"['85 to 89', '25 to 29', '40 to 44', '45 to 49', '90 to 94', '75 to 79']",3.0
1148,2018-01-20 10:00:00,2105,2018,MORNINGSIDE AVE,CINEMART DR,Major Arterial,Scarborough,43.797301,-79.197437,645011.3113,4850937.9768,Non Intersection,No Control,Clear,"Dark, artificial",Dry,146,Malvern East,132,Malvern (132),Non-Fatal Injury,1,0,1,0,0,0,0,0,0,0,0,0,0,Pedestrian Collisions,"['Pedestrian', 'Driver']",South,"['Automobile, Station Wagon']",['Going Ahead'],['Driving Properly'],['Unknown'],"['Crossing, no Traffic Control']",['Inattentive'],['Not Applicable'],['Not Applicable'],['Not Applicable'],False,"['45 to 49', 'unknown']",3.0
1149,2018-01-22 10:00:00,1130,2018,THURMAN  RD,STEELES  AVE W,Major Arterial,North York,43.79074,-79.452991,624466.1115,4849793.2368,At Intersection,Traffic Signal,Rain,Daylight,Wet,35,Westminster-Branson,35,Westminster-Branson (35),Non-Fatal Injury,0,1,1,0,0,0,0,0,0,1,0,0,0,Cyclist Collisions,"['Cyclist', 'Driver']",North,"['Bicycle', 'Automobile, Station Wagon']","['Going Ahead', 'Turning Left']",['Failed to Yield Right of Way'],['Inattentive'],['Not Applicable'],['Not Applicable'],['Motorist turned left across cyclists path.'],['Driving Properly'],['Normal'],False,"['65 to 69', '80 to 84']",3.0
1150,2018-01-22 10:00:00,1525,2018,HANNA RD,SUTHERLAND DR,Local,North York,43.701487,-79.365566,631695.6223,4840015.5409,At Intersection,Stop Sign,Rain,Daylight,Wet,56,Leaside-Bennington,56,Leaside-Bennington (56),Non-Fatal Injury,0,1,1,0,0,0,0,0,0,0,0,0,0,Cyclist Collisions,"['Driver', 'Cyclist']",East,"['Automobile, Station Wagon', 'Bicycle']",['Going Ahead'],['Other'],['Normal'],['Not Applicable'],['Not Applicable'],['Insufficient information (to determine cyclist crash type).'],['Driving Properly'],['Other'],False,"['40 to 44', '15 to 19']",3.0
1151,2018-01-22 10:00:00,2316,2018,483 DUNDAS ST W,Not Applicable,Major Arterial,Toronto and East York,43.652999,-79.397411,629233.7141,4834580.1985,Non Intersection,No Control,Rain,"Dark, artificial",Wet,78,Kensington-Chinatown,78,Kensington-Chinatown (78),Non-Fatal Injury,1,0,1,0,0,0,0,0,0,0,0,0,0,Pedestrian Collisions,"['Pedestrian', 'Driver']",North,"['Automobile, Station Wagon']",['Going Ahead'],['Driving Properly'],['Normal'],"['Crossing, no Traffic Control']",['Had Been Drinking'],['Not Applicable'],['Not Applicable'],['Not Applicable'],False,"['30 to 34', '40 to 44']",3.0
1152,2018-01-24 10:00:00,725,2018,QUEEN ST W,NIAGARA ST,Major Arterial,Toronto and East York,43.645922,-79.409908,628240.9988,4833774.8185,At Intersection,Traffic Signal,Clear,Daylight,Dry,162,West Queen West,82,Niagara (82),Non-Fatal Injury,1,0,1,0,0,0,0,0,0,0,0,0,0,Pedestrian Collisions,"['Pedestrian', 'Driver']",East,"['Automobile, Station Wagon']",['Going Ahead'],['Driving Properly'],['Normal'],['Crossing without right of way'],['Inattentive'],['Not Applicable'],['Not Applicable'],['Not Applicable'],False,"['25 to 29', '45 to 49']",3.0
1153,2018-01-24 10:00:00,1150,2018,WARDEN AVE,BAMBURGH CRCL,Major Arterial,Scarborough,43.81428,-79.324542,634747.765,4852608.9016,Non Intersection,Traffic Signal,Clear,Daylight,Dry,116,Steeles,116,Steeles (116),Fatal,1,0,1,0,0,0,0,0,0,1,1,0,0,Pedestrian Collisions,"['Pedestrian', 'Driver']",South,"['Automobile, Station Wagon']",['Going Ahead'],['Disobeyed Traffic Control'],['Normal'],['Crossing with right of way'],['Normal'],['Not Applicable'],['Not Applicable'],['Not Applicable'],True,"['60 to 64', '55 to 59']",4.0
1154,2018-01-26 10:00:00,1430,2018,QUEENS QUAY W,YORK ST,Minor Arterial,Toronto and East York,43.639701,-79.381091,630578.5928,4833128.8285,Non Intersection,No Control,Clear,Daylight,Dry,165,Harbourfront-CityPlace,77,Waterfront Communities-The Island (77),Non-Fatal Injury,1,0,0,0,0,1,0,0,0,0,0,0,0,Pedestrian Collisions,"['Pedestrian', 'Driver']",East,['Street Car'],['Going Ahead'],['Driving Properly'],['Normal'],"['Crossing, no Traffic Control']",['Inattentive'],['Not Applicable'],['Not Applicable'],['Not Applicable'],False,"['20 to 24', '40 to 44']",3.0
1155,2018-01-26 10:00:00,2055,2018,TAPSCOTT RD,MCLEVIN AVE,Minor Arterial,Scarborough,43.804679,-79.22578,642713.5975,4851708.1492,Non Intersection,No Control,Clear,"Dark, artificial",Dry,145,Malvern West,132,Malvern (132),Non-Fatal Injury,0,0,1,0,0,0,0,1,1,1,0,1,0,Approaching,"['Driver', 'Passenger']",East,"['Automobile, Station Wagon']",['Going Ahead'],"['Lost control', 'Driving Properly']","['Ability Impaired, Alcohol', 'Normal']",['Not Applicable'],['Not Applicable'],['Not Applicable'],['Not Applicable'],['Not Applicable'],False,"['35 to 39', '55 to 59']",3.0
1156,2018-01-27 10:00:00,116,2018,EGLINTON AVE E,VICTORIA PARK AVE,Major Arterial,North York,43.72465,-79.302608,636715.88,4842690.0628,At Intersection,Traffic Signal,Clear,"Dark, artificial",Dry,120,Clairlea-Birchmount,120,Clairlea-Birchmount (120),Non-Fatal Injury,0,0,1,0,1,0,0,0,0,1,0,0,0,Turning Movement,"['Truck Driver', 'Driver']",East,"['Truck - Dump', 'Automobile, Station Wagon']","['Turning Left', 'Going Ahead']","['Failed to Yield Right of Way', 'Driving Properly']",['Normal'],['Not Applicable'],['Not Applicable'],['Not Applicable'],['Not Applicable'],['Not Applicable'],False,"['45 to 49', '50 to 54']",3.0
1157,2018-01-28 10:00:00,140,2018,BATHURST ST,RIDGE HILL DR,Major Arterial,Toronto and East York,43.703265,-79.425868,626832.9513,4840118.991,At Intersection,Traffic Signal,Clear,"Dark, artificial",Dry,102,Forest Hill North,102,Forest Hill North (102),Non-Fatal Injury,1,0,1,0,0,0,0,0,0,0,0,0,0,Pedestrian Collisions,"['Pedestrian', 'Driver']",East,"['Automobile, Station Wagon']",['Going Ahead'],['Driving Properly'],['Normal'],['Crossing without right of way'],"['Ability Impaired, Alcohol']",['Not Applicable'],['Not Applicable'],['Not Applicable'],False,"['50 to 54', '40 to 44']",3.0
1158,2018-02-02 10:00:00,943,2018,FINCH AVE W,ARDWICK BLVD,Major Arterial,Etobicoke York,43.747714,-79.562267,615757.1095,4844856.0495,At Intersection,Traffic Signal,Clear,Daylight,Dry,22,Humbermede,22,Humbermede (22),Fatal,1,0,1,0,0,0,0,0,0,1,0,0,0,Pedestrian Collisions,"['Pedestrian', 'Driver']",North,['Delivery Van'],['Turning Left'],['Failed to Yield Right of Way'],['Normal'],['Crossing with right of way'],['Normal'],['Not Applicable'],['Not Applicable'],['Not Applicable'],True,"['70 to 74', '50 to 54']",4.0
1159,2018-02-03 10:00:00,403,2018,PARLIAMENT ST,CARLTON ST,Minor Arterial,Toronto and East York,43.664225,-79.367954,631584.6448,4835873.2935,At Intersection,Traffic Signal,Clear,"Dark, artificial",Dry,71,Cabbagetown-South St.James Town,71,Cabbagetown-South St.James Town (71),Non-Fatal Injury,1,0,1,0,0,0,0,0,0,0,0,0,0,Pedestrian Collisions,"['Pedestrian', 'Driver']",East,['Delivery Van'],['Going Ahead'],['Other'],['Unknown'],['Crossing with right of way'],['Had Been Drinking'],['Not Applicable'],['Not Applicable'],['Not Applicable'],False,"['60 to 64', 'unknown']",3.0
1160,2018-02-03 10:00:00,1525,2018,8 HERTFORD AVE,Not Applicable,Local,Etobicoke York,43.6887,-79.477329,622716.2397,4838423.9074,Non Intersection,No Control,Clear,"Daylight, artificial",Dry,110,Keelesdale-Eglinton West,110,Keelesdale-Eglinton West (110),Non-Fatal Injury,0,1,0,0,0,0,0,0,0,0,0,0,0,Cyclist Collisions,"['Other', 'Cyclist']",West,['Bicycle'],"['Parked', 'Going Ahead']",[],[],['Not Applicable'],['Not Applicable'],['Cyclist strikes a parked vehicle.'],['Lost control'],['Normal'],False,"['unknown', '15 to 19']",3.0
1161,2018-02-06 10:00:00,913,2018,CARL HALL RD,CHESSWOOD DR,Local,North York,43.7485,-79.468807,623280.3592,4845078.1883,Non Intersection,No Control,Clear,Daylight,Wet,155,Downsview,26,Downsview-Roding-CFB (26),Non-Fatal Injury,0,0,1,0,0,0,0,0,1,1,0,0,0,Approaching,['Driver'],North,"['Automobile, Station Wagon']",['Going Ahead'],"['Driving Properly', 'Lost control']","['Normal', 'Inattentive']",['Not Applicable'],['Not Applicable'],['Not Applicable'],['Not Applicable'],['Not Applicable'],False,['35 to 39'],3.0
1162,2018-02-08 10:00:00,313,2018,SPADINA AVE,QUEEN ST W,Major Arterial,Toronto and East York,43.648692,-79.396343,629329.0832,4834103.5136,At Intersection,Traffic Signal,Clear,"Dark, artificial",Slush,164,Wellington Place,77,Waterfront Communities-The Island (77),Non-Fatal Injury,1,0,1,0,0,0,0,1,0,1,1,0,0,Pedestrian Collisions,"['Pedestrian', 'Passenger', 'Driver']",East,"['Automobile, Station Wagon']",['Going Ahead'],['Disobeyed Traffic Control'],['Unknown'],['Crossing with right of way'],['Normal'],['Not Applicable'],['Not Applicable'],['Not Applicable'],False,"['15 to 19', '20 to 24', '35 to 39', '25 to 29', '40 to 44']",3.0
1163,2018-02-08 10:00:00,943,2018,HALLAM ST,OSSINGTON AVE,Minor Arterial,Toronto and East York,43.66788,-79.428111,626726.7122,4836185.5754,At Intersection,Traffic Signal,Clear,Daylight,Wet,172,Dovercourt Village,93,Dovercourt-Wallace Emerson-Junction (93),Non-Fatal Injury,1,0,1,0,0,0,0,0,0,1,0,0,0,Pedestrian Collisions,"['Pedestrian', 'Driver']",East,"['Automobile, Station Wagon']",['Turning Left'],['Failed to Yield Right of Way'],['Inattentive'],['Crossing with right of way'],['Normal'],['Not Applicable'],['Not Applicable'],['Not Applicable'],False,"['25 to 29', '60 to 64']",3.0
1164,2018-02-09 10:00:00,1125,2018,LOWER JARVIS ST,FRONT ST E,Major Arterial,Toronto and East York,43.648657,-79.37112,631363.3241,4834139.2441,Non Intersection,No Control,Snow,Daylight,Loose Snow,166,St Lawrence-East Bayfront-The Islands,77,Waterfront Communities-The Island (77),Non-Fatal Injury,1,0,1,0,0,0,0,0,0,0,0,0,0,Pedestrian Collisions,"['Pedestrian', 'Driver']",East,"['Automobile, Station Wagon']",['Reversing'],['Other'],['Inattentive'],['Other'],['Inattentive'],['Not Applicable'],['Not Applicable'],['Not Applicable'],False,"['75 to 79', '25 to 29']",3.0
1165,2018-02-10 10:00:00,34,2018,BATHURST ST,DUNDAS ST W,Major Arterial,Toronto and East York,43.652239,-79.405978,628544.4806,4834482.4839,Intersection Related,No Control,Drifting Snow,"Dark, artificial",Wet,78,Kensington-Chinatown,78,Kensington-Chinatown (78),Non-Fatal Injury,1,0,1,0,0,0,0,0,1,1,0,1,0,Pedestrian Collisions,"['Pedestrian', 'Driver']",South,"['Automobile, Station Wagon']",['Going Ahead'],['Speed too Fast For Condition'],"['Ability Impaired, Alcohol Over .08']","['Crossing, no Traffic Control']",['Inattentive'],['Not Applicable'],['Not Applicable'],['Not Applicable'],False,"['40 to 44', '30 to 34']",3.0
1166,2018-02-11 10:00:00,1225,2018,JANE ST,JOHN ST,Major Arterial,Etobicoke York,43.706576,-79.504787,620467.5035,4840369.0159,At Intersection,Traffic Signal,Rain,Daylight,Wet,28,Rustic,28,Rustic (28),Non-Fatal Injury,0,0,0,0,0,1,0,1,0,0,0,0,0,Other,"['Driver', 'Passenger']",North,['Municipal Transit Bus (TTC)'],['Slowing or Stopping'],['Other'],['Normal'],['Not Applicable'],['Not Applicable'],['Not Applicable'],['Not Applicable'],['Not Applicable'],False,['55 to 59'],3.0
1167,2018-02-11 10:00:00,1330,2018,YONGE ST,MCGLASHAN RD,Major Arterial,North York,43.741786,-79.406207,628334.8409,4844427.5674,At Intersection,No Control,Freezing Rain,Daylight,Slush,41,Bridle Path-Sunnybrook-York Mills,41,Bridle Path-Sunnybrook-York Mills (41),Non-Fatal Injury,0,0,1,0,0,0,0,1,0,0,0,0,1,SMV Other,"['Driver', 'Passenger']",North,"['Automobile, Station Wagon']",['Going Ahead'],['Lost control'],['Medical or Physical Disability'],['Not Applicable'],['Not Applicable'],['Not Applicable'],['Not Applicable'],['Not Applicable'],False,"['40 to 44', '10 to 14', '5 to 9', '0 to 4']",3.0
1168,2018-02-13 10:00:00,247,2018,DUFFERIN ST,BANK ST,Minor Arterial,Toronto and East York,43.647639,-79.430675,626562.5166,4833933.6332,Intersection Related,No Control,Clear,"Dark, artificial",Dry,84,Little Portugal,84,Little Portugal (84),Non-Fatal Injury,0,0,1,0,0,0,0,0,1,1,0,0,0,SMV Unattended Vehicle,"['Driver', 'Other']",North,"['Automobile, Station Wagon']","['Making U Turn', 'Going Ahead', 'Parked']","['Driving Properly', 'Exceeding Speed Limit']","['Normal', 'Unknown']",['Not Applicable'],['Not Applicable'],['Not Applicable'],['Not Applicable'],['Not Applicable'],False,"['50 to 54', '20 to 24', 'unknown']",3.0
1169,2018-02-14 10:00:00,1545,2018,KIPLING AVE,MOUNT OLIVE DR,Major Arterial,Etobicoke York,43.746745,-79.583759,614028.5387,4844718.6211,At Intersection,Traffic Signal,Clear,Daylight,Dry,2,Mount Olive-Silverstone-Jamestown,2,Mount Olive-Silverstone-Jamestown (2),Non-Fatal Injury,1,0,1,0,0,0,0,0,0,1,0,0,0,Pedestrian Collisions,"['Pedestrian', 'Driver']",West,['Pick Up Truck'],['Turning Left'],['Failed to Yield Right of Way'],['Inattentive'],['Crossing with right of way'],['Normal'],['Not Applicable'],['Not Applicable'],['Not Applicable'],False,"['85 to 89', '75 to 79']",3.0
1170,2018-02-16 10:00:00,1800,2018,DON MILLS RD,BARBER GREENE RD,Major Arterial,North York,43.727584,-79.340823,633631.3077,4842953.5898,At Intersection,Traffic Signal,Clear,"Dark, artificial",Dry,42,Banbury-Don Mills,42,Banbury-Don Mills (42),Non-Fatal Injury,0,0,1,0,0,0,0,1,0,1,1,0,0,Turning Movement,"['Passenger', 'Driver']",North,"['Automobile, Station Wagon']","['Going Ahead', 'Turning Left']","['Disobeyed Traffic Control', 'Improper Turn']",['Inattentive'],['Not Applicable'],['Not Applicable'],['Not Applicable'],['Not Applicable'],['Not Applicable'],False,"['35 to 39', '50 to 54']",3.0
1171,2018-02-16 10:00:00,2130,2018,LAKE SHORE BLVD W,ROYAL YORK RD,Major Arterial,Etobicoke York,43.603579,-79.493121,621615.1557,4828946.8873,Non Intersection,No Control,Clear,"Dark, artificial",Dry,160,Mimico-Queensway,17,Mimico (includes Humber Bay Shores) (17),Non-Fatal Injury,0,0,1,0,0,0,0,1,0,0,0,1,0,SMV Other,"['Driver', 'Passenger']",East,"['Automobile, Station Wagon']",['Going Ahead'],['Lost control'],"['Ability Impaired, Alcohol Over .08']",['Not Applicable'],['Not Applicable'],['Not Applicable'],['Not Applicable'],['Not Applicable'],False,['50 to 54'],3.0
1172,2018-02-17 10:00:00,2319,2018,3230 BAYVIEW AVE,Not Applicable,Major Arterial,North York,43.788287,-79.392772,629316.4225,4849613.1074,Non Intersection,No Control,Unknown,Dark,Unknown,49,Bayview Woods-Steeles,49,Bayview Woods-Steeles (49),Fatal,0,0,1,0,0,0,0,0,1,1,0,0,0,SMV Other,['Driver'],West,"['Automobile, Station Wagon']",['Going Ahead'],['Exceeding Speed Limit'],['Unknown'],['Not Applicable'],['Not Applicable'],['Not Applicable'],['Not Applicable'],['Not Applicable'],True,['45 to 49'],4.0
1173,2018-02-18 10:00:00,1442,2018,401 C E WESTON RD RAMP,WESTON RD,Major Arterial,Etobicoke York,43.711795,-79.535419,617989.2606,4840904.6016,At Intersection,Traffic Signal,Clear,Daylight,Dry,23,Pelmo Park-Humberlea,23,Pelmo Park-Humberlea (23),Non-Fatal Injury,0,0,1,0,0,0,0,1,0,1,1,0,0,Turning Movement,"['Driver', 'Passenger']",North,"['Automobile, Station Wagon']","['Turning Right', 'Going Ahead', 'Changing Lanes', 'Slowing or Stopping']","['Disobeyed Traffic Control', 'Driving Properly']","['Inattentive', 'Normal']",['Not Applicable'],['Not Applicable'],['Not Applicable'],['Not Applicable'],['Not Applicable'],False,"['35 to 39', '20 to 24', '85 to 89', '80 to 84']",3.0