accident_number,date,time,year,street1,street2,road_class,district,latitude,longitude,x,y,accident_location,traffctl,visibility,light,road_surface_condition,hood_158,neighbourhood_new,hood_140,neighbourhood_old,accident_class,pedestrian,cyclist,automobile,motorcycle,truck,trsn_city_veh,emerg_veh,passenger,speeding,aggressive_driving,redlight,alcohol,disability,impact_type,involvement_type,initial_direction,vehicle_type,manoeuver,driver_action,driver_condition,pedestrian_action,pedestrian_condition,cyclist_type,cyclist_action,cyclist_condition,injury,involvement_age,injury_severity_score
1218,2018-04-08 08:00:00,2030,2018,FINCH AVE W,ARROW RD,Major Arterial,Etobicoke York,43.753218,-79.53622,617843.4611,4845504.0751,At Intersection,Traffic Signal,Clear,"Dark, artificial",Dry,22,Humbermede,22,Humbermede (22),Non-Fatal Injury,0,0,1,0,0,0,0,1,0,1,0,0,0,Rear End,"['Passenger', 'Driver']",East,"['Automobile, Station Wagon']","['Stopped', 'Going Ahead']","['Driving Properly', 'Following too Close']","['Normal', 'Inattentive']",['Not Applicable'],['Not Applicable'],['Not Applicable'],['Not Applicable'],['Not Applicable'],False,"['10 to 14', '45 to 49', '40 to 44', '60 to 64', '30 to 34']",3.0
1219,2018-04-10 08:00:00,2256,2018,DUNDAS ST W,GOOCH AVE,Major Arterial,Etobicoke York,43.665534,-79.498569,621051.0074,4835819.8036,At Intersection,No Control,Clear,"Dark, artificial",Dry,89,Runnymede-Bloor West Village,89,Runnymede-Bloor West Village (89),Non-Fatal Injury,1,0,1,0,0,0,0,0,0,0,0,0,0,Pedestrian Collisions,"['Driver', 'Pedestrian']",East,"['Automobile, Station Wagon']",['Going Ahead'],['Driving Properly'],['Normal'],['Crossing without right of way'],"['Ability Impaired, Alcohol Over .80']",['Not Applicable'],['Not Applicable'],['Not Applicable'],False,['60 to 64'],3.0
1220,2018-04-12 08:00:00,1425,2018,625 FINCH AVE W,Not Applicable,Major Arterial,North York,43.77151,-79.454334,624397.9334,4847655.4327,At Intersection,Traffic Signal,Clear,Daylight,Wet,35,Westminster-Branson,35,Westminster-Branson (35),Non-Fatal Injury,1,0,1,0,0,0,0,0,0,1,1,0,0,Pedestrian Collisions,"['Pedestrian', 'Driver']",North,"['Automobile, Station Wagon']","['Turning Left', 'Going Ahead']","['Driving Properly', 'Disobeyed Traffic Control']","['Normal', 'Inattentive']",['Crossing with right of way'],['Normal'],['Not Applicable'],['Not Applicable'],['Not Applicable'],False,"['10 to 14', '35 to 39', '80 to 84']",3.0
1221,2018-04-12 08:00:00,2000,2018,WILSON AVE,LEXFIELD AVE,Major Arterial,North York,43.723284,-79.49673,621082.9978,4842236.4126,At Intersection,Traffic Signal,Clear,Dark,Dry,154,Oakdale-Beverley Heights,26,Downsview-Roding-CFB (26),Non-Fatal Injury,0,0,1,0,0,0,0,1,0,1,1,0,0,Turning Movement,"['Passenger', 'Driver']",East,"['Automobile, Station Wagon']","['Turning Left', 'Going Ahead']","['Driving Properly', 'Disobeyed Traffic Control']","['Normal', 'Inattentive']",['Not Applicable'],['Not Applicable'],['Not Applicable'],['Not Applicable'],['Not Applicable'],False,['20 to 24'],3.0
1222,2018-04-13 08:00:00,1512,2018,JANE ST,BEVERLY HILLS DR,Major Arterial,Etobicoke York,43.719008,-79.508113,620174.6793,4841744.9349,At Intersection,Traffic Signal,Unknown,Daylight,Unknown,154,Oakdale-Beverley Heights,26,Downsview-Roding-CFB (26),Fatal,1,0,1,0,0,0,0,0,1,1,0,0,0,Pedestrian Collisions,"['Driver', 'Pedestrian']",North,['Passenger Van'],['Turning Left'],['Failed to Yield Right of Way'],['Unknown'],['Crossing with right of way'],['Normal'],['Not Applicable'],['Not Applicable'],['Not Applicable'],True,"['55 to 59', '40 to 44']",4.0
1223,2018-04-13 08:00:00,1918,2018,THE WESTWAY,KIPLING AVE,Major Arterial,Etobicoke York,43.685553,-79.55466,616489.9643,4837962.8647,At Intersection,Traffic Signal,Rain,"Dark, artificial",Wet,7,Willowridge-Martingrove-Richview,7,Willowridge-Martingrove-Richview (7),Non-Fatal Injury,0,1,1,0,0,0,0,0,0,0,0,0,0,Cyclist Collisions,"['Driver', 'Cyclist']",East,"['Automobile, Station Wagon', 'Bicycle']","['Going Ahead', 'Turning Left']",['Driving Properly'],['Normal'],['Not Applicable'],['Not Applicable'],['Cyclist turned left across motorists path.'],['Disobeyed Traffic Control'],['Normal'],False,"['50 to 54', '20 to 24']",3.0
1224,2018-04-21 08:00:00,1,2018,HIGHWAY 2A  E,LAWSON RD,Expressway,Scarborough,43.785132,-79.164089,647724.0823,4849645.3881,Non Intersection,No Control,Clear,Dark,Dry,133,Centennial Scarborough,133,Centennial Scarborough (133),Non-Fatal Injury,0,0,1,0,0,0,0,1,1,1,0,0,0,Rear End,"['Passenger', 'Driver']",East,"['Automobile, Station Wagon']",['Going Ahead'],"['Driving Properly', 'Exceeding Speed Limit']","['Normal', 'Had Been Drinking']",['Not Applicable'],['Not Applicable'],['Not Applicable'],['Not Applicable'],['Not Applicable'],False,"['50 to 54', '60 to 64', '70 to 74', '20 to 24']",3.0
1225,2018-04-21 08:00:00,2341,2018,SEWELLS RD,HUPFIELD TRL,Minor Arterial,Scarborough,43.814105,-79.213535,643675.9604,4852776.2532,Non Intersection,No Control,Clear,"Dark, artificial",Dry,146,Malvern East,132,Malvern (132),Fatal,0,0,1,0,0,0,0,0,1,1,0,0,0,SMV Other,['Driver'],East,"['Automobile, Station Wagon']",['Going Ahead'],['Lost control'],['Unknown'],['Not Applicable'],['Not Applicable'],['Not Applicable'],['Not Applicable'],['Not Applicable'],True,['25 to 29'],4.0
1226,2018-04-22 08:00:00,1706,2018,1854 KEELE ST,Not Applicable,Major Arterial,North York,43.689555,-79.474803,622918.0723,4838522.6078,Non Intersection,No Control,Clear,"Dark, artificial",Dry,110,Keelesdale-Eglinton West,110,Keelesdale-Eglinton West (110),Non-Fatal Injury,1,0,0,1,0,0,0,0,1,1,0,0,0,Pedestrian Collisions,"['Pedestrian', 'Motorcycle Driver']",South,['Motorcycle'],['Going Ahead'],['Exceeding Speed Limit'],['Other'],"['Crossing, no Traffic Control']",['Other'],['Not Applicable'],['Not Applicable'],['Not Applicable'],False,"['60 to 64', 'unknown']",3.0
1227,2018-04-23 08:00:00,20,2018,FINCH AVE W,SIGNET DR,Major Arterial,Etobicoke York,43.753218,-79.53622,617843.4611,4845504.0751,At Intersection,Traffic Signal,Clear,"Dark, artificial",Dry,22,Humbermede,22,Humbermede (22),Fatal,0,0,1,0,0,0,0,0,1,1,1,0,0,Angle,['Driver'],South,"['Automobile, Station Wagon']",['Going Ahead'],"['Driving Properly', 'Disobeyed Traffic Control']",['Normal'],['Not Applicable'],['Not Applicable'],['Not Applicable'],['Not Applicable'],['Not Applicable'],True,"['15 to 19', '55 to 59', '40 to 44']",4.0
1228,2018-04-23 08:00:00,801,2018,HORNER AVE,BETA ST,Minor Arterial,Etobicoke York,43.603137,-79.538493,617954.1658,4828832.3639,At Intersection,No Control,Clear,Daylight,Dry,20,Alderwood,20,Alderwood (20),Non-Fatal Injury,1,0,1,0,0,0,0,0,0,0,0,0,0,Pedestrian Collisions,"['Driver', 'Pedestrian']",East,"['Automobile, Station Wagon']",['Slowing or Stopping'],['Driving Properly'],['Normal'],"['Crossing, no Traffic Control']",['Inattentive'],['Not Applicable'],['Not Applicable'],['Not Applicable'],False,"['25 to 29', '20 to 24']",3.0
1229,2018-04-23 08:00:00,1220,2018,BAY ST,GROSVENOR ST,Major Arterial,Toronto and East York,43.662398,-79.38634,630106.1941,4835641.3834,At Intersection,Traffic Signal,Clear,Daylight,Dry,169,Bay-Cloverhill,76,Bay Street Corridor (76),Non-Fatal Injury,1,0,1,0,0,0,0,0,0,1,0,0,0,Pedestrian Collisions,"['Driver', 'Pedestrian']",East,"['Automobile, Station Wagon']",['Turning Left'],['Failed to Yield Right of Way'],['Normal'],['Crossing with right of way'],['Normal'],['Not Applicable'],['Not Applicable'],['Not Applicable'],False,"['35 to 39', '85 to 89']",3.0
1230,2018-04-23 08:00:00,2358,2018,BLOOR ST W,STERLING RD,Major Arterial,Toronto and East York,43.657233,-79.447734,625166.8018,4834973.2971,At Intersection,Traffic Signal,Rain,"Dark, artificial",Wet,83,Dufferin Grove,83,Dufferin Grove (83),Non-Fatal Injury,1,0,1,0,0,0,0,0,0,1,0,0,0,Pedestrian Collisions,"['Pedestrian', 'Driver']",East,"['Automobile, Station Wagon']",['Turning Left'],['Failed to Yield Right of Way'],['Normal'],['Crossing with right of way'],['Medical or Physical Disability'],['Not Applicable'],['Not Applicable'],['Not Applicable'],False,"['60 to 64', '70 to 74']",3.0
1231,2018-04-24 08:00:00,1401,2018,VICTORIA PARK AVE,JONESVILLE CRES,Major Arterial,North York,43.726615,-79.303432,636645.0424,4842906.9457,At Intersection,Traffic Signal,Clear,Daylight,Dry,119,Wexford/Maryvale,119,Wexford/Maryvale (119),Non-Fatal Injury,0,0,1,0,0,0,0,0,0,1,0,0,0,Turning Movement,['Driver'],North,"['Automobile, Station Wagon']","['Going Ahead', 'Turning Left']","['Driving Properly', 'Failed to Yield Right of Way']",['Normal'],['Not Applicable'],['Not Applicable'],['Not Applicable'],['Not Applicable'],['Not Applicable'],False,"['45 to 49', '40 to 44']",3.0
1232,2018-04-25 08:00:00,1100,2018,BATHURST ST,VERWOOD AVE,Major Arterial,North York,43.751422,-79.43748,625796.4783,4845449.8181,At Intersection,Stop Sign,Rain,Daylight,Wet,38,Lansing-Westgate,38,Lansing-Westgate (38),Non-Fatal Injury,1,0,1,0,0,0,0,0,0,1,0,0,0,Pedestrian Collisions,"['Pedestrian', 'Driver']",East,['Delivery Van'],['Turning Right'],['Failed to Yield Right of Way'],['Unknown'],['Crossing with right of way'],['Normal'],['Not Applicable'],['Not Applicable'],['Not Applicable'],False,"['75 to 79', 'unknown']",3.0
1233,2018-04-26 08:00:00,105,2018,SCARLETT RD,LAWRENCE AVE W,Major Arterial,Etobicoke York,43.698107,-79.52325,618996.7038,4839401.7539,At Intersection,Traffic Signal,Rain,"Dark, artificial",Wet,8,Humber Heights-Westmount,8,Humber Heights-Westmount (8),Non-Fatal Injury,0,0,1,0,0,1,0,1,1,1,0,0,0,Turning Movement,"['Driver', 'Passenger']",North,"['Automobile, Station Wagon', 'Municipal Transit Bus (TTC)']","['Going Ahead', 'Turning Left']","['Exceeding Speed Limit', 'Driving Properly']","['Inattentive', 'Normal']",['Not Applicable'],['Not Applicable'],['Not Applicable'],['Not Applicable'],['Not Applicable'],False,"['20 to 24', '50 to 54', 'unknown', '60 to 64']",3.0
1234,2018-04-26 08:00:00,1942,2018,ISLINGTON AVE,ALBION RD,Major Arterial,Etobicoke York,43.737166,-79.565257,615536.6595,4843680.3692,At Intersection,Traffic Signal,Clear,"Dusk, artificial",Dry,3,Thistletown-Beaumond Heights,3,Thistletown-Beaumond Heights (3),Non-Fatal Injury,0,0,1,0,0,0,0,1,0,1,0,0,0,Turning Movement,"['Driver', 'Passenger']",North,"['Automobile, Station Wagon']","['Turning Left', 'Going Ahead']","['Failed to Yield Right of Way', 'Driving Properly']","['Inattentive', 'Normal']",['Not Applicable'],['Not Applicable'],['Not Applicable'],['Not Applicable'],['Not Applicable'],False,"['25 to 29', '20 to 24', '0 to 4', '5 to 9']",3.0
1235,2018-04-27 08:00:00,2300,2018,STEELES AVE W,ROSSDEAN DR,Major Arterial,Etobicoke York,43.771422,-79.540614,617454.0867,4847519.6561,At Intersection,Traffic Signal,Rain,"Dark, artificial",Wet,21,Humber Summit,21,Humber Summit (21),Non-Fatal Injury,1,0,1,0,0,0,0,1,0,0,0,0,0,Pedestrian Collisions,"['Passenger', 'Pedestrian', 'Driver']",South,"['Automobile, Station Wagon']",['Going Ahead'],['Driving Properly'],['Normal'],['Crossing without right of way'],['Normal'],['Not Applicable'],['Not Applicable'],['Not Applicable'],False,"['10 to 14', '60 to 64', '35 to 39']",3.0
1236,2018-05-01 08:00:00,1905,2018,DANFORTH AVE,BIRCHMOUNT RD,Minor Arterial,Scarborough,43.697734,-79.261806,640064.9908,4839768.7743,Non Intersection,No Control,Clear,Daylight,Dry,122,Birchcliffe-Cliffside,122,Birchcliffe-Cliffside (122),Non-Fatal Injury,0,0,0,1,0,0,0,0,1,1,0,0,0,Rear End,['Motorcycle Driver'],East,['Motorcycle'],['Going Ahead'],"['Driving Properly', 'Exceeding Speed Limit']","['Normal', 'Inattentive']",['Not Applicable'],['Not Applicable'],['Not Applicable'],['Not Applicable'],['Not Applicable'],False,"['50 to 54', '25 to 29']",3.0
1237,2018-05-02 08:00:00,1616,2018,KINGSTON RD,RYLANDER BLVD,Major Arterial,Scarborough,43.796981,-79.149135,648897.9212,4850988.2089,At Intersection,Traffic Signal,Clear,Daylight,Dry,133,Centennial Scarborough,133,Centennial Scarborough (133),Non-Fatal Injury,0,0,1,1,0,0,0,0,0,1,0,0,0,Turning Movement,"['Motorcycle Driver', 'Driver']",North,"['Motorcycle', 'Automobile, Station Wagon']","['Going Ahead', 'Turning Left']","['Driving Properly', 'Failed to Yield Right of Way']","['Normal', 'Inattentive']",['Not Applicable'],['Not Applicable'],['Not Applicable'],['Not Applicable'],['Not Applicable'],False,"['15 to 19', '55 to 59']",3.0
1238,2018-05-04 08:00:00,2354,2018,DIXON RD,27 S DIXON W RAMP,Major Arterial,Etobicoke York,43.688479,-79.583987,614120.7326,4838247.0615,Overpass or Bridge,No Control,Unknown,Dark,Unknown,1,West Humber-Clairville,1,West Humber-Clairville (1),Fatal,1,0,1,0,0,0,0,0,0,0,0,0,0,Pedestrian Collisions,"['Pedestrian', 'Driver']",North,"['Automobile, Station Wagon']",['Going Ahead'],['Driving Properly'],['Unknown'],"['Crossing, no Traffic Control']",['Unknown'],['Not Applicable'],['Not Applicable'],['Not Applicable'],True,"['60 to 64', '25 to 29']",4.0
1239,2018-05-05 08:00:00,407,2018,LAWRENCE AVE E,KENNEDY RD,Major Arterial,Scarborough,43.749427,-79.274898,638890.4997,4845488.0079,At Intersection,Traffic Signal,Clear,"Dark, artificial",Dry,126,Dorset Park,126,Dorset Park (126),Non-Fatal Injury,0,0,1,0,0,0,0,1,0,1,0,0,0,Angle,"['Driver', 'Passenger']",North,"['Automobile, Station Wagon']",['Going Ahead'],"['Failed to Yield Right of Way', 'Driving Properly']",['Normal'],['Not Applicable'],['Not Applicable'],['Not Applicable'],['Not Applicable'],['Not Applicable'],False,"['20 to 24', '25 to 29']",3.0
1240,2018-05-05 08:00:00,1803,2018,KEELE ST,COLVILLE RD,Major Arterial,Etobicoke York,43.707888,-79.477847,622635.3695,4840554.232,Non Intersection,Stop Sign,Clear,Daylight,Dry,30,Brookhaven-Amesbury,30,Brookhaven-Amesbury (30),Non-Fatal Injury,1,0,1,0,0,0,0,0,0,0,0,0,0,Pedestrian Collisions,"['Pedestrian', 'Driver']",East,"['Automobile, Station Wagon']",['Going Ahead'],['Driving Properly'],['Normal'],"['Crossing, no Traffic Control']",['Normal'],['Not Applicable'],['Not Applicable'],['Not Applicable'],False,"['80 to 84', '40 to 44']",3.0
1241,2018-05-05 08:00:00,2215,2018,MARKHAM RD,ELLESMERE RD,Major Arterial,Scarborough,43.776362,-79.231723,642302.7443,4848552.8602,At Intersection,Traffic Signal,Clear,"Dark, artificial",Dry,141,Golfdale-Cedarbrae-Woburn,137,Woburn (137),Non-Fatal Injury,0,0,1,0,0,0,0,1,0,1,0,0,0,Turning Movement,"['Passenger', 'Driver']",North,"['Automobile, Station Wagon']","['Going Ahead', 'Turning Left']","['Driving Properly', 'Failed to Yield Right of Way']","['Normal', 'Unknown']",['Not Applicable'],['Not Applicable'],['Not Applicable'],['Not Applicable'],['Not Applicable'],False,"['5 to 9', '0 to 4', '30 to 34', '55 to 59', '60 to 64', '40 to 44', '80 to 84']",3.0
1242,2018-05-07 08:00:00,1746,2018,DANFORTH AVE,WOODINGTON AVE,Major Arterial,Toronto and East York,43.683871,-79.32085,635338.304,4838131.0405,At Intersection,Traffic Signal,Clear,Daylight,Dry,64,Woodbine Corridor,64,Woodbine Corridor (64),Non-Fatal Injury,1,0,1,0,0,0,0,0,0,1,0,0,0,Pedestrian Collisions,"['Driver', 'Wheelchair']",North,"['Automobile, Station Wagon']",['Turning Right'],['Failed to Yield Right of Way'],['Normal'],['Crossing with right of way'],['Inattentive'],['Not Applicable'],['Not Applicable'],['Not Applicable'],False,"['50 to 54', '75 to 79']",3.0
1243,2018-05-07 08:00:00,2050,2018,JARVIS ST,RICHMOND ST E,Major Arterial,Toronto and East York,43.652632,-79.372791,631219.9057,4834578.0763,Intersection Related,No Control,Clear,"Dark, artificial",Dry,73,Moss Park,73,Moss Park (73),Non-Fatal Injury,1,0,1,0,0,0,0,0,0,0,0,0,0,Pedestrian Collisions,"['Pedestrian', 'Driver']",South,"['Automobile, Station Wagon']",['Going Ahead'],['Other'],['Unknown'],['Walking on Roadway with Traffic'],['Inattentive'],['Not Applicable'],['Not Applicable'],['Not Applicable'],False,"['60 to 64', 'unknown']",3.0
1244,2018-05-08 08:00:00,2140,2018,YONGE ST,ANNDALE DR,Major Arterial,North York,43.759902,-79.41051,627949.7436,4846432.9615,At Intersection,Traffic Signal,Clear,"Dark, artificial",Dry,153,Avondale,51,Willowdale East (51),Non-Fatal Injury,0,0,1,0,0,0,0,0,0,0,0,0,0,Sideswipe,['Driver'],North,"['Automobile, Station Wagon']","['Going Ahead', 'Changing Lanes']","['Driving Properly', 'Improper Lane Change']","['Normal', 'Inattentive']",['Not Applicable'],['Not Applicable'],['Not Applicable'],['Not Applicable'],['Not Applicable'],False,"['55 to 59', '25 to 29']",3.0
1245,2018-05-10 08:00:00,955,2018,111 BOND ST,Not Applicable,Local,Toronto and East York,43.656859,-79.378581,630743.8153,4835038.4008,Non Intersection,No Control,Clear,Daylight,Dry,168,Downtown Yonge East,75,Church-Yonge Corridor (75),Non-Fatal Injury,1,0,1,0,0,0,0,0,0,0,0,0,0,Pedestrian Collisions,"['Driver', 'Pedestrian']",East,"['Automobile, Station Wagon']",['Reversing'],['Other'],['Inattentive'],['Other'],['Normal'],['Not Applicable'],['Not Applicable'],['Not Applicable'],False,['55 to 59'],3.0
1246,2018-05-10 08:00:00,1845,2018,EASTERN AVE,COXWELL AVE,Minor Arterial,Toronto and East York,43.665419,-79.31618,635756.3092,4836089.3243,At Intersection,Traffic Signal,Clear,Daylight,Dry,63,The Beaches,63,The Beaches (63),Non-Fatal Injury,0,0,1,1,0,0,0,0,0,1,0,0,0,Turning Movement,"['Driver', 'Motorcycle Driver']",East,"['Automobile, Station Wagon', 'Motorcycle']","['Turning Left', 'Going Ahead']","['Failed to Yield Right of Way', 'Driving Properly']","['Inattentive', 'Normal']",['Not Applicable'],['Not Applicable'],['Not Applicable'],['Not Applicable'],['Not Applicable'],False,"['25 to 29', '40 to 44']",3.0
1247,2018-05-11 08:00:00,209,2018,2955 KIPLING AVE,Not Applicable,Local,Etobicoke York,43.760138,-79.590122,613490.901,4846197.3692,At/Near Private Drive,No Control,Clear,Dark,Dry,2,Mount Olive-Silverstone-Jamestown,2,Mount Olive-Silverstone-Jamestown (2),Non-Fatal Injury,0,0,1,0,0,0,0,1,1,1,0,0,0,SMV Other,"['Passenger', 'Driver']",North,"['Automobile, Station Wagon']",['Going Ahead'],['Exceeding Speed Limit'],['Unknown'],['Not Applicable'],['Not Applicable'],['Not Applicable'],['Not Applicable'],['Not Applicable'],False,"['25 to 29', '35 to 39']",3.0
1248,2018-05-15 08:00:00,935,2018,YONGE ST,LAWRENCE AVE E,Major Arterial,North York,43.725032,-79.402156,628696.92,4842573.0751,At Intersection,Traffic Signal,Unknown,Daylight,Unknown,103,Lawrence Park South,103,Lawrence Park South (103),Fatal,1,0,1,0,0,0,0,0,0,1,0,0,0,Pedestrian Collisions,"['Driver', 'Pedestrian']",North,"['Automobile, Station Wagon']",['Turning Right'],['Failed to Yield Right of Way'],[],['Crossing with right of way'],['Not Applicable'],['Not Applicable'],['Not Applicable'],['Not Applicable'],True,"['85 to 89', '70 to 74']",4.0
1249,2018-05-15 08:00:00,1558,2018,LAKE SHORE BV W,COLBORNE LODGE DR,Major Arterial,Toronto and East York,43.637709,-79.458881,624308.2227,4832788.1511,At Intersection,Traffic Signal,Clear,Daylight,Dry,85,South Parkdale,85,South Parkdale (85),Fatal,0,1,1,0,0,0,0,0,0,1,1,0,0,Cyclist Collisions,"['Driver', 'Cyclist']",East,"['Automobile, Station Wagon', 'Bicycle']",['Going Ahead'],['Disobeyed Traffic Control'],['Inattentive'],['Not Applicable'],['Not Applicable'],"['Motorist without ROW drives into path of cyclist at inter, lnwy, dwy-Driver not turn.']",['Driving Properly'],['Normal'],True,"['25 to 29', '35 to 39']",4.0
1250,2018-05-15 08:00:00,2237,2018,LAKE SHORE BLVD W,THIRTEENTH ST,Major Arterial,Etobicoke York,43.599005,-79.512874,620030.0381,4828410.1571,Intersection Related,No Control,Unknown,Dark,Unknown,18,New Toronto,18,New Toronto (18),Fatal,0,0,1,0,0,0,0,1,1,1,0,1,0,Sideswipe,"['Driver', 'Passenger', 'Other']",East,"['Automobile, Station Wagon', 'School Bus']","['Changing Lanes', 'Parked']",['Improper Lane Change'],"['Ability Impaired, Alcohol Over .08']",['Not Applicable'],['Not Applicable'],['Not Applicable'],['Not Applicable'],['Not Applicable'],True,"['20 to 24', '25 to 29', 'unknown']",4.0
1251,2018-05-16 08:00:00,55,2018,QUEEN ST E,JARVIS ST,Major Arterial,Toronto and East York,43.653655,-79.373218,631183.2442,4834691.0188,At Intersection,Traffic Signal,Clear,"Dark, artificial",Dry,73,Moss Park,73,Moss Park (73),Non-Fatal Injury,0,1,0,0,0,1,0,0,0,0,0,0,0,Cyclist Collisions,"['Driver', 'Cyclist']",East,"['Intercity Bus', 'Bicycle']","['Turning Right', 'Going Ahead']",['Driving Properly'],['Normal'],['Not Applicable'],['Not Applicable'],"['Cyclist without ROW rides into path of motorist at inter, lnwy, dwy-Cyclist not turn.']",['Disobeyed Traffic Control'],['Unknown'],False,"['55 to 59', '30 to 34']",3.0
1252,2018-05-16 08:00:00,800,2018,JONES AVE,DUNDAS ST E,Minor Arterial,Toronto and East York,43.666098,-79.334277,634295.7258,4836135.2813,At Intersection,Traffic Signal,Clear,Daylight,Dry,70,South Riverdale,70,South Riverdale (70),Fatal,0,1,0,0,1,0,0,0,0,1,0,0,0,Cyclist Collisions,"['Truck Driver', 'Cyclist']",West,"['Truck - Closed (Blazer, etc)', 'Bicycle']","['Turning Right', 'Going Ahead']",['Failed to Yield Right of Way'],['Normal'],['Not Applicable'],['Not Applicable'],['Motorist turning right on green or amber at signalized intersection strikes cyclist.'],['Driving Properly'],['Normal'],True,"['25 to 29', '50 to 54']",4.0
1253,2018-05-19 08:00:00,1550,2018,STANLEY  AVE,VICTOR AVE,Local,Etobicoke York,43.615843,-79.49023,621823.7195,4830313.19,At/Near Private Drive,No Control,Clear,Daylight,Dry,160,Mimico-Queensway,17,Mimico (includes Humber Bay Shores) (17),Non-Fatal Injury,1,0,1,0,0,0,0,1,0,0,0,0,0,Pedestrian Collisions,"['Driver', 'Passenger', 'Pedestrian']",East,"['Automobile, Station Wagon']",['Going Ahead'],['Driving Properly'],['Normal'],['Coming From Behind Parked Vehicle'],['Normal'],['Not Applicable'],['Not Applicable'],['Not Applicable'],False,"['25 to 29', '20 to 24', '5 to 9']",3.0
1254,2018-05-20 08:00:00,1434,2018,TAPSCOTT RD,FINCH AVE E,Minor Arterial,Scarborough,43.811671,-79.235965,641877.7769,4852467.209,Non Intersection,No Control,Clear,Daylight,Dry,145,Malvern West,132,Malvern (132),Non-Fatal Injury,0,0,1,0,0,0,0,0,1,1,0,0,0,SMV Other,['Driver'],North,"['Automobile, Station Wagon']",['Going Ahead'],['Lost control'],['Unknown'],['Not Applicable'],['Not Applicable'],['Not Applicable'],['Not Applicable'],['Not Applicable'],False,['40 to 44'],3.0
1255,2018-05-20 08:00:00,2117,2018,WINTERMUTE BLVD,SANDYHOOK SQ,Collector,Scarborough,43.818057,-79.322177,634929.4632,4853032.2534,At Intersection,No Control,Clear,"Dusk, artificial",Dry,116,Steeles,116,Steeles (116),Non-Fatal Injury,1,0,1,0,0,0,0,0,0,1,0,0,0,Pedestrian Collisions,"['Pedestrian', 'Driver']",South,"['Automobile, Station Wagon']",['Turning Left'],['Failed to Yield Right of Way'],['Inattentive'],['Crossing with right of way'],['Normal'],['Not Applicable'],['Not Applicable'],['Not Applicable'],False,"['80 to 84', '75 to 79', '50 to 54']",3.0
1256,2018-05-20 08:00:00,2307,2018,WILSON AVE,401 C W WILSON AV RAMP,Major Arterial,Etobicoke York,43.736342,-79.438586,625739.0018,4843773.284,Non Intersection,No Control,Clear,"Dark, artificial",Dry,33,Clanton Park,33,Clanton Park (33),Fatal,0,0,1,0,0,0,0,1,1,1,0,0,0,Approaching,"['Driver', 'Passenger']",East,"['Automobile, Station Wagon']","['Changing Lanes', 'Going Ahead']","['Improper Lane Change', 'Driving Properly']","['Inattentive', 'Normal']",['Not Applicable'],['Not Applicable'],['Not Applicable'],['Not Applicable'],['Not Applicable'],True,"['40 to 44', '35 to 39', '10 to 14']",4.0
1257,2018-05-21 08:00:00,2020,2018,STEELES AVE W,HIGHWAY 27  N,Major Arterial,North York,43.755068,-79.61552,611455.8387,4845599.7834,Non Intersection,No Control,Clear,"Dark, artificial",Dry,1,West Humber-Clairville,1,West Humber-Clairville (1),Non-Fatal Injury,0,0,1,0,0,0,0,1,1,1,0,0,0,Rear End,"['Passenger', 'Driver']",East,"['Automobile, Station Wagon']","['Stopped', 'Going Ahead']","['Driving Properly', 'Speed too Fast For Condition']","['Normal', 'Inattentive']",['Not Applicable'],['Not Applicable'],['Not Applicable'],['Not Applicable'],['Not Applicable'],False,"['20 to 24', '40 to 44', '15 to 19', '45 to 49', '25 to 29', '30 to 34']",3.0
1258,2018-05-22 08:00:00,1325,2018,4800 LESLIE ST,Not Applicable,Major Arterial,North York,43.779692,-79.365611,631520.645,4848701.2902,Non Intersection,No Control,Clear,"Daylight, artificial",Dry,47,Don Valley Village,47,Don Valley Village (47),Non-Fatal Injury,1,0,1,0,0,0,0,1,0,0,0,0,0,Pedestrian Collisions,"['Pedestrian', 'Passenger', 'Driver']",East,"['Automobile, Station Wagon']",['Going Ahead'],['Driving Properly'],['Normal'],"['Crossing, no Traffic Control']",['Normal'],['Not Applicable'],['Not Applicable'],['Not Applicable'],False,"['50 to 54', '65 to 69', '70 to 74']",3.0
1259,2018-05-22 08:00:00,1552,2018,DUNDAS ST W,CHELSEA AVE,Minor Arterial,Toronto and East York,43.658751,-79.453182,624724.3558,4835133.6871,Non Intersection,No Control,Clear,Daylight,Dry,88,High Park North,88,High Park North (88),Non-Fatal Injury,0,1,1,0,0,0,0,1,0,0,0,0,0,Cyclist Collisions,"['Passenger', 'Driver', 'Cyclist']",North,"['Automobile, Station Wagon', 'Bicycle']","['Going Ahead', 'Turning Left']",['Driving Properly'],['Normal'],['Not Applicable'],['Not Applicable'],['Cyclist turned left across motorists path.'],['Improper Turn'],['Unknown'],False,"['65 to 69', '60 to 64', '50 to 54']",3.0
1260,2018-05-23 08:00:00,2325,2018,KINGSTON RD,DANFORTH AVE,Major Arterial,Scarborough,43.702361,-79.254146,640671.4253,4840295.6383,Non Intersection,No Control,Clear,"Dark, artificial",Dry,122,Birchcliffe-Cliffside,122,Birchcliffe-Cliffside (122),Non-Fatal Injury,0,0,0,1,0,0,0,0,0,0,0,0,0,SMV Other,['Motorcycle Driver'],West,['Motorcycle'],['Changing Lanes'],['Lost control'],['Inattentive'],['Not Applicable'],['Not Applicable'],['Not Applicable'],['Not Applicable'],['Not Applicable'],False,['25 to 29'],3.0