accident_number,date,time,year,street1,street2,road_class,district,latitude,longitude,x,y,accident_location,traffctl,visibility,light,road_surface_condition,hood_158,neighbourhood_new,hood_140,neighbourhood_old,accident_class,pedestrian,cyclist,automobile,motorcycle,truck,trsn_city_veh,emerg_veh,passenger,speeding,aggressive_driving,redlight,alcohol,disability,impact_type,involvement_type,initial_direction,vehicle_type,manoeuver,driver_action,driver_condition,pedestrian_action,pedestrian_condition,cyclist_type,cyclist_action,cyclist_condition,injury,involvement_age,injury_severity_score
1349,2018-08-07 08:00:00,900,2018,DOVERCOURT RD,BLOOR ST W,Major Arterial,Toronto and East York,43.661078,-79.429393,626637.6571,4835428.1656,At Intersection,Traffic Signal,Clear,Daylight,Dry,80,Palmerston-Little Italy,80,Palmerston-Little Italy (80),Non-Fatal Injury,0,0,1,1,0,0,0,0,0,0,0,0,0,Turning Movement,"['Driver', 'Motorcycle Driver']",North,"['Automobile, Station Wagon', 'Motorcycle']","['Turning Left', 'Going Ahead']","['Improper Turn', 'Driving Properly']",['Normal'],['Not Applicable'],['Not Applicable'],['Not Applicable'],['Not Applicable'],['Not Applicable'],False,"['50 to 54', '45 to 49']",3.0
1350,2018-08-08 08:00:00,244,2018,QUEEN ST W,BELLWOODS AVE,Major Arterial,Toronto and East York,43.645774,-79.410747,628173.6474,4833757.085,Intersection Related,No Control,Rain,"Dark, artificial",Wet,162,West Queen West,82,Niagara (82),Non-Fatal Injury,1,0,0,0,0,0,1,1,0,0,0,0,0,Pedestrian Collisions,"['Driver', 'Passenger', 'Pedestrian']",South,['Fire Vehicle'],['Going Ahead'],['Driving Properly'],['Normal'],['Coming From Behind Parked Vehicle'],['Other'],['Not Applicable'],['Not Applicable'],['Not Applicable'],False,"['45 to 49', '50 to 54', '30 to 34']",3.0
1351,2018-08-09 08:00:00,50,2018,HIGHWAY 2A  W,HIGHLAND CREEK OVERPASS,Expressway,Scarborough,43.784983,-79.164645,647679.7108,4849627.8471,Non Intersection,No Control,Clear,Dark,Dry,133,Centennial Scarborough,133,Centennial Scarborough (133),Fatal,1,0,1,0,0,0,0,0,0,0,0,0,0,Pedestrian Collisions,"['Driver', 'Pedestrian']",West,"['Automobile, Station Wagon']",['Going Ahead'],['Driving Properly'],['Normal'],['Walking on Roadway Against Traffic'],['Medical or Physical Disability'],['Not Applicable'],['Not Applicable'],['Not Applicable'],True,"['55 to 59', '20 to 24', '25 to 29']",4.0
1352,2018-08-09 08:00:00,1415,2018,REXDALE BLVD,BERGAMOT AVE,Major Arterial,Etobicoke York,43.713248,-79.559642,616034.9941,4841031.7845,At Intersection,Traffic Signal,Clear,Daylight,Dry,1,West Humber-Clairville,1,West Humber-Clairville (1),Non-Fatal Injury,0,0,1,0,0,0,0,0,0,1,0,0,0,Turning Movement,['Driver'],East,"['Automobile, Station Wagon']","['Turning Left', 'Going Ahead']","['Failed to Yield Right of Way', 'Driving Properly']","['Inattentive', 'Normal']",['Not Applicable'],['Not Applicable'],['Not Applicable'],['Not Applicable'],['Not Applicable'],False,"['30 to 34', '70 to 74']",3.0
1353,2018-08-10 08:00:00,1038,2018,KINGSTON RD,SOUTHWOOD DR,Major Arterial,Toronto and East York,43.678813,-79.297984,637192.8375,4837606.8494,At Intersection,Traffic Signal,Clear,Daylight,Dry,63,The Beaches,63,The Beaches (63),Non-Fatal Injury,1,0,1,0,0,0,0,0,0,1,0,0,0,Pedestrian Collisions,"['Driver', 'Pedestrian']",West,"['Automobile, Station Wagon']",['Turning Left'],['Failed to Yield Right of Way'],['Inattentive'],['Crossing with right of way'],['Normal'],['Not Applicable'],['Not Applicable'],['Not Applicable'],False,['20 to 24'],3.0
1354,2018-08-10 08:00:00,2055,2018,BELLAMY RD N,BRIMORTON DR,Minor Arterial,Scarborough,43.767378,-79.239131,641727.7966,4847542.3397,At Intersection,Traffic Signal,Clear,Daylight,Dry,142,Woburn North,137,Woburn (137),Fatal,0,0,1,1,0,0,0,0,0,1,1,0,0,Angle,"['Motorcycle Driver', 'Driver']",North,"['Motorcycle', 'Automobile, Station Wagon']",['Going Ahead'],"['Driving Properly', 'Disobeyed Traffic Control']",['Unknown'],['Not Applicable'],['Not Applicable'],['Not Applicable'],['Not Applicable'],['Not Applicable'],True,"['70 to 74', '30 to 34']",4.0
1355,2018-08-11 08:00:00,1420,2018,EGLINTON AVE W,SCARLETT RD,Major Arterial,Etobicoke York,43.68389,-79.511417,619978.56,4837839.8142,At Intersection,Traffic Signal,Clear,Daylight,Dry,9,Edenbridge-Humber Valley,9,Edenbridge-Humber Valley (9),Non-Fatal Injury,1,0,1,0,0,0,0,1,0,1,0,0,0,Pedestrian Collisions,"['Driver', 'Passenger', 'Pedestrian']",North,"['Automobile, Station Wagon']","['Stopped', 'Turning Left', 'Going Ahead']","['Driving Properly', 'Failed to Yield Right of Way']",['Normal'],['On Sidewalk or Shoulder'],['Normal'],['Not Applicable'],['Not Applicable'],['Not Applicable'],False,"['45 to 49', '25 to 29', '0 to 4', '30 to 34']",3.0
1356,2018-08-12 08:00:00,26,2018,DUFFERIN ST,GIBSON ST,Major Arterial,Toronto and East York,43.689715,-79.447826,625091.879,4838580.7184,Non Intersection,No Control,Clear,"Dark, artificial",Dry,109,Caledonia-Fairbank,109,Caledonia-Fairbank (109),Non-Fatal Injury,0,0,1,1,0,0,0,1,1,1,0,0,0,Approaching,"['Motorcycle Driver', 'Driver', 'Motorcycle Passenger']",North,"['Motorcycle', 'Automobile, Station Wagon']","['Overtaking', 'Going Ahead']","['Improper Passing', 'Driving Properly']","['Unknown', 'Normal']",['Not Applicable'],['Not Applicable'],['Not Applicable'],['Not Applicable'],['Not Applicable'],False,"['30 to 34', '25 to 29']",3.0
1357,2018-08-12 08:00:00,1430,2018,CHUDLEIGH RD,HARVIE AVE,Local,Etobicoke York,43.688647,-79.454875,624525.9951,4838451.4934,At Intersection,Stop Sign,Clear,Daylight,Dry,109,Caledonia-Fairbank,109,Caledonia-Fairbank (109),Non-Fatal Injury,0,1,1,0,0,0,0,0,0,0,0,0,0,Cyclist Collisions,"['Cyclist', 'Driver']",North,"['Bicycle', 'Automobile, Station Wagon']","['Going Ahead', 'Turning Left']",['Driving Properly'],['Normal'],['Not Applicable'],['Not Applicable'],['Motorist turned left across cyclists path.'],['Disobeyed Traffic Control'],['Normal'],False,"['30 to 34', '25 to 29']",3.0
1358,2018-08-13 08:00:00,1039,2018,PETHERHILL  AVE,WILSON AVE,Local,North York,43.723311,-79.490886,621553.6602,4842247.966,Non Intersection,No Control,Clear,Daylight,Dry,154,Oakdale-Beverley Heights,26,Downsview-Roding-CFB (26),Non-Fatal Injury,0,0,1,0,0,0,0,1,0,1,0,0,0,SMV Unattended Vehicle,"['Driver', 'Passenger', 'Other']",South,"['Automobile, Station Wagon']","['Going Ahead', 'Parked']",['Lost control'],['Inattentive'],['Not Applicable'],['Not Applicable'],['Not Applicable'],['Not Applicable'],['Not Applicable'],False,"['50 to 54', 'unknown']",3.0
1359,2018-08-13 08:00:00,2301,2018,NINTH ST,TENTH ST,Local,Etobicoke York,43.601058,-79.507938,620424.3441,4828645.3115,Intersection Related,No Control,Clear,Dark,Dry,18,New Toronto,18,New Toronto (18),Non-Fatal Injury,1,0,1,0,0,0,0,0,0,0,0,0,0,Pedestrian Collisions,"['Pedestrian', 'Driver']",South,"['Automobile, Station Wagon']",['Going Ahead'],['Other'],['Unknown'],['Other'],['Normal'],['Not Applicable'],['Not Applicable'],['Not Applicable'],False,"['45 to 49', '40 to 44']",3.0
1360,2018-08-14 08:00:00,1443,2018,KNOB HILL DR,OAK ST,Collector,Etobicoke York,43.709212,-79.532375,618239.5715,4840622.061,Non Intersection,No Control,Clear,Daylight,Dry,23,Pelmo Park-Humberlea,23,Pelmo Park-Humberlea (23),Non-Fatal Injury,0,0,1,0,0,0,0,0,1,1,0,0,0,Turning Movement,['Driver'],East,"['Automobile, Station Wagon']","['Turning Left', 'Going Ahead']","['Failed to Yield Right of Way', 'Exceeding Speed Limit']",['Inattentive'],['Not Applicable'],['Not Applicable'],['Not Applicable'],['Not Applicable'],['Not Applicable'],False,"['30 to 34', '40 to 44']",3.0
1361,2018-08-15 08:00:00,1914,2018,DUFFERIN ST,DUFFERIN PARK AVE,Major Arterial,Toronto and East York,43.656199,-79.433948,626280.6125,4834879.3463,Non Intersection,No Control,Clear,Daylight,Dry,83,Dufferin Grove,83,Dufferin Grove (83),Non-Fatal Injury,0,0,1,0,0,0,0,0,0,0,0,0,1,SMV Other,['Driver'],North,"['Automobile, Station Wagon']",['Going Ahead'],['Lost control'],['Medical or Physical Disability'],['Not Applicable'],['Not Applicable'],['Not Applicable'],['Not Applicable'],['Not Applicable'],False,['70 to 74'],3.0
1362,2018-08-16 08:00:00,1555,2018,LESLIE ST,EGLINTON AVE E,Major Arterial,North York,43.718589,-79.350383,632881.2163,4841939.1923,Intersection Related,Stop Sign,Clear,Daylight,Dry,42,Banbury-Don Mills,42,Banbury-Don Mills (42),Fatal,0,0,1,0,1,0,0,0,0,0,0,0,0,Turning Movement,"['Driver', 'Truck Driver']",East,"['Passenger Van', 'Truck - Closed (Blazer, etc)']","['Turning Left', 'Going Ahead']","['Improper Turn', 'Driving Properly']","['Inattentive', 'Normal']",['Not Applicable'],['Not Applicable'],['Not Applicable'],['Not Applicable'],['Not Applicable'],True,"['85 to 89', '25 to 29', 'unknown']",4.0
1363,2018-08-17 08:00:00,1410,2018,QUEEN ST W,SIMCOE ST,Major Arterial,Toronto and East York,43.650599,-79.387477,630039.9857,4834329.1662,Intersection Related,No Control,Clear,Daylight,Wet,164,Wellington Place,77,Waterfront Communities-The Island (77),Non-Fatal Injury,0,0,0,1,0,0,0,0,0,0,0,0,0,SMV Other,['Motorcycle Driver'],West,['Motorcycle'],['Going Ahead'],['Other'],['Normal'],['Not Applicable'],['Not Applicable'],['Not Applicable'],['Not Applicable'],['Not Applicable'],False,['50 to 54'],3.0
1364,2018-08-18 08:00:00,223,2018,315 UNWIN AVE,Not Applicable,Local,Toronto and East York,43.642554,-79.340259,633865.7367,4833510.7405,Non Intersection,No Control,Clear,"Dark, artificial",Wet,70,South Riverdale,70,South Riverdale (70),Non-Fatal Injury,1,0,1,0,0,0,0,1,0,0,0,0,0,Pedestrian Collisions,"['Driver', 'Passenger', 'Pedestrian']",East,"['Automobile, Station Wagon']",['Going Ahead'],['Driving Properly'],['Normal'],['Walking on Roadway Against Traffic'],['Medical or Physical Disability'],['Not Applicable'],['Not Applicable'],['Not Applicable'],False,"['25 to 29', '20 to 24']",3.0
1365,2018-08-19 08:00:00,459,2018,DANFORTH AVE,ROSEHEATH AVE,Major Arterial,Toronto and East York,43.684451,-79.318187,635551.636,4838199.8068,At Intersection,No Control,Clear,"Dark, artificial",Dry,64,Woodbine Corridor,64,Woodbine Corridor (64),Non-Fatal Injury,0,0,1,0,0,0,0,1,0,0,0,0,0,Turning Movement,"['Driver', 'Passenger']",East,"['Automobile, Station Wagon']","['Making U Turn', 'Going Ahead']","['Other', 'Driving Properly']",['Normal'],['Not Applicable'],['Not Applicable'],['Not Applicable'],['Not Applicable'],['Not Applicable'],False,"['30 to 34', '35 to 39', '25 to 29', '20 to 24']",3.0
1366,2018-08-19 08:00:00,1543,2018,DUNDAS ST W,AUGUSTA AVE,Major Arterial,Toronto and East York,43.652201,-79.401103,628937.6937,4834485.8268,Intersection Related,No Control,Clear,Daylight,Dry,78,Kensington-Chinatown,78,Kensington-Chinatown (78),Non-Fatal Injury,0,1,1,0,0,0,0,1,0,0,0,0,0,Cyclist Collisions,"['Driver', 'Cyclist', 'Passenger', 'Cyclist Passenger']",East,"['Automobile, Station Wagon', 'Bicycle']","['Changing Lanes', 'Going Ahead']",['Improper Lane Change'],['Normal'],['Not Applicable'],['Not Applicable'],['Cyclist and Driver travelling in same direction. One vehicle sideswipes the other.'],['Driving Properly'],['Normal'],False,"['20 to 24', '65 to 69', '60 to 64']",3.0
1367,2018-08-20 08:00:00,1616,2018,THE WESTWAY,WINCOTT DR,Minor Arterial,Etobicoke York,43.687316,-79.549732,616883.7249,4838165.603,At Intersection,Traffic Signal,Clear,Daylight,Dry,7,Willowridge-Martingrove-Richview,7,Willowridge-Martingrove-Richview (7),Non-Fatal Injury,0,0,1,0,0,1,0,1,1,1,1,0,0,Angle,"['Passenger', 'Driver']",East,"['Automobile, Station Wagon', 'Municipal Transit Bus (TTC)']","['Going Ahead', 'Stopped']","['Disobeyed Traffic Control', 'Driving Properly']","['Unknown', 'Normal']",['Not Applicable'],['Not Applicable'],['Not Applicable'],['Not Applicable'],['Not Applicable'],False,"['45 to 49', '25 to 29', '55 to 59']",3.0
1368,2018-08-20 08:00:00,1918,2018,O CONNOR DR,WOODMOUNT AVE,Major Arterial,Toronto and East York,43.699412,-79.321353,635262.8198,4839856.2656,Intersection Related,No Control,Clear,Daylight,Dry,58,Old East York,58,Old East York (58),Non-Fatal Injury,1,0,0,0,0,1,0,0,0,0,0,0,0,Pedestrian Collisions,"['Driver', 'Pedestrian']",East,['Municipal Transit Bus (TTC)'],['Going Ahead'],['Driving Properly'],['Normal'],['Other'],['Normal'],['Not Applicable'],['Not Applicable'],['Not Applicable'],False,"['55 to 59', '85 to 89']",3.0
1369,2018-08-21 08:00:00,630,2018,KEELE STREET,STEELES AVENUE WEST,Major Arterial,North York,43.781569,-79.494472,621147.2159,4848713.1188,At Intersection,Traffic Signal,Clear,"Dawn, artificial",Dry,27,York University Heights,27,York University Heights (27),Non-Fatal Injury,1,0,1,0,0,0,0,0,0,1,0,0,0,Pedestrian Collisions,"['Driver', 'Pedestrian']",North,"['Automobile, Station Wagon']",['Turning Left'],['Failed to Yield Right of Way'],['Unknown'],['Not Applicable'],['Normal'],['Not Applicable'],['Not Applicable'],['Not Applicable'],False,"['unknown', '35 to 39']",3.0
1370,2018-08-21 08:00:00,2300,2018,BLOOR ST W,MADISON AVE,Major Arterial,Toronto and East York,43.666831,-79.402667,628780.2877,4836108.2528,At Intersection,No Control,Clear,"Dark, artificial",Dry,79,University,79,University (79),Non-Fatal Injury,0,0,1,0,0,0,0,1,0,0,0,0,0,Turning Movement,"['Driver', 'Passenger']",East,"['Automobile, Station Wagon']","['Making U Turn', 'Going Ahead']","['Improper Turn', 'Driving Properly']","['Inattentive', 'Normal']",['Not Applicable'],['Not Applicable'],['Not Applicable'],['Not Applicable'],['Not Applicable'],False,"['30 to 34', '25 to 29']",3.0
1371,2018-08-21 08:00:00,2311,2018,109 DOWNSVIEW  AVE,Not Applicable,Local,North York,43.72,-79.500263,620805.025,4841866.5224,Non Intersection,No Control,Rain,"Dark, artificial",Wet,154,Oakdale-Beverley Heights,26,Downsview-Roding-CFB (26),Non-Fatal Injury,0,0,1,0,0,0,0,0,1,1,0,0,0,SMV Other,['Driver'],West,"['Automobile, Station Wagon']",['Going Ahead'],['Lost control'],['Inattentive'],['Not Applicable'],['Not Applicable'],['Not Applicable'],['Not Applicable'],['Not Applicable'],False,['15 to 19'],3.0
1372,2018-08-23 08:00:00,909,2018,WARWICK AVE,CHILTERN HILL RD,Local,Toronto and East York,43.695166,-79.425861,626850.5931,4839219.4953,Non Intersection,No Control,Clear,Daylight,Dry,106,Humewood-Cedarvale,106,Humewood-Cedarvale (106),Non-Fatal Injury,0,0,1,1,0,0,0,0,0,1,0,0,0,Rear End,"['Driver', 'Motorcycle Driver']",East,"['Automobile, Station Wagon', 'Motorcycle']","['Pulling Away from Shoulder or Curb', 'Going Ahead']","['Failed to Yield Right of Way', 'Driving Properly']","['Unknown', 'Normal']",['Not Applicable'],['Not Applicable'],['Not Applicable'],['Not Applicable'],['Not Applicable'],False,"['unknown', '40 to 44']",3.0
1373,2018-08-23 08:00:00,1455,2018,FIRGROVE CRES,JANE ST,Major Arterial,North York,43.754775,-79.517047,619383.9232,4845704.4585,At Intersection,Traffic Signal,Clear,Daylight,Dry,25,Glenfield-Jane Heights,25,Glenfield-Jane Heights (25),Non-Fatal Injury,1,0,1,0,0,0,0,0,0,1,0,0,0,Pedestrian Collisions,"['Driver', 'Pedestrian']",East,"['Automobile, Station Wagon']",['Turning Left'],['Failed to Yield Right of Way'],['Unknown'],['Crossing with right of way'],['Normal'],['Not Applicable'],['Not Applicable'],['Not Applicable'],False,"['70 to 74', '30 to 34']",3.0
1374,2018-08-23 08:00:00,2235,2018,ISLINGTON AVE,EVANS AVE,Major Arterial,Etobicoke York,43.618323,-79.511287,620119.6719,4830557.9478,At Intersection,Traffic Signal,Clear,"Dark, artificial",Dry,160,Mimico-Queensway,17,Mimico (includes Humber Bay Shores) (17),Non-Fatal Injury,0,0,1,0,0,0,0,1,0,0,0,0,0,Turning Movement,"['Driver', 'Passenger']",North,"['Automobile, Station Wagon']","['Making U Turn', 'Turning Left']","['Improper Turn', 'Driving Properly']","['Inattentive', 'Normal']",['Not Applicable'],['Not Applicable'],['Not Applicable'],['Not Applicable'],['Not Applicable'],False,"['55 to 59', '35 to 39', '85 to 89', '50 to 54', '30 to 34']",3.0
1375,2018-08-24 08:00:00,1520,2018,4331 KINGSTON RD,Not Applicable,Major Arterial,Scarborough,43.764628,-79.192264,645506.7154,4847318.1968,Non Intersection,No Control,Clear,Daylight,Dry,136,West Hill,136,West Hill (136),Non-Fatal Injury,1,0,1,0,0,0,0,0,0,0,0,0,0,Pedestrian Collisions,"['Driver', 'Pedestrian']",South,"['Automobile, Station Wagon']",['Going Ahead'],['Driving Properly'],['Normal'],['Running onto Roadway'],['Other'],['Not Applicable'],['Not Applicable'],['Not Applicable'],False,"['55 to 59', '20 to 24']",3.0
1376,2018-08-25 08:00:00,1100,2018,DIXON RD,MARTIN GROVE RD,Major Arterial,Etobicoke York,43.691519,-79.570796,615178.0237,4838602.9307,At Intersection,Traffic Signal,Clear,Daylight,Dry,1,West Humber-Clairville,1,West Humber-Clairville (1),Non-Fatal Injury,0,0,1,0,0,0,0,0,0,1,0,0,0,Turning Movement,['Driver'],East,"['Automobile, Station Wagon']","['Turning Left', 'Going Ahead']","['Failed to Yield Right of Way', 'Driving Properly']","['Inattentive', 'Normal']",['Not Applicable'],['Not Applicable'],['Not Applicable'],['Not Applicable'],['Not Applicable'],False,"['35 to 39', '40 to 44']",3.0
1377,2018-08-25 08:00:00,1112,2018,5825 YONGE ST,Not Applicable,Major Arterial,North York,43.785807,-79.417026,627370.2128,4849300.0601,At/Near Private Drive,No Control,Clear,Daylight,Dry,50,Newtonbrook East,50,Newtonbrook East (50),Non-Fatal Injury,0,0,1,0,0,1,0,1,0,0,0,0,0,Other,"['Driver - Not Hit', 'Driver', 'Passenger']",North,"['Automobile, Station Wagon', 'Municipal Transit Bus (TTC)']",['Going Ahead'],['Driving Properly'],['Normal'],['Not Applicable'],['Not Applicable'],['Not Applicable'],['Not Applicable'],['Not Applicable'],False,"['unknown', '25 to 29', '30 to 34', '0 to 4', '50 to 54', '60 to 64', '65 to 69', '45 to 49', '35 to 39']",3.0
1378,2018-08-25 08:00:00,2300,2018,CHURCH ST,CROSS ST,Collector,Etobicoke York,43.703757,-79.523952,618928.9647,4840028.2564,At Intersection,No Control,Clear,"Dark, artificial",Dry,113,Weston,113,Weston (113),Non-Fatal Injury,0,1,1,0,0,0,0,0,0,0,0,0,0,Cyclist Collisions,"['Driver', 'Cyclist']",East,"['Passenger Van', 'Bicycle']","['Turning Left', 'Going Ahead']",['Improper Turn'],['Inattentive'],['Not Applicable'],['Not Applicable'],['Motorist turned left across cyclists path.'],['Driving Properly'],['Normal'],False,"['45 to 49', '40 to 44']",3.0
1379,2018-08-28 08:00:00,2341,2018,KEELE ST,GLENLAKE AVE,Major Arterial,Scarborough,43.658988,-79.461795,624029.3706,4835147.0981,Non Intersection,No Control,Clear,"Dark, artificial",Dry,88,High Park North,88,High Park North (88),Non-Fatal Injury,1,0,1,0,0,0,0,0,0,0,0,0,0,Pedestrian Collisions,"['Driver', 'Pedestrian']",South,"['Automobile, Station Wagon']",['Going Ahead'],['Driving Properly'],['Normal'],['Walking on Roadway with Traffic'],['Medical or Physical Disability'],['Not Applicable'],['Not Applicable'],['Not Applicable'],False,"['30 to 34', '70 to 74']",3.0
1380,2018-08-29 08:00:00,115,2018,PHARMACY AVE,DORINE CRES,Minor Arterial,Scarborough,43.713065,-79.292262,637575.7173,4841420.5004,Non Intersection,No Control,Clear,"Dark, artificial",Dry,120,Clairlea-Birchmount,120,Clairlea-Birchmount (120),Non-Fatal Injury,0,0,1,0,0,0,0,1,1,1,0,0,0,SMV Other,"['Driver', 'Passenger']",South,"['Automobile, Station Wagon']",['Going Ahead'],['Lost control'],['Unknown'],['Not Applicable'],['Not Applicable'],['Not Applicable'],['Not Applicable'],['Not Applicable'],False,['20 to 24'],3.0
1381,2018-08-29 08:00:00,1725,2018,ISLINGTON AVE,AYLESBURY RD,Major Arterial,Etobicoke York,43.666323,-79.532916,618280.2511,4835857.8907,At Intersection,No Control,Clear,Daylight,Dry,9,Edenbridge-Humber Valley,9,Edenbridge-Humber Valley (9),Non-Fatal Injury,1,0,0,1,0,0,0,0,0,0,0,0,0,Pedestrian Collisions,"['Motorcycle Driver', 'Pedestrian']",South,['Motorcycle'],['Going Ahead'],['Driving Properly'],['Unknown'],"['Crossing, no Traffic Control']",['Normal'],['Not Applicable'],['Not Applicable'],['Not Applicable'],False,"['unknown', '80 to 84']",3.0
1382,2018-08-31 08:00:00,852,2018,330 KINGSTON RD,Not Applicable,Major Arterial,Scarborough,43.674697,-79.306918,636482.0258,4837134.9714,Non Intersection,No Control,Clear,Daylight,Dry,63,The Beaches,63,The Beaches (63),Non-Fatal Injury,0,0,1,0,0,0,0,0,0,0,0,0,1,Rear End,['Driver'],West,"['Delivery Van', 'Automobile, Station Wagon']",['Going Ahead'],"['Other', 'Driving Properly']","['Medical or Physical Disability', 'Normal']",['Not Applicable'],['Not Applicable'],['Not Applicable'],['Not Applicable'],['Not Applicable'],False,"['70 to 74', '45 to 49']",3.0
1383,2018-08-31 08:00:00,911,2018,EGLINTON AVE W,ROYAL YORK RD,Major Arterial,Etobicoke York,43.682265,-79.526561,618761.1626,4837637.5399,At Intersection,Traffic Signal,Clear,Daylight,Dry,9,Edenbridge-Humber Valley,9,Edenbridge-Humber Valley (9),Non-Fatal Injury,0,0,1,1,0,0,0,0,0,1,0,0,0,Turning Movement,"['Driver', 'Motorcycle Driver']",East,"['Automobile, Station Wagon', 'Motorcycle']","['Turning Left', 'Going Ahead']","['Failed to Yield Right of Way', 'Driving Properly']","['Inattentive', 'Normal']",['Not Applicable'],['Not Applicable'],['Not Applicable'],['Not Applicable'],['Not Applicable'],False,"['85 to 89', '20 to 24']",3.0
1384,2018-09-01 08:00:00,319,2018,KEELE ST,DOVEHOUSE AVE,Major Arterial,Etobicoke York,43.750163,-79.487712,621754.8839,4845234.9277,Non Intersection,No Control,Clear,"Dark, artificial",Dry,27,York University Heights,27,York University Heights (27),Non-Fatal Injury,0,0,1,0,0,0,0,1,0,1,0,1,0,Approaching,"['Driver', 'Passenger']",South,['Pick Up Truck'],['Going Ahead'],['Lost control'],"['Ability Impaired, Alcohol Over .08']",['Not Applicable'],['Not Applicable'],['Not Applicable'],['Not Applicable'],['Not Applicable'],False,"['20 to 24', '25 to 29']",3.0
1385,2018-09-02 08:00:00,1346,2018,DUPONT ST,LANSDOWNE AVE,Major Arterial,Toronto and East York,43.666651,-79.446422,625253.0097,4836021.2699,At Intersection,Traffic Signal,Clear,Daylight,Dry,171,Junction-Wallace Emerson,93,Dovercourt-Wallace Emerson-Junction (93),Non-Fatal Injury,0,0,1,0,0,0,0,0,1,1,0,0,0,Turning Movement,['Driver'],North,"['Pick Up Truck', 'Automobile, Station Wagon']","['Turning Left', 'Going Ahead']","['Failed to Yield Right of Way', 'Exceeding Speed Limit']",['Normal'],['Not Applicable'],['Not Applicable'],['Not Applicable'],['Not Applicable'],['Not Applicable'],False,"['55 to 59', '30 to 34']",3.0
1386,2018-09-02 08:00:00,1712,2018,MARKHAM RD,STEELES AVE E,Major Arterial,Scarborough,43.836528,-79.251148,640598.2559,4855202.066,Intersection Related,No Control,Clear,"Daylight, artificial",Wet,144,Morningside Heights,131,Rouge (131),Non-Fatal Injury,0,0,1,0,0,0,0,0,0,0,0,0,0,Rear End,['Driver'],South,"['Automobile, Station Wagon']","['Going Ahead', 'Stopped']","['Lost control', 'Driving Properly']","['Inattentive', 'Normal']",['Not Applicable'],['Not Applicable'],['Not Applicable'],['Not Applicable'],['Not Applicable'],False,"['40 to 44', '25 to 29']",3.0
1387,2018-09-03 08:00:00,1522,2018,AVENUE RD,CHAPLIN CRES,Major Arterial,Scarborough,43.698706,-79.406116,628434.1839,4839643.0579,At Intersection,Traffic Signal,Clear,Daylight,Dry,100,Yonge-Eglinton,100,Yonge-Eglinton (100),Non-Fatal Injury,0,0,1,0,0,0,0,1,0,1,1,0,0,Angle,"['Driver', 'Passenger']",South,"['Automobile, Station Wagon']",['Going Ahead'],"['Disobeyed Traffic Control', 'Driving Properly']",['Normal'],['Not Applicable'],['Not Applicable'],['Not Applicable'],['Not Applicable'],['Not Applicable'],False,"['30 to 34', '60 to 64']",3.0
1388,2018-09-03 08:00:00,1902,2018,SHEPPARD AVE E,WATER TOWER GT,Major Arterial,Scarborough,43.803816,-79.191318,645487.759,4851672.3141,Non Intersection,No Control,Clear,Daylight,Dry,144,Morningside Heights,131,Rouge (131),Non-Fatal Injury,0,0,0,1,0,0,0,0,0,0,0,0,0,SMV Other,['Motorcycle Driver'],West,['Motorcycle'],['Going Ahead'],['Driving Properly'],['Normal'],['Not Applicable'],['Not Applicable'],['Not Applicable'],['Not Applicable'],['Not Applicable'],False,['45 to 49'],3.0
1389,2018-09-05 08:00:00,1405,2018,TWENTY SIXTH ST,LABURNHAM AVE,Local,Etobicoke York,43.599353,-79.525653,618997.9148,4828430.4202,Non Intersection,No Control,Clear,Daylight,Dry,19,Long Branch,19,Long Branch (19),Fatal,1,0,0,0,1,0,0,0,0,0,0,0,0,Pedestrian Collisions,['Pedestrian'],Unknown,"['Truck - Closed (Blazer, etc)']",[],[],[],['Pushing/Working on Vehicle'],['Unknown'],['Not Applicable'],['Not Applicable'],['Not Applicable'],True,"['unknown', '50 to 54']",4.0
1390,2018-09-05 08:00:00,1500,2018,OLD WESTON RD,JUNCTION RD,Collector,Etobicoke York,43.66873,-79.461681,624018.5013,4836229.2457,Intersection Related,No Control,Clear,Daylight,Dry,90,Junction Area,90,Junction Area (90),Non-Fatal Injury,1,0,1,0,0,0,0,0,0,1,0,0,0,Pedestrian Collisions,"['Driver', 'Pedestrian']",South,['Pick Up Truck'],['Turning Right'],['Failed to Yield Right of Way'],['Normal'],['Other'],['Normal'],['Not Applicable'],['Not Applicable'],['Not Applicable'],False,"['40 to 44', '80 to 84']",3.0
1391,2018-09-05 08:00:00,2218,2018,2592 FINCH AVE W,Not Applicable,Major Arterial,Etobicoke York,43.747855,-79.56158,615812.1508,4844872.6698,Non Intersection,No Control,Clear,"Dark, artificial",Dry,22,Humbermede,22,Humbermede (22),Non-Fatal Injury,0,0,1,0,0,0,0,1,0,1,0,0,0,Angle,"['Driver', 'Passenger']",South,"['Passenger Van', 'Pick Up Truck']",['Going Ahead'],"['Failed to Yield Right of Way', 'Driving Properly']",['Normal'],['Not Applicable'],['Not Applicable'],['Not Applicable'],['Not Applicable'],['Not Applicable'],False,"['40 to 44', '25 to 29', '20 to 24']",3.0