accident_number,date,time,year,street1,street2,road_class,district,latitude,longitude,x,y,accident_location,traffctl,visibility,light,road_surface_condition,hood_158,neighbourhood_new,hood_140,neighbourhood_old,accident_class,pedestrian,cyclist,automobile,motorcycle,truck,trsn_city_veh,emerg_veh,passenger,speeding,aggressive_driving,redlight,alcohol,disability,impact_type,involvement_type,initial_direction,vehicle_type,manoeuver,driver_action,driver_condition,pedestrian_action,pedestrian_condition,cyclist_type,cyclist_action,cyclist_condition,injury,involvement_age,injury_severity_score
1392,2018-09-06 08:00:00,1027,2018,POST RD,BAYVIEW AVE,Collector,North York,43.736422,-79.381061,630371.2992,4843871.0769,At/Near Private Drive,No Control,Clear,Daylight,Dry,41,Bridle Path-Sunnybrook-York Mills,41,Bridle Path-Sunnybrook-York Mills (41),Non-Fatal Injury,0,0,1,1,0,0,0,0,0,0,0,0,0,Rear End,"['Driver', 'Motorcycle Driver']",West,"['Automobile, Station Wagon', 'Motorcycle']",['Going Ahead'],"['Improper Turn', 'Driving Properly']",['Normal'],['Not Applicable'],['Not Applicable'],['Not Applicable'],['Not Applicable'],['Not Applicable'],False,"['65 to 69', '40 to 44']",3.0
1393,2018-09-06 08:00:00,1225,2018,DUPONT ST,DUFFERIN ST,Major Arterial,Toronto and East York,43.668357,-79.440257,625746.4884,4836220.0702,Non Intersection,No Control,Clear,Daylight,Dry,171,Junction-Wallace Emerson,93,Dovercourt-Wallace Emerson-Junction (93),Non-Fatal Injury,0,0,1,1,0,0,0,0,0,1,0,0,0,Turning Movement,"['Driver', 'Motorcycle Driver']",East,"['Automobile, Station Wagon', 'Motorcycle']","['Turning Left', 'Going Ahead']","['Failed to Yield Right of Way', 'Driving Properly']",['Normal'],['Not Applicable'],['Not Applicable'],['Not Applicable'],['Not Applicable'],['Not Applicable'],False,"['20 to 24', '30 to 34']",3.0
1394,2018-09-06 08:00:00,1310,2018,ANTHONY RD,NAJIB ABBOUD LANE,Local,North York,43.730696,-79.459316,624081.282,4843114.9639,Non Intersection,No Control,Clear,Daylight,Dry,155,Downsview,26,Downsview-Roding-CFB (26),Non-Fatal Injury,0,1,1,0,0,0,0,1,0,0,0,0,0,Cyclist Collisions,"['Cyclist', 'Driver', 'Passenger']",East,"['Bicycle', 'Automobile, Station Wagon']",['Going Ahead'],['Driving Properly'],['Normal'],['Not Applicable'],['Not Applicable'],"['Cyclist without ROW rides into path of motorist at inter, lnwy, dwy-Cyclist not turn.']",['Failed to Yield Right of Way'],['Inattentive'],False,"['30 to 34', '45 to 49']",3.0
1395,2018-09-07 08:00:00,729,2018,DON MILLS RD,SHEPPARD AVE E,Major Arterial,North York,43.775035,-79.347003,633028.3881,4848213.7883,At Intersection,Traffic Signal,Clear,Daylight,Dry,53,Henry Farm,53,Henry Farm (53),Non-Fatal Injury,1,0,1,0,0,0,0,0,0,0,0,0,0,Pedestrian Collisions,"['Driver', 'Pedestrian']",East,"['Automobile, Station Wagon']",['Going Ahead'],"['Lost control', 'Driving Properly']","['Unknown', 'Normal']",['On Sidewalk or Shoulder'],['Normal'],['Not Applicable'],['Not Applicable'],['Not Applicable'],False,"['55 to 59', '40 to 44', '35 to 39']",3.0
1396,2018-09-08 08:00:00,2317,2018,QUEEN ST E,GRANT ST,Minor Arterial,Toronto and East York,43.659117,-79.34846,633167.67,4835337.0854,At Intersection,No Control,Clear,"Dark, artificial",Dry,70,South Riverdale,70,South Riverdale (70),Non-Fatal Injury,1,0,0,0,0,1,0,0,0,0,0,0,0,Pedestrian Collisions,"['Driver', 'Pedestrian']",North,['Street Car'],['Going Ahead'],['Driving Properly'],['Normal'],"['Crossing, no Traffic Control']",['Inattentive'],['Not Applicable'],['Not Applicable'],['Not Applicable'],False,"['30 to 34', '40 to 44']",3.0
1397,2018-09-09 08:00:00,105,2018,1035 SHEPPARD AVE W,Not Applicable,Major Arterial,North York,43.750262,-79.462726,623766.3289,4845282.9521,Intersection Related,No Control,Clear,"Dark, artificial",Dry,155,Downsview,26,Downsview-Roding-CFB (26),Non-Fatal Injury,1,0,1,0,0,0,0,0,0,0,0,0,0,Pedestrian Collisions,"['Driver', 'Pedestrian']",East,"['Automobile, Station Wagon']",['Going Ahead'],['Other'],['Unknown'],"['Crossing, no Traffic Control']",['Other'],['Not Applicable'],['Not Applicable'],['Not Applicable'],False,"['unknown', '80 to 84']",3.0
1398,2018-09-09 08:00:00,1823,2018,MARKHAM RD,MCNICOLL AVE,Major Arterial,Scarborough,43.825041,-79.248309,640853.5196,4853931.0737,Non Intersection,No Control,Clear,Daylight,Dry,130,Milliken,130,Milliken (130),Non-Fatal Injury,1,0,1,0,0,0,0,0,0,0,0,0,0,Pedestrian Collisions,"['Driver', 'Pedestrian']",North,"['Pick Up Truck', 'Automobile, Station Wagon']",['Going Ahead'],['Driving Properly'],['Normal'],"['Crossing, no Traffic Control']",['Normal'],['Not Applicable'],['Not Applicable'],['Not Applicable'],False,"['40 to 44', '30 to 34', '70 to 74']",3.0
1399,2018-09-10 08:00:00,1455,2018,THE QUEENSWAY,LOMA RD,Major Arterial,Etobicoke York,43.624903,-79.508815,620306.0072,4831292.3164,At Intersection,Stop Sign,Rain,Daylight,Wet,16,Stonegate-Queensway,16,Stonegate-Queensway (16),Non-Fatal Injury,1,0,1,0,0,0,0,0,0,1,0,0,0,Pedestrian Collisions,"['Driver', 'Pedestrian']",North,"['Automobile, Station Wagon']",['Turning Left'],['Failed to Yield Right of Way'],['Inattentive'],['Crossing without right of way'],['Inattentive'],['Not Applicable'],['Not Applicable'],['Not Applicable'],False,"['40 to 44', '80 to 84']",3.0
1400,2018-09-10 08:00:00,1957,2018,MIDDLEFIELD RD,MCNICOLL AVE,Minor Arterial,Scarborough,43.820048,-79.262058,639759.601,4853353.198,At Intersection,Traffic Signal,Rain,"Dusk, artificial",Wet,130,Milliken,130,Milliken (130),Non-Fatal Injury,0,1,1,0,0,0,0,0,0,0,0,0,0,Cyclist Collisions,"['Cyclist', 'Driver']",South,"['Bicycle', 'Automobile, Station Wagon']",['Going Ahead'],['Driving Properly'],['Normal'],['Not Applicable'],['Not Applicable'],"['Cyclist without ROW rides into path of motorist at inter, lnwy, dwy-Cyclist not turn.']",['Disobeyed Traffic Control'],['Unknown'],False,"['55 to 59', '25 to 29']",3.0
1401,2018-09-11 08:00:00,1339,2018,RONCESVALLES AVE,MARION ST,Minor Arterial,Toronto and East York,43.64107,-79.446986,625260.7104,4833179.3157,Intersection Related,No Control,Clear,Daylight,Dry,86,Roncesvalles,86,Roncesvalles (86),Non-Fatal Injury,0,0,0,0,0,1,0,1,0,0,0,0,0,Other,"['Driver', 'Passenger']",North,['Street Car'],['Going Ahead'],['Driving Properly'],['Normal'],['Not Applicable'],['Not Applicable'],['Not Applicable'],['Not Applicable'],['Not Applicable'],False,"['45 to 49', '75 to 79']",3.0
1402,2018-09-11 08:00:00,1708,2018,LAKE SHORE BLVD W,SIXTH ST,Major Arterial,Etobicoke York,43.600909,-79.504077,620736.2663,4828634.3683,Non Intersection,No Control,Clear,Daylight,Dry,18,New Toronto,18,New Toronto (18),Fatal,1,0,1,0,0,0,0,0,0,0,0,0,0,Pedestrian Collisions,"['Pedestrian', 'Driver']",North,"['Other', 'Automobile, Station Wagon']",['Going Ahead'],['Driving Properly'],['Normal'],"['Crossing, no Traffic Control']",['Inattentive'],['Not Applicable'],['Not Applicable'],['Not Applicable'],True,"['70 to 74', '25 to 29']",4.0
1403,2018-09-11 08:00:00,2200,2018,DUNDAS ST W,BEVERLEY ST,Major Arterial,Toronto and East York,43.65375,-79.393817,629521.9249,4834669.2105,At Intersection,Traffic Signal,Clear,"Dark, artificial",Dry,78,Kensington-Chinatown,78,Kensington-Chinatown (78),Non-Fatal Injury,0,0,1,0,0,0,0,1,0,1,0,0,0,Angle,"['Driver', 'Passenger']",South,"['Automobile, Station Wagon']",['Going Ahead'],"['Failed to Yield Right of Way', 'Driving Properly']","['Inattentive', 'Normal']",['Not Applicable'],['Not Applicable'],['Not Applicable'],['Not Applicable'],['Not Applicable'],False,"['50 to 54', '35 to 39', '45 to 49']",3.0
1404,2018-09-12 08:00:00,1115,2018,LAWRENCE AVE E,THE DONWAY  W,Major Arterial,North York,43.736434,-79.346507,633153.895,4843927.3616,At Intersection,Traffic Signal,Clear,Daylight,Dry,42,Banbury-Don Mills,42,Banbury-Don Mills (42),Non-Fatal Injury,1,0,1,0,0,0,0,0,0,1,1,0,0,Pedestrian Collisions,"['Driver', 'Pedestrian']",North,"['Automobile, Station Wagon']",['Going Ahead'],"['Disobeyed Traffic Control', 'Driving Properly']","['Inattentive', 'Normal']",['Crossing with right of way'],['Normal'],['Not Applicable'],['Not Applicable'],['Not Applicable'],False,"['80 to 84', '60 to 64']",3.0
1405,2018-09-12 08:00:00,1205,2018,DUFFERIN ST,ROGERS RD,Major Arterial,North York,43.685496,-79.446079,625241.4536,4838114.7778,At Intersection,Traffic Signal,Clear,Daylight,Dry,107,Oakwood Village,107,Oakwood Village (107),Non-Fatal Injury,1,0,1,0,1,0,0,0,0,1,1,0,0,Pedestrian Collisions,"['Driver', 'Truck Driver', 'Pedestrian']",East,"['Automobile, Station Wagon', 'Truck - Closed (Blazer, etc)', 'Pick Up Truck']","['Going Ahead', 'Stopped']","['Disobeyed Traffic Control', 'Driving Properly']",['Normal'],['Other'],['Other'],['Not Applicable'],['Not Applicable'],['Not Applicable'],False,"['60 to 64', '45 to 49', '55 to 59', '70 to 74']",3.0
1406,2018-09-12 08:00:00,2300,2018,MCCOWAN RD,TOWN CENTRE CRT,Major Arterial,Scarborough,43.774501,-79.2522,640659.1943,4848311.1736,At Intersection,Traffic Signal,Clear,"Dark, artificial",Dry,142,Woburn North,137,Woburn (137),Non-Fatal Injury,1,0,1,0,0,0,0,0,0,0,0,0,0,Pedestrian Collisions,"['Driver', 'Pedestrian']",East,"['Automobile, Station Wagon']",['Going Ahead'],['Driving Properly'],['Normal'],['Crossing without right of way'],['Inattentive'],['Not Applicable'],['Not Applicable'],['Not Applicable'],False,"['30 to 34', '50 to 54']",3.0
1407,2018-09-15 08:00:00,50,2018,DUFFERIN ST,LAPPIN AVE,Major Arterial,Toronto and East York,43.666342,-79.43822,625914.926,4835999.3673,Intersection Related,No Control,Clear,"Dark, artificial",Dry,171,Junction-Wallace Emerson,93,Dovercourt-Wallace Emerson-Junction (93),Non-Fatal Injury,0,1,1,0,0,0,0,0,0,0,0,0,0,Cyclist Collisions,"['Driver', 'Cyclist']",North,"['Automobile, Station Wagon', 'Bicycle']","['Making U Turn', 'Going Ahead']",['Improper Turn'],['Normal'],['Not Applicable'],['Not Applicable'],['Motorist makes u-turn in-front of cyclist.'],['Driving Properly'],['Normal'],False,"['45 to 49', '30 to 34']",3.0
1408,2018-09-15 08:00:00,240,2018,PARKSIDE DR,INDIAN VALLEY CRES,Major Arterial,Toronto and East York,43.650427,-79.45827,624331.2686,4834201.563,Non Intersection,No Control,Clear,Dark,Dry,87,High Park-Swansea,87,High Park-Swansea (87),Fatal,0,0,1,1,0,0,0,1,0,0,0,0,0,Approaching,"['Driver', 'Motorcycle Driver', 'Passenger']",North,"['Automobile, Station Wagon', 'Motorcycle']",['Going Ahead'],"['Lost control', 'Driving Properly']","['Had Been Drinking', 'Unknown']",['Not Applicable'],['Not Applicable'],['Not Applicable'],['Not Applicable'],['Not Applicable'],True,"['25 to 29', '45 to 49', 'unknown']",4.0
1409,2018-09-15 08:00:00,940,2018,555 ST CLAIR AVE W,Not Applicable,Major Arterial,Toronto and East York,43.682524,-79.421001,627268.9702,4837822.8745,Non Intersection,No Control,Rain,Daylight,Wet,94,Wychwood,94,Wychwood (94),Non-Fatal Injury,1,0,1,0,0,0,0,0,0,0,0,0,0,Pedestrian Collisions,"['Driver', 'Pedestrian']",East,"['Automobile, Station Wagon']",['Reversing'],['Other'],['Normal'],['Other'],['Normal'],['Not Applicable'],['Not Applicable'],['Not Applicable'],False,['75 to 79'],3.0
1410,2018-09-15 08:00:00,1400,2018,ST CLAIR AVE W,NORTHCLIFFE BLVD,Major Arterial,North York,43.678363,-79.440814,625680.6942,4837330.5262,At Intersection,Traffic Signal,Clear,Daylight,Dry,92,Corso Italia-Davenport,92,Corso Italia-Davenport (92),Non-Fatal Injury,1,0,1,0,0,0,0,0,0,0,0,0,0,Pedestrian Collisions,"['Driver', 'Pedestrian']",North,"['Automobile, Station Wagon']",['Turning Left'],['Other'],['Normal'],['Other'],['Normal'],['Not Applicable'],['Not Applicable'],['Not Applicable'],False,"['35 to 39', '65 to 69']",3.0
1411,2018-09-15 08:00:00,1625,2018,DIXON RD,KIPLING AVE,Major Arterial,Etobicoke York,43.694594,-79.556766,616302.7508,4838964.033,At/Near Private Drive,No Control,Clear,Daylight,Dry,6,Kingsview Village-The Westway,6,Kingsview Village-The Westway (6),Non-Fatal Injury,0,0,1,1,0,0,0,0,0,1,0,0,0,Turning Movement,"['Driver', 'Motorcycle Driver']",East,"['Automobile, Station Wagon', 'Motorcycle']","['Turning Left', 'Going Ahead']","['Failed to Yield Right of Way', 'Driving Properly']",['Normal'],['Not Applicable'],['Not Applicable'],['Not Applicable'],['Not Applicable'],['Not Applicable'],False,"['50 to 54', '60 to 64']",3.0
1412,2018-09-15 08:00:00,2130,2018,JARVIS ST,QUEEN ST E,Major Arterial,Scarborough,43.65462,-79.373607,631149.7744,4834797.5799,Non Intersection,No Control,Clear,"Dark, artificial",Dry,73,Moss Park,73,Moss Park (73),Non-Fatal Injury,0,0,1,1,0,0,0,0,0,0,0,0,0,Turning Movement,"['Driver', 'Motorcycle Driver']",North,"['Automobile, Station Wagon', 'Motorcycle']","['Making U Turn', 'Going Ahead']","['Improper Turn', 'Driving Properly']",['Normal'],['Not Applicable'],['Not Applicable'],['Not Applicable'],['Not Applicable'],['Not Applicable'],False,"['55 to 59', '45 to 49']",3.0
1413,2018-09-16 08:00:00,408,2018,LAWSON RD,ST MAGNUS DR,Collector,Scarborough,43.787551,-79.15002,648850.1353,4849939.2621,Non Intersection,No Control,Clear,"Dark, artificial",Dry,133,Centennial Scarborough,133,Centennial Scarborough (133),Non-Fatal Injury,0,0,1,0,0,0,0,1,0,0,0,0,0,SMV Other,"['Driver', 'Passenger']",East,"['Automobile, Station Wagon']",['Going Ahead'],['Lost control'],['Unknown'],['Not Applicable'],['Not Applicable'],['Not Applicable'],['Not Applicable'],['Not Applicable'],False,"['unknown', '25 to 29']",3.0
1414,2018-09-16 08:00:00,936,2018,WILLOWDALE AVE,BISHOP AVE,Minor Arterial,North York,43.78337,-79.407832,628115.1983,4849043.5811,At Intersection,Traffic Signal,Clear,Daylight,Dry,50,Newtonbrook East,50,Newtonbrook East (50),Non-Fatal Injury,0,0,1,0,0,0,0,1,0,1,1,0,0,Angle,"['Driver', 'Passenger']",East,"['Automobile, Station Wagon']",['Going Ahead'],"['Disobeyed Traffic Control', 'Driving Properly']",['Normal'],['Not Applicable'],['Not Applicable'],['Not Applicable'],['Not Applicable'],['Not Applicable'],False,"['50 to 54', '55 to 59', '10 to 14']",3.0
1415,2018-09-16 08:00:00,1329,2018,DUNDAS ST W,ST JOHNS PL,Major Arterial,Etobicoke York,43.665461,-79.476634,622819.6539,4835843.9348,Non Intersection,No Control,Clear,Daylight,Dry,90,Junction Area,90,Junction Area (90),Non-Fatal Injury,1,0,0,0,0,0,0,0,0,0,0,0,0,Pedestrian Collisions,"['Driver', 'Pedestrian']",East,[],['Going Ahead'],['Other'],['Unknown'],"['Crossing, no Traffic Control']",['Inattentive'],['Not Applicable'],['Not Applicable'],['Not Applicable'],False,"['unknown', '5 to 9']",3.0
1416,2018-09-17 08:00:00,1001,2018,STEELES AVE W,KEELE ST,Major Arterial,North York,43.781508,-79.494464,621147.9828,4848706.3556,At Intersection,Traffic Signal,Clear,Daylight,Dry,27,York University Heights,27,York University Heights (27),Non-Fatal Injury,0,1,0,0,1,0,0,0,0,0,0,0,0,Cyclist Collisions,"['Truck Driver', 'Cyclist']",West,"['Truck-Tractor', 'Bicycle']","['Turning Right', 'Going Ahead']",['Driving Properly'],['Normal'],['Not Applicable'],['Not Applicable'],"['Cyclist without ROW rides into path of motorist at inter, lnwy, dwy-Cyclist not turn.']",['Other'],['Inattentive'],False,"['55 to 59', '15 to 19']",3.0
1417,2018-09-17 08:00:00,1204,2018,BAY ST,WELLINGTON ST W,Major Arterial,Toronto and East York,43.647261,-79.379688,630675.3655,4833970.6729,At Intersection,Traffic Signal,Clear,Daylight,Dry,170,Yonge-Bay Corridor,76,Bay Street Corridor (76),Non-Fatal Injury,0,1,0,0,0,1,0,0,0,1,0,0,0,Cyclist Collisions,"['Driver', 'Cyclist']",West,"['Bus (Other) (Go Bus, Gray Coa', 'Bicycle']","['Turning Right', 'Going Ahead']",['Failed to Yield Right of Way'],['Normal'],['Not Applicable'],['Not Applicable'],['Motorist turning right on green or amber at signalized intersection strikes cyclist.'],['Driving Properly'],['Normal'],False,"['55 to 59', '30 to 34']",3.0
1418,2018-09-18 08:00:00,1850,2018,KEELE ST,AILEEN AVE,Major Arterial,Etobicoke York,43.683169,-79.472026,623154.9447,4837817.4761,At Intersection,No Control,Clear,Daylight,Dry,110,Keelesdale-Eglinton West,110,Keelesdale-Eglinton West (110),Fatal,0,0,1,1,0,0,0,0,1,1,0,0,0,Turning Movement,"['Motorcycle Driver', 'Driver']",North,"['Motorcycle', 'Automobile, Station Wagon']","['Going Ahead', 'Turning Left']","['Lost control', 'Failed to Yield Right of Way']","['Normal', 'Inattentive']",['Not Applicable'],['Not Applicable'],['Not Applicable'],['Not Applicable'],['Not Applicable'],True,"['40 to 44', '50 to 54']",4.0
1419,2018-09-19 08:00:00,1242,2018,F G GARDINER XY  E,LOWER JARVIS ST,Expressway,Toronto and East York,43.645251,-79.3717,631323.9708,4833760.0453,Non Intersection,No Control,Clear,Daylight,Dry,166,St Lawrence-East Bayfront-The Islands,77,Waterfront Communities-The Island (77),Non-Fatal Injury,0,0,0,1,0,0,0,0,1,1,0,1,0,SMV Other,['Motorcycle Driver'],East,['Motorcycle'],['Overtaking'],['Improper Passing'],"['Ability Impaired, Alcohol Over .08']",['Not Applicable'],['Not Applicable'],['Not Applicable'],['Not Applicable'],['Not Applicable'],False,['25 to 29'],3.0
1420,2018-09-20 08:00:00,1600,2018,DUFFERIN ST,CASTLEFIELD AVE,Major Arterial,North York,43.700686,-79.451724,624754.9791,4839793.3261,At Intersection,Traffic Signal,Clear,Daylight,Dry,108,Briar Hill-Belgravia,108,Briar Hill-Belgravia (108),Fatal,1,0,1,0,0,0,0,0,0,0,0,0,0,Pedestrian Collisions,"['Pedestrian', 'Driver']",East,"['Automobile, Station Wagon']",['Going Ahead'],['Driving Properly'],['Normal'],['Crossing without right of way'],['Inattentive'],['Not Applicable'],['Not Applicable'],['Not Applicable'],True,"['90 to 94', '55 to 59']",4.0
1421,2018-09-21 08:00:00,1600,2018,NUTHATCH LANE,DOCTOR O LANE,Laneway,Toronto and East York,43.663325,-79.369693,631446.3997,4835770.5797,Intersection Related,No Control,Clear,Daylight,Dry,73,Moss Park,73,Moss Park (73),Fatal,1,0,1,0,0,0,0,0,0,0,0,0,0,Pedestrian Collisions,"['Driver', 'Pedestrian']",South,"['Automobile, Station Wagon']",['Going Ahead'],['Other'],['Unknown'],['Other'],"['Ability Impaired, Alcohol']",['Not Applicable'],['Not Applicable'],['Not Applicable'],True,"['35 to 39', '55 to 59']",4.0
1422,2018-09-21 08:00:00,1723,2018,WOODBINE TRACK ACCESS,REXDALE BLVD,Local,Etobicoke York,43.717654,-79.603442,612498.2053,4841460.7522,Non Intersection,No Control,Rain,Daylight,Wet,1,West Humber-Clairville,1,West Humber-Clairville (1),Non-Fatal Injury,0,0,1,0,1,0,0,1,0,0,0,0,0,Turning Movement,"['Driver', 'Truck Driver', 'Passenger']",South,"['Automobile, Station Wagon', 'Truck - Dump']","['Making U Turn', 'Going Ahead']","['Improper Turn', 'Driving Properly']",['Normal'],['Not Applicable'],['Not Applicable'],['Not Applicable'],['Not Applicable'],['Not Applicable'],False,"['40 to 44', '50 to 54', '65 to 69', '30 to 34']",3.0
1423,2018-09-21 08:00:00,2227,2018,2265 MIDLAND AVE,Not Applicable,Major Arterial,Scarborough,43.775595,-79.274074,638896.2688,4848395.7494,Non Intersection,No Control,Clear,Dark,Dry,156,Bendale-Glen Andrew,127,Bendale (127),Non-Fatal Injury,1,0,1,0,0,0,0,0,0,1,0,0,0,Pedestrian Collisions,"['Driver', 'Pedestrian']",South,"['Automobile, Station Wagon']",['Going Ahead'],['Failed to Yield Right of Way'],['Unknown'],"['Crossing, no Traffic Control']",['Normal'],['Not Applicable'],['Not Applicable'],['Not Applicable'],False,"['unknown', '20 to 24']",3.0
1424,2018-09-22 08:00:00,1635,2018,EGLINTON AVE E,MARKHAM RD,Major Arterial,Scarborough,43.743479,-79.21725,643546.0992,4844925.6723,At/Near Private Drive,Stop Sign,Clear,Daylight,Dry,139,Scarborough Village,139,Scarborough Village (139),Non-Fatal Injury,0,0,1,1,0,0,0,0,0,1,0,0,0,Turning Movement,"['Driver', 'Motorcycle Driver']",East,"['Automobile, Station Wagon', 'Motorcycle']","['Turning Left', 'Going Ahead']","['Failed to Yield Right of Way', 'Driving Properly']","['Inattentive', 'Normal']",['Not Applicable'],['Not Applicable'],['Not Applicable'],['Not Applicable'],['Not Applicable'],False,"['40 to 44', '15 to 19']",3.0
1425,2018-09-22 08:00:00,1655,2018,EGLINTON AVE W,ROYAL YORK RD,Major Arterial,Etobicoke York,43.683287,-79.520641,619236.3018,4837759.5406,Non Intersection,Stop Sign,Clear,Daylight,Dry,9,Edenbridge-Humber Valley,9,Edenbridge-Humber Valley (9),Non-Fatal Injury,0,0,1,1,0,0,0,0,0,1,0,0,0,Turning Movement,"['Motorcycle Driver', 'Driver']",East,"['Motorcycle', 'Automobile, Station Wagon']","['Going Ahead', 'Turning Right']","['Driving Properly', 'Failed to Yield Right of Way']",['Normal'],['Not Applicable'],['Not Applicable'],['Not Applicable'],['Not Applicable'],['Not Applicable'],False,"['35 to 39', '45 to 49']",3.0
1426,2018-09-23 08:00:00,1430,2018,YONGE ST,WELLINGTON ST E,Major Arterial,North York,43.647772,-79.37733,630864.4264,4834031.1418,At Intersection,Traffic Signal,Clear,Daylight,Dry,168,Downtown Yonge East,75,Church-Yonge Corridor (75),Non-Fatal Injury,0,1,1,0,0,0,0,0,0,1,0,0,0,Cyclist Collisions,"['Driver', 'Cyclist']",North,"['Automobile, Station Wagon', 'Bicycle']","['Going Ahead', 'Slowing or Stopping']",['Failed to Yield Right of Way'],['Unknown'],['Not Applicable'],['Not Applicable'],['Cyclist and Driver travelling in same direction. One vehicle rear-ended the other.'],['Driving Properly'],['Normal'],False,"['unknown', '20 to 24']",3.0
1427,2018-09-23 08:00:00,1735,2018,DANFORTH AVE,GREENWOOD AVE,Major Arterial,Toronto and East York,43.68141,-79.332347,634417.1396,4837839.0143,At/Near Private Drive,No Control,Clear,Daylight,Dry,65,Greenwood-Coxwell,65,Greenwood-Coxwell (65),Non-Fatal Injury,0,1,1,0,0,0,0,0,0,1,0,0,0,Cyclist Collisions,"['Driver', 'Cyclist']",East,"['Automobile, Station Wagon', 'Bicycle']","['Turning Left', 'Going Ahead']",['Failed to Yield Right of Way'],['Inattentive'],['Not Applicable'],['Not Applicable'],['Motorist turned left across cyclists path.'],['Driving Properly'],['Normal'],False,"['45 to 49', '70 to 74']",3.0
1428,2018-09-23 08:00:00,2228,2018,CENTENNIAL PARK BLVD,EGLINTON AVE W,Major Arterial,Etobicoke York,43.65576,-79.598361,613023.6787,4834593.5125,At Intersection,Traffic Signal,Clear,"Dark, artificial",Dry,11,Eringate-Centennial-West Deane,11,Eringate-Centennial-West Deane (11),Non-Fatal Injury,0,1,1,0,0,0,0,0,0,1,0,0,0,Cyclist Collisions,"['Driver', 'Cyclist']",East,"['Automobile, Station Wagon', 'Bicycle']","['Turning Right', 'Going Ahead']",['Failed to Yield Right of Way'],['Normal'],['Not Applicable'],['Not Applicable'],['Motorist turning right on red at signalized intersection strikes cyclist.'],['Driving Properly'],['Normal'],False,"['55 to 59', '35 to 39']",3.0
1429,2018-09-24 08:00:00,1143,2018,DEWHURST BLVD,DANFORTH AVE,Major Arterial,Toronto and East York,43.679942,-79.339397,633852.1495,4837664.5705,At Intersection,No Control,Clear,Daylight,Dry,69,Blake-Jones,69,Blake-Jones (69),Non-Fatal Injury,0,0,1,0,0,0,0,0,0,0,0,0,0,Rear End,['Driver'],North,"['Pick Up Truck', 'Automobile, Station Wagon']","['Other', 'Going Ahead']","['Other', 'Driving Properly']","['Unknown', 'Had Been Drinking']",['Not Applicable'],['Not Applicable'],['Not Applicable'],['Not Applicable'],['Not Applicable'],False,"['30 to 34', '45 to 49']",3.0
1430,2018-09-26 08:00:00,645,2018,DUNDAS ST W,CHESTNUT ST,Major Arterial,Toronto and East York,43.655169,-79.38602,630147.613,4834839.0091,At Intersection,Traffic Signal,Clear,"Dawn, artificial",Dry,170,Yonge-Bay Corridor,76,Bay Street Corridor (76),Non-Fatal Injury,1,0,1,0,0,0,0,0,0,1,0,0,0,Pedestrian Collisions,"['Driver', 'Pedestrian']",East,"['Automobile, Station Wagon']",['Turning Left'],['Failed to Yield Right of Way'],['Normal'],['Crossing with right of way'],['Normal'],['Not Applicable'],['Not Applicable'],['Not Applicable'],False,['55 to 59'],3.0
1431,2018-09-26 08:00:00,709,2018,ST CLAIR AVE E,JEANETTE ST,Minor Arterial,Scarborough,43.719565,-79.247051,641202.6999,4842218.4567,At Intersection,Traffic Signal,Clear,Daylight,Dry,123,Cliffcrest,123,Cliffcrest (123),Fatal,1,0,1,0,0,0,0,0,0,1,1,0,0,Pedestrian Collisions,"['Pedestrian', 'Driver']",East,['Passenger Van'],['Going Ahead'],['Disobeyed Traffic Control'],['Unknown'],['Crossing with right of way'],['Unknown'],['Not Applicable'],['Not Applicable'],['Not Applicable'],True,"['60 to 64', 'unknown']",4.0
1432,2018-09-26 08:00:00,900,2018,MELITA AVE,CHRISTIE ST,Minor Arterial,Toronto and East York,43.674388,-79.42258,627158.8849,4836916.8399,At Intersection,No Control,Clear,Daylight,Dry,94,Wychwood,94,Wychwood (94),Non-Fatal Injury,0,1,1,0,0,0,0,0,0,0,0,0,0,Cyclist Collisions,"['Driver', 'Cyclist']",North,"['Automobile, Station Wagon', 'Bicycle']","['Turning Left', 'Going Ahead']",['Driving Properly'],['Normal'],['Not Applicable'],['Not Applicable'],"['Cyclist without ROW rides into path of motorist at inter, lnwy, dwy-Cyclist not turn.']",['Speed too Fast For Condition'],['Normal'],False,"['35 to 39', '20 to 24']",3.0
1433,2018-09-26 08:00:00,1755,2018,BRIMLEY RD,BRIMWOOD BLVD,Major Arterial,Scarborough,43.810984,-79.279712,638360.8419,4852316.8184,At Intersection,Traffic Signal,Clear,Daylight,Dry,129,Agincourt North,129,Agincourt North (129),Non-Fatal Injury,0,1,1,0,0,0,0,0,0,0,0,0,0,Cyclist Collisions,"['Cyclist', 'Driver']",North,"['Bicycle', 'Automobile, Station Wagon']","['Turning Left', 'Going Ahead']",['Driving Properly'],['Normal'],['Not Applicable'],['Not Applicable'],['Cyclist turned left across motorists path.'],['Failed to Yield Right of Way'],['Inattentive'],False,"['30 to 34', '45 to 49']",3.0
1434,2018-09-26 08:00:00,2053,2018,3850 SHEPPARD AVE E,Not Applicable,Major Arterial,Scarborough,43.782229,-79.292499,637398.2785,4849101.8128,Non Intersection,No Control,Clear,"Dark, artificial",Dry,118,Tam O'Shanter-Sullivan,118,Tam O'Shanter-Sullivan (118),Fatal,1,0,1,0,0,0,0,0,0,1,0,0,0,Pedestrian Collisions,"['Driver', 'Pedestrian']",East,"['Automobile, Station Wagon']",['Going Ahead'],['Failed to Yield Right of Way'],['Unknown'],"['Crossing, no Traffic Control']",['Inattentive'],['Not Applicable'],['Not Applicable'],['Not Applicable'],True,"['unknown', '75 to 79']",4.0