accident_number,date,time,year,street1,street2,road_class,district,latitude,longitude,x,y,accident_location,traffctl,visibility,light,road_surface_condition,hood_158,neighbourhood_new,hood_140,neighbourhood_old,accident_class,pedestrian,cyclist,automobile,motorcycle,truck,trsn_city_veh,emerg_veh,passenger,speeding,aggressive_driving,redlight,alcohol,disability,impact_type,involvement_type,initial_direction,vehicle_type,manoeuver,driver_action,driver_condition,pedestrian_action,pedestrian_condition,cyclist_type,cyclist_action,cyclist_condition,injury,involvement_age,injury_severity_score
1523,2018-11-30 10:00:00,1750,2018,KIPLING AVE,BELFIELD RD,Major Arterial,Etobicoke York,43.70476,-79.563442,615745.2006,4840083.7633,At Intersection,Traffic Signal,Clear,Dark,Dry,1,West Humber-Clairville,1,West Humber-Clairville (1),Non-Fatal Injury,1,0,1,0,0,0,0,0,0,1,0,0,0,Pedestrian Collisions,"['Driver', 'Pedestrian']",North,"['Automobile, Station Wagon']",['Turning Left'],['Failed to Yield Right of Way'],['Inattentive'],['Crossing with right of way'],['Normal'],['Not Applicable'],['Not Applicable'],['Not Applicable'],False,"['45 to 49', '65 to 69']",3.0
1524,2018-12-01 10:00:00,1555,2018,BIRCHMOUNT RD,FOXRIDGE DR,Minor Arterial,Scarborough,43.721755,-79.274471,638988.8866,4842415.3355,At Intersection,Traffic Signal,Clear,Daylight,Dry,124,Kennedy Park,124,Kennedy Park (124),Non-Fatal Injury,0,0,1,0,0,0,0,1,1,1,0,0,0,Turning Movement,"['Driver', 'Passenger']",North,"['Automobile, Station Wagon']","['Going Ahead', 'Turning Left']","['Exceeding Speed Limit', 'Improper Turn']","['Unknown', 'Normal']",['Not Applicable'],['Not Applicable'],['Not Applicable'],['Not Applicable'],['Not Applicable'],False,"['15 to 19', '70 to 74', '55 to 59']",3.0
1525,2018-12-04 10:00:00,1932,2018,MIDLAND AVE,DORCOT AVE,Major Arterial,Scarborough,43.758383,-79.267612,639456.3076,4846494.9515,Non Intersection,No Control,Clear,Dark,Dry,156,Bendale-Glen Andrew,127,Bendale (127),Fatal,1,0,1,0,0,0,0,0,0,1,0,0,0,Pedestrian Collisions,"['Driver', 'Pedestrian']",East,"['Automobile, Station Wagon']",['Going Ahead'],['Driving Properly'],['Normal'],"['Crossing, no Traffic Control']",['Normal'],['Not Applicable'],['Not Applicable'],['Not Applicable'],True,"['50 to 54', '55 to 59']",4.0
1526,2018-12-07 10:00:00,27,2018,BAYVIEW AVE,HOLMES AVE,Major Arterial,North York,43.782843,-79.391666,629417.1588,4849010.1952,At Intersection,No Control,Snow,"Dark, artificial",Wet,52,Bayview Village,52,Bayview Village (52),Non-Fatal Injury,0,0,1,0,0,0,0,0,0,0,0,0,0,Approaching,['Driver'],North,"['Automobile, Station Wagon']",['Going Ahead'],"['Lost control', 'Driving Properly']","['Ability Impaired, Drugs', 'Normal']",['Not Applicable'],['Not Applicable'],['Not Applicable'],['Not Applicable'],['Not Applicable'],False,"['35 to 39', '20 to 24', '25 to 29']",3.0
1527,2018-12-07 10:00:00,300,2018,758 QUEEN ST E,Not Applicable,Minor Arterial,Toronto and East York,43.659239,-79.347896,633212.8774,4835351.5405,Non Intersection,No Control,Drifting Snow,"Dark, artificial",Loose Snow,70,South Riverdale,70,South Riverdale (70),Non-Fatal Injury,0,1,1,0,0,0,0,0,0,0,0,0,0,Cyclist Collisions,"['Driver', 'Cyclist']",South,"['Automobile, Station Wagon', 'Bicycle']",['Going Ahead'],['Other'],['Unknown'],['Not Applicable'],['Not Applicable'],['Cyclist and Driver travelling in same direction. One vehicle sideswipes the other.'],['Driving Properly'],['Normal'],False,"['unknown', '40 to 44']",3.0
1528,2018-12-07 10:00:00,600,2018,MARTIN GROV RD,REXDALE BLVD,Major Arterial,Etobicoke York,43.711745,-79.580135,614386.9292,4840836.3735,Non Intersection,No Control,Clear,"Dark, artificial",Dry,1,West Humber-Clairville,1,West Humber-Clairville (1),Non-Fatal Injury,1,0,1,0,0,0,0,0,0,0,0,0,0,Pedestrian Collisions,"['Driver', 'Pedestrian']",East,"['Automobile, Station Wagon']",['Going Ahead'],['Driving Properly'],['Normal'],"['Crossing, no Traffic Control']",['Inattentive'],['Not Applicable'],['Not Applicable'],['Not Applicable'],False,"['65 to 69', '25 to 29']",3.0
1529,2018-12-07 10:00:00,1520,2018,1750 MIDLAND AVE,Not Applicable,Major Arterial,Scarborough,43.761187,-79.268703,639361.9711,4846804.5422,Non Intersection,No Control,Clear,Daylight,Dry,156,Bendale-Glen Andrew,127,Bendale (127),Non-Fatal Injury,0,0,1,0,0,0,0,1,0,0,0,0,0,Rear End,"['Driver', 'Passenger']",North,"['Automobile, Station Wagon']","['Going Ahead', 'Slowing or Stopping', 'Stopped']","['Other', 'Driving Properly']","['Inattentive', 'Normal']",['Not Applicable'],['Not Applicable'],['Not Applicable'],['Not Applicable'],['Not Applicable'],False,"['45 to 49', '40 to 44', '30 to 34', '10 to 14']",3.0
1530,2018-12-07 10:00:00,1830,2018,FINCH AVE E,WAYSIDE AVE,Major Arterial,Scarborough,43.80044,-79.299564,636788.2163,4851112.731,Intersection Related,No Control,Clear,Dark,Dry,148,East L'Amoreaux,117,L'Amoreaux (117),Fatal,1,0,1,0,0,0,0,0,0,0,0,0,0,Pedestrian Collisions,"['Driver', 'Pedestrian']",North,['Passenger Van'],['Going Ahead'],['Driving Properly'],['Normal'],"['Crossing, no Traffic Control']",['Normal'],['Not Applicable'],['Not Applicable'],['Not Applicable'],True,"['60 to 64', '80 to 84']",4.0
1531,2018-12-08 10:00:00,1601,2018,STEELES AVE W,MARTIN GROVE RD,Major Arterial,Etobicoke York,43.757952,-79.60258,612492.1598,4845937.5866,Non Intersection,No Control,Clear,Daylight,Dry,2,Mount Olive-Silverstone-Jamestown,2,Mount Olive-Silverstone-Jamestown (2),Non-Fatal Injury,0,0,0,0,0,1,0,1,0,0,0,0,0,Other,"['Driver', 'Passenger']",West,['Municipal Transit Bus (TTC)'],['Slowing or Stopping'],['Driving Properly'],['Normal'],['Not Applicable'],['Not Applicable'],['Not Applicable'],['Not Applicable'],['Not Applicable'],False,['50 to 54'],3.0
1532,2018-12-09 10:00:00,49,2018,CENTENNIAL PARK RD,RATHBURN RD,Local,Etobicoke York,43.650893,-79.58118,614418.3512,4834076.5151,At Intersection,No Control,Clear,"Dark, artificial",Dry,11,Eringate-Centennial-West Deane,11,Eringate-Centennial-West Deane (11),Non-Fatal Injury,0,0,1,0,0,0,0,0,0,0,0,0,0,SMV Other,['Driver'],South,"['Automobile, Station Wagon']",['Going Ahead'],['Lost control'],['Had Been Drinking'],['Not Applicable'],['Not Applicable'],['Not Applicable'],['Not Applicable'],['Not Applicable'],False,['25 to 29'],3.0
1533,2018-12-09 10:00:00,1650,2018,176 LAWRENCE AVE E,Not Applicable,Major Arterial,North York,43.726988,-79.392947,629434.4451,4842804.6598,Non Intersection,No Control,Clear,Daylight,Dry,103,Lawrence Park South,103,Lawrence Park South (103),Non-Fatal Injury,0,0,1,0,0,0,0,0,0,1,0,0,0,SMV Unattended Vehicle,"['Driver', 'Other']",West,"['Automobile, Station Wagon']","['Going Ahead', 'Parked']",['Lost control'],['Unknown'],['Not Applicable'],['Not Applicable'],['Not Applicable'],['Not Applicable'],['Not Applicable'],False,"['65 to 69', 'unknown']",3.0
1534,2018-12-10 10:00:00,1617,2018,SHEPPARD AVE E,KENNEDY RD,Major Arterial,North York,43.7834,-79.287288,637814.9082,4849240.533,Non Intersection,No Control,Clear,Daylight,Dry,128,Agincourt South-Malvern West,128,Agincourt South-Malvern West (128),Non-Fatal Injury,1,0,1,0,0,0,0,0,0,0,0,0,0,Pedestrian Collisions,"['Driver', 'Pedestrian']",East,"['Automobile, Station Wagon']",['Going Ahead'],['Driving Properly'],['Normal'],"['Crossing, no Traffic Control']",['Normal'],['Not Applicable'],['Not Applicable'],['Not Applicable'],False,"['50 to 54', '20 to 24']",3.0
1535,2018-12-11 10:00:00,1811,2018,MARLEE AVE,ROMAR CRES,Minor Arterial,North York,43.706256,-79.442699,625470.5702,4840425.5718,At Intersection,No Control,Clear,"Dark, artificial",Wet,31,Yorkdale-Glen Park,31,Yorkdale-Glen Park (31),Non-Fatal Injury,1,0,1,0,0,0,0,1,0,1,0,0,0,Pedestrian Collisions,"['Driver', 'Passenger', 'Pedestrian']",South,['Pick Up Truck'],['Turning Left'],['Failed to Yield Right of Way'],['Normal'],['Crossing with right of way'],['Normal'],['Not Applicable'],['Not Applicable'],['Not Applicable'],False,"['30 to 34', '50 to 54']",3.0
1536,2018-12-12 10:00:00,1538,2018,PROGRESS AVE,SHEPPARD AVE E,Major Arterial,Scarborough,43.794589,-79.234897,642004.1444,4850571.8078,At Intersection,Traffic Signal,Clear,Daylight,Dry,146,Malvern East,132,Malvern (132),Non-Fatal Injury,1,0,0,0,0,1,0,0,0,1,0,0,0,Pedestrian Collisions,"['Driver', 'Pedestrian']",West,['Municipal Transit Bus (TTC)'],['Turning Left'],['Failed to Yield Right of Way'],['Normal'],['Crossing with right of way'],['Normal'],['Not Applicable'],['Not Applicable'],['Not Applicable'],False,['60 to 64'],3.0
1537,2018-12-12 10:00:00,1602,2018,GOSFORD BLVD,SHOREHAM DR,Collector,North York,43.768191,-79.522922,618884.3829,4847186.0526,At Intersection,Stop Sign,Clear,"Dark, artificial",Wet,24,Black Creek,24,Black Creek (24),Non-Fatal Injury,1,0,1,0,0,0,0,0,0,1,0,0,0,Pedestrian Collisions,"['Driver', 'Pedestrian']",East,"['Automobile, Station Wagon']",['Turning Right'],['Failed to Yield Right of Way'],['Inattentive'],['Crossing with right of way'],['Normal'],['Not Applicable'],['Not Applicable'],['Not Applicable'],False,"['50 to 54', '65 to 69']",3.0
1538,2018-12-12 10:00:00,2205,2018,3030 DON MILLS RD W,Not Applicable,Major Arterial,North York,43.785887,-79.353244,632502.1507,4849409.0626,Non Intersection,No Control,Clear,"Dark, artificial",Other,47,Don Valley Village,47,Don Valley Village (47),Non-Fatal Injury,0,0,1,0,0,0,0,1,1,1,0,0,0,SMV Other,"['Driver', 'Passenger']",South,"['Automobile, Station Wagon']",['Going Ahead'],['Speed too Fast For Condition'],['Inattentive'],['Not Applicable'],['Not Applicable'],['Not Applicable'],['Not Applicable'],['Not Applicable'],False,['20 to 24'],3.0
1539,2018-12-13 10:00:00,1737,2018,BATHURST ST,HARBORD ST,Major Arterial,Etobicoke York,43.661441,-79.409732,628222.1617,4835498.6787,At Intersection,Traffic Signal,Clear,Dark,Dry,79,University,79,University (79),Non-Fatal Injury,1,0,1,0,0,0,0,1,0,0,0,0,0,Pedestrian Collisions,"['Driver', 'Passenger', 'Pedestrian']",South,"['Automobile, Station Wagon']",['Going Ahead'],['Driving Properly'],['Normal'],['Crossing without right of way'],['Inattentive'],['Not Applicable'],['Not Applicable'],['Not Applicable'],False,"['55 to 59', '20 to 24', '10 to 14']",3.0
1540,2018-12-15 10:00:00,2000,2018,REXDALE BLVD,QUEENS PLATE DR,Major Arterial,Etobicoke York,43.719145,-79.603442,612495.4151,4841626.3484,At Intersection,Traffic Signal,Clear,"Dark, artificial",Dry,1,West Humber-Clairville,1,West Humber-Clairville (1),Non-Fatal Injury,1,0,1,0,0,0,0,0,0,1,0,0,0,Pedestrian Collisions,"['Driver', 'Pedestrian']",East,"['Automobile, Station Wagon']",['Turning Left'],['Failed to Yield Right of Way'],['Unknown'],['Crossing with right of way'],['Normal'],['Not Applicable'],['Not Applicable'],['Not Applicable'],False,"['unknown', '55 to 59']",3.0
1541,2018-12-18 10:00:00,612,2018,DUFFERIN ST,BRIDGELAND AVE,Major Arterial,North York,43.726924,-79.457614,624226.1538,4842698.5792,At Intersection,Traffic Signal,Clear,"Dark, artificial",Dry,31,Yorkdale-Glen Park,31,Yorkdale-Glen Park (31),Non-Fatal Injury,0,0,1,0,0,0,0,1,0,1,1,0,0,Angle,"['Driver', 'Passenger']",South,"['Delivery Van', 'Automobile, Station Wagon']",['Going Ahead'],"['Disobeyed Traffic Control', 'Driving Properly']","['Inattentive', 'Normal']",['Not Applicable'],['Not Applicable'],['Not Applicable'],['Not Applicable'],['Not Applicable'],False,"['30 to 34', '50 to 54', '70 to 74']",3.0
1542,2018-12-19 10:00:00,1740,2018,85 EDMONTON DR,Not Applicable,Local,North York,43.785544,-79.3399,633576.6173,4849392.4133,Non Intersection,No Control,Clear,"Dark, artificial",Dry,46,Pleasant View,46,Pleasant View (46),Non-Fatal Injury,1,0,1,0,0,0,0,1,0,0,0,0,0,Pedestrian Collisions,"['Driver', 'Passenger', 'Pedestrian']",East,"['Automobile, Station Wagon']",['Reversing'],['Other'],['Normal'],['Other'],['Normal'],['Not Applicable'],['Not Applicable'],['Not Applicable'],False,"['45 to 49', '15 to 19', '65 to 69']",3.0
1543,2018-12-21 10:00:00,710,2018,MCLEVIN AVE,MALVERN ST,Minor Arterial,Scarborough,43.799807,-79.237598,641774.5021,4851146.7198,Intersection Related,No Control,Rain,"Dark, artificial",Wet,145,Malvern West,132,Malvern (132),Non-Fatal Injury,1,0,1,0,0,0,0,0,0,0,0,0,0,Pedestrian Collisions,"['Driver', 'Pedestrian']",East,"['Automobile, Station Wagon']",['Going Ahead'],['Driving Properly'],['Normal'],['Crossing without right of way'],['Normal'],['Not Applicable'],['Not Applicable'],['Not Applicable'],False,"['45 to 49', '20 to 24']",3.0
1544,2018-12-22 10:00:00,623,2018,DAVENPORT  RD,HAZELTON  AVE,Major Arterial,Toronto and East York,43.67512,-79.394153,629448.8896,4837042.1095,Non Intersection,No Control,Clear,"Dawn, artificial",Dry,95,Annex,95,Annex (95),Fatal,1,0,1,0,0,0,0,0,1,1,0,0,0,Pedestrian Collisions,"['Pedestrian', 'Driver']",Unknown,"['Automobile, Station Wagon']",['Going Ahead'],['Lost control'],['Inattentive'],['Other'],['Normal'],['Not Applicable'],['Not Applicable'],['Not Applicable'],True,"['50 to 54', '55 to 59']",4.0
1545,2018-12-22 10:00:00,1205,2018,ISLINGTON AVE,JUTLAND RD,Major Arterial,Etobicoke York,43.628871,-79.516948,619641.9743,4831721.2591,At Intersection,Traffic Signal,Clear,Daylight,Dry,16,Stonegate-Queensway,16,Stonegate-Queensway (16),Non-Fatal Injury,0,0,1,0,0,0,0,1,0,1,0,0,0,Rear End,"['Driver', 'Passenger']",North,"['Automobile, Station Wagon']","['Going Ahead', 'Stopped']","['Following too Close', 'Driving Properly']",['Normal'],['Not Applicable'],['Not Applicable'],['Not Applicable'],['Not Applicable'],['Not Applicable'],False,"['40 to 44', '55 to 59', '20 to 24']",3.0
1546,2018-12-22 10:00:00,1514,2018,QUEEN ST W,PETER ST,Major Arterial,Toronto and East York,43.649039,-79.394717,629459.47,4834144.5878,Non Intersection,No Control,Clear,Daylight,Dry,164,Wellington Place,77,Waterfront Communities-The Island (77),Non-Fatal Injury,1,0,1,0,0,0,0,0,0,0,0,0,0,Pedestrian Collisions,"['Driver', 'Pedestrian']",North,"['Automobile, Station Wagon']",['Going Ahead'],['Driving Properly'],['Normal'],"['Crossing, no Traffic Control']",['Normal'],['Not Applicable'],['Not Applicable'],['Not Applicable'],False,"['35 to 39', '25 to 29']",3.0
1547,2018-12-24 10:00:00,2050,2018,FINCH AVE W,MARTIN GROVE RD,Major Arterial,Etobicoke York,43.736979,-79.59064,613492.9626,4843624.5192,Non Intersection,No Control,Clear,"Dark, artificial",Dry,2,Mount Olive-Silverstone-Jamestown,2,Mount Olive-Silverstone-Jamestown (2),Non-Fatal Injury,0,0,1,0,0,0,0,1,0,1,0,1,0,Approaching,"['Passenger', 'Driver']",East,"['Automobile, Station Wagon']",['Going Ahead'],"['Lost control', 'Driving Properly']","['Ability Impaired, Alcohol Over .08', 'Normal']",['Not Applicable'],['Not Applicable'],['Not Applicable'],['Not Applicable'],['Not Applicable'],False,"['10 to 14', '0 to 4', '35 to 39', '25 to 29', '40 to 44']",3.0
1548,2018-12-25 10:00:00,2130,2018,COSBURN AVE,WOODMOUNT AVE,Minor Arterial,Toronto and East York,43.695811,-79.319873,635390.1817,4839458.7393,At Intersection,Stop Sign,Clear,"Dark, artificial",Wet,59,Danforth East York,59,Danforth East York (59),Non-Fatal Injury,0,0,1,0,0,0,1,1,1,1,0,0,0,Angle,"['Driver', 'Other', 'Passenger']",North,"['Automobile, Station Wagon', 'Police Vehicle', 'Pick Up Truck']","['Going Ahead', 'Parked']","['Failed to Yield Right of Way', 'Driving Properly']",['Normal'],['Not Applicable'],['Not Applicable'],['Not Applicable'],['Not Applicable'],['Not Applicable'],False,"['50 to 54', '30 to 34', 'unknown', '80 to 84', '75 to 79', '55 to 59', '40 to 44']",3.0
1549,2018-12-26 10:00:00,1853,2018,4968 DUNDAS ST W,Not Applicable,Major Arterial,Etobicoke York,43.647521,-79.529773,618570.6494,4833774.1726,Non Intersection,No Control,Clear,"Dark, artificial",Dry,159,Etobicoke City Centre,14,Islington-City Centre West (14),Fatal,1,0,1,0,0,0,0,0,0,0,0,0,0,Pedestrian Collisions,"['Driver', 'Pedestrian']",North,"['Automobile, Station Wagon']",['Changing Lanes'],['Other'],['Had Been Drinking'],"['Crossing, no Traffic Control']",['Normal'],['Not Applicable'],['Not Applicable'],['Not Applicable'],True,"['40 to 44', '75 to 79']",4.0
1550,2018-12-31 10:00:00,650,2018,BRIMLEY RD,PROGRESS AVE,Major Arterial,Scarborough,43.77521,-79.263149,639776.3803,4848371.3757,At Intersection,Traffic Signal,Clear,"Dark, artificial",Wet,156,Bendale-Glen Andrew,127,Bendale (127),Non-Fatal Injury,0,0,1,0,0,0,0,1,0,1,1,0,0,Angle,"['Driver', 'Passenger']",South,"['Automobile, Station Wagon']",['Going Ahead'],"['Disobeyed Traffic Control', 'Driving Properly']",['Normal'],['Not Applicable'],['Not Applicable'],['Not Applicable'],['Not Applicable'],['Not Applicable'],False,"['60 to 64', '20 to 24', '55 to 59']",3.0
1551,2019-01-01 10:00:00,438,2019,ST CLAIR AVE W,DUFFERIN ST,Major Arterial,Etobicoke York,43.67789,-79.443042,625502.0871,4837274.6195,Intersection Related,Traffic Signal,Clear,"Dark, artificial",Wet,92,Corso Italia-Davenport,92,Corso Italia-Davenport (92),Non-Fatal Injury,1,0,0,0,0,0,0,0,0,0,0,0,0,Pedestrian Collisions,"['Driver', 'Pedestrian']",South,[],['Going Ahead'],['Other'],['Unknown'],['Other'],['Normal'],['Not Applicable'],['Not Applicable'],['Not Applicable'],False,"['unknown', '30 to 34']",3.0
1552,2019-01-02 10:00:00,1405,2019,LEXINGTON AVE,SILVERSTONE DR,Local,Etobicoke York,43.744177,-79.601718,612587.3757,4844408.8453,Non Intersection,No Control,Clear,Daylight,Dry,1,West Humber-Clairville,1,West Humber-Clairville (1),Fatal,0,0,1,0,0,0,0,1,0,1,0,0,0,SMV Other,"['Passenger', 'Driver']",West,"['Automobile, Station Wagon']",['Going Ahead'],['Lost control'],['Unknown'],['Not Applicable'],['Not Applicable'],['Not Applicable'],['Not Applicable'],['Not Applicable'],True,"['50 to 54', 'unknown']",4.0
1553,2019-01-04 10:00:00,1325,2019,BATHURST ST,BAINBRIDGE AVE,Major Arterial,North York,43.750693,-79.437297,625812.739,4845369.1298,At Intersection,Traffic Signal,Clear,Daylight,Dry,38,Lansing-Westgate,38,Lansing-Westgate (38),Non-Fatal Injury,1,0,1,0,0,0,0,0,0,1,0,0,0,Pedestrian Collisions,"['Driver', 'Pedestrian']",East,"['Automobile, Station Wagon']",['Turning Left'],['Failed to Yield Right of Way'],['Normal'],['Crossing with right of way'],['Normal'],['Not Applicable'],['Not Applicable'],['Not Applicable'],False,"['35 to 39', '30 to 34']",3.0
1554,2019-01-04 10:00:00,1920,2019,COLLEGE ST,ELIZABETH ST,Major Arterial,Toronto and East York,43.660441,-79.387386,630026.0809,4835422.3928,At Intersection,Traffic Signal,Clear,"Dark, artificial",Dry,170,Yonge-Bay Corridor,76,Bay Street Corridor (76),Non-Fatal Injury,1,0,1,0,0,0,0,0,0,1,0,0,0,Pedestrian Collisions,"['Driver', 'Pedestrian']",East,"['Automobile, Station Wagon']",['Turning Left'],['Failed to Yield Right of Way'],['Inattentive'],['Crossing with right of way'],['Normal'],['Not Applicable'],['Not Applicable'],['Not Applicable'],False,"['45 to 49', '60 to 64']",3.0
1555,2019-01-07 10:00:00,2012,2019,CLOSE  AVE,QUEEN  ST W,Local,Toronto and East York,43.639567,-79.435504,626189.964,4833029.7808,Non Intersection,No Control,Rain,"Dark, artificial",Wet,85,South Parkdale,85,South Parkdale (85),Fatal,1,0,1,0,0,0,0,0,1,1,0,0,0,Pedestrian Collisions,"['Driver', 'Wheelchair']",South,"['Automobile, Station Wagon']",['Going Ahead'],['Following too Close'],['Normal'],['Other'],['Normal'],['Not Applicable'],['Not Applicable'],['Not Applicable'],True,"['65 to 69', '60 to 64']",4.0
1556,2019-01-08 10:00:00,1838,2019,O CONNOR DR,ST CLAIR AVE E,Major Arterial,Toronto and East York,43.70674,-79.311771,636018.3576,4840685.8219,Non Intersection,No Control,Rain,"Dark, artificial",Wet,54,O'Connor-Parkview,54,O'Connor-Parkview (54),Fatal,1,0,1,0,0,0,0,0,0,0,0,0,0,Pedestrian Collisions,"['Pedestrian', 'Driver']",South,['Delivery Van'],['Going Ahead'],['Driving Properly'],['Normal'],"['Crossing, no Traffic Control']",['Inattentive'],['Not Applicable'],['Not Applicable'],['Not Applicable'],True,"['65 to 69', '55 to 59']",4.0
1557,2019-01-08 10:00:00,2110,2019,HALFWAY AVE,MORNINGSIDE AVE,Minor Arterial,Scarborough,43.817847,-79.213687,643654.7617,4853191.6,At Intersection,No Control,Rain,"Dark, artificial",Wet,146,Malvern East,132,Malvern (132),Non-Fatal Injury,1,0,1,0,0,0,0,0,0,0,0,0,0,Pedestrian Collisions,"['Driver', 'Pedestrian']",East,"['Automobile, Station Wagon']",['Turning Right'],['Driving Properly'],['Normal'],['Crossing without right of way'],['Normal'],['Not Applicable'],['Not Applicable'],['Not Applicable'],False,"['70 to 74', '45 to 49']",3.0
1558,2019-01-09 10:00:00,1853,2019,3825 SHEPPARD AVE E,Not Applicable,Major Arterial,Scarborough,43.782298,-79.292247,637418.3985,4849109.8946,Non Intersection,No Control,Clear,"Dark, artificial",Dry,118,Tam O'Shanter-Sullivan,118,Tam O'Shanter-Sullivan (118),Non-Fatal Injury,1,0,1,0,0,0,0,0,1,1,0,0,0,Pedestrian Collisions,"['Driver', 'Pedestrian']",East,"['Automobile, Station Wagon']",['Going Ahead'],['Other'],['Unknown'],"['Crossing, no Traffic Control']",['Normal'],['Not Applicable'],['Not Applicable'],['Not Applicable'],False,"['unknown', '85 to 89']",3.0
1559,2019-01-11 10:00:00,1836,2019,ELLESMERE RD,MILITARY TRL,Major Arterial,Scarborough,43.786505,-79.188281,645774.1435,4849754.9913,At Intersection,Traffic Signal,Clear,"Dark, artificial",Dry,134,Highland Creek,134,Highland Creek (134),Non-Fatal Injury,1,0,1,0,0,0,0,0,0,0,0,0,0,Pedestrian Collisions,"['Driver', 'Pedestrian']",East,"['Automobile, Station Wagon']",['Going Ahead'],['Driving Properly'],['Normal'],['Crossing without right of way'],['Inattentive'],['Not Applicable'],['Not Applicable'],['Not Applicable'],False,"['50 to 54', '20 to 24']",3.0
1560,2019-01-12 10:00:00,2213,2019,MCCOWAN  RD,BRIMORTON  DR,Major Arterial,Scarborough,43.764414,-79.248561,640975.7542,4847197.0439,Non Intersection,No Control,Clear,"Dark, artificial",Dry,156,Bendale-Glen Andrew,127,Bendale (127),Fatal,0,0,1,0,0,0,0,0,1,1,0,0,0,Sideswipe,['Driver'],South,"['Automobile, Station Wagon']","['Changing Lanes', 'Going Ahead']",['Lost control'],['Inattentive'],['Not Applicable'],['Not Applicable'],['Not Applicable'],['Not Applicable'],['Not Applicable'],True,"['40 to 44', '30 to 34']",4.0
1561,2019-01-14 10:00:00,1900,2019,MURISON BLVD,MILNER AVE,Minor Arterial,Scarborough,43.79893,-79.202266,644618.8963,4851110.4533,At Intersection,Traffic Signal,Clear,"Dark, artificial",Dry,146,Malvern East,132,Malvern (132),Non-Fatal Injury,1,0,1,0,0,0,0,1,0,1,0,0,0,Pedestrian Collisions,"['Driver', 'Pedestrian', 'Passenger']",North,"['Automobile, Station Wagon']",['Turning Left'],['Failed to Yield Right of Way'],['Inattentive'],['Crossing with right of way'],['Normal'],['Not Applicable'],['Not Applicable'],['Not Applicable'],False,"['20 to 24', '25 to 29', '0 to 4']",3.0
1562,2019-01-15 10:00:00,555,2019,155 UNIVERSITY AVE,Not Applicable,Major Arterial,Toronto and East York,43.648467,-79.38531,630219.35,4834095.7778,Laneway,No Control,Clear,"Dark, artificial",Dry,170,Yonge-Bay Corridor,76,Bay Street Corridor (76),Fatal,1,0,0,0,1,0,0,0,0,0,0,0,0,Pedestrian Collisions,"['Pedestrian', 'Driver']",Unknown,"['Truck - Closed (Blazer, etc)']",['Reversing'],['Other'],['Normal'],['Other'],['Normal'],['Not Applicable'],['Not Applicable'],['Not Applicable'],True,"['55 to 59', '25 to 29']",4.0
1563,2019-01-16 10:00:00,1303,2019,ALLEN X S LAWRENCE E RAMP,LAWRENCE AVE W,Major Arterial,North York,43.715869,-79.444942,625269.8229,4841489.8381,At Intersection,Traffic Signal,Clear,Daylight,Dry,31,Yorkdale-Glen Park,31,Yorkdale-Glen Park (31),Fatal,1,0,0,0,1,0,0,0,0,0,0,0,0,Pedestrian Collisions,"['Pedestrian', 'Driver']",South,['Truck - Dump'],['Turning Right'],['Improper Turn'],['Unknown'],['Crossing with right of way'],['Normal'],['Not Applicable'],['Not Applicable'],['Not Applicable'],True,"['40 to 44', 'unknown']",4.0
1564,2019-01-16 10:00:00,1332,2019,2350 DUFFERIN ST,Not Applicable,Major Arterial,Toronto and East York,43.69525,-79.450084,624898.4118,4839192.0523,Non Intersection,No Control,Clear,Daylight,Dry,107,Oakwood Village,107,Oakwood Village (107),Fatal,1,0,0,0,1,0,0,0,0,0,0,0,0,Pedestrian Collisions,"['Pedestrian', 'Driver']",East,['Truck (other)'],['Going Ahead'],['Driving Properly'],['Normal'],"['Crossing, no Traffic Control']",['Had Been Drinking'],['Not Applicable'],['Not Applicable'],['Not Applicable'],True,"['75 to 79', '25 to 29']",4.0
1565,2019-01-17 10:00:00,1900,2019,DANFORTH RD,PATTERSON AVE,Minor Arterial,Scarborough,43.694689,-79.27637,638898.429,4839406.0825,At Intersection,No Control,Clear,"Dark, artificial",Dry,121,Oakridge,121,Oakridge (121),Non-Fatal Injury,1,0,1,0,0,0,0,0,0,1,0,0,0,Pedestrian Collisions,"['Driver', 'Pedestrian']",North,"['Automobile, Station Wagon']",['Turning Left'],['Failed to Yield Right of Way'],['Unknown'],['Crossing with right of way'],['Normal'],['Not Applicable'],['Not Applicable'],['Not Applicable'],False,"['unknown', '65 to 69']",3.0
1566,2019-01-17 10:00:00,2122,2019,LENNOX  ST,BATHURST  ST,Major Arterial,Toronto and East York,43.663756,-79.410678,628140.9604,4835754.3286,At Intersection,Traffic Signal,Clear,"Dark, artificial",Dry,79,University,79,University (79),Fatal,1,0,0,0,1,0,0,0,0,1,0,0,0,Pedestrian Collisions,"['Pedestrian', 'Driver']",East,"['Truck - Closed (Blazer, etc)']",['Turning Right'],['Failed to Yield Right of Way'],['Unknown'],['Other'],['Had Been Drinking'],['Not Applicable'],['Not Applicable'],['Not Applicable'],True,"['65 to 69', '55 to 59']",4.0
1567,2019-01-19 10:00:00,530,2019,MILLWOOD RD,LAIRD DR,Major Arterial,North York,43.702204,-79.359363,632193.8626,4840105.046,Non Intersection,No Control,Clear,"Dark, artificial",Dry,56,Leaside-Bennington,56,Leaside-Bennington (56),Fatal,0,0,1,0,0,0,0,1,1,1,0,0,0,SMV Other,"['Driver', 'Passenger']",South,"['Automobile, Station Wagon']",['Going Ahead'],['Speed too Fast For Condition'],['Unknown'],['Not Applicable'],['Not Applicable'],['Not Applicable'],['Not Applicable'],['Not Applicable'],True,['20 to 24'],4.0