accident_number,date,time,year,street1,street2,road_class,district,latitude,longitude,x,y,accident_location,traffctl,visibility,light,road_surface_condition,hood_158,neighbourhood_new,hood_140,neighbourhood_old,accident_class,pedestrian,cyclist,automobile,motorcycle,truck,trsn_city_veh,emerg_veh,passenger,speeding,aggressive_driving,redlight,alcohol,disability,impact_type,involvement_type,initial_direction,vehicle_type,manoeuver,driver_action,driver_condition,pedestrian_action,pedestrian_condition,cyclist_type,cyclist_action,cyclist_condition,injury,involvement_age,injury_severity_score
1655,2019-05-10 08:00:00,124,2019,BRIMLEY RD,MCNICOLL AVE,Major Arterial,Scarborough,43.816447,-79.282207,638147.5718,4852919.4042,Non Intersection,No Control,Rain,"Dark, artificial",Wet,130,Milliken,130,Milliken (130),Fatal,0,0,1,0,0,0,0,1,1,1,0,0,0,SMV Other,"['Driver', 'Passenger']",South,"['Automobile, Station Wagon']",['Going Ahead'],['Lost control'],['Unknown'],['Not Applicable'],['Not Applicable'],['Not Applicable'],['Not Applicable'],['Not Applicable'],True,"['15 to 19', '10 to 14']",4.0
1656,2019-05-10 08:00:00,2200,2019,DANFORTH AVE,CHESTER AVE,Major Arterial,Toronto and East York,43.677485,-79.351924,632847.8277,4837371.5461,Intersection Related,No Control,Clear,"Dark, artificial",Dry,68,North Riverdale,68,North Riverdale (68),Non-Fatal Injury,0,0,1,0,0,0,0,1,0,1,0,0,1,Turning Movement,"['Driver', 'Other', 'Passenger']",East,"['Automobile, Station Wagon']","['Going Ahead', 'Making U Turn', 'Parked']","['Lost control', 'Driving Properly']","['Medical or Physical Disability', 'Normal']",['Not Applicable'],['Not Applicable'],['Not Applicable'],['Not Applicable'],['Not Applicable'],False,"['30 to 34', '25 to 29', '15 to 19', '45 to 49']",3.0
1657,2019-05-12 08:00:00,2045,2019,LAKE SHORE BLVD W,KIPLING AVE,Major Arterial,Etobicoke York,43.598124,-79.51691,619706.0255,4828306.4875,At Intersection,Traffic Signal,Rain,"Dark, artificial",Wet,18,New Toronto,18,New Toronto (18),Non-Fatal Injury,1,0,1,0,0,0,0,0,0,0,0,0,0,Pedestrian Collisions,"['Driver', 'Pedestrian']",East,"['Automobile, Station Wagon']",['Going Ahead'],['Driving Properly'],['Normal'],['Person Getting on/off Vehicle'],['Normal'],['Not Applicable'],['Not Applicable'],['Not Applicable'],False,"['40 to 44', '15 to 19']",3.0
1658,2019-05-15 08:00:00,1559,2019,91 ANNETTE ST,Not Applicable,Minor Arterial,Toronto and East York,43.663405,-79.462817,623937.8748,4835636.1366,At/Near Private Drive,No Control,Clear,Daylight,Dry,90,Junction Area,90,Junction Area (90),Non-Fatal Injury,0,1,1,0,0,0,0,0,0,1,0,0,0,Cyclist Collisions,"['Driver', 'Cyclist']",East,"['Automobile, Station Wagon', 'Bicycle']","['Turning Left', 'Going Ahead']",['Failed to Yield Right of Way'],['Inattentive'],['Not Applicable'],['Not Applicable'],['Motorist turned left across cyclists path.'],['Driving Properly'],['Normal'],False,"['25 to 29', '40 to 44']",3.0
1659,2019-05-17 08:00:00,2100,2019,DUFFERIN ST,QUEEN ST W,Major Arterial,Toronto and East York,43.642134,-79.4286,626741.4385,4833325.3986,At Intersection,Traffic Signal,Clear,"Dark, artificial",Dry,85,South Parkdale,85,South Parkdale (85),Non-Fatal Injury,0,0,1,1,0,0,0,0,0,1,0,0,0,Turning Movement,"['Driver', 'Motorcycle Driver']",North,"['Automobile, Station Wagon', 'Motorcycle']","['Turning Left', 'Going Ahead']","['Improper Turn', 'Driving Properly']","['Inattentive', 'Normal']",['Not Applicable'],['Not Applicable'],['Not Applicable'],['Not Applicable'],['Not Applicable'],False,"['65 to 69', '30 to 34']",3.0
1660,2019-05-19 08:00:00,1154,2019,KING ST W,JAMESON AVE,Major Arterial,Toronto and East York,43.637103,-79.435993,626155.678,4832755.3788,At Intersection,Traffic Signal,Clear,Daylight,Dry,85,South Parkdale,85,South Parkdale (85),Non-Fatal Injury,1,0,1,0,0,0,0,0,0,1,0,0,0,Pedestrian Collisions,"['Driver', 'Pedestrian']",East,"['Automobile, Station Wagon']","['Turning Left', 'Going Ahead']","['Failed to Yield Right of Way', 'Driving Properly']","['Inattentive', 'Normal']",['Crossing with right of way'],['Normal'],['Not Applicable'],['Not Applicable'],['Not Applicable'],False,"['25 to 29', '65 to 69', '55 to 59']",3.0
1661,2019-05-20 08:00:00,920,2019,QUEENS QUAY W,YORK ST,Minor Arterial,Toronto and East York,43.639891,-79.380161,630653.1941,4833151.394,At Intersection,Traffic Signal,Clear,Daylight,Dry,166,St Lawrence-East Bayfront-The Islands,77,Waterfront Communities-The Island (77),Non-Fatal Injury,1,0,0,0,0,1,0,0,0,0,0,0,0,Pedestrian Collisions,"['Driver', 'Pedestrian']",North,['Street Car'],['Going Ahead'],['Driving Properly'],['Normal'],['Crossing without right of way'],['Inattentive'],['Not Applicable'],['Not Applicable'],['Not Applicable'],False,"['45 to 49', '30 to 34']",3.0
1662,2019-05-21 08:00:00,1143,2019,QUEEN ST W,SHAW ST,Major Arterial,Toronto and East York,43.644652,-79.416263,627731.1541,4833623.9682,At Intersection,Traffic Signal,Clear,Daylight,Dry,162,West Queen West,82,Niagara (82),Non-Fatal Injury,1,0,1,0,0,0,0,0,0,1,0,0,0,Pedestrian Collisions,"['Driver', 'Pedestrian']",North,"['Automobile, Station Wagon']",['Turning Left'],['Failed to Yield Right of Way'],['Inattentive'],['Crossing with right of way'],['Normal'],['Not Applicable'],['Not Applicable'],['Not Applicable'],False,"['75 to 79', '80 to 84']",3.0
1663,2019-05-22 08:00:00,724,2019,KENNEDY RD,FINCH AVE E,Major Arterial,Scarborough,43.801196,-79.296558,637028.3022,4851201.67,At Intersection,Traffic Signal,Clear,Daylight,Dry,148,East L'Amoreaux,117,L'Amoreaux (117),Non-Fatal Injury,0,0,1,1,0,0,0,0,0,1,1,0,0,Angle,"['Motorcycle Driver', 'Driver']",East,"['Motorcycle', 'Automobile, Station Wagon']",['Going Ahead'],"['Disobeyed Traffic Control', 'Driving Properly']",['Normal'],['Not Applicable'],['Not Applicable'],['Not Applicable'],['Not Applicable'],['Not Applicable'],False,"['20 to 24', '35 to 39']",3.0
1664,2019-05-22 08:00:00,1439,2019,RICHMOND ST W,AUGUSTA AVE,Major Arterial,Toronto and East York,43.647265,-79.399349,629089.7146,4833940.3464,At Intersection,No Control,Clear,Daylight,Dry,164,Wellington Place,77,Waterfront Communities-The Island (77),Non-Fatal Injury,1,0,0,0,1,0,0,0,0,0,0,0,0,Pedestrian Collisions,"['Truck Driver', 'Pedestrian']",North,['Truck - Tank'],['Going Ahead'],['Driving Properly'],['Unknown'],"['Crossing, no Traffic Control']",['Inattentive'],['Not Applicable'],['Not Applicable'],['Not Applicable'],False,"['35 to 39', '45 to 49']",3.0
1665,2019-05-23 08:00:00,1535,2019,350 QUEENS QUAY W,Not Applicable,Minor Arterial,Toronto and East York,43.638205,-79.388637,629973.1636,4832950.8344,At Intersection,Traffic Signal,Clear,Daylight,Dry,165,Harbourfront-CityPlace,77,Waterfront Communities-The Island (77),Non-Fatal Injury,0,0,1,0,0,1,0,1,1,1,0,0,0,Approaching,"['Driver', 'Passenger']",East,"['Street Car', 'Automobile, Station Wagon']",['Going Ahead'],"['Driving Properly', 'Other']","['Normal', 'Unknown']",['Not Applicable'],['Not Applicable'],['Not Applicable'],['Not Applicable'],['Not Applicable'],False,"['30 to 34', '25 to 29']",3.0
1666,2019-05-23 08:00:00,1730,2019,QUEEN ST E,CARROLL ST,Major Arterial,North York,43.658259,-79.352199,632868.0745,4835235.7987,At Intersection,Pedestrian Crossover,Clear,Daylight,Dry,70,South Riverdale,70,South Riverdale (70),Non-Fatal Injury,1,0,1,0,0,0,0,0,0,1,0,0,0,Pedestrian Collisions,"['Driver', 'Pedestrian']",South,"['Automobile, Station Wagon']",['Going Ahead'],['Failed to Yield Right of Way'],['Inattentive'],['Crossing with right of way'],['Normal'],['Not Applicable'],['Not Applicable'],['Not Applicable'],False,['70 to 74'],3.0
1667,2019-05-24 08:00:00,1100,2019,KING ST E,BRIGHT ST,Major Arterial,Toronto and East York,43.655188,-79.358905,632334.0858,4834884.0063,At Intersection,Stop Sign,Clear,Daylight,Dry,73,Moss Park,73,Moss Park (73),Non-Fatal Injury,0,1,1,0,0,0,0,0,0,1,0,0,0,Cyclist Collisions,"['Driver', 'Cyclist']",East,"['Automobile, Station Wagon', 'Bicycle']","['Turning Right', 'Going Ahead']",['Failed to Yield Right of Way'],['Normal'],['Not Applicable'],['Not Applicable'],"['Motorist turns right at non-signal Inter.(stop, yield, no cont.,and dwy) and strikes cyclist.']",['Driving Properly'],['Normal'],False,"['50 to 54', '55 to 59']",3.0
1668,2019-05-26 08:00:00,910,2019,SIMCOE ST,PEARL ST,Collector,Toronto and East York,43.647936,-79.386333,630137.9943,4834035.1986,At Intersection,No Control,Clear,Daylight,Dry,170,Yonge-Bay Corridor,76,Bay Street Corridor (76),Non-Fatal Injury,0,1,1,0,0,0,0,0,0,1,0,0,0,Cyclist Collisions,"['Driver', 'Cyclist']",South,"['Automobile, Station Wagon', 'Bicycle']","['Turning Right', 'Going Ahead']",['Failed to Yield Right of Way'],['Inattentive'],['Not Applicable'],['Not Applicable'],"['Motorist turns right at non-signal Inter.(stop, yield, no cont.,and dwy) and strikes cyclist.']",['Driving Properly'],['Normal'],False,"['unknown', '20 to 24']",3.0
1669,2019-05-26 08:00:00,1757,2019,CARLTON ST,BERKELEY ST,Minor Arterial,Toronto and East York,43.663993,-79.369281,631478.16,4835845.4229,At Intersection,Stop Sign,Clear,Daylight,Dry,73,Moss Park,71,Cabbagetown-South St.James Town (71),Non-Fatal Injury,0,1,1,0,0,0,0,0,0,1,0,0,0,Cyclist Collisions,"['Driver', 'Cyclist']",East,"['Automobile, Station Wagon', 'Bicycle']","['Turning Left', 'Going Ahead']","['Failed to Yield Right of Way', 'Driving Properly']","['Inattentive', 'Normal']",['Not Applicable'],['Not Applicable'],['Motorist loses control and strikes cyclist.'],['Driving Properly'],['Normal'],False,"['25 to 29', '60 to 64', '30 to 34']",3.0
1670,2019-05-26 08:00:00,1914,2019,NORTH QUEEN ST,INDEX RD,Minor Arterial,Etobicoke York,43.619403,-79.553706,616694.8959,4830617.4062,At Intersection,Traffic Signal,Clear,Daylight,Dry,159,Etobicoke City Centre,14,Islington-City Centre West (14),Non-Fatal Injury,1,0,1,0,0,0,0,1,0,1,0,0,0,Pedestrian Collisions,"['Driver', 'Passenger', 'Pedestrian']",North,['Passenger Van'],['Turning Left'],['Failed to Yield Right of Way'],['Inattentive'],['Crossing with right of way'],['Normal'],['Not Applicable'],['Not Applicable'],['Not Applicable'],False,"['80 to 84', '35 to 39', '5 to 9', '15 to 19']",3.0
1671,2019-05-29 08:00:00,1328,2019,14 PLYMBRIDGE RD,Not Applicable,Local,North York,43.739615,-79.399722,628861.6862,4844196.5121,Non Intersection,No Control,Clear,Daylight,Dry,41,Bridle Path-Sunnybrook-York Mills,41,Bridle Path-Sunnybrook-York Mills (41),Fatal,0,0,0,0,1,0,0,1,0,0,0,0,0,SMV Other,"['Driver', 'Passenger']",South,['Truck (other)'],['Reversing'],['Other'],['Normal'],['Not Applicable'],['Not Applicable'],['Not Applicable'],['Not Applicable'],['Not Applicable'],True,"['20 to 24', '25 to 29']",4.0
1672,2019-05-30 08:00:00,2236,2019,LAKE SHORE BLVD W,ONTARIO DR,Major Arterial,Toronto and East York,43.630351,-79.419742,627480.8023,4832030.3108,At Intersection,Traffic Signal,Clear,"Dark, artificial",Dry,163,Fort York-Liberty Village,82,Niagara (82),Non-Fatal Injury,0,0,1,1,0,0,0,1,0,1,0,0,0,Turning Movement,"['Driver', 'Motorcycle Driver', 'Passenger']",West,"['Passenger Van', 'Motorcycle']","['Turning Right', 'Going Ahead']","['Improper Turn', 'Driving Properly']","['Inattentive', 'Normal']",['Not Applicable'],['Not Applicable'],['Not Applicable'],['Not Applicable'],['Not Applicable'],False,['20 to 24'],3.0
1673,2019-05-31 08:00:00,2123,2019,WOODBINE AVE,GERRARD ST E,Major Arterial,Toronto and East York,43.68072,-79.310718,636162.0738,4837797.6629,At Intersection,Traffic Signal,Clear,Daylight,Dry,62,East End-Danforth,62,East End-Danforth (62),Non-Fatal Injury,0,0,1,1,0,0,0,1,1,1,1,0,0,Turning Movement,"['Motorcycle Driver', 'Driver', 'Motorcycle Passenger']",North,"['Motorcycle', 'Automobile, Station Wagon']","['Going Ahead', 'Turning Left']","['Disobeyed Traffic Control', 'Driving Properly']",['Normal'],['Not Applicable'],['Not Applicable'],['Not Applicable'],['Not Applicable'],['Not Applicable'],False,"['35 to 39', '45 to 49']",3.0
1674,2019-06-01 08:00:00,45,2019,BLACK CREEK DR,LAWRENCE AVE W,Major Arterial,Etobicoke York,43.704878,-79.494052,621335.8423,4840196.0849,At Intersection,Traffic Signal,Clear,"Dark, artificial",Dry,30,Brookhaven-Amesbury,30,Brookhaven-Amesbury (30),Non-Fatal Injury,0,0,1,0,0,0,0,0,1,1,0,1,0,Rear End,['Driver'],North,"['Automobile, Station Wagon']","['Going Ahead', 'Stopped']","['Speed too Fast For Condition', 'Driving Properly']","['Ability Impaired, Alcohol', 'Normal']",['Not Applicable'],['Not Applicable'],['Not Applicable'],['Not Applicable'],['Not Applicable'],False,"['35 to 39', '55 to 59']",3.0
1675,2019-06-01 08:00:00,1515,2019,BLOOR ST W,KEELE ST,Major Arterial,North York,43.654635,-79.460002,624182.9188,4834666.3225,At Intersection,Traffic Signal,Clear,Daylight,Dry,87,High Park-Swansea,87,High Park-Swansea (87),Non-Fatal Injury,0,1,1,0,0,0,0,0,0,1,0,0,0,Cyclist Collisions,"['Driver', 'Cyclist']",East,"['Automobile, Station Wagon', 'Bicycle']","['Turning Left', 'Going Ahead']",['Failed to Yield Right of Way'],['Normal'],['Not Applicable'],['Not Applicable'],['Motorist turned left across cyclists path.'],['Driving Properly'],['Normal'],False,"['60 to 64', '30 to 34']",3.0
1676,2019-06-01 08:00:00,1827,2019,DUNDAS ST W,ANNETTE ST,Major Arterial,Toronto and East York,43.664412,-79.458736,624264.8374,4835754.0816,At Intersection,Traffic Signal,Clear,Daylight,Dry,90,Junction Area,90,Junction Area (90),Non-Fatal Injury,0,1,1,0,0,0,0,0,0,0,0,0,0,Cyclist Collisions,"['Cyclist', 'Driver']",North,"['Bicycle', 'Automobile, Station Wagon']","['Turning Left', 'Going Ahead']",['Driving Properly'],['Normal'],['Not Applicable'],['Not Applicable'],['Cyclist turned left across motorists path.'],['Improper Turn'],['Normal'],False,"['15 to 19', '25 to 29']",3.0
1677,2019-06-02 08:00:00,1247,2019,MCLEVIN AVE,HUPFIELD TRL,Minor Arterial,Scarborough,43.810267,-79.219989,643166.0642,4852338.7921,At Intersection,Traffic Signal,Clear,Daylight,Dry,146,Malvern East,132,Malvern (132),Non-Fatal Injury,1,0,1,0,0,0,0,0,0,1,0,0,0,Pedestrian Collisions,"['Driver', 'Pedestrian']",North,['Pick Up Truck'],['Turning Left'],['Failed to Yield Right of Way'],['Normal'],['Crossing with right of way'],['Normal'],['Not Applicable'],['Not Applicable'],['Not Applicable'],False,"['60 to 64', '75 to 79']",3.0
1678,2019-06-03 08:00:00,1524,2019,MIDLAND AVE,LOCKIE AVE,Major Arterial,Scarborough,43.788863,-79.280002,638388.5816,4849859.4414,Intersection Related,Traffic Signal,Clear,Daylight,Dry,128,Agincourt South-Malvern West,128,Agincourt South-Malvern West (128),Non-Fatal Injury,1,0,1,0,0,0,0,1,0,0,0,0,0,Pedestrian Collisions,"['Driver', 'Passenger', 'Pedestrian']",West,"['Automobile, Station Wagon']",['Going Ahead'],['Driving Properly'],['Normal'],['Running onto Roadway'],['Normal'],['Not Applicable'],['Not Applicable'],['Not Applicable'],False,"['60 to 64', '5 to 9', '10 to 14']",3.0
1679,2019-06-03 08:00:00,1624,2019,STEELES  AVE E,BESTVIEW  DR,Major Arterial,North York,43.806021,-79.38335,630036.0428,4851597.5101,Intersection Related,No Control,Clear,Daylight,Dry,49,Bayview Woods-Steeles,49,Bayview Woods-Steeles (49),Non-Fatal Injury,1,0,1,0,0,0,0,1,0,0,0,0,0,Pedestrian Collisions,"['Driver', 'Passenger', 'Pedestrian']",North,"['Automobile, Station Wagon']",['Going Ahead'],['Driving Properly'],['Normal'],"['Crossing, no Traffic Control']",['Normal'],['Not Applicable'],['Not Applicable'],['Not Applicable'],False,"['45 to 49', '10 to 14', '5 to 9']",3.0
1680,2019-06-03 08:00:00,1936,2019,LAKE SHORE BLVD W,NEWFOUNDLAND RD,Major Arterial,Scarborough,43.63238,-79.410854,628193.4986,4832269.3442,At Intersection,Traffic Signal,Clear,Daylight,Dry,163,Fort York-Liberty Village,82,Niagara (82),Non-Fatal Injury,0,1,1,0,0,0,0,0,0,1,0,0,0,Cyclist Collisions,"['Driver', 'Cyclist']",East,"['Automobile, Station Wagon', 'Bicycle']","['Turning Right', 'Going Ahead']",['Failed to Yield Right of Way'],['Normal'],['Not Applicable'],['Not Applicable'],['Motorist turning right on green or amber at signalized intersection strikes cyclist.'],['Driving Properly'],['Normal'],False,"['20 to 24', '25 to 29']",3.0
1681,2019-06-06 08:00:00,1550,2019,3 DREWRY AVE,Not Applicable,Minor Arterial,North York,43.786997,-79.417323,627343.7882,4849431.7711,At/Near Private Drive,Traffic Signal,Clear,Daylight,Dry,50,Newtonbrook East,50,Newtonbrook East (50),Non-Fatal Injury,1,0,1,0,0,0,0,0,0,0,0,0,0,Pedestrian Collisions,"['Driver', 'Pedestrian']",North,"['Automobile, Station Wagon']",['Going Ahead'],['Driving Properly'],['Inattentive'],"['Crossing, no Traffic Control']",['Inattentive'],['Not Applicable'],['Not Applicable'],['Not Applicable'],False,"['60 to 64', '70 to 74']",3.0
1682,2019-06-06 08:00:00,2124,2019,SHEPPARD AVE W,GODDARD ST,Major Arterial,North York,43.753451,-79.448031,624942.8012,4845659.199,At Intersection,Traffic Signal,Clear,Dark,Dry,33,Clanton Park,33,Clanton Park (33),Fatal,0,0,1,1,0,0,0,0,0,1,1,0,0,Turning Movement,"['Motorcycle Driver', 'Driver']",East,"['Motorcycle', 'Automobile, Station Wagon']","['Going Ahead', 'Turning Left']","['Disobeyed Traffic Control', 'Improper Turn']",['Inattentive'],['Not Applicable'],['Not Applicable'],['Not Applicable'],['Not Applicable'],['Not Applicable'],True,"['30 to 34', '85 to 89']",4.0
1683,2019-06-07 08:00:00,1925,2019,DANFORTH AVE,COXWELL AVE,Major Arterial,Toronto and East York,43.683478,-79.322536,635203.2949,4838084.6423,Non Intersection,No Control,Clear,"Daylight, artificial",Dry,64,Woodbine Corridor,64,Woodbine Corridor (64),Non-Fatal Injury,1,0,1,0,0,0,0,1,0,0,0,0,0,Pedestrian Collisions,"['Driver', 'Passenger', 'Pedestrian']",East,"['Automobile, Station Wagon']",['Going Ahead'],['Driving Properly'],['Normal'],"['Crossing, no Traffic Control']",['Normal'],['Not Applicable'],['Not Applicable'],['Not Applicable'],False,"['40 to 44', '35 to 39', '55 to 59']",3.0
1684,2019-06-07 08:00:00,2018,2019,FINCH AVE W,MILVAN DR,Major Arterial,Etobicoke York,43.749873,-79.552272,616557.6583,4845109.8527,At Intersection,Traffic Signal,Clear,Dusk,Dry,22,Humbermede,22,Humbermede (22),Non-Fatal Injury,1,0,1,0,0,0,0,0,0,1,0,0,0,Pedestrian Collisions,"['Driver', 'Pedestrian']",North,"['Automobile, Station Wagon']",['Turning Right'],['Failed to Yield Right of Way'],['Unknown'],['Crossing with right of way'],['Normal'],['Not Applicable'],['Not Applicable'],['Not Applicable'],False,"['unknown', '35 to 39']",3.0
1685,2019-06-08 08:00:00,235,2019,F G GARDINER XY  W,WINDERMERE AVE,Expressway,Etobicoke York,43.636008,-79.468021,623574.4608,4832585.5861,Non Intersection,No Control,Clear,"Dark, artificial",Dry,85,South Parkdale,85,South Parkdale (85),Non-Fatal Injury,0,0,0,1,0,0,0,0,0,0,0,0,0,SMV Other,['Motorcycle Driver'],West,['Motorcycle'],['Merging'],['Lost control'],['Inattentive'],['Not Applicable'],['Not Applicable'],['Not Applicable'],['Not Applicable'],['Not Applicable'],False,['25 to 29'],3.0
1686,2019-06-09 08:00:00,1812,2019,SOUTH KINGSWAY,GARDINER QUEENSWAY W RAMP,Major Arterial ,Etobicoke York,43.635577,-79.474414,623059.6554,4832528.2207,Non Intersection,No Control,Clear,Daylight,Dry,87,High Park-Swansea,87,High Park-Swansea (87),Non-Fatal Injury,0,0,1,0,0,0,0,0,1,1,0,0,0,SMV Other,['Driver'],West,"['Automobile, Station Wagon']",['Going Ahead'],['Exceeding Speed Limit'],['Unknown'],['Not Applicable'],['Not Applicable'],['Not Applicable'],['Not Applicable'],['Not Applicable'],False,['25 to 29'],3.0
1687,2019-06-09 08:00:00,2132,2019,QUEENS QUAY E,FREELAND ST,Minor Arterial,Toronto and East York,43.642409,-79.373027,631223.1335,4833442.3052,Intersection Related,No Control,Clear,"Dark, artificial",Dry,166,St Lawrence-East Bayfront-The Islands,77,Waterfront Communities-The Island (77),Non-Fatal Injury,0,0,1,1,0,0,0,0,0,0,0,0,0,Turning Movement,"['Motorcycle Driver', 'Driver']",East,"['Motorcycle', 'Automobile, Station Wagon']","['Going Ahead', 'Making U Turn']","['Driving Properly', 'Improper Turn']","['Normal', 'Inattentive']",['Not Applicable'],['Not Applicable'],['Not Applicable'],['Not Applicable'],['Not Applicable'],False,"['30 to 34', '55 to 59']",3.0
1688,2019-06-11 08:00:00,1305,2019,ST CLAIR AVE E,NORTH WOODROW BLVD,Major Arterial,Scarborough,43.715186,-79.266704,639629.7731,4841698.8076,At Intersection,No Control,Clear,Daylight,Dry,120,Clairlea-Birchmount,120,Clairlea-Birchmount (120),Non-Fatal Injury,1,0,1,0,0,0,0,1,0,1,0,0,0,Pedestrian Collisions,"['Driver', 'Passenger', 'Pedestrian']",North,"['Automobile, Station Wagon']",['Going Ahead'],['Failed to Yield Right of Way'],['Normal'],['Crossing with right of way'],['Normal'],['Not Applicable'],['Not Applicable'],['Not Applicable'],False,"['55 to 59', '20 to 24']",3.0
1689,2019-06-11 08:00:00,2313,2019,ST CLAIR AVE W,OLD WESTON RD,Major Arterial,Etobicoke York,43.673464,-79.463008,623901.7768,4836753.0363,At Intersection,Traffic Signal,Clear,"Dark, artificial",Dry,91,Weston-Pelham Park,91,Weston-Pellam Park (91),Non-Fatal Injury,1,0,1,0,0,0,0,0,0,0,0,0,0,Pedestrian Collisions,"['Driver', 'Pedestrian']",Unknown,"['Automobile, Station Wagon']",['Going Ahead'],['Lost control'],['Normal'],['Crossing without right of way'],"['Ability Impaired, Alcohol Over .80']",['Not Applicable'],['Not Applicable'],['Not Applicable'],False,"['20 to 24', '75 to 79']",3.0
1690,2019-06-12 08:00:00,1750,2019,BLOOR ST W,JOPLING AVE N,Major Arterial,Etobicoke York,43.640822,-79.539516,617797.9831,4833016.2906,At/Near Private Drive,No Control,Clear,Daylight,Dry,158,Islington,14,Islington-City Centre West (14),Non-Fatal Injury,1,0,1,0,0,0,0,0,0,1,0,0,0,Pedestrian Collisions,"['Driver', 'Pedestrian']",North,"['Automobile, Station Wagon']",['Turning Left'],['Failed to Yield Right of Way'],['Normal'],"['Crossing, no Traffic Control']",['Normal'],['Not Applicable'],['Not Applicable'],['Not Applicable'],False,"['55 to 59', '20 to 24', '45 to 49']",3.0
1691,2019-06-13 08:00:00,1917,2019,EGLINTON AVE W,HARTLEY AVE,Major Arterial,North York,43.694804,-79.453914,624590.696,4839136.7559,Intersection Related,No Control,Clear,Daylight,Dry,109,Caledonia-Fairbank,109,Caledonia-Fairbank (109),Non-Fatal Injury,1,0,1,0,0,0,0,0,0,1,0,1,0,Pedestrian Collisions,"['Pedestrian', 'Driver']",Unknown,"['Automobile, Station Wagon']",['Going Ahead'],['Improper Passing'],"['Ability Impaired, Alcohol']","['Crossing, no Traffic Control']",['Normal'],['Not Applicable'],['Not Applicable'],['Not Applicable'],False,"['65 to 69', '25 to 29']",3.0
1692,2019-06-13 08:00:00,1934,2019,SHEPPARD AVE E,FAIRVIEW MALL DR,Major Arterial,North York,43.776141,-79.341129,633498.6541,4848346.0814,At Intersection,Traffic Signal,Clear,Daylight,Wet,53,Henry Farm,53,Henry Farm (53),Fatal,0,0,1,0,0,0,0,1,0,0,0,0,1,Turning Movement,"['Driver', 'Passenger']",East,"['Automobile, Station Wagon']","['Going Ahead', 'Turning Left']","['Lost control', 'Driving Properly']","['Medical or Physical Disability', 'Normal']",['Not Applicable'],['Not Applicable'],['Not Applicable'],['Not Applicable'],['Not Applicable'],True,"['80 to 84', '25 to 29']",4.0
1693,2019-06-15 08:00:00,48,2019,QUEEN ST W,DUFFERIN ST,Major Arterial,Toronto and East York,43.642134,-79.4286,626741.4385,4833325.3986,At Intersection,Traffic Signal,Clear,"Dark, artificial",Dry,85,South Parkdale,85,South Parkdale (85),Non-Fatal Injury,0,1,1,0,0,0,0,0,0,1,0,0,0,Cyclist Collisions,"['Driver', 'Cyclist']",East,"['Automobile, Station Wagon', 'Bicycle']","['Turning Left', 'Going Ahead']",['Failed to Yield Right of Way'],['Normal'],['Not Applicable'],['Not Applicable'],['Motorist turned left across cyclists path.'],['Driving Properly'],['Normal'],False,"['20 to 24', '45 to 49']",3.0
1694,2019-06-16 08:00:00,1710,2019,EVANS AVE,HORNER AVE,Major Arterial,Etobicoke York,43.616923,-79.518802,619516.0779,4830391.617,At Intersection,Traffic Signal,Clear,Daylight,Dry,160,Mimico-Queensway,17,Mimico (includes Humber Bay Shores) (17),Non-Fatal Injury,0,1,1,0,0,0,0,0,0,0,0,0,0,Cyclist Collisions,"['Cyclist', 'Driver']",East,"['Bicycle', 'Automobile, Station Wagon']",['Going Ahead'],['Driving Properly'],['Normal'],['Not Applicable'],['Not Applicable'],"['Cyclist without ROW rides into path of motorist at inter, lnwy, dwy-Cyclist not turn.']",['Disobeyed Traffic Control'],['Normal'],False,"['50 to 54', '70 to 74']",3.0
1695,2019-06-18 08:00:00,1200,2019,THE QUEENSWAY,NORTH QUEEN ST,Major Arterial,Etobicoke York,43.614146,-79.55611,616511.0785,4830030.1772,At Intersection,Traffic Signal,Clear,Daylight,Dry,159,Etobicoke City Centre,14,Islington-City Centre West (14),Fatal,0,0,1,1,0,0,0,1,0,1,0,0,0,Turning Movement,"['Driver', 'Motorcycle Driver', 'Passenger']",East,"['Automobile, Station Wagon', 'Motorcycle']","['Turning Left', 'Going Ahead']","['Failed to Yield Right of Way', 'Driving Properly']",['Normal'],['Not Applicable'],['Not Applicable'],['Not Applicable'],['Not Applicable'],['Not Applicable'],True,"['15 to 19', '75 to 79']",4.0
1696,2019-06-18 08:00:00,1416,2019,LEARMONT DR,SANDWELL DR,Local,Etobicoke York,43.688468,-79.565227,615632.6893,4838271.8263,At Intersection,Stop Sign,Clear,Daylight,Dry,7,Willowridge-Martingrove-Richview,7,Willowridge-Martingrove-Richview (7),Non-Fatal Injury,0,0,1,0,0,0,0,0,0,0,0,0,0,SMV Other,['Driver'],West,['Passenger Van'],['Going Ahead'],['Lost control'],['Normal'],['Not Applicable'],['Not Applicable'],['Not Applicable'],['Not Applicable'],['Not Applicable'],False,['70 to 74'],3.0
1697,2019-06-19 08:00:00,925,2019,BIRCHMOUNT RD,FOXRIDGE DR,Minor Arterial,Scarborough,43.721755,-79.274471,638988.8866,4842415.3355,At Intersection,Traffic Signal,Clear,Daylight,Dry,124,Kennedy Park,124,Kennedy Park (124),Non-Fatal Injury,0,1,1,0,0,0,0,1,0,0,0,0,0,Cyclist Collisions,"['Cyclist', 'Driver', 'Passenger']",North,"['Bicycle', 'Automobile, Station Wagon']","['Changing Lanes', 'Going Ahead']",['Driving Properly'],['Normal'],['Not Applicable'],['Not Applicable'],['Cyclist and Driver travelling in same direction. One vehicle sideswipes the other.'],['Improper Lane Change'],['Normal'],False,"['20 to 24', '25 to 29']",3.0