accident_number,date,time,year,street1,street2,road_class,district,latitude,longitude,x,y,accident_location,traffctl,visibility,light,road_surface_condition,hood_158,neighbourhood_new,hood_140,neighbourhood_old,accident_class,pedestrian,cyclist,automobile,motorcycle,truck,trsn_city_veh,emerg_veh,passenger,speeding,aggressive_driving,redlight,alcohol,disability,impact_type,involvement_type,initial_direction,vehicle_type,manoeuver,driver_action,driver_condition,pedestrian_action,pedestrian_condition,cyclist_type,cyclist_action,cyclist_condition,injury,involvement_age,injury_severity_score
1698,2019-06-20 08:00:00,1315,2019,REGENT PARK BLVD,Not Applicable,Major Arterial,Toronto and East York,43.660288,-79.361743,632094.0498,4835445.9068,At Intersection,Traffic Signal,Clear,Daylight,Dry,72,Regent Park,72,Regent Park (72),Fatal,1,0,1,0,0,0,0,0,0,0,0,0,0,Pedestrian Collisions,"['Pedestrian', 'Driver']",East,"['Automobile, Station Wagon']",['Going Ahead'],['Lost control'],"['Ability Impaired, Drugs']",['On Sidewalk or Shoulder'],['Normal'],['Not Applicable'],['Not Applicable'],['Not Applicable'],True,"['35 to 39', '40 to 44']",4.0
1699,2019-06-20 08:00:00,1532,2019,DANFORTH AVE,BYRON AVE,Major Arterial,Toronto and East York,43.680533,-79.336284,634101.7576,4837735.238,Non Intersection,No Control,Clear,Daylight,Dry,69,Blake-Jones,69,Blake-Jones (69),Non-Fatal Injury,0,0,1,1,0,0,0,1,0,0,0,0,0,Turning Movement,"['Driver', 'Motorcycle Driver', 'Passenger']",East,"['Automobile, Station Wagon', 'Motorcycle']","['Making U Turn', 'Going Ahead']","['Improper Turn', 'Driving Properly']",['Normal'],['Not Applicable'],['Not Applicable'],['Not Applicable'],['Not Applicable'],['Not Applicable'],False,"['70 to 74', '45 to 49', '65 to 69']",3.0
1700,2019-06-20 08:00:00,2204,2019,ST CLAIR AVE E,BIRCHMOUNT RD,Major Arterial,Scarborough,43.714087,-79.271083,639279.5543,4841569.3798,At Intersection,Traffic Signal,Rain,"Dark, artificial",Wet,120,Clairlea-Birchmount,120,Clairlea-Birchmount (120),Non-Fatal Injury,1,0,1,0,0,0,0,0,0,1,0,0,0,Pedestrian Collisions,"['Driver', 'Pedestrian']",East,"['Automobile, Station Wagon']",['Turning Right'],['Failed to Yield Right of Way'],['Unknown'],['Crossing with right of way'],['Normal'],['Not Applicable'],['Not Applicable'],['Not Applicable'],False,"['unknown', '20 to 24']",3.0
1701,2019-06-21 08:00:00,1230,2019,ISLINGTON AVE,MEADOWVALE DR,Major Arterial,Etobicoke York,43.642836,-79.522624,619156.4678,4833264.0827,At Intersection,No Control,Clear,Daylight,Dry,16,Stonegate-Queensway,16,Stonegate-Queensway (16),Non-Fatal Injury,0,0,1,1,0,0,0,0,0,1,0,0,0,Turning Movement,"['Driver', 'Motorcycle Driver']",North,"['Pick Up Truck', 'Motorcycle']","['Turning Left', 'Going Ahead']","['Failed to Yield Right of Way', 'Driving Properly']","['Inattentive', 'Normal']",['Not Applicable'],['Not Applicable'],['Not Applicable'],['Not Applicable'],['Not Applicable'],False,"['65 to 69', '30 to 34']",3.0
1702,2019-06-22 08:00:00,1909,2019,LAWRENCE AVE E,SCARBOROUGH GOLF CLUB RD,Major Arterial,Scarborough,43.761779,-79.215801,643618.9897,4846960.6807,At Intersection,Traffic Signal,Clear,Daylight,Dry,141,Golfdale-Cedarbrae-Woburn,137,Woburn (137),Fatal,0,0,1,0,0,0,0,1,0,1,1,0,0,Angle,"['Passenger', 'Driver']",South,"['Automobile, Station Wagon']",['Going Ahead'],"['Driving Properly', 'Disobeyed Traffic Control']","['Normal', 'Unknown']",['Not Applicable'],['Not Applicable'],['Not Applicable'],['Not Applicable'],['Not Applicable'],True,"['10 to 14', '70 to 74', '75 to 79', '20 to 24']",4.0
1703,2019-06-25 08:00:00,820,2019,PHARMACY AVE,PRINCEWAY DR,Minor Arterial,Scarborough,43.753077,-79.308605,636168.3914,4845837.4281,At Intersection,Stop Sign,Clear,Daylight,Dry,119,Wexford/Maryvale,119,Wexford/Maryvale (119),Non-Fatal Injury,0,0,1,1,0,0,0,0,0,0,0,0,0,Turning Movement,"['Driver', 'Motorcycle Driver']",East,"['Automobile, Station Wagon', 'Motorcycle']","['Turning Left', 'Going Ahead']","['Improper Turn', 'Driving Properly']",['Normal'],['Not Applicable'],['Not Applicable'],['Not Applicable'],['Not Applicable'],['Not Applicable'],False,['30 to 34'],3.0
1704,2019-06-25 08:00:00,1609,2019,NORTHLAND AVE,WESTON RD,Major Arterial,Etobicoke York,43.678828,-79.474033,623002.049,4837332.3714,At Intersection,Traffic Signal,Clear,Daylight,Dry,90,Junction Area,90,Junction Area (90),Non-Fatal Injury,0,1,1,0,0,0,0,0,0,0,0,0,0,Cyclist Collisions,"['Driver', 'Cyclist']",East,"['Pick Up Truck', 'Bicycle']","['Turning Left', 'Going Ahead']",['Driving Properly'],['Normal'],['Not Applicable'],['Not Applicable'],"['Cyclist without ROW rides into path of motorist at inter, lnwy, dwy-Cyclist not turn.']",['Other'],['Normal'],False,"['50 to 54', '10 to 14']",3.0
1705,2019-06-25 08:00:00,2002,2019,MIDLAND AVE,MIDWEST RD,Major Arterial,Scarborough,43.75466,-79.266162,639581.6896,4846083.898,Non Intersection,No Control,Clear,Daylight,Dry,156,Bendale-Glen Andrew,127,Bendale (127),Non-Fatal Injury,1,0,1,0,0,0,0,1,0,0,0,0,0,Pedestrian Collisions,"['Driver', 'Pedestrian', 'Passenger']",North,"['Automobile, Station Wagon', 'Pick Up Truck', 'Passenger Van']","['Going Ahead', 'Turning Left']","['Other', 'Driving Properly']","['Unknown', 'Normal']",['Other'],['Normal'],['Not Applicable'],['Not Applicable'],['Not Applicable'],False,"['20 to 24', '40 to 44', '35 to 39', '55 to 59']",3.0
1706,2019-06-25 08:00:00,2213,2019,715 FINCH AVE W,Not Applicable,Major Arterial,North York,43.76932,-79.464435,623589.4909,4847397.0746,At/Near Private Drive,No Control,Clear,"Dark, artificial",Dry,34,Bathurst Manor,34,Bathurst Manor (34),Non-Fatal Injury,0,0,1,1,0,0,0,0,0,1,0,0,0,Turning Movement,"['Driver', 'Motorcycle Driver']",East,"['Automobile, Station Wagon', 'Motorcycle']","['Turning Left', 'Going Ahead']","['Failed to Yield Right of Way', 'Driving Properly']","['Inattentive', 'Normal']",['Not Applicable'],['Not Applicable'],['Not Applicable'],['Not Applicable'],['Not Applicable'],False,"['65 to 69', '55 to 59']",3.0
1707,2019-06-26 08:00:00,902,2019,VICTORIA ST,QUEEN ST E,Major Arterial,Toronto and East York,43.65261,-79.378055,630795.4543,4834567.3222,At Intersection,Traffic Signal,Clear,Daylight,Dry,168,Downtown Yonge East,75,Church-Yonge Corridor (75),Fatal,1,0,0,0,1,0,0,0,0,0,0,0,0,Pedestrian Collisions,"['Driver', 'Pedestrian']",East,['Truck - Open'],['Going Ahead'],['Driving Properly'],['Unknown'],['Crossing marked crosswalk without ROW'],['Unknown'],['Not Applicable'],['Not Applicable'],['Not Applicable'],True,"['40 to 44', '55 to 59']",4.0
1708,2019-06-27 08:00:00,1850,2019,LAKE SHORE BLVD W,TENTH ST,Major Arterial,Etobicoke York,43.599944,-79.508594,620373.6193,4828520.6377,At Intersection,Traffic Signal,Clear,Daylight,Dry,18,New Toronto,18,New Toronto (18),Non-Fatal Injury,1,0,1,0,0,0,0,0,0,1,0,0,0,Pedestrian Collisions,"['Driver', 'Pedestrian']",North,['Pick Up Truck'],['Turning Left'],['Failed to Yield Right of Way'],['Inattentive'],['Crossing with right of way'],['Normal'],['Not Applicable'],['Not Applicable'],['Not Applicable'],False,"['40 to 44', '80 to 84']",3.0
1709,2019-06-28 08:00:00,1222,2019,ADELAIDE ST E,BERKELEY ST,Major Arterial,Toronto and East York,43.652915,-79.364742,631868.3735,4834622.267,At Intersection,Traffic Signal,Clear,Daylight,Dry,73,Moss Park,73,Moss Park (73),Non-Fatal Injury,0,1,1,0,0,0,0,1,0,0,0,0,0,Cyclist Collisions,"['Cyclist', 'Driver', 'Passenger']",East,"['Bicycle', 'Automobile, Station Wagon']","['Turning Left', 'Going Ahead']",['Driving Properly'],['Normal'],['Not Applicable'],['Not Applicable'],['Cyclist turned left across motorists path.'],['Improper Turn'],['Normal'],False,"['60 to 64', '25 to 29']",3.0
1710,2019-07-01 08:00:00,719,2019,ST CLAIR AVE W,OAKWOOD AVE,Major Arterial,North York,43.679583,-79.43568,626091.9769,4837473.8158,At Intersection,Traffic Signal,Clear,Daylight,Dry,94,Wychwood,94,Wychwood (94),Non-Fatal Injury,1,0,1,0,0,0,0,0,0,0,0,0,0,Pedestrian Collisions,"['Driver', 'Pedestrian']",South,"['Automobile, Station Wagon']",['Going Ahead'],['Driving Properly'],['Normal'],['Crossing without right of way'],['Inattentive'],['Not Applicable'],['Not Applicable'],['Not Applicable'],False,"['55 to 59', '60 to 64']",3.0
1711,2019-07-02 08:00:00,1015,2019,BRIMLEY RD,KINGSTON RD,Major Arterial,Scarborough,43.718154,-79.240329,641747.5013,4842073.2194,At Intersection,Traffic Signal,Clear,Daylight,Dry,123,Cliffcrest,123,Cliffcrest (123),Non-Fatal Injury,0,0,1,0,0,0,0,1,0,1,1,0,0,Angle,"['Driver', 'Passenger']",East,"['Automobile, Station Wagon']","['Going Ahead', 'Stopped']","['Disobeyed Traffic Control', 'Driving Properly']","['Inattentive', 'Normal']",['Not Applicable'],['Not Applicable'],['Not Applicable'],['Not Applicable'],['Not Applicable'],False,"['55 to 59', '50 to 54', '30 to 34', '60 to 64', '25 to 29']",3.0
1712,2019-07-03 08:00:00,635,2019,MORTIMER AVE,WOODBINE AVE,Minor Arterial,Toronto and East York,43.692423,-79.3157,635734.1032,4839089.2769,At Intersection,Stop Sign,Clear,Daylight,Dry,60,Woodbine-Lumsden,60,Woodbine-Lumsden (60),Non-Fatal Injury,0,0,1,0,0,0,0,0,0,0,0,0,1,SMV Other,['Driver'],East,"['Automobile, Station Wagon']",['Going Ahead'],['Lost control'],['Medical or Physical Disability'],['Not Applicable'],['Not Applicable'],['Not Applicable'],['Not Applicable'],['Not Applicable'],False,['40 to 44'],3.0
1713,2019-07-03 08:00:00,735,2019,DAVENPORT RD,HECTOR AVE,Minor Arterial,Toronto and East York,43.67525,-79.424037,627039.6133,4837010.3441,At Intersection,No Control,Clear,"Daylight, artificial",Dry,94,Wychwood,94,Wychwood (94),Non-Fatal Injury,0,1,1,0,0,0,0,0,0,1,0,0,0,Cyclist Collisions,"['Driver', 'Cyclist']",East,"['Automobile, Station Wagon', 'Bicycle']","['Turning Left', 'Going Ahead']",['Failed to Yield Right of Way'],['Inattentive'],['Not Applicable'],['Not Applicable'],['Motorist turned left across cyclists path.'],['Driving Properly'],['Normal'],False,"['40 to 44', '45 to 49']",3.0
1714,2019-07-03 08:00:00,920,2019,LAWRENCE AVE W,KEELE ST,Major Arterial,Etobicoke York,43.708586,-79.478023,622619.7663,4840631.4943,Non Intersection,No Control,Clear,Daylight,Dry,30,Brookhaven-Amesbury,30,Brookhaven-Amesbury (30),Non-Fatal Injury,1,0,1,0,0,0,0,0,0,0,0,0,0,Pedestrian Collisions,"['Driver', 'Pedestrian']",South,"['Automobile, Station Wagon']",['Going Ahead'],['Driving Properly'],['Normal'],['Running onto Roadway'],['Inattentive'],['Not Applicable'],['Not Applicable'],['Not Applicable'],False,"['45 to 49', '50 to 54']",3.0
1715,2019-07-04 08:00:00,910,2019,PHARMACY AVE,LAWRENCE AVE E,Major Arterial,Scarborough,43.74317,-79.304607,636512.7807,4844743.6871,At Intersection,Traffic Signal,Clear,Daylight,Dry,119,Wexford/Maryvale,119,Wexford/Maryvale (119),Non-Fatal Injury,0,0,0,1,0,0,0,0,0,1,0,0,0,Turning Movement,"['Driver', 'Motorcycle Driver']",North,"['School Bus', 'Motorcycle']","['Turning Left', 'Going Ahead']","['Failed to Yield Right of Way', 'Driving Properly']","['Inattentive', 'Normal']",['Not Applicable'],['Not Applicable'],['Not Applicable'],['Not Applicable'],['Not Applicable'],False,"['60 to 64', '55 to 59']",3.0
1716,2019-07-04 08:00:00,1915,2019,YONGE ST,ABITIBI AVE,Major Arterial,North York,43.796252,-79.419589,627141.8355,4850456.1994,At Intersection,No Control,Clear,Daylight,Dry,50,Newtonbrook East,50,Newtonbrook East (50),Non-Fatal Injury,0,0,1,0,0,0,0,1,1,1,0,0,0,Turning Movement,"['Driver', 'Passenger']",North,"['Automobile, Station Wagon']","['Going Ahead', 'Turning Left']","['Speed too Fast For Condition', 'Driving Properly']",['Normal'],['Not Applicable'],['Not Applicable'],['Not Applicable'],['Not Applicable'],['Not Applicable'],False,"['30 to 34', '70 to 74']",3.0
1717,2019-07-07 08:00:00,612,2019,ROCKWELL AVE,OLD WESTON RD,Collector,Etobicoke York,43.676566,-79.463863,623826.4718,4837096.2781,At Intersection,Stop Sign,Clear,Daylight,Dry,91,Weston-Pelham Park,91,Weston-Pellam Park (91),Non-Fatal Injury,0,0,1,0,0,0,0,0,1,1,0,0,0,SMV Other,['Driver'],West,"['Automobile, Station Wagon']",['Going Ahead'],['Speed too Fast For Condition'],['Unknown'],['Not Applicable'],['Not Applicable'],['Not Applicable'],['Not Applicable'],['Not Applicable'],False,['25 to 29'],3.0
1718,2019-07-07 08:00:00,2010,2019,SHEPPARD AVE E,NEILSON RD,Major Arterial,Scarborough,43.798049,-79.217632,643384.8695,4850985.8654,At Intersection,Traffic Signal,Clear,Daylight,Dry,146,Malvern East,132,Malvern (132),Non-Fatal Injury,1,0,1,0,0,0,0,0,0,0,0,0,0,Pedestrian Collisions,"['Driver', 'Pedestrian']",North,"['Automobile, Station Wagon']",['Turning Left'],['Improper Turn'],['Normal'],['Crossing with right of way'],['Normal'],['Not Applicable'],['Not Applicable'],['Not Applicable'],False,"['20 to 24', '25 to 29']",3.0
1719,2019-07-08 08:00:00,251,2019,PARKSIDE DR,CONSTANCE ST,Major Arterial,Etobicoke York,43.648211,-79.457622,624388.1006,4833956.4187,At Intersection,No Control,Clear,"Dark, artificial",Dry,87,High Park-Swansea,87,High Park-Swansea (87),Non-Fatal Injury,1,0,1,0,0,0,0,1,0,0,0,0,0,Pedestrian Collisions,"['Driver', 'Passenger', 'Pedestrian']",South,"['Automobile, Station Wagon']",['Going Ahead'],['Driving Properly'],['Normal'],"['Crossing, no Traffic Control']",['Had Been Drinking'],['Not Applicable'],['Not Applicable'],['Not Applicable'],False,"['45 to 49', '30 to 34', '40 to 44']",3.0
1720,2019-07-08 08:00:00,1040,2019,BLACK CREEK DR,LAWRENCE AVE W,Major Arterial,Etobicoke York,43.704878,-79.494052,621335.8423,4840196.0849,At Intersection,Traffic Signal,Clear,Daylight,Dry,30,Brookhaven-Amesbury,30,Brookhaven-Amesbury (30),Non-Fatal Injury,0,0,0,1,1,0,0,1,0,0,0,0,0,Turning Movement,"['Truck Driver', 'Motorcycle Driver', 'Motorcycle Passenger']",North,"['Truck-Tractor', 'Motorcycle']","['Turning Left', 'Going Ahead']","['Improper Turn', 'Driving Properly']",['Normal'],['Not Applicable'],['Not Applicable'],['Not Applicable'],['Not Applicable'],['Not Applicable'],False,"['40 to 44', '50 to 54', '20 to 24']",3.0
1721,2019-07-10 08:00:00,1221,2019,1 YORK GATE BLVD,Not Applicable,Minor Arterial,North York,43.758837,-79.52151,619016.5773,4846149.1803,Non Intersection,No Control,Clear,Daylight,Dry,24,Black Creek,24,Black Creek (24),Fatal,1,0,1,0,0,0,0,0,0,0,0,0,0,Pedestrian Collisions,"['Pedestrian', 'Driver']",South,"['Automobile, Station Wagon']",['Going Ahead'],['Driving Properly'],['Normal'],"['Crossing, no Traffic Control']","['Normal', 'Unknown']",['Not Applicable'],['Not Applicable'],['Not Applicable'],True,"['60 to 64', '25 to 29']",4.0
1722,2019-07-12 08:00:00,1415,2019,DUFFERIN ST,GERRY FITZGERALD DR,Major Arterial,North York,43.78377,-79.470104,623103.5644,4848993.5209,At Intersection,Traffic Signal,Clear,Daylight,Dry,34,Bathurst Manor,34,Bathurst Manor (34),Non-Fatal Injury,1,0,1,0,0,0,0,0,0,1,0,0,0,Pedestrian Collisions,"['Driver', 'Pedestrian']",East,"['Automobile, Station Wagon']",['Going Ahead'],['Failed to Yield Right of Way'],['Normal'],['Crossing with right of way'],['Normal'],['Not Applicable'],['Not Applicable'],['Not Applicable'],False,"['80 to 84', '20 to 24']",3.0
1723,2019-07-12 08:00:00,1820,2019,114 TORYORK DR,Not Applicable,Collector,Etobicoke York,43.756449,-79.551196,616631.514,4845841.7278,At/Near Private Drive,No Control,Clear,Daylight,Dry,21,Humber Summit,21,Humber Summit (21),Non-Fatal Injury,0,0,1,1,0,0,0,0,0,1,0,0,0,Turning Movement,"['Driver', 'Motorcycle Driver']",East,"['Automobile, Station Wagon', 'Motorcycle']","['Turning Left', 'Going Ahead']","['Failed to Yield Right of Way', 'Driving Properly']",['Normal'],['Not Applicable'],['Not Applicable'],['Not Applicable'],['Not Applicable'],['Not Applicable'],False,"['15 to 19', '35 to 39']",3.0
1724,2019-07-14 08:00:00,1309,2019,LAWRENCE AVE E,TOWNLEY AVE,Major Arterial,Scarborough,43.742572,-79.307369,636291.7395,4844672.7225,Intersection Related,No Control,Clear,Daylight,Dry,119,Wexford/Maryvale,119,Wexford/Maryvale (119),Non-Fatal Injury,0,0,1,1,0,0,0,1,1,1,0,0,0,Sideswipe,"['Motorcycle Driver', 'Driver', 'Passenger']",West,"['Motorcycle', 'Automobile, Station Wagon']","['Going Ahead', 'Changing Lanes']","['Exceeding Speed Limit', 'Improper Lane Change']",['Normal'],['Not Applicable'],['Not Applicable'],['Not Applicable'],['Not Applicable'],['Not Applicable'],False,"['25 to 29', '40 to 44', '35 to 39', '70 to 74', '0 to 4']",3.0
1725,2019-07-16 08:00:00,1401,2019,BARKWOOD CRES,CLIFFWOOD RD,Local,North York,43.804576,-79.35551,632278.5776,4851481.1463,At Intersection,No Control,Clear,Daylight,Dry,48,Hillcrest Village,48,Hillcrest Village (48),Fatal,1,0,0,0,1,0,0,0,0,1,0,0,0,Pedestrian Collisions,"['Pedestrian', 'Driver']",East,['Truck - Dump'],['Turning Left'],['Failed to Yield Right of Way'],['Inattentive'],['Crossing with right of way'],['Normal'],['Not Applicable'],['Not Applicable'],['Not Applicable'],True,"['65 to 69', '45 to 49']",4.0
1726,2019-07-18 08:00:00,2240,2019,DUNDAS ST W,DONNYBROOK LANE,Major Arterial,Etobicoke York,43.653163,-79.524646,618972.9945,4834408.1264,Intersection Related,No Control,Clear,"Dark, artificial",Dry,15,Kingsway South,15,Kingsway South (15),Fatal,0,0,1,1,0,0,0,0,0,1,0,0,0,Turning Movement,"['Driver', 'Motorcycle Driver']",East,"['Automobile, Station Wagon', 'Motorcycle']","['Turning Left', 'Going Ahead']","['Failed to Yield Right of Way', 'Driving Properly']",['Normal'],['Not Applicable'],['Not Applicable'],['Not Applicable'],['Not Applicable'],['Not Applicable'],True,"['55 to 59', '25 to 29']",4.0
1727,2019-07-19 08:00:00,1924,2019,FINCH AVE W,JANE ST,Major Arterial,Etobicoke York,43.757003,-79.519115,619213.0151,4845948.932,At/Near Private Drive,No Control,Clear,Daylight,Dry,25,Glenfield-Jane Heights,25,Glenfield-Jane Heights (25),Non-Fatal Injury,0,0,1,0,0,0,0,1,0,0,0,0,0,Turning Movement,"['Driver', 'Passenger']",East,"['Automobile, Station Wagon']","['Turning Left', 'Going Ahead']","['Improper Turn', 'Driving Properly']","['Inattentive', 'Normal']",['Not Applicable'],['Not Applicable'],['Not Applicable'],['Not Applicable'],['Not Applicable'],False,"['35 to 39', '70 to 74', '15 to 19', '60 to 64', '50 to 54', '25 to 29']",3.0
1728,2019-07-20 08:00:00,110,2019,AVENUE RD,BERNARD AVE,Major Arterial,Toronto and East York,43.67393,-79.396266,629281.1122,4836906.6485,Intersection Related,No Control,Clear,"Dark, artificial",Dry,95,Annex,95,Annex (95),Non-Fatal Injury,1,0,1,0,0,0,0,0,0,0,0,0,0,Pedestrian Collisions,"['Driver', 'Pedestrian']",East,"['Automobile, Station Wagon']",['Going Ahead'],['Driving Properly'],['Unknown'],"['Crossing, no Traffic Control']",['Inattentive'],['Not Applicable'],['Not Applicable'],['Not Applicable'],False,"['35 to 39', '50 to 54']",3.0
1729,2019-07-20 08:00:00,135,2019,BLOOR ST W,BALMUTO ST,Major Arterial,Toronto and East York,43.669802,-79.388393,629924.6887,4836460.4793,Non Intersection,No Control,Clear,"Dark, artificial",Dry,169,Bay-Cloverhill,76,Bay Street Corridor (76),Non-Fatal Injury,0,1,1,0,0,0,0,0,0,0,0,0,0,Cyclist Collisions,"['Driver', 'Cyclist']",West,"['Automobile, Station Wagon', 'Bicycle']","['Going Ahead', 'Merging']",['Driving Properly'],['Normal'],['Not Applicable'],['Not Applicable'],['Cyclist and Driver travelling in same direction. One vehicle sideswipes the other.'],['Not Applicable'],['Not Applicable'],False,"['35 to 39', '40 to 44']",3.0
1730,2019-07-20 08:00:00,2215,2019,PHARMACY AVE,EGLINTON AVE E,Major Arterial,Scarborough,43.725577,-79.297481,637126.722,4842801.491,At Intersection,Traffic Signal,Rain,"Dark, artificial",Wet,120,Clairlea-Birchmount,120,Clairlea-Birchmount (120),Non-Fatal Injury,1,0,1,0,0,0,0,1,0,1,0,0,0,Pedestrian Collisions,"['Driver', 'Passenger', 'Pedestrian']",North,"['Automobile, Station Wagon']",['Turning Right'],['Failed to Yield Right of Way'],['Normal'],['Crossing with right of way'],['Normal'],['Not Applicable'],['Not Applicable'],['Not Applicable'],False,"['55 to 59', '40 to 44', '10 to 14']",3.0
1731,2019-07-22 08:00:00,21,2019,OSSINGTON AVE,BLOOR ST W,Major Arterial,Toronto and East York,43.661914,-79.425617,626940.3562,4835526.7848,At Intersection,Traffic Signal,Clear,"Dark, artificial",Dry,80,Palmerston-Little Italy,80,Palmerston-Little Italy (80),Non-Fatal Injury,0,0,0,1,0,1,0,0,1,1,0,0,0,Turning Movement,"['Motorcycle Driver', 'Driver']",North,"['Motorcycle', 'Intercity Bus']","['Going Ahead', 'Turning Left']","['Exceeding Speed Limit', 'Failed to Yield Right of Way']","['Other', 'Inattentive']",['Not Applicable'],['Not Applicable'],['Not Applicable'],['Not Applicable'],['Not Applicable'],False,"['20 to 24', '30 to 34']",3.0
1732,2019-07-24 08:00:00,549,2019,VICTORIA PARK AVE,IVORDALE CRES,Major Arterial,Scarborough,43.755698,-79.314487,635688.9227,4846118.8765,At Intersection,Stop Sign,Clear,Daylight,Dry,119,Wexford/Maryvale,119,Wexford/Maryvale (119),Non-Fatal Injury,0,0,1,0,0,0,0,0,0,1,0,0,0,Turning Movement,['Driver'],North,"['Automobile, Station Wagon']","['Turning Left', 'Going Ahead']","['Failed to Yield Right of Way', 'Driving Properly']",['Normal'],['Not Applicable'],['Not Applicable'],['Not Applicable'],['Not Applicable'],['Not Applicable'],False,"['45 to 49', '30 to 34']",3.0
1733,2019-07-25 08:00:00,1712,2019,STEELES AVE E,LESLIE ST,Major Arterial,North York,43.809794,-79.366481,631384.6491,4852043.2095,Non Intersection,No Control,Clear,Daylight,Dry,48,Hillcrest Village,48,Hillcrest Village (48),Non-Fatal Injury,0,0,1,1,0,0,0,0,0,0,0,0,0,Rear End,"['Motorcycle Driver', 'Driver']",West,"['Motorcycle', 'Automobile, Station Wagon']","['Slowing or Stopping', 'Stopped']","['Lost control', 'Driving Properly']","['Inattentive', 'Normal']",['Not Applicable'],['Not Applicable'],['Not Applicable'],['Not Applicable'],['Not Applicable'],False,"['45 to 49', '50 to 54']",3.0
1734,2019-07-25 08:00:00,1857,2019,WILSON AVE,BATHURST ST,Major Arterial,North York,43.737422,-79.432498,626226.997,4843902.4908,At/Near Private Drive,Stop Sign,Clear,Daylight,Dry,38,Lansing-Westgate,38,Lansing-Westgate (38),Non-Fatal Injury,0,0,1,0,0,0,0,0,0,1,0,0,0,Turning Movement,['Driver'],South,"['Automobile, Station Wagon']","['Turning Left', 'Going Ahead']","['Failed to Yield Right of Way', 'Driving Properly']","['Unknown', 'Normal']",['Not Applicable'],['Not Applicable'],['Not Applicable'],['Not Applicable'],['Not Applicable'],False,"['15 to 19', '30 to 34']",3.0
1735,2019-07-25 08:00:00,2245,2019,KINGSTON RD,PORT UNION RD,Major Arterial,Scarborough,43.800658,-79.143306,649357.6944,4851407.1044,At/Near Private Drive,No Control,Clear,"Dark, artificial",Dry,143,West Rouge,131,Rouge (131),Non-Fatal Injury,0,0,1,0,0,0,0,0,0,1,0,0,0,Turning Movement,['Driver'],East,"['Automobile, Station Wagon']","['Turning Left', 'Going Ahead']","['Failed to Yield Right of Way', 'Driving Properly']","['Unknown', 'Normal']",['Not Applicable'],['Not Applicable'],['Not Applicable'],['Not Applicable'],['Not Applicable'],False,['50 to 54'],3.0
1736,2019-07-26 08:00:00,1436,2019,THE QUEENSWAY,VIBE RD,Major Arterial,Etobicoke York,43.621604,-79.523433,619133.1602,4830904.8442,At Intersection,No Control,Clear,Daylight,Dry,159,Etobicoke City Centre,14,Islington-City Centre West (14),Non-Fatal Injury,0,1,1,0,0,0,0,1,0,0,0,0,0,Cyclist Collisions,"['Cyclist', 'Driver', 'Cyclist Passenger']",East,"['Bicycle', 'Automobile, Station Wagon']","['Turning Left', 'Going Ahead']",['Driving Properly'],['Normal'],['Not Applicable'],['Not Applicable'],['Cyclist turned left across motorists path.'],['Improper Turn'],['Normal'],False,"['50 to 54', '35 to 39', '25 to 29']",3.0
1737,2019-07-26 08:00:00,1630,2019,857 ELLESMERE RD,Not Applicable,Major Arterial,Scarborough,43.765547,-79.281963,638284.5396,4847266.5581,Non Intersection,No Control,Clear,Daylight,Dry,126,Dorset Park,126,Dorset Park (126),Non-Fatal Injury,0,0,1,0,0,0,0,1,1,1,0,0,0,Rear End,"['Driver', 'Passenger']",East,"['Automobile, Station Wagon']","['Going Ahead', 'Stopped']","['Speed too Fast For Condition', 'Driving Properly']","['Unknown', 'Normal']",['Not Applicable'],['Not Applicable'],['Not Applicable'],['Not Applicable'],['Not Applicable'],False,"['unknown', '60 to 64', '15 to 19', '20 to 24']",3.0
1738,2019-07-26 08:00:00,2310,2019,VICTORIA PARK AVE,ELLESMERE RD,Major Arterial,Scarborough,43.757796,-79.315204,635626.4613,4846350.7169,At Intersection,Traffic Signal,Clear,"Dark, artificial",Dry,119,Wexford/Maryvale,119,Wexford/Maryvale (119),Non-Fatal Injury,0,0,1,0,0,0,0,1,0,1,0,1,0,Turning Movement,"['Driver', 'Passenger']",North,"['Automobile, Station Wagon']","['Turning Left', 'Going Ahead']","['Improper Turn', 'Driving Properly']","['Ability Impaired, Alcohol Over .08', 'Normal']",['Not Applicable'],['Not Applicable'],['Not Applicable'],['Not Applicable'],['Not Applicable'],False,"['25 to 29', '30 to 34', '20 to 24']",3.0
1739,2019-07-28 08:00:00,148,2019,FITZGIBBON AVE,LORD ROBERTS DR,Local,Scarborough,43.740515,-79.261867,639960.4255,4844520.1286,At/Near Private Drive,No Control,Clear,"Dark, artificial",Dry,138,Eglinton East,138,Eglinton East (138),Non-Fatal Injury,0,0,1,0,0,0,0,1,1,1,0,0,0,SMV Other,"['Driver', 'Passenger']",North,"['Automobile, Station Wagon']",['Going Ahead'],['Lost control'],['Had Been Drinking'],['Not Applicable'],['Not Applicable'],['Not Applicable'],['Not Applicable'],['Not Applicable'],False,"['25 to 29', '20 to 24']",3.0
1740,2019-07-28 08:00:00,1054,2019,ISLINGTON AVE,MILLWICK DR,Major Arterial,Etobicoke York,43.759955,-79.571773,614968.3,4846202.3513,At Intersection,Traffic Signal,Clear,Daylight,Dry,21,Humber Summit,21,Humber Summit (21),Fatal,1,0,1,0,0,0,0,0,0,1,0,0,0,Pedestrian Collisions,"['Driver', 'Pedestrian']",North,"['Automobile, Station Wagon']",['Turning Left'],['Failed to Yield Right of Way'],['Inattentive'],['Crossing with right of way'],['Normal'],['Not Applicable'],['Not Applicable'],['Not Applicable'],True,"['25 to 29', '70 to 74']",4.0