accident_number,date,time,year,street1,street2,road_class,district,latitude,longitude,x,y,accident_location,traffctl,visibility,light,road_surface_condition,hood_158,neighbourhood_new,hood_140,neighbourhood_old,accident_class,pedestrian,cyclist,automobile,motorcycle,truck,trsn_city_veh,emerg_veh,passenger,speeding,aggressive_driving,redlight,alcohol,disability,impact_type,involvement_type,initial_direction,vehicle_type,manoeuver,driver_action,driver_condition,pedestrian_action,pedestrian_condition,cyclist_type,cyclist_action,cyclist_condition,injury,involvement_age,injury_severity_score
1001163687.0,2021-06-21 08:00:00,1842,2021,FINCH AVE E,KENNETH AVE,Major Arterial,North York,43.780165,-79.413295,627682.4318,4848679.1765,Non Intersection,No Control,Clear,Daylight,Dry,151,Yonge-Doris,51,Willowdale East (51),Fatal,0,0,1,0,0,1,0,1,0,0,0,0,0,Rear End,"['Driver', 'Passenger']",West,"['Automobile, Station Wagon', 'Municipal Transit Bus (TTC)']",['Going Ahead'],"['Lost control', 'Driving Properly']","['Unknown', 'Normal']",['Not Applicable'],['Not Applicable'],['Not Applicable'],['Not Applicable'],['Not Applicable'],True,"['75 to 79', '60 to 64']",4.0
1001195784.0,2021-06-26 08:00:00,1004,2021,HUNTINGWOOD DR,COLINAYRE CRES,Minor Arterial,Scarborough,43.794505,-79.295528,637126.4638,4850460.2337,At Intersection,No Control,Clear,Daylight,Dry,118,Tam O'Shanter-Sullivan,118,Tam O'Shanter-Sullivan (118),Fatal,0,0,0,1,0,0,0,0,0,0,0,0,0,SMV Other,['Motorcycle Driver'],East,['Motorcycle'],['Going Ahead'],['Lost control'],['Unknown'],['Not Applicable'],['Not Applicable'],['Not Applicable'],['Not Applicable'],['Not Applicable'],True,['55 to 59'],4.0
1001241239.0,2021-07-02 08:00:00,1711,2021,JANE  ST,WILSON  AVE,Major Arterial,North York,43.720843,-79.508594,620132.2662,4841948.0401,Intersection Related,Traffic Signal,Clear,Daylight,Wet,154,Oakdale-Beverley Heights,26,Downsview-Roding-CFB (26),Non-Fatal Injury,1,0,1,0,0,0,0,1,0,0,0,0,0,Pedestrian Collisions,"['Driver', 'Passenger', 'Pedestrian']",West,['Pick Up Truck'],['Turning Right'],['Driving Properly'],['Normal'],['Crossing without right of way'],['Inattentive'],['Not Applicable'],['Not Applicable'],['Not Applicable'],False,"['30 to 34', '55 to 59', '60 to 64']",3.0
1001246886.0,2021-07-03 08:00:00,1440,2021,RIPLEY AV,SOUTH KINGSWAY,Minor Arterial,Toronto and East York,43.636767,-79.475078,623003.6661,4832659.401,At Intersection,Stop Sign,Clear,Daylight,Dry,87,High Park-Swansea,87,High Park-Swansea (87),Non-Fatal Injury,0,0,1,1,0,0,0,0,0,0,0,0,0,Turning Movement,"['Driver', 'Motorcycle Driver']",North,"['Automobile, Station Wagon', 'Motorcycle']","['Turning Left', 'Going Ahead']","['Improper Turn', 'Driving Properly']","['Inattentive', 'Normal']",['Not Applicable'],['Not Applicable'],['Not Applicable'],['Not Applicable'],['Not Applicable'],False,"['55 to 59', '45 to 49']",3.0
1001249614.0,2021-07-03 08:00:00,2233,2021,DON VALLEY PARKWAY  S,GERRARD ST E,Expressway,Toronto and East York,43.662265,-79.355258,632612.5938,4835675.8244,Non Intersection,No Control,Clear,"Dark, artificial",Dry,70,South Riverdale,70,South Riverdale (70),Fatal,1,0,1,0,0,0,0,0,0,0,0,0,0,Pedestrian Collisions,"['Pedestrian', 'Driver']",South,"['Automobile, Station Wagon']",['Going Ahead'],['Driving Properly'],['Normal'],"['Crossing, no Traffic Control']",['Unknown'],['Not Applicable'],['Not Applicable'],['Not Applicable'],True,"['15 to 19', '60 to 64']",4.0
1001250454.0,2021-07-04 08:00:00,138,2021,KINGSTON RD,SHEPPARD AVE E,Major Arterial,Scarborough,43.79885,-79.14619,649130.1928,4851201.095,At Intersection,Traffic Signal,Clear,"Dark, artificial",Dry,133,Centennial Scarborough,133,Centennial Scarborough (133),Fatal,0,0,1,0,0,1,0,0,0,1,1,0,0,Angle,['Driver'],North,"['Automobile, Station Wagon', 'Municipal Transit Bus (TTC)']",['Going Ahead'],"['Disobeyed Traffic Control', 'Driving Properly']",['Normal'],['Not Applicable'],['Not Applicable'],['Not Applicable'],['Not Applicable'],['Not Applicable'],True,"['20 to 24', '60 to 64']",4.0
1001250737.0,2021-07-04 08:00:00,325,2021,SHEPPARD AVE W,WILLIAM R ALLEN RD,Major Arterial,North York,43.750273,-79.465404,623550.6979,4845280.176,Non Intersection,No Control,Clear,Dark,Dry,155,Downsview,26,Downsview-Roding-CFB (26),Fatal,0,0,0,1,0,0,0,0,0,0,0,0,0,SMV Other,['Motorcycle Driver'],East,['Motorcycle'],['Going Ahead'],['Lost control'],['Inattentive'],['Not Applicable'],['Not Applicable'],['Not Applicable'],['Not Applicable'],['Not Applicable'],True,['30 to 34'],4.0
1001268493.0,2021-07-06 08:00:00,1455,2021,GREENCEDAR CRCT,LAWRENCE  AVE E,Collector,Scarborough,43.758021,-79.233005,642243.0436,4846513.6034,Intersection Related,No Control,Clear,Daylight,Dry,141,Golfdale-Cedarbrae-Woburn,137,Woburn (137),Non-Fatal Injury,1,0,0,0,0,0,0,0,0,0,0,0,0,Pedestrian Collisions,['Pedestrian'],East,[],[],[],[],"['Crossing, no Traffic Control']",['Normal'],['Not Applicable'],['Not Applicable'],['Not Applicable'],False,['75 to 79'],3.0
1001270.0,2007-11-08 10:00:00,643,2007,ALBION RD,MARTIN GROVE N ALBION E RAMP,Major Arterial,Etobicoke York,43.741145,-79.58939,613585.7459,4844088.9257,At Intersection,No Control,Clear,Daylight,Dry,2,Mount Olive-Silverstone-Jamestown,2,Mount Olive-Silverstone-Jamestown (2),Non-Fatal Injury,1,0,1,0,0,0,0,0,0,0,0,0,0,Pedestrian Collisions,"['Pedestrian', 'Driver']",South,"['Other', 'Automobile, Station Wagon']",['Going Ahead'],['Driving Properly'],['Unknown'],"['Crossing, no Traffic Control']",['Normal'],['Not Applicable'],['Not Applicable'],['Not Applicable'],False,"['45 to 49', '25 to 29']",3.0
1001274605.0,2021-07-07 08:00:00,1156,2021,WOODMOUNT  AVE,STRATHMORE BLVD,Local,Toronto and East York,43.685877,-79.31557,635759.3478,4838362.4649,At Intersection,Stop Sign,Clear,Daylight,Dry,66,Danforth,66,Danforth (66),Non-Fatal Injury,1,0,1,0,0,0,0,0,0,1,0,0,0,Pedestrian Collisions,"['Driver', 'Pedestrian']",East,['Pick Up Truck'],['Going Ahead'],['Failed to Yield Right of Way'],['Inattentive'],['Crossing with right of way'],['Normal'],['Not Applicable'],['Not Applicable'],['Not Applicable'],False,"['35 to 39', '30 to 34']",3.0
1001297899.0,2021-07-10 08:00:00,2147,2021,WINTERTON DR,LLOYD MANOR RD,Collector,Etobicoke York,43.671847,-79.555003,616488.838,4836440.1508,At Intersection,Stop Sign,Clear,"Dark, artificial",Dry,10,Princess-Rosethorn,10,Princess-Rosethorn (10),Fatal,0,0,1,0,0,0,0,0,1,1,0,0,0,SMV Other,['Driver'],North,"['Automobile, Station Wagon']",['Going Ahead'],['Lost control'],"['Ability Impaired, Drugs']",['Not Applicable'],['Not Applicable'],['Not Applicable'],['Not Applicable'],['Not Applicable'],True,['60 to 64'],4.0
1001311707.0,2021-07-13 08:00:00,745,2021,GERRARD ST E,HORTICULTURAL AVE,Minor Arterial,Toronto and East York,43.660609,-79.374698,631048.7676,4835461.014,Intersection Related,Stop Sign,Clear,Daylight,Dry,73,Moss Park,73,Moss Park (73),Non-Fatal Injury,0,1,1,0,0,0,0,0,0,0,0,0,0,Cyclist Collisions,"['Cyclist', 'Driver']",East,"['Bicycle', 'Automobile, Station Wagon']",['Going Ahead'],['Driving Properly'],['Normal'],['Not Applicable'],['Not Applicable'],"['Cyclist without ROW rides into path of motorist at inter, lnwy, dwy-Cyclist not turn.']",['Improper Passing'],['Inattentive'],False,"['75 to 79', '50 to 54']",3.0
1001321784.0,2021-07-14 08:00:00,1440,2021,DON MILLS RD,GREEN BELT DR,Major Arterial,Toronto and East York,43.730017,-79.341525,633569.3593,4843222.6782,Non Intersection,No Control,Clear,Daylight,Dry,42,Banbury-Don Mills,42,Banbury-Don Mills (42),Non-Fatal Injury,1,0,1,0,0,0,0,0,0,0,0,0,0,Pedestrian Collisions,"['Driver', 'Pedestrian']",East,"['Automobile, Station Wagon']",['Going Ahead'],['Driving Properly'],['Normal'],"['Crossing, no Traffic Control']",['Medical or Physical Disability'],['Not Applicable'],['Not Applicable'],['Not Applicable'],False,"['70 to 74', '15 to 19']",3.0
1001358291.0,2021-07-19 08:00:00,1740,2021,5231 YONGE ST,ELLERSLIE AVE,Major Arterial,North York,43.771399,-79.413409,627691.915,4847705.4024,Non Intersection,No Control,Clear,Daylight,Dry,151,Yonge-Doris,51,Willowdale East (51),Non-Fatal Injury,0,1,1,0,0,0,0,0,0,0,0,0,0,Cyclist Collisions,"['Cyclist', 'Driver']",South,"['Bicycle', 'Automobile, Station Wagon']","['Going Ahead', 'Stopped']",['Driving Properly'],['Unknown'],['Not Applicable'],['Not Applicable'],['Cyclist and Driver travelling in same direction. One vehicle rear-ended the other.'],['Lost control'],['Unknown'],False,"['30 to 34', '45 to 49']",3.0
1001358898.0,2021-07-19 08:00:00,1915,2021,RIDELLE AVE,TIMES RD,Local,North York,43.702731,-79.446719,625154.0139,4840027.995,At Intersection,Stop Sign,Clear,Daylight,Dry,108,Briar Hill-Belgravia,108,Briar Hill-Belgravia (108),Non-Fatal Injury,1,0,1,0,0,0,0,0,0,1,0,0,0,Pedestrian Collisions,"['Truck Driver', 'Pedestrian']",East,['Tow Truck'],['Going Ahead'],['Failed to Yield Right of Way'],['Normal'],['Crossing with right of way'],['Normal'],['Not Applicable'],['Not Applicable'],['Not Applicable'],False,"['45 to 49', '75 to 79']",3.0
1001360205.0,2021-07-19 08:00:00,2343,2021,DIXON  RD,ST PHILLIPS RD,Major Arterial,Etobicoke York,43.699752,-79.534229,618108.7779,4839568.7555,Intersection Related,No Control,Clear,"Dark, artificial",Dry,8,Humber Heights-Westmount,8,Humber Heights-Westmount (8),Non-Fatal Injury,1,0,1,0,0,0,0,0,0,0,0,0,0,Pedestrian Collisions,"['Driver', 'Pedestrian']",East,"['Automobile, Station Wagon']",['Going Ahead'],['Driving Properly'],['Normal'],['Running onto Roadway'],['Inattentive'],['Not Applicable'],['Not Applicable'],['Not Applicable'],False,"['60 to 64', '50 to 54']",3.0
1001364901.0,2021-07-20 08:00:00,1611,2021,CARLINGVIEW DR,CONSTELLATION CRT,Major Arterial,Etobicoke York,43.690688,-79.597316,613042.3515,4838474.1448,At Intersection,No Control,Clear,Daylight,Dry,1,West Humber-Clairville,1,West Humber-Clairville (1),Fatal,0,0,1,0,0,0,0,1,0,0,0,0,0,SMV Other,"['Driver', 'Passenger']",South,"['Automobile, Station Wagon']",['Going Ahead'],['Lost control'],['Unknown'],['Not Applicable'],['Not Applicable'],['Not Applicable'],['Not Applicable'],['Not Applicable'],True,['65 to 69'],4.0
1001373443.0,2021-07-21 08:00:00,1937,2021,27 S 427 C S RAMP,HIGHWAY 401 X  E,Expressway Ramp,Etobicoke York,43.677428,-79.577968,614626.8687,4837028.0021,Non Intersection,No Control,Clear,Daylight,Dry,1,West Humber-Clairville,1,West Humber-Clairville (1),Fatal,0,0,1,0,0,0,0,1,1,1,0,0,0,Rear End,"['Driver', 'Passenger']",South,"['Automobile, Station Wagon']",['Going Ahead'],"['Exceeding Speed Limit', 'Driving Properly']",['Normal'],['Not Applicable'],['Not Applicable'],['Not Applicable'],['Not Applicable'],['Not Applicable'],True,['35 to 39'],4.0
1001375642.0,2021-07-22 08:00:00,624,2021,1854 EGLINTON AVE W,1854 EGLINTON AVE W,Major Arterial,North York,43.695426,-79.451267,624802.715,4839209.8183,At Intersection,Stop Sign,Clear,Daylight,Dry,109,Caledonia-Fairbank,109,Caledonia-Fairbank (109),Non-Fatal Injury,1,0,1,0,0,0,0,0,0,0,0,0,0,SMV Other,"['Driver', 'Pedestrian']",South,"['Automobile, Station Wagon']",['Going Ahead'],['Driving Properly'],['Normal'],['Crossing without right of way'],['Inattentive'],['Not Applicable'],['Not Applicable'],['Not Applicable'],False,['25 to 29'],3.0
1001385290.0,2021-07-23 08:00:00,1335,2021,VICTORIA PARK AVE,EDGE PARK  AVE,Major Arterial,Scarborough,43.718081,-79.299884,636950.2531,4841964.977,Non Intersection,No Control,Clear,Daylight,Dry,43,Victoria Village,120,Clairlea-Birchmount (120),Non-Fatal Injury,1,0,1,0,0,0,0,1,0,0,0,0,0,Pedestrian Collisions,"['Driver', 'Passenger', 'Pedestrian']",East,['Pick Up Truck'],['Going Ahead'],['Driving Properly'],['Normal'],['Running onto Roadway'],['Inattentive'],['Not Applicable'],['Not Applicable'],['Not Applicable'],False,"['35 to 39', '20 to 24']",3.0
1001386663.0,2021-07-23 08:00:00,1655,2021,ALBION RD,FINCH AV W,Major Arterial,North York,43.741526,-79.591602,613406.9098,4844128.211,Non Intersection,No Control,Clear,Daylight,Dry,2,Mount Olive-Silverstone-Jamestown,2,Mount Olive-Silverstone-Jamestown (2),Non-Fatal Injury,0,0,1,0,0,0,0,0,0,1,0,0,0,Turning Movement,['Driver'],East,"['Automobile, Station Wagon']","['Turning Left', 'Going Ahead']","['Failed to Yield Right of Way', 'Driving Properly']",['Normal'],['Not Applicable'],['Not Applicable'],['Not Applicable'],['Not Applicable'],['Not Applicable'],False,['50 to 54'],3.0
1001388501.0,2021-07-23 08:00:00,2110,2021,2472 KINGSTON RD,Not Applicable,Major Arterial,Scarborough,43.709796,-79.249019,641067.0939,4841130.1152,Non Intersection,Missing Control,Clear,"Dark, artificial",Dry,122,Birchcliffe-Cliffside,122,Birchcliffe-Cliffside (122),Fatal,1,0,1,0,0,0,0,0,1,1,0,0,0,Pedestrian Collisions,"['Pedestrian', 'Driver']",Unknown,"['Automobile, Station Wagon']",['Going Ahead'],['Exceeding Speed Limit'],['Normal'],"['Crossing, no Traffic Control']",['Inattentive'],['Not Applicable'],['Not Applicable'],['Not Applicable'],True,"['70 to 74', '20 to 24']",4.0
1001390189.0,2021-07-24 08:00:00,440,2021,670 BIRCHMOUNT RD,ANACONDA AVENUE,Unknown,Unknown,43.721084,-79.274189,639013.1535,4842341.2841,At/Near Private Drive,Traffic Signal,Clear,"Dark, artificial",Dry,120,Clairlea-Birchmount,120,Clairlea-Birchmount (120),Non-Fatal Injury,0,0,1,0,0,0,0,1,1,1,0,0,0,SMV Other,"['Driver', 'Passenger']",North,"['Automobile, Station Wagon']",['Going Ahead'],['Lost control'],['Fatigue'],['Not Applicable'],['Not Applicable'],['Not Applicable'],['Not Applicable'],['Not Applicable'],False,"['30 to 34', '10 to 14', '5 to 9']",3.0
1001392111.0,2021-07-24 08:00:00,1311,2021,ROYAL YORK  RD,BLOOR  ST W,Major Arterial,Etobicoke York,43.647292,-79.511325,620058.9097,4833775.2613,At Intersection,Traffic Signal,Rain,Daylight,Wet,16,Stonegate-Queensway,16,Stonegate-Queensway (16),Non-Fatal Injury,1,0,1,0,0,0,0,0,0,1,0,0,0,Pedestrian Collisions,"['Driver', 'Pedestrian']",South,['Pick Up Truck'],['Turning Right'],['Failed to Yield Right of Way'],['Normal'],['Crossing with right of way'],['Normal'],['Not Applicable'],['Not Applicable'],['Not Applicable'],False,"['45 to 49', '55 to 59']",3.0
1001394967.0,2021-07-24 08:00:00,2137,2021,WILLIAM R ALLEN RD N,WILSON AVE,Expressway,North York,43.733981,-79.449664,624851.8008,4843494.3087,Intersection Related,No Control,Rain,"Dark, artificial",Wet,33,Clanton Park,33,Clanton Park (33),Non-Fatal Injury,0,0,1,0,0,0,0,1,0,1,0,0,0,Rear End,"['Driver', 'Passenger']",North,"['Automobile, Station Wagon']",['Going Ahead'],"['Failed to Yield Right of Way', 'Driving Properly']","['Inattentive', 'Normal']",['Not Applicable'],['Not Applicable'],['Not Applicable'],['Not Applicable'],['Not Applicable'],False,"['20 to 24', '30 to 34', '15 to 19', '35 to 39']",3.0
1001400939.0,2021-07-25 08:00:00,1922,2021,52 HOLLAND AVE,VICTORIA PARK AVE,Local,Toronto and East York,43.715724,-79.299365,636997.4322,4841704.0557,At/Near Private Drive,No Control,Clear,Daylight,Dry,54,O'Connor-Parkview,54,O'Connor-Parkview (54),Non-Fatal Injury,0,0,1,0,0,0,0,0,0,0,0,0,0,Angle,['Driver'],South,"['Automobile, Station Wagon']","['Reversing', 'Stopped']",['Other'],['Normal'],['Not Applicable'],['Not Applicable'],['Not Applicable'],['Not Applicable'],['Not Applicable'],False,"['45 to 49', '60 to 64']",3.0
1001402939.0,2021-07-26 08:00:00,400,2021,OAKWOOD AVE,ROGERS RD,Minor Arterial,Toronto and East York,43.68706,-79.438655,625836.5414,4838299.7196,At Intersection,Traffic Signal,Clear,"Dark, artificial",Dry,107,Oakwood Village,107,Oakwood Village (107),Non-Fatal Injury,0,0,1,0,0,0,0,1,0,1,0,0,0,Turning Movement,"['Driver', 'Passenger']",North,"['Automobile, Station Wagon']","['Making U Turn', 'Going Ahead']","['Improper Turn', 'Driving Properly']","['Unknown', 'Had Been Drinking']",['Not Applicable'],['Not Applicable'],['Not Applicable'],['Not Applicable'],['Not Applicable'],False,"['20 to 24', '25 to 29']",3.0
1001406643.0,2021-07-26 08:00:00,1532,2021,FRONT ST W,SPADINA AVE,Major Arterial,Toronto and East York,43.642672,-79.393901,629538.9627,4833438.723,At Intersection,Traffic Controller,Clear,Daylight,Dry,165,Harbourfront-CityPlace,77,Waterfront Communities-The Island (77),Non-Fatal Injury,1,0,1,0,0,0,0,0,0,0,0,0,0,SMV Other,"['Driver', 'Pedestrian']",South,"['Automobile, Station Wagon']",['Going Ahead'],['Driving Properly'],['Normal'],['Crossing without right of way'],['Had Been Drinking'],['Not Applicable'],['Not Applicable'],['Not Applicable'],False,"['65 to 69', '55 to 59']",3.0
1001428194.0,2021-07-29 08:00:00,1522,2021,751 KIPLING AVE,Not Applicable,Major Arterial,Etobicoke York,43.627307,-79.529269,618651.0733,4831529.8753,At/Near Private Drive,No Control,Clear,Daylight,Dry,159,Etobicoke City Centre,14,Islington-City Centre West (14),Fatal,0,0,1,1,0,0,0,0,1,1,0,0,0,Turning Movement,"['Motorcycle Driver', 'Driver']",North,"['Motorcycle', 'Automobile, Station Wagon']","['Going Ahead', 'Turning Left']","['Exceeding Speed Limit', 'Failed to Yield Right of Way']","['Unknown', 'Inattentive']",['Not Applicable'],['Not Applicable'],['Not Applicable'],['Not Applicable'],['Not Applicable'],True,"['35 to 39', '15 to 19']",4.0
1001438929.0,2021-07-31 08:00:00,36,2021,F G GARDINER XY E,LOWER JARVIS ST,Expressway,Toronto and East York,43.645636,-79.370395,631428.3819,4833804.8704,Non Intersection,No Control,Clear,"Dark, artificial",Dry,166,St Lawrence-East Bayfront-The Islands,77,Waterfront Communities-The Island (77),Non-Fatal Injury,0,0,1,1,0,0,0,1,1,1,0,0,0,Rear End,"['Motorcycle Driver', 'Driver', 'Passenger']",East,"['Motorcycle', 'Automobile, Station Wagon']",['Going Ahead'],"['Speed too Fast For Condition', 'Driving Properly']","['Inattentive', 'Normal']",['Not Applicable'],['Not Applicable'],['Not Applicable'],['Not Applicable'],['Not Applicable'],False,"['35 to 39', '50 to 54', '15 to 19']",3.0
1001445870.0,2021-08-01 08:00:00,54,2021,LAKE SHORE BLVD W,BATHURST ST,Major Arterial,Toronto and East York,43.636386,-79.399608,629092.1244,4832731.6901,At Intersection,Traffic Signal,Clear,"Dark, artificial",Dry,163,Fort York-Liberty Village,82,Niagara (82),Non-Fatal Injury,0,0,1,0,0,0,0,1,0,1,1,0,0,Angle,"['Driver', 'Passenger']",North,"['Automobile, Station Wagon']",['Going Ahead'],"['Other', 'Disobeyed Traffic Control']","['Normal', 'Other']",['Not Applicable'],['Not Applicable'],['Not Applicable'],['Not Applicable'],['Not Applicable'],False,"['30 to 34', '40 to 44']",3.0
1001452685.0,2021-08-02 08:00:00,530,2021,WESTON RD,ROGERS RD,Major Arterial ,Toronto and East York,43.681319,-79.476459,622801.4154,4837605.4355,At/Near Private Drive,No Control,Clear,"Dawn, artificial",Dry,111,Rockcliffe-Smythe,111,Rockcliffe-Smythe (111),Non-Fatal Injury,0,0,1,1,0,0,0,0,1,1,0,0,0,Turning Movement,"['Driver', 'Motorcycle Driver']",North,"['Automobile, Station Wagon', 'Motorcycle']","['Turning Left', 'Going Ahead']","['Improper Turn', 'Exceeding Speed Limit']",['Normal'],['Not Applicable'],['Not Applicable'],['Not Applicable'],['Not Applicable'],['Not Applicable'],False,"['70 to 74', '35 to 39']",3.0
1001461087.0,2021-08-03 08:00:00,1230,2021,PHARMACY AVE,DANFORTH AVE,Major Arterial,Scarborough,43.692256,-79.283344,638342.0182,4839124.204,At Intersection,Traffic Signal,Clear,Daylight,Dry,121,Oakridge,121,Oakridge (121),Non-Fatal Injury,1,0,1,0,0,0,0,0,0,0,0,0,0,Pedestrian Collisions,"['Driver', 'Pedestrian']",South,['Passenger Van'],['Turning Left'],['Driving Properly'],['Normal'],['Crossing without right of way'],['Inattentive'],['Not Applicable'],['Not Applicable'],['Not Applicable'],False,"['60 to 64', '30 to 34']",3.0
1001466029.0,2021-08-04 08:00:00,619,2021,SUMACH ST,WASCANA AVE,Local,Toronto and East York,43.657763,-79.359294,632297.0624,4835169.3739,Non Intersection,No Control,Clear,"Daylight, artificial",Dry,72,Regent Park,72,Regent Park (72),Non-Fatal Injury,0,0,1,0,0,0,0,0,0,0,0,0,1,SMV Other,['Driver'],South,"['Automobile, Station Wagon']",['Going Ahead'],['Lost control'],['Medical or Physical Disability'],['Not Applicable'],['Not Applicable'],['Not Applicable'],['Not Applicable'],['Not Applicable'],False,['60 to 64'],3.0
1001469287.0,2021-08-04 08:00:00,1441,2021,ALLANFORD RD,SHEPPARD AVE E,Major Arterial,Scarborough,43.782046,-79.293422,637324.4253,4849079.9562,At Intersection,Traffic Signal,Clear,Daylight,Dry,118,Tam O'Shanter-Sullivan,118,Tam O'Shanter-Sullivan (118),Non-Fatal Injury,1,0,1,0,0,0,0,0,0,1,0,0,0,Pedestrian Collisions,"['Driver', 'Pedestrian']",North,"['Automobile, Station Wagon']",['Turning Left'],['Failed to Yield Right of Way'],['Inattentive'],['Crossing with right of way'],['Normal'],['Not Applicable'],['Not Applicable'],['Not Applicable'],False,"['45 to 49', '25 to 29']",3.0
1001479611.0,2021-08-05 08:00:00,2302,2021,DUFFERIN ST,RANEE AVE,Major Arterial,North York,43.721545,-79.456371,624337.3953,4842103.0286,At Intersection,Traffic Signal,Clear,"Dark, artificial",Dry,31,Yorkdale-Glen Park,31,Yorkdale-Glen Park (31),Fatal,0,0,1,1,0,0,0,0,0,1,1,1,0,Turning Movement,"['Motorcycle Driver', 'Driver']",North,"['Motorcycle', 'Automobile, Station Wagon']","['Going Ahead', 'Turning Left']","['Disobeyed Traffic Control', 'Driving Properly']","['Unknown', 'Ability Impaired, Alcohol']",['Not Applicable'],['Not Applicable'],['Not Applicable'],['Not Applicable'],['Not Applicable'],True,"['15 to 19', '25 to 29']",4.0
1001488085.0,2021-08-07 08:00:00,253,2021,401 EB OFF RAMP,KINGSTON RD,Minor Arterial,Scarborough,43.798712,-79.145931,649151.3718,4851186.2346,At Intersection,Traffic Signal,Clear,Dark,Dry,133,Centennial Scarborough,133,Centennial Scarborough (133),Non-Fatal Injury,0,0,0,1,0,0,0,0,0,0,0,0,0,SMV Other,['Motorcycle Driver'],East,['Motorcycle'],['Going Ahead'],['Lost control'],['Normal'],['Not Applicable'],['Not Applicable'],['Not Applicable'],['Not Applicable'],['Not Applicable'],False,['40 to 44'],3.0
1001493213.0,2021-08-07 08:00:00,2150,2021,VEROBEACH BLVD,ST LUCIE DR,Local,North York,43.73746,-79.543926,617253.8359,4843742.9874,Non Intersection,No Control,Clear,Dark,Dry,22,Humbermede,22,Humbermede (22),Non-Fatal Injury,0,0,0,1,0,0,0,0,1,1,0,0,0,SMV Unattended Vehicle,['Motorcycle Driver'],East,['Motorcycle'],['Going Ahead'],['Exceeding Speed Limit'],['Unknown'],['Not Applicable'],['Not Applicable'],['Not Applicable'],['Not Applicable'],['Not Applicable'],False,['45 to 49'],3.0
1001493289.0,2021-08-07 08:00:00,2205,2021,ST CLAIR AV W,CALEDONIA RD,Major Arterial,Toronto and East York,43.675517,-79.453922,624629.9847,4836994.6611,Non Intersection,Traffic Signal,Clear,"Dark, artificial",Dry,92,Corso Italia-Davenport,92,Corso Italia-Davenport (92),Non-Fatal Injury,0,0,1,0,0,0,0,0,0,1,0,0,0,SMV Other,['Driver'],East,"['Automobile, Station Wagon']",['Going Ahead'],['Lost control'],['Inattentive'],['Not Applicable'],['Not Applicable'],['Not Applicable'],['Not Applicable'],['Not Applicable'],False,['40 to 44'],3.0
1001493415.0,2021-08-07 08:00:00,2236,2021,FRONT ST W,SPADINA  AVE,Major Arterial,Toronto and East York,43.642665,-79.393886,629540.1876,4833437.9689,At Intersection,Traffic Signal,Clear,Dark,Dry,165,Harbourfront-CityPlace,77,Waterfront Communities-The Island (77),Non-Fatal Injury,1,0,1,0,0,0,0,0,0,0,0,0,0,Pedestrian Collisions,"['Driver', 'Pedestrian']",North,['Passenger Van'],['Going Ahead'],['Driving Properly'],['Normal'],['Crossing without right of way'],['Had Been Drinking'],['Not Applicable'],['Not Applicable'],['Not Applicable'],False,"['35 to 39', '20 to 24']",3.0
1001512252.0,2021-08-10 08:00:00,1525,2021,ST CLAIR  AVE W,ST CLAIR GDNS,Major Arterial,Etobicoke York,43.677432,-79.445026,625343.1145,4837220.7524,Intersection Related,Traffic Signal,Clear,Daylight,Dry,92,Corso Italia-Davenport,92,Corso Italia-Davenport (92),Non-Fatal Injury,1,0,0,0,0,1,0,0,0,0,0,0,0,Pedestrian Collisions,"['Driver', 'Pedestrian']",East,['Street Car'],['Going Ahead'],['Driving Properly'],['Normal'],"['Crossing, no Traffic Control']",['Inattentive'],['Not Applicable'],['Not Applicable'],['Not Applicable'],False,"['45 to 49', '55 to 59']",3.0
1001517326.0,2021-08-11 08:00:00,920,2021,BROCK AVE,SEAFORTH AVE,Collector,Toronto and East York,43.64363,-79.433177,626369.1398,4833484.5695,At Intersection,No Control,Clear,Daylight,Dry,86,Roncesvalles,86,Roncesvalles (86),Non-Fatal Injury,1,0,1,0,0,0,0,0,0,0,0,0,0,Pedestrian Collisions,"['Driver', 'Pedestrian']",South,"['Automobile, Station Wagon']",['Turning Right'],['Improper Turn'],['Inattentive'],['On Sidewalk or Shoulder'],['Normal'],['Not Applicable'],['Not Applicable'],['Not Applicable'],False,"['40 to 44', '20 to 24']",3.0
1001530843.0,2021-08-13 08:00:00,200,2021,GARDIER XWY,DVP,Major Arterial,Toronto and East York,43.650992,-79.346561,633338.7742,4834437.7458,Non Intersection,No Control,Clear,"Dark, artificial",Dry,70,South Riverdale,70,South Riverdale (70),Non-Fatal Injury,0,0,0,1,0,0,0,0,0,0,0,0,0,SMV Other,['Motorcycle Driver'],East,['Motorcycle'],['Going Ahead'],['Lost control'],['Inattentive'],['Not Applicable'],['Not Applicable'],['Not Applicable'],['Not Applicable'],['Not Applicable'],False,['25 to 29'],3.0
1001537853.0,2021-08-13 08:00:00,2355,2021,800 BATHURST ST,Not Applicable,Major Arterial,Toronto and East York,43.665507,-79.411365,628081.8458,4835947.7396,Non Intersection,No Control,Clear,"Dark, artificial",Dry,95,Annex,95,Annex (95),Non-Fatal Injury,1,0,1,0,0,0,0,0,0,0,0,0,0,Pedestrian Collisions,"['Driver', 'Pedestrian']",East,"['Automobile, Station Wagon']",['Going Ahead'],['Driving Properly'],['Normal'],"['Crossing, no Traffic Control']",['Inattentive'],['Not Applicable'],['Not Applicable'],['Not Applicable'],False,"['50 to 54', '15 to 19']",3.0