accident_number,date,time,year,street1,street2,road_class,district,latitude,longitude,x,y,accident_location,traffctl,visibility,light,road_surface_condition,hood_158,neighbourhood_new,hood_140,neighbourhood_old,accident_class,pedestrian,cyclist,automobile,motorcycle,truck,trsn_city_veh,emerg_veh,passenger,speeding,aggressive_driving,redlight,alcohol,disability,impact_type,involvement_type,initial_direction,vehicle_type,manoeuver,driver_action,driver_condition,pedestrian_action,pedestrian_condition,cyclist_type,cyclist_action,cyclist_condition,injury,involvement_age,injury_severity_score
1001538488.0,2021-08-14 08:00:00,243,2021,BLOOR ST W,EAGLE RD,Major Arterial,Etobicoke York,43.645354,-79.520053,619358.8447,4833547.4326,Non Intersection,No Control,Clear,"Dark, artificial",Dry,16,Stonegate-Queensway,16,Stonegate-Queensway (16),Fatal,0,0,1,0,0,0,0,1,1,1,0,0,0,Pedestrian Collisions,"['Passenger', 'Driver']",West,"['Automobile, Station Wagon']",['Going Ahead'],['Speed too Fast For Condition'],['Inattentive'],['Not Applicable'],['Not Applicable'],['Not Applicable'],['Not Applicable'],['Not Applicable'],True,['20 to 24'],4.0
1001545631.0,2021-08-15 08:00:00,550,2021,106 BEECH AVE,Not Applicable,Major Arterial,Toronto and East York,43.673556,-79.287952,638013.539,4837039.6303,At/Near Private Drive,No Control,Clear,"Dark, artificial",Dry,63,The Beaches,63,The Beaches (63),Non-Fatal Injury,0,1,1,0,0,0,0,0,0,0,0,0,0,Cyclist Collisions,"['Driver', 'Cyclist']",South,"['Automobile, Station Wagon', 'Bicycle']","['Reversing', 'Going Ahead']",['Other'],['Normal'],['Not Applicable'],['Not Applicable'],['Motorist reversing struck cyclist.'],['Wrong Way on One Way Road'],['Normal'],False,"['25 to 29', '55 to 59']",3.0
1001547694.0,2021-08-15 08:00:00,1415,2021,DON VALLEY PARKWAY  N,BAYVIEW BLOOR DVP N RAMP,Expressway,Scarborough,43.690997,-79.359271,632225.906,4838860.4984,Non Intersection,No Control,Clear,Daylight,Dry,57,Broadview North,57,Broadview North (57),Fatal,0,0,0,1,1,0,0,1,1,1,0,0,0,Rear End,"['Motorcycle Driver', 'Truck Driver', 'Passenger']",North,"['Motorcycle', 'Truck - Dump']",['Going Ahead'],"['Speed too Fast For Condition', 'Driving Properly']","['Unknown', 'Normal']",['Not Applicable'],['Not Applicable'],['Not Applicable'],['Not Applicable'],['Not Applicable'],True,"['20 to 24', '30 to 34']",4.0
1001551843.0,2021-08-16 08:00:00,631,2021,ISLINGTON AVE,THOROLD GT,Local,Etobicoke York,43.762686,-79.573543,614820.5949,4846503.2135,Intersection Related,Stop Sign,Clear,Daylight,Dry,21,Humber Summit,21,Humber Summit (21),Non-Fatal Injury,0,0,1,1,0,0,0,0,0,1,0,0,0,Turning Movement,"['Driver', 'Motorcycle Driver']",East,"['Automobile, Station Wagon', 'Motorcycle']","['Turning Left', 'Going Ahead']","['Failed to Yield Right of Way', 'Driving Properly']","['Inattentive', 'Normal']",['Not Applicable'],['Not Applicable'],['Not Applicable'],['Not Applicable'],['Not Applicable'],False,"['45 to 49', '60 to 64']",3.0
1001562119.0,2021-08-17 08:00:00,1504,2021,EGLINTON  AVE W,MARTIN GROVE RD,Major Arterial,Etobicoke York,43.674407,-79.563129,615828.8286,4836713.0936,Intersection Related,Traffic Signal,Clear,Daylight,Dry,10,Princess-Rosethorn,10,Princess-Rosethorn (10),Non-Fatal Injury,1,0,1,0,0,0,0,0,0,0,0,0,0,Pedestrian Collisions,"['Driver', 'Pedestrian']",South,"['Automobile, Station Wagon']",['Turning Left'],['Lost control'],['Unknown'],['On Sidewalk or Shoulder'],['Normal'],['Not Applicable'],['Not Applicable'],['Not Applicable'],False,"['20 to 24', '70 to 74']",3.0
1001563711.0,2021-08-17 08:00:00,1900,2021,CHERRY ST,FRONT ST E,Collector,North York,43.652587,-79.357951,632416.7315,4834596.6527,At Intersection,Traffic Signal,Clear,Daylight,Dry,166,St Lawrence-East Bayfront-The Islands,77,Waterfront Communities-The Island (77),Non-Fatal Injury,1,0,1,0,0,0,0,0,0,1,0,0,0,Pedestrian Collisions,"['Driver', 'Pedestrian']",North,"['Automobile, Station Wagon']",['Turning Left'],['Failed to Yield Right of Way'],['Unknown'],['Crossing with right of way'],['Normal'],['Not Applicable'],['Not Applicable'],['Not Applicable'],False,"['30 to 34', '25 to 29']",3.0
1001569148.0,2021-08-18 08:00:00,1442,2021,YONGE ST,FINCH AVE E,Major Arterial,North York,43.779765,-79.415546,627502.1421,4848631.2812,At Intersection,Traffic Signal,Clear,Daylight,Dry,151,Yonge-Doris,51,Willowdale East (51),Fatal,1,0,0,0,0,0,0,0,0,0,0,0,0,Pedestrian Collisions,['Pedestrian'],East,[],[],[],[],['Crossing with right of way'],['Normal'],['Not Applicable'],['Not Applicable'],['Not Applicable'],True,"['80 to 84', '55 to 59']",4.0
1001570554.0,2021-08-18 08:00:00,1810,2021,AVENUE RD,BLOOR ST W,Major Arterial,North York,43.668646,-79.394099,629467.1625,4836323.1689,Non Intersection,No Control,Clear,Daylight,Dry,169,Bay-Cloverhill,76,Bay Street Corridor (76),Fatal,0,1,0,0,1,0,0,0,0,1,0,0,0,Cyclist Collisions,"['Cyclist', 'Truck Driver']",North,"['Bicycle', 'Truck - Tank']",['Going Ahead'],['Improper Passing'],['Inattentive'],['Not Applicable'],['Not Applicable'],['Cyclist and Driver travelling in same direction. One vehicle rear-ended the other.'],['Driving Properly'],['Unknown'],True,"['15 to 19', '50 to 54']",4.0
1001572143.0,2021-08-18 08:00:00,2240,2021,KIPLING  AVE,DIXON RD,Major Arterial,Etobicoke York,43.694178,-79.558605,616155.3573,4838915.2529,At Intersection,Traffic Signal,Clear,"Dark, artificial",Dry,6,Kingsview Village-The Westway,6,Kingsview Village-The Westway (6),Non-Fatal Injury,1,0,1,0,0,0,0,0,0,0,0,0,0,Pedestrian Collisions,"['Driver', 'Pedestrian']",South,"['Automobile, Station Wagon']",['Going Ahead'],['Driving Properly'],['Normal'],['Running onto Roadway'],['Normal'],['Not Applicable'],['Not Applicable'],['Not Applicable'],False,['45 to 49'],3.0
1001585997.0,2021-08-20 08:00:00,2020,2021,NEILSON RD,OAKMEADOW BLVD,Minor Arterial,Scarborough,43.79032,-79.212337,643829.3797,4850136.6233,Non Intersection,No Control,Clear,Daylight,Dry,135,Morningside,135,Morningside (135),Fatal,1,0,1,0,0,0,0,0,0,0,0,0,0,Pedestrian Collisions,"['Pedestrian', 'Driver']",South,"['Automobile, Station Wagon']",['Going Ahead'],['Other'],['Normal'],['Other'],['Medical or Physical Disability'],['Not Applicable'],['Not Applicable'],['Not Applicable'],True,"['30 to 34', '50 to 54']",4.0
1001587761.0,2021-08-21 08:00:00,516,2021,MORNINGSIDE AVE,JOHN STONER DR,Collector,Scarborough,43.813929,-79.20515,644350.7539,4852771.3016,Non Intersection,No Control,Clear,"Dark, artificial",Dry,144,Morningside Heights,131,Rouge (131),Non-Fatal Injury,0,0,1,0,0,0,0,0,0,0,0,1,0,SMV Other,['Driver'],West,"['Automobile, Station Wagon']",['Pulling Onto Shoulder or towardCurb'],['Lost control'],"['Ability Impaired, Alcohol Over .08']",['Not Applicable'],['Not Applicable'],['Not Applicable'],['Not Applicable'],['Not Applicable'],False,['25 to 29'],3.0
1001592099.0,2021-08-21 08:00:00,1916,2021,NANTUCKET BLVD,WICKWARE,Collector,Scarborough,43.754401,-79.273189,639016.5781,4846043.3134,Non Intersection,No Control,Clear,Daylight,Dry,126,Dorset Park,126,Dorset Park (126),Non-Fatal Injury,0,0,0,1,0,0,0,0,1,1,0,0,0,SMV Other,['Motorcycle Driver'],North,['Motorcycle'],['Going Ahead'],['Speed too Fast For Condition'],"['Ability Impaired, Drugs']",['Not Applicable'],['Not Applicable'],['Not Applicable'],['Not Applicable'],['Not Applicable'],False,['25 to 29'],3.0
1001597350.0,2021-08-22 08:00:00,1533,2021,CALEDONIA RD,LOTHERTON PTWY,Minor Arterial,North York,43.705851,-79.465106,623666.0718,4840346.9219,At Intersection,No Control,Clear,Daylight,Dry,31,Yorkdale-Glen Park,31,Yorkdale-Glen Park (31),Fatal,0,0,1,1,0,0,0,0,1,1,0,0,0,Turning Movement,"['Motorcycle Driver', 'Driver']",North,"['Motorcycle', 'Automobile, Station Wagon']","['Going Ahead', 'Turning Left']","['Exceeding Speed Limit', 'Failed to Yield Right of Way']",['Inattentive'],['Not Applicable'],['Not Applicable'],['Not Applicable'],['Not Applicable'],['Not Applicable'],True,"['35 to 39', '60 to 64']",4.0
1001598412.0,2021-08-22 08:00:00,1828,2021,MARTIN GROVE RD,Near TOLLINGTON RD,Major Arterial,Etobicoke York,43.686652,-79.568607,615363.764,4838065.428,Non Intersection,No Control,Clear,Daylight,Dry,7,Willowridge-Martingrove-Richview,7,Willowridge-Martingrove-Richview (7),Non-Fatal Injury,0,0,1,0,0,0,0,1,0,0,0,0,0,Turning Movement,"['Driver', 'Passenger']",North,"['Automobile, Station Wagon']","['Making U Turn', 'Going Ahead']","['Improper Turn', 'Driving Properly']","['Inattentive', 'Normal']",['Not Applicable'],['Not Applicable'],['Not Applicable'],['Not Applicable'],['Not Applicable'],False,"['15 to 19', '30 to 34', '0 to 4']",3.0
1001600132.0,2021-08-23 08:00:00,2,2021,LAKE SHORE BV W,LOWER SIMCOE ST,Expressway,Toronto and East York,43.640597,-79.383136,630411.7061,4833225.1256,At Intersection,Traffic Signal,Clear,"Dark, artificial",Dry,165,Harbourfront-CityPlace,77,Waterfront Communities-The Island (77),Non-Fatal Injury,0,0,1,0,0,0,0,1,1,1,0,0,0,Turning Movement,"['Driver', 'Passenger']",West,"['Automobile, Station Wagon']","['Turning Right', 'Going Ahead']","['Improper Turn', 'Driving Properly']","['Inattentive', 'Normal']",['Not Applicable'],['Not Applicable'],['Not Applicable'],['Not Applicable'],['Not Applicable'],False,"['65 to 69', '20 to 24']",3.0
1001608912.0,2021-08-24 08:00:00,844,2021,5 FAIRVIEW MALL DR,Not Applicable,Minor Arterial,North York,43.779162,-79.34782,632953.4905,4848670.8431,Non Intersection,No Control,Clear,Daylight,Dry,47,Don Valley Village,47,Don Valley Village (47),Fatal,1,0,1,0,0,0,0,0,0,0,0,0,0,Pedestrian Collisions,"['Driver', 'Pedestrian']",North,"['Automobile, Station Wagon']",['Going Ahead'],['Lost control'],['Other'],['On Sidewalk or Shoulder'],['Normal'],['Not Applicable'],['Not Applicable'],['Not Applicable'],True,"['40 to 44', '85 to 89']",4.0
1001613123.0,2021-08-24 08:00:00,1850,2021,NIPIGON AV,DUMONT ST,Local,North York,43.797778,-79.416728,627368.7586,4850630.0846,Intersection Related,Stop Sign,Clear,Daylight,Dry,50,Newtonbrook East,50,Newtonbrook East (50),Non-Fatal Injury,0,0,1,0,0,0,0,0,0,1,0,0,0,SMV Other,['Driver'],North,['Passenger Van'],['Going Ahead'],['Lost control'],['Normal'],['Not Applicable'],['Not Applicable'],['Not Applicable'],['Not Applicable'],['Not Applicable'],False,['50 to 54'],3.0
1001616611.0,2021-08-25 08:00:00,935,2021,345 ADELAIDE ST W,Not Applicable,Major Arterial,Toronto and East York,43.647055,-79.393703,629545.5108,4833925.8211,At/Near Private Drive,No Control,Clear,Daylight,Dry,164,Wellington Place,77,Waterfront Communities-The Island (77),Non-Fatal Injury,0,1,1,0,0,0,0,0,0,0,0,0,0,Cyclist Collisions,"['Driver', 'Cyclist']",East,"['Delivery Van', 'Bicycle']","['Turning Right', 'Going Ahead']",['Improper Turn'],['Inattentive'],['Not Applicable'],['Not Applicable'],"['Motorist turns right at non-signal Inter.(stop, yield, no cont.,and dwy) and strikes cyclist.']",['Driving Properly'],['Normal'],False,['25 to 29'],3.0
1001622645.0,2021-08-26 08:00:00,330,2021,HARBOUR ST,YORK ST,Major Arterial,Toronto and East York,43.640933,-79.380649,630611.5746,4833266.3535,At Intersection,Traffic Signal,Clear,"Dark, artificial",Dry,166,St Lawrence-East Bayfront-The Islands,77,Waterfront Communities-The Island (77),Fatal,1,0,1,0,0,0,0,0,1,1,0,0,0,Pedestrian Collisions,"['Pedestrian', 'Driver']",East,"['Automobile, Station Wagon']",['Going Ahead'],['Exceeding Speed Limit'],"['Ability Impaired, Drugs']",['Other'],['Unknown'],['Not Applicable'],['Not Applicable'],['Not Applicable'],True,"['25 to 29', '45 to 49']",4.0
1001633249.0,2021-08-27 08:00:00,1400,2021,QUEENS QUAY WEST,BATHURST ST,Major Arterial,Toronto and East York,43.6356,-79.398326,629197.2196,4832646.3894,At Intersection,Traffic Signal,Clear,Daylight,Dry,163,Fort York-Liberty Village,82,Niagara (82),Fatal,1,0,1,0,0,0,0,0,0,1,0,0,0,Pedestrian Collisions,"['Pedestrian', 'Driver']",North,['Pick Up Truck'],['Turning Right'],['Failed to Yield Right of Way'],['Normal'],['Crossing with right of way'],['Normal'],['Not Applicable'],['Not Applicable'],['Not Applicable'],True,"['85 to 89', '30 to 34']",4.0
1001637805.0,2021-08-28 08:00:00,300,2021,YORE RD,KEELE ST,Major Arterial,Etobicoke York,43.691775,-79.474246,622958.4257,4838769.9948,Intersection Related,No Control,Clear,"Dark, artificial",Dry,112,Beechborough-Greenbrook,112,Beechborough-Greenbrook (112),Non-Fatal Injury,0,0,0,1,0,0,0,1,1,1,0,0,0,SMV Other,"['Motorcycle Driver', 'Motorcycle Passenger']",West,['Motorcycle'],['Going Ahead'],['Exceeding Speed Limit'],['Unknown'],['Not Applicable'],['Not Applicable'],['Not Applicable'],['Not Applicable'],['Not Applicable'],False,"['15 to 19', 'unknown']",3.0
1001647780.0,2021-08-29 08:00:00,1500,2021,JANE ST,SHEPPARD AVE,Major Arterial,North York,43.739371,-79.513194,619724.8136,4843999.181,At Intersection,Traffic Signal,Clear,Daylight,Dry,25,Glenfield-Jane Heights,25,Glenfield-Jane Heights (25),Non-Fatal Injury,0,0,1,1,0,0,0,1,0,1,0,0,0,Turning Movement,"['Driver', 'Motorcycle Driver', 'Passenger']",South,"['Automobile, Station Wagon', 'Motorcycle']","['Turning Left', 'Going Ahead']","['Failed to Yield Right of Way', 'Driving Properly']","['Inattentive', 'Normal']",['Not Applicable'],['Not Applicable'],['Not Applicable'],['Not Applicable'],['Not Applicable'],False,"['55 to 59', '25 to 29', '50 to 54']",3.0
1001657810.0,2021-08-30 08:00:00,2205,2021,BLOOR ST W,DORVAL RD,Major Arterial,Toronto and East York,43.655696,-79.454929,624589.8069,4834791.7648,Non Intersection,No Control,Clear,"Dusk, artificial",Dry,87,High Park-Swansea,87,High Park-Swansea (87),Fatal,0,0,1,1,0,0,0,0,0,1,0,0,0,Sideswipe,"['Motorcycle Driver', 'Driver']",West,"['Motorcycle', 'Automobile, Station Wagon']","['Going Ahead', 'Pulling Away from Shoulder or Curb']","['Driving Properly', 'Failed to Yield Right of Way']",['Unknown'],['Not Applicable'],['Not Applicable'],['Not Applicable'],['Not Applicable'],['Not Applicable'],True,"['30 to 34', '55 to 59']",4.0
1001660115.0,2021-08-31 08:00:00,910,2021,VICTORIA PARK AV,MUSGRAVE ST,Major Arterial,North York,43.687888,-79.286968,638059.9855,4838633.0361,At Intersection,Traffic Signal,Clear,Daylight,Dry,122,Birchcliffe-Cliffside,122,Birchcliffe-Cliffside (122),Non-Fatal Injury,1,0,1,0,0,0,0,0,0,1,0,0,0,SMV Other,"['Driver', 'Pedestrian']",North,"['Automobile, Station Wagon']","['Turning Right', 'Slowing or Stopping']",['Failed to Yield Right of Way'],['Inattentive'],['Crossing with right of way'],['Normal'],['Not Applicable'],['Not Applicable'],['Not Applicable'],False,"['80 to 84', '65 to 69']",3.0
1001660333.0,2021-08-31 08:00:00,948,2021,GRAND AVE,MANITOBA ST,Expressway,Etobicoke York,43.624331,-79.494861,621432.9514,4831249.103,Non Intersection,No Control,Clear,Daylight,Dry,160,Mimico-Queensway,17,Mimico (includes Humber Bay Shores) (17),Non-Fatal Injury,0,0,1,1,1,0,0,0,0,0,0,0,0,Sideswipe,"['Truck Driver', 'Driver', 'Motorcycle Driver']",West,"['Truck-Tractor', 'Pick Up Truck', 'Motorcycle']","['Going Ahead', 'Changing Lanes']","['Driving Properly', 'Improper Lane Change']","['Inattentive', 'Normal']",['Not Applicable'],['Not Applicable'],['Not Applicable'],['Not Applicable'],['Not Applicable'],False,"['unknown', '65 to 69', '25 to 29']",3.0
1001662122.0,2021-08-31 08:00:00,1345,2021,FERN AVE,WESTON RD,Minor Arterial,North York,43.702304,-79.523746,618948.4362,4839867.1764,At Intersection,Traffic Signal,Clear,Daylight,Dry,113,Weston,113,Weston (113),Non-Fatal Injury,1,0,1,0,0,0,0,0,0,1,0,0,0,Pedestrian Collisions,"['Driver', 'Pedestrian']",North,['Pick Up Truck'],['Turning Left'],['Failed to Yield Right of Way'],['Normal'],['Crossing with right of way'],['Normal'],['Not Applicable'],['Not Applicable'],['Not Applicable'],False,"['60 to 64', '75 to 79']",3.0
1001663013.0,2021-08-31 08:00:00,1553,2021,723 PAPE AVE,Not Applicable,Major Arterial,Toronto and East York,43.679221,-79.344951,633406.0649,4837575.545,Non Intersection,No Control,Clear,Daylight,Dry,66,Danforth,66,Danforth (66),Non-Fatal Injury,0,1,1,0,0,0,0,0,0,1,0,0,0,Cyclist Collisions,"['Driver', 'Cyclist']",North,"['Automobile, Station Wagon', 'Bicycle']","['Other', 'Going Ahead']",['Failed to Yield Right of Way'],['Normal'],['Not Applicable'],['Not Applicable'],['Cyclist struck opened vehicle door'],['Driving Properly'],['Normal'],False,"['30 to 34', '40 to 44']",3.0
1001676258.0,2021-09-02 08:00:00,1117,2021,LAKE SHORE BLVD E,LESLIE ST,Major Arterial,Toronto and East York,43.659159,-79.328403,634784.8389,4835374.1376,At Intersection,Traffic Signal,Clear,Daylight,Dry,70,South Riverdale,70,South Riverdale (70),Non-Fatal Injury,0,1,1,0,0,0,0,0,0,1,0,0,0,Cyclist Collisions,"['Driver', 'Cyclist']",North,"['Automobile, Station Wagon', 'Bicycle']","['Turning Left', 'Going Ahead']",['Failed to Yield Right of Way'],['Inattentive'],['Not Applicable'],['Not Applicable'],['Motorist turned left across cyclists path.'],['Driving Properly'],['Normal'],False,"['75 to 79', '50 to 54']",3.0
1001685952.0,2021-09-03 08:00:00,1735,2021,COLLEGE ST,UNIVERSITY AVE,Major Arterial,Toronto and East York,43.659785,-79.390453,629780.1975,4835344.7333,At Intersection,Traffic Signal,Clear,Daylight,Dry,170,Yonge-Bay Corridor,76,Bay Street Corridor (76),Fatal,0,0,0,1,0,0,1,0,0,1,1,0,0,Turning Movement,"['Motorcycle Driver', 'Driver']",East,"['Motorcycle', 'Police Vehicle']","['Going Ahead', 'Turning Left']","['Disobeyed Traffic Control', 'Improper Turn']",['Inattentive'],['Not Applicable'],['Not Applicable'],['Not Applicable'],['Not Applicable'],['Not Applicable'],True,"['20 to 24', '30 to 34']",4.0
1001691363.0,2021-09-04 08:00:00,1400,2021,LAWRENCE AVE E,BRIMLEY RD,Major Arterial,Scarborough,43.753459,-79.255496,640443.1698,4845968.5395,Intersection Related,Traffic Signal,Clear,Daylight,Dry,157,Bendale South,127,Bendale (127),Non-Fatal Injury,0,0,1,0,0,0,0,0,0,1,1,0,0,Turning Movement,['Driver'],North,"['Automobile, Station Wagon']","['Going Ahead', 'Turning Left']","['Disobeyed Traffic Control', 'Driving Properly']","['Unknown', 'Normal']",['Not Applicable'],['Not Applicable'],['Not Applicable'],['Not Applicable'],['Not Applicable'],False,"['35 to 39', '25 to 29']",3.0
1001708062.0,2021-09-07 08:00:00,630,2021,HORNER AV,ALDERCREST RD,Minor Arterial,Etobicoke York,43.602839,-79.539798,617849.4239,4828797.4151,Non Intersection,No Control,Clear,"Dark, artificial",Dry,20,Alderwood,20,Alderwood (20),Non-Fatal Injury,0,0,1,0,1,0,0,1,0,0,0,0,0,Rear End,"['Driver', 'Truck Driver', 'Passenger']",West,"['Automobile, Station Wagon', 'Truck-Tractor']","['Stopped', 'Going Ahead']","['Lost control', 'Driving Properly']","['Inattentive', 'Normal']",['Not Applicable'],['Not Applicable'],['Not Applicable'],['Not Applicable'],['Not Applicable'],False,"['20 to 24', '70 to 74', '25 to 29']",3.0
1001719723.0,2021-09-01 08:00:00,1124,2021,COXWELL AVE,GERRARD ST E,Minor Arterial,Toronto and East York,43.67525,-79.320316,635400.7355,4837174.431,At Intersection,Traffic Signal,Clear,Daylight,Dry,65,Greenwood-Coxwell,65,Greenwood-Coxwell (65),Fatal,0,0,0,0,0,1,0,1,0,0,0,0,0,Other,"['Passenger', 'Driver']",North,['Municipal Transit Bus (TTC)'],['Going Ahead'],['Driving Properly'],['Normal'],['Not Applicable'],['Not Applicable'],['Not Applicable'],['Not Applicable'],['Not Applicable'],True,"['85 to 89', '60 to 64']",4.0
1001735558.0,2021-09-10 08:00:00,1926,2021,GERRARD ST E,YONGE  ST,Minor Arterial,Toronto and East York,43.659201,-79.381183,630528.9249,4835294.4142,Non Intersection,No Control,Clear,"Dark, artificial",Dry,168,Downtown Yonge East,75,Church-Yonge Corridor (75),Non-Fatal Injury,0,1,1,0,0,0,0,1,0,1,0,0,0,Cyclist Collisions,"['Driver', 'Cyclist', 'Passenger']",West,"['Delivery Van', 'Bicycle']","['Pulling Onto Shoulder or towardCurb', 'Going Ahead']",['Failed to Yield Right of Way'],['Normal'],['Not Applicable'],['Not Applicable'],['Cyclist and Driver travelling in same direction. One vehicle sideswipes the other.'],['Driving Properly'],['Normal'],False,"['25 to 29', '30 to 34', '20 to 24']",3.0
1001747721.0,2021-09-12 08:00:00,1500,2021,BLOOR ST W,CHARLESTON RD,Major Arterial,Etobicoke York,43.63935,-79.546191,617262.458,4832843.355,Intersection Related,Stop Sign,Clear,Daylight,Dry,158,Islington,14,Islington-City Centre West (14),Non-Fatal Injury,0,0,1,0,0,0,0,1,0,1,0,0,0,Turning Movement,"['Driver', 'Passenger']",West,"['Automobile, Station Wagon']","['Turning Right', 'Going Ahead']","['Disobeyed Traffic Control', 'Driving Properly']","['Inattentive', 'Normal']",['Not Applicable'],['Not Applicable'],['Not Applicable'],['Not Applicable'],['Not Applicable'],False,"['90 to 94', '45 to 49', '15 to 19', '10 to 14']",3.0
1001761.0,2007-11-09 10:00:00,1810,2007,JANE ST,FIRGROVE CRES,Major Arterial,Etobicoke York,43.754845,-79.51709,619380.3223,4845712.171,At Intersection,Traffic Signal,Rain,Dark,Wet,25,Glenfield-Jane Heights,25,Glenfield-Jane Heights (25),Fatal,1,0,1,0,0,0,0,0,0,1,0,0,0,Pedestrian Collisions,"['Driver', 'Pedestrian']",East,"['Automobile, Station Wagon', 'Other']",['Turning Left'],['Failed to Yield Right of Way'],['Inattentive'],['Crossing with right of way'],['Unknown'],['Not Applicable'],['Not Applicable'],['Not Applicable'],True,"['35 to 39', '80 to 84']",4.0
1001762.0,2007-11-09 10:00:00,1853,2007,SANDHURST CRCL,FINCH AVE E,Collector,Scarborough,43.809245,-79.27119,639050.2999,4852137.9606,Unknown,Pedestrian Crossover,Rain,Dark,Wet,129,Agincourt North,129,Agincourt North (129),Non-Fatal Injury,1,0,1,0,0,0,0,1,0,1,0,0,0,Pedestrian Collisions,"['Driver', 'Passenger', 'Vehicle Owner', 'Pedestrian']",West,"['Automobile, Station Wagon', 'Other']",['Going Ahead'],['Failed to Yield Right of Way'],['Normal'],"['Crossing, Pedestrian Crossover']",['Normal'],['Not Applicable'],['Not Applicable'],['Not Applicable'],False,"['20 to 24', '30 to 34', 'unknown', '15 to 19', '40 to 44']",3.0
1001791905.0,2021-09-18 08:00:00,1355,2021,LAWRENCE AVE  W,WESTON RD,Major Arterial,Etobicoke York,43.700087,-79.516155,619564.4888,4839631.8669,At Intersection,Traffic Signal,Clear,Daylight,Dry,113,Weston,113,Weston (113),Fatal,0,0,1,1,0,0,0,0,1,1,0,0,0,Turning Movement,"['Driver', 'Motorcycle Driver']",North,"['Delivery Van', 'Motorcycle']","['Turning Left', 'Going Ahead']","['Improper Turn', 'Exceeding Speed Limit']","['Normal', 'Unknown']",['Not Applicable'],['Not Applicable'],['Not Applicable'],['Not Applicable'],['Not Applicable'],True,"['60 to 64', '45 to 49']",4.0
1001794472.0,2021-09-18 08:00:00,2100,2021,SHEPPARD AVE E,NEILSON RD,Major Arterial,Scarborough,43.798037,-79.217922,643361.5685,4850984.0302,Intersection Related,Traffic Signal,Clear,"Dark, artificial",Dry,146,Malvern East,132,Malvern (132),Non-Fatal Injury,0,0,1,1,0,0,0,0,0,1,0,0,0,Turning Movement,"['Driver', 'Motorcycle Driver', 'Other']",South,"['Automobile, Station Wagon', 'Motorcycle']","['Turning Left', 'Going Ahead']","['Failed to Yield Right of Way', 'Driving Properly']","['Inattentive', 'Normal']",['Not Applicable'],['Not Applicable'],['Not Applicable'],['Not Applicable'],['Not Applicable'],False,"['25 to 29', '35 to 39']",3.0
1001795260.0,2021-09-18 08:00:00,2349,2021,MANITOBA  DR,CANADA  BLVD,Local,Toronto and East York,43.636153,-79.410335,628227.341,4832689.1855,Non Intersection,No Control,Clear,"Dark, artificial",Dry,163,Fort York-Liberty Village,82,Niagara (82),Non-Fatal Injury,1,0,1,0,0,0,0,0,0,0,0,0,0,Pedestrian Collisions,"['Driver', 'Pedestrian']",South,"['Automobile, Station Wagon']",['Going Ahead'],['Driving Properly'],['Normal'],"['Crossing, no Traffic Control']",['Inattentive'],['Not Applicable'],['Not Applicable'],['Not Applicable'],False,"['55 to 59', '25 to 29']",3.0
1001804125.0,2021-09-20 08:00:00,1033,2021,VICTORIA PARK AVE,SHEPPARD AVE E,Major Arterial,North York,43.775172,-79.322978,634961.5619,4848267.8868,At Intersection,Traffic Signal,Clear,Daylight,Dry,118,Tam O'Shanter-Sullivan,118,Tam O'Shanter-Sullivan (118),Fatal,1,0,1,0,0,0,0,0,1,1,0,0,0,Pedestrian Collisions,"['Driver', 'Pedestrian']",East,"['Automobile, Station Wagon']","['Turning Left', 'Going Ahead']","['Driving Properly', 'Speed too Fast For Condition']",['Normal'],['On Sidewalk or Shoulder'],['Normal'],['Not Applicable'],['Not Applicable'],['Not Applicable'],True,"['35 to 39', '55 to 59', '70 to 74']",4.0
1001822979.0,2021-09-22 08:00:00,2006,2021,DAVENPORT  RD,BELMONT ST,Major Arterial,Toronto and East York,43.674636,-79.392879,629552.6305,4836990.3438,At Intersection,Traffic Signal,Rain,"Dark, artificial",Wet,95,Annex,95,Annex (95),Non-Fatal Injury,1,0,1,0,0,0,0,0,0,1,0,0,0,Pedestrian Collisions,"['Driver', 'Pedestrian']",North,"['Automobile, Station Wagon']",['Turning Left'],['Failed to Yield Right of Way'],['Inattentive'],['Crossing with right of way'],['Normal'],['Not Applicable'],['Not Applicable'],['Not Applicable'],False,"['75 to 79', '20 to 24']",3.0
1001834169.0,2021-09-24 08:00:00,1129,2021,DUNDAS ST W,PRINCE EDWARD DR N,Major Arterial,Etobicoke York,43.660559,-79.510417,620105.6892,4835250.0461,At Intersection,Traffic Signal,Clear,Daylight,Dry,15,Kingsway South,15,Kingsway South (15),Non-Fatal Injury,1,0,1,0,0,0,0,0,0,0,0,0,0,Pedestrian Collisions,"['Driver', 'Pedestrian']",North,"['Automobile, Station Wagon']",['Going Ahead'],['Driving Properly'],['Normal'],['Running onto Roadway'],['Inattentive'],['Not Applicable'],['Not Applicable'],['Not Applicable'],False,"['40 to 44', '10 to 14']",3.0