accident_number,date,time,year,street1,street2,road_class,district,latitude,longitude,x,y,accident_location,traffctl,visibility,light,road_surface_condition,hood_158,neighbourhood_new,hood_140,neighbourhood_old,accident_class,pedestrian,cyclist,automobile,motorcycle,truck,trsn_city_veh,emerg_veh,passenger,speeding,aggressive_driving,redlight,alcohol,disability,impact_type,involvement_type,initial_direction,vehicle_type,manoeuver,driver_action,driver_condition,pedestrian_action,pedestrian_condition,cyclist_type,cyclist_action,cyclist_condition,injury,involvement_age,injury_severity_score
1002157696.0,2021-11-09 10:00:00,1013,2021,BEDFORD RD,DAVENPORT RD,Major Arterial,Toronto and East York,43.6743,-79.399806,628994.9481,4836942.2308,At Intersection,Traffic Signal,Clear,Daylight,Dry,95,Annex,95,Annex (95),Non-Fatal Injury,1,0,1,0,0,0,0,0,0,0,0,0,0,Pedestrian Collisions,"['Driver', 'Pedestrian']",North,"['Automobile, Station Wagon']",['Turning Right'],['Driving Properly'],['Normal'],['Other'],['Other'],['Not Applicable'],['Not Applicable'],['Not Applicable'],False,"['60 to 64', '85 to 89']",3.0
1002160067.0,2021-11-09 10:00:00,1550,2021,LAWRENCE  AVE W,DUFFLAW  RD,Major Arterial,North York,43.712683,-79.460834,623996.1804,4841112.0925,At Intersection,Traffic Signal,Rain,Daylight,Wet,31,Yorkdale-Glen Park,31,Yorkdale-Glen Park (31),Non-Fatal Injury,1,0,1,0,0,0,0,0,0,1,0,0,0,Pedestrian Collisions,"['Driver', 'Pedestrian']",East,"['Automobile, Station Wagon']",['Turning Left'],['Failed to Yield Right of Way'],['Inattentive'],['Crossing with right of way'],['Normal'],['Not Applicable'],['Not Applicable'],['Not Applicable'],False,"['60 to 64', '20 to 24']",3.0
1002179415.0,2021-11-10 10:00:00,1900,2021,Aukland Road,Kipling Go station,Major Arterial,Etobicoke York,43.638679,-79.534122,618237.2527,4832785.9529,At/Near Private Drive,No Control,Clear,"Dark, artificial",Dry,159,Etobicoke City Centre,14,Islington-City Centre West (14),Non-Fatal Injury,0,0,0,0,0,1,0,1,0,0,0,0,0,SMV Other,"['Driver', 'Passenger']",South,['Municipal Transit Bus (TTC)'],['Turning Left'],['Driving Properly'],['Unknown'],['Not Applicable'],['Not Applicable'],['Not Applicable'],['Not Applicable'],['Not Applicable'],False,"['unknown', '75 to 79']",3.0
1002183621.0,2021-11-12 10:00:00,2009,2021,650 OLD WESTON RD,Not Applicable,Minor Arterial,Etobicoke York,43.679454,-79.465389,623697.5269,4837414.7522,Non Intersection,No Control,Rain,"Dark, artificial",Wet,91,Weston-Pelham Park,91,Weston-Pellam Park (91),Non-Fatal Injury,1,0,1,0,0,0,0,0,1,1,0,0,0,Pedestrian Collisions,"['Driver', 'Pedestrian']",North,"['Automobile, Station Wagon']",['Going Ahead'],['Exceeding Speed Limit'],['Inattentive'],['Coming From Behind Parked Vehicle'],['Normal'],['Not Applicable'],['Not Applicable'],['Not Applicable'],False,"['35 to 39', '30 to 34']",3.0
1002183788.0,2021-11-12 10:00:00,2030,2021,DON VALLEY PARKWAY  S,DUNDAS ST E,Expressway,Toronto and East York,43.662001,-79.355159,632621.1574,4835646.6619,Non Intersection,No Control,Clear,"Dark, artificial",Wet,70,South Riverdale,70,South Riverdale (70),Fatal,1,0,1,0,0,0,0,1,0,0,0,0,0,Pedestrian Collisions,"['Pedestrian', 'Driver', 'Passenger']",South,"['Automobile, Station Wagon']",['Going Ahead'],['Driving Properly'],['Normal'],"['Crossing, no Traffic Control']",['Other'],['Not Applicable'],['Not Applicable'],['Not Applicable'],True,"['30 to 34', '25 to 29']",4.0
1002190393.0,2021-11-13 10:00:00,2012,2021,THE QUEENSWAY,HIGH ST,Major Arterial,Etobicoke York,43.632056,-79.477725,622799.746,4832132.2662,Non Intersection,No Control,Clear,"Dark, artificial",Dry,16,Stonegate-Queensway,16,Stonegate-Queensway (16),Fatal,0,0,1,0,0,0,0,0,0,0,0,0,0,SMV Other,['Driver'],West,"['Automobile, Station Wagon']",['Overtaking'],['Lost control'],['Unknown'],['Not Applicable'],['Not Applicable'],['Not Applicable'],['Not Applicable'],['Not Applicable'],True,['20 to 24'],4.0
1002190676.0,2021-11-13 10:00:00,2100,2021,RENFORTH DR,CENTENNIAL PARK GT,Minor Arterial,Etobicoke York,43.65372,-79.580486,614468.9475,4834391.4463,Non Intersection,No Control,Clear,"Dark, artificial",Dry,11,Eringate-Centennial-West Deane,11,Eringate-Centennial-West Deane (11),Fatal,0,0,1,0,0,0,0,1,0,0,0,0,0,SMV Other,"['Passenger', 'Driver']",South,"['Automobile, Station Wagon']",['Going Ahead'],['Lost control'],['Unknown'],['Not Applicable'],['Not Applicable'],['Not Applicable'],['Not Applicable'],['Not Applicable'],True,"['5 to 9', '30 to 34']",4.0
1002191.0,2007-11-02 08:00:00,1642,2007,PROGRESS AVE,BOROUGH DR,Minor Arterial,Scarborough,43.776945,-79.25449,640469.175,4848578.7301,Unknown,No Control,Clear,Daylight,Dry,156,Bendale-Glen Andrew,127,Bendale (127),Non-Fatal Injury,0,1,1,0,0,0,0,0,0,0,0,0,0,Cyclist Collisions,"['Driver', 'Cyclist']",East,"['Automobile, Station Wagon', 'Bicycle']","['Turning Left', 'Going Ahead']",['Other'],['Normal'],['Not Applicable'],['Not Applicable'],['Motorist turned left across cyclists path.'],['Not Applicable'],['Not Applicable'],False,"['55 to 59', '45 to 49']",3.0
1002211724.0,2021-11-16 10:00:00,2130,2021,DUNDAS ST W,HIGHWAY 427 C N,Major Arterial,Etobicoke York,43.628394,-79.557079,616405.3883,4831611.2316,Intersection Related,No Control,Clear,"Dark, artificial",Dry,159,Etobicoke City Centre,14,Islington-City Centre West (14),Non-Fatal Injury,0,0,1,0,0,0,0,0,1,1,0,0,0,SMV Other,['Driver'],East,"['Automobile, Station Wagon']",['Going Ahead'],['Lost control'],['Inattentive'],['Not Applicable'],['Not Applicable'],['Not Applicable'],['Not Applicable'],['Not Applicable'],False,['15 to 19'],3.0
1002212268.0,2021-11-16 10:00:00,2330,2021,LAKE SHORE BLVD W,BATHURST ST,Major Arterial,Toronto and East York,43.636412,-79.399608,629092.0687,4832734.5778,At Intersection,Traffic Signal,Clear,"Dark, artificial",Dry,163,Fort York-Liberty Village,82,Niagara (82),Non-Fatal Injury,1,0,1,0,0,0,0,0,0,0,0,0,0,Pedestrian Collisions,"['Driver', 'Pedestrian']",North,"['Automobile, Station Wagon']",['Going Ahead'],['Other'],['Unknown'],['Crossing without right of way'],['Normal'],['Not Applicable'],['Not Applicable'],['Not Applicable'],False,"['25 to 29', '35 to 39']",3.0
1002218081.0,2021-11-17 10:00:00,1856,2021,LAKE SHORE BLVD W,SHORE BREEZE DR,Major Arterial,Etobicoke York,43.624072,-79.480487,622593.1668,4831241.4615,Intersection Related,No Control,Rain,Dark,Wet,161,Humber Bay Shores,17,Mimico (includes Humber Bay Shores) (17),Non-Fatal Injury,1,0,1,0,0,0,0,0,0,0,0,0,0,Pedestrian Collisions,"['Driver', 'Pedestrian']",East,"['Automobile, Station Wagon']",['Going Ahead'],['Driving Properly'],['Normal'],"['Crossing, no Traffic Control']",['Inattentive'],['Not Applicable'],['Not Applicable'],['Not Applicable'],False,"['15 to 19', '25 to 29']",3.0
1002221731.0,2021-11-18 10:00:00,959,2021,SHERBOURNE ST,DUNDAS ST  E,Major Arterial,Toronto and East York,43.658221,-79.37099,631352.9556,4835201.6583,At Intersection,Traffic Signal,Clear,Daylight,Dry,73,Moss Park,73,Moss Park (73),Fatal,1,0,0,0,1,0,0,0,0,0,0,0,0,Pedestrian Collisions,"['Truck Driver', 'Wheelchair']",South,['Truck (other)'],"['Turning Left', 'Going Ahead']",['Driving Properly'],['Normal'],['Crossing without right of way'],['Inattentive'],['Not Applicable'],['Not Applicable'],['Not Applicable'],True,['55 to 59'],4.0
1002246954.0,2021-11-21 10:00:00,1923,2021,JANE ST,SHEPPARD AV W,Major Arterial,Etobicoke York,43.739379,-79.513187,619725.3614,4844000.0796,At Intersection,Traffic Signal,Rain,"Dark, artificial",Wet,25,Glenfield-Jane Heights,25,Glenfield-Jane Heights (25),Non-Fatal Injury,0,0,1,0,0,0,0,0,0,0,0,0,0,Turning Movement,['Driver'],North,"['Automobile, Station Wagon', 'Other']","['Turning Left', 'Going Ahead']",['Driving Properly'],['Normal'],['Not Applicable'],['Not Applicable'],['Not Applicable'],['Not Applicable'],['Not Applicable'],False,"['55 to 59', '35 to 39']",3.0
1002268507.0,2021-11-24 10:00:00,1810,2021,24 GRANDVIEW AVE,Not Applicable,Local,Toronto and East York,43.673525,-79.349963,633014.6506,4836934.8768,Non Intersection,No Control,Clear,"Dark, artificial",Dry,68,North Riverdale,68,North Riverdale (68),Non-Fatal Injury,1,0,0,0,1,0,0,0,0,0,0,0,0,Pedestrian Collisions,"['Truck Driver', 'Pedestrian']",East,['Truck - Dump'],['Going Ahead'],['Driving Properly'],['Normal'],['Coming From Behind Parked Vehicle'],['Inattentive'],['Not Applicable'],['Not Applicable'],['Not Applicable'],False,"['55 to 59', '60 to 64']",3.0
1002303219.0,2021-11-29 10:00:00,1855,2021,BURNHAMTHORPE RD,CORDOVA AV,Major Arterial,Etobicoke York,43.648768,-79.52872,618653.1171,4833914.1728,At Intersection,Traffic Signal,Snow,"Dark, artificial",Wet,158,Islington,14,Islington-City Centre West (14),Non-Fatal Injury,0,0,1,0,0,0,0,0,1,1,1,0,0,Turning Movement,['Driver'],North,"['Automobile, Station Wagon']","['Going Ahead', 'Turning Right']","['Disobeyed Traffic Control', 'Driving Properly']","['Inattentive', 'Normal']",['Not Applicable'],['Not Applicable'],['Not Applicable'],['Not Applicable'],['Not Applicable'],False,"['50 to 54', '20 to 24']",3.0
1002309701.0,2021-11-30 10:00:00,1721,2021,JANE ST,HUMBERVIEW  RD,Major Arterial,North York,43.653937,-79.486369,622058.122,4834549.6789,At Intersection,No Control,Clear,Dark,Wet,89,Runnymede-Bloor West Village,89,Runnymede-Bloor West Village (89),Non-Fatal Injury,1,0,1,0,0,0,0,0,0,1,0,0,0,Pedestrian Collisions,"['Driver', 'Pedestrian']",North,"['Automobile, Station Wagon']",['Turning Left'],['Failed to Yield Right of Way'],['Normal'],"['Crossing, no Traffic Control']",['Normal'],['Not Applicable'],['Not Applicable'],['Not Applicable'],False,"['55 to 59', '65 to 69']",3.0
1002310021.0,2021-11-30 10:00:00,1700,2021,PLAINS RD,GREENWOOD AVE,Minor Arterial,Toronto and East York,43.693789,-79.338458,633897.0247,4839203.988,At Intersection,Stop Sign,Rain,"Dusk, artificial",Wet,58,Old East York,58,Old East York (58),Non-Fatal Injury,0,1,1,0,0,0,0,0,0,1,0,0,0,Cyclist Collisions,"['Driver', 'Cyclist']",West,"['Automobile, Station Wagon', 'Bicycle']",['Going Ahead'],['Failed to Yield Right of Way'],['Inattentive'],['Not Applicable'],['Not Applicable'],['Cyclist and Driver travelling in same direction. One vehicle rear-ended the other.'],['Driving Properly'],['Normal'],False,"['unknown', '65 to 69']",3.0
1002314690.0,2021-12-01 10:00:00,1130,2021,SEATON ST,SHUTER ST,Local,Toronto and East York,43.657489,-79.368999,631515.0969,4835123.5139,Non Intersection,No Control,Clear,Daylight,Dry,73,Moss Park,73,Moss Park (73),Non-Fatal Injury,0,0,1,0,0,0,0,0,1,1,0,0,0,SMV Unattended Vehicle,['Driver'],North,"['Automobile, Station Wagon']",['Going Ahead'],['Lost control'],['Unknown'],['Not Applicable'],['Not Applicable'],['Not Applicable'],['Not Applicable'],['Not Applicable'],False,['30 to 34'],3.0
1002316.0,2007-11-05 10:00:00,1852,2007,COXWELL AVE,EASTWOOD RD,Minor Arterial,Toronto and East York,43.672945,-79.31929,635488.6304,4836920.1046,At Intersection,Traffic Signal,Rain,Dark,Wet,64,Woodbine Corridor,64,Woodbine Corridor (64),Non-Fatal Injury,1,0,1,0,0,0,0,0,0,1,0,0,0,Pedestrian Collisions,"['Driver', 'Pedestrian']",East,"['Automobile, Station Wagon', 'Other']",['Turning Left'],['Failed to Yield Right of Way'],['Normal'],['Crossing with right of way'],['Normal'],['Not Applicable'],['Not Applicable'],['Not Applicable'],False,"['45 to 49', '70 to 74']",3.0
1002330287.0,2021-12-03 10:00:00,1325,2021,TOWER DR,BRIAN AVE,Local,Scarborough,43.747439,-79.299724,636896.2318,4845225.882,Intersection Related,Stop Sign,Clear,Daylight,Dry,119,Wexford/Maryvale,119,Wexford/Maryvale (119),Fatal,0,0,1,0,0,0,0,0,0,0,0,0,0,SMV Other,['Driver'],East,"['Automobile, Station Wagon']",['Going Ahead'],['Lost control'],['Unknown'],['Not Applicable'],['Not Applicable'],['Not Applicable'],['Not Applicable'],['Not Applicable'],True,['80 to 84'],4.0
1002332405.0,2021-12-03 10:00:00,1826,2021,REXDALE  BLVD,QUEENS PLATE DR,Major Arterial,Etobicoke York,43.719084,-79.60342,612497.3014,4841619.6034,At Intersection,Traffic Signal,Clear,Dark,Dry,1,West Humber-Clairville,1,West Humber-Clairville (1),Non-Fatal Injury,1,0,0,0,0,0,0,0,0,0,0,0,0,Pedestrian Collisions,['Pedestrian'],North,[],[],[],[],['Crossing with right of way'],['Normal'],['Not Applicable'],['Not Applicable'],['Not Applicable'],False,['50 to 54'],3.0
1002360804.0,2021-12-07 10:00:00,1825,2021,DUNDAS ST W,LANSDOWNE AVE,Minor Arterial,Toronto and East York,43.650096,-79.439693,625830.0976,4834192.8015,At Intersection,Traffic Signal,Clear,"Dusk, artificial",Dry,84,Little Portugal,84,Little Portugal (84),Non-Fatal Injury,1,0,1,0,0,0,0,1,0,0,0,0,0,Pedestrian Collisions,"['Driver', 'Pedestrian', 'Passenger']",North,"['Automobile, Station Wagon']",['Going Ahead'],['Driving Properly'],['Normal'],['Running onto Roadway'],['Inattentive'],['Not Applicable'],['Not Applicable'],['Not Applicable'],False,"['35 to 39', '20 to 24', 'unknown']",3.0
1002361100.0,2021-12-07 10:00:00,1904,2021,BATHURST ST,ULSTER  ST,Major Arterial,Toronto and East York,43.659735,-79.409045,628281.1878,4835310.2668,At Intersection,Traffic Signal,Clear,"Dark, artificial",Dry,79,University,79,University (79),Non-Fatal Injury,1,0,1,0,0,0,0,0,0,0,0,0,0,Pedestrian Collisions,"['Driver', 'Pedestrian']",East,"['Automobile, Station Wagon']",['Going Ahead'],['Driving Properly'],['Normal'],['Running onto Roadway'],['Normal'],['Not Applicable'],['Not Applicable'],['Not Applicable'],False,"['25 to 29', '15 to 19']",3.0
1002368883.0,2021-12-08 10:00:00,2102,2021,AVENUE RD,ST CLAIR AVE W,Major Arterial,Toronto and East York,43.686633,-79.401469,628834.4891,4838309.3933,Intersection Related,Traffic Signal,Clear,"Dark, artificial",Wet,97,Yonge-St.Clair,97,Yonge-St.Clair (97),Non-Fatal Injury,0,0,1,0,0,0,1,1,0,1,0,0,0,Turning Movement,"['Driver', 'Passenger']",East,"['Automobile, Station Wagon', 'Police Vehicle', 'Pick Up Truck']","['Turning Left', 'Going Ahead', 'Stopped']","['Improper Turn', 'Driving Properly']","['Unknown', 'Normal']",['Not Applicable'],['Not Applicable'],['Not Applicable'],['Not Applicable'],['Not Applicable'],False,"['80 to 84', '25 to 29', '60 to 64', '40 to 44', '75 to 79']",3.0
1002384384.0,2021-12-10 10:00:00,2345,2021,LAKE SHORE BLVD E,LOWER JARVIS ST,Major Arterial,Scarborough,43.645503,-79.369815,631475.4498,4833791.0177,Non Intersection,Traffic Signal,Clear,Dark,Dry,166,St Lawrence-East Bayfront-The Islands,77,Waterfront Communities-The Island (77),Fatal,1,0,1,0,0,0,0,0,1,1,0,0,0,Pedestrian Collisions,"['Pedestrian', 'Driver']",East,"['Automobile, Station Wagon']",['Going Ahead'],['Exceeding Speed Limit'],['Unknown'],['Other'],['Other'],['Not Applicable'],['Not Applicable'],['Not Applicable'],True,"['35 to 39', 'unknown']",4.0
1002386733.0,2021-12-11 10:00:00,1132,2021,MIDLAND AVE,BROADBENT AVE,Major Arterial,Scarborough,43.738864,-79.259937,640119.689,4844340.0227,At Intersection,Traffic Signal,Clear,Daylight,Wet,138,Eglinton East,138,Eglinton East (138),Fatal,1,0,1,0,0,0,0,0,0,1,1,1,0,Pedestrian Collisions,"['Pedestrian', 'Driver']",North,"['Automobile, Station Wagon']",['Going Ahead'],['Disobeyed Traffic Control'],"['Ability Impaired, Alcohol']",['Crossing with right of way'],['Unknown'],['Not Applicable'],['Not Applicable'],['Not Applicable'],True,"['65 to 69', '30 to 34']",4.0
1002396112.0,2021-12-12 10:00:00,1930,2021,3805 SHEPPARD AVE E,Not Applicable,Major Arterial,Scarborough,43.782389,-79.29182,637452.5498,4849120.7105,Non Intersection,No Control,Strong wind,"Dark, artificial",Dry,118,Tam O'Shanter-Sullivan,118,Tam O'Shanter-Sullivan (118),Fatal,1,0,1,0,0,0,0,0,0,0,0,0,0,Pedestrian Collisions,"['Pedestrian', 'Driver']",East,"['Automobile, Station Wagon']",['Going Ahead'],['Other'],['Unknown'],"['Crossing, no Traffic Control']",['Inattentive'],['Not Applicable'],['Not Applicable'],['Not Applicable'],True,"['80 to 84', '35 to 39']",4.0
1002401336.0,2021-12-13 10:00:00,1430,2021,MARTIN GROVE RD,GIHON SPRING DR,Minor Arterial,Etobicoke York,43.754019,-79.600024,612705.3017,4845504.2445,Intersection Related,Traffic Signal,Clear,Daylight,Dry,2,Mount Olive-Silverstone-Jamestown,2,Mount Olive-Silverstone-Jamestown (2),Non-Fatal Injury,0,1,1,0,0,0,0,0,0,0,0,0,0,Cyclist Collisions,"['Driver', 'Cyclist']",East,"['Automobile, Station Wagon', 'Bicycle']","['Turning Left', 'Going Ahead']",['Other'],['Normal'],['Not Applicable'],['Not Applicable'],['Motorist turned left across cyclists path.'],['Other'],['Normal'],False,"['55 to 59', '75 to 79']",3.0
1002433057.0,2021-12-17 10:00:00,2234,2021,KENNEDY RD,VILLAGE GREEN  SQ,Major Arterial,Scarborough,43.777182,-79.285518,637971.6369,4848552.8749,Intersection Related,Traffic Signal,Clear,"Dark, artificial",Dry,128,Agincourt South-Malvern West,128,Agincourt South-Malvern West (128),Non-Fatal Injury,1,0,1,0,0,0,0,0,0,0,0,0,0,Pedestrian Collisions,"['Driver', 'Pedestrian']",East,"['Automobile, Station Wagon']",['Going Ahead'],['Driving Properly'],['Normal'],"['Crossing, no Traffic Control']",['Normal'],['Not Applicable'],['Not Applicable'],['Not Applicable'],False,"['30 to 34', '20 to 24']",3.0
1002433478.0,2021-12-18 10:00:00,10,2021,LAWRENCE AVE E,PHARMACY AVE,Major Arterial,Scarborough,43.74317,-79.304607,636512.7807,4844743.6871,At Intersection,Traffic Signal,Clear,"Dark, artificial",Dry,119,Wexford/Maryvale,119,Wexford/Maryvale (119),Fatal,0,0,1,0,0,0,0,1,1,1,0,0,0,Turning Movement,"['Driver', 'Passenger']",East,"['Automobile, Station Wagon']","['Turning Left', 'Going Ahead']","['Driving Properly', 'Exceeding Speed Limit']",['Unknown'],['Not Applicable'],['Not Applicable'],['Not Applicable'],['Not Applicable'],['Not Applicable'],True,"['55 to 59', '15 to 19', '20 to 24']",4.0
1002457803.0,2021-12-21 10:00:00,1908,2021,GARDINER XWY W,ROYAL YORK RD,Expressway,Toronto and East York,43.622889,-79.500896,620948.9415,4831080.1422,Non Intersection,No Control,Clear,"Dark, artificial",Dry,160,Mimico-Queensway,17,Mimico (includes Humber Bay Shores) (17),Non-Fatal Injury,0,0,1,0,0,1,0,0,0,0,0,1,0,Sideswipe,['Driver'],West,"['Automobile, Station Wagon', 'Municipal Transit Bus (TTC)']","['Pulling Away from Shoulder or Curb', 'Going Ahead']","['Improper Lane Change', 'Driving Properly']","['Ability Impaired, Alcohol', 'Normal']",['Not Applicable'],['Not Applicable'],['Not Applicable'],['Not Applicable'],['Not Applicable'],False,"['30 to 34', '55 to 59']",3.0
1002458151.0,2021-12-21 10:00:00,1908,2021,GARDINER EXPRESSWAY W,ROYAL YORK RD,Expressway,Etobicoke York,43.623576,-79.49818,621166.6925,4831160.402,Non Intersection,No Control,Clear,"Dark, artificial",Dry,160,Mimico-Queensway,17,Mimico (includes Humber Bay Shores) (17),Non-Fatal Injury,0,0,1,0,0,0,0,0,0,0,0,1,0,Sideswipe,['Driver'],West,"['Automobile, Station Wagon']","['Changing Lanes', 'Going Ahead']","['Improper Lane Change', 'Driving Properly']","['Ability Impaired, Alcohol', 'Normal']",['Not Applicable'],['Not Applicable'],['Not Applicable'],['Not Applicable'],['Not Applicable'],False,"['30 to 34', '60 to 64']",3.0
1002462552.0,2021-12-22 10:00:00,1353,2021,MCCOWAN RD,ALTON TOWERS CRCL,Major Arterial,Scarborough,43.820834,-79.273273,638855.8955,4853421.6099,Non Intersection,No Control,Snow,Daylight,Wet,130,Milliken,130,Milliken (130),Fatal,0,0,1,0,0,0,0,0,0,0,0,0,0,SMV Other,['Driver'],North,"['Automobile, Station Wagon']",['Going Ahead'],['Lost control'],['Unknown'],['Not Applicable'],['Not Applicable'],['Not Applicable'],['Not Applicable'],['Not Applicable'],True,['65 to 69'],4.0
1002480548.0,2021-12-25 10:00:00,1219,2021,KING ST W,JAMESON AVE,Major Arterial,Toronto and East York,43.637129,-79.435771,626173.5307,4832758.6039,Non Intersection,No Control,Clear,Daylight,Wet,85,South Parkdale,85,South Parkdale (85),Non-Fatal Injury,0,0,0,0,0,1,0,1,0,0,0,0,0,SMV Other,"['Driver', 'Passenger']",East,['Municipal Transit Bus (TTC)'],['Going Ahead'],['Driving Properly'],['Normal'],['Not Applicable'],['Not Applicable'],['Not Applicable'],['Not Applicable'],['Not Applicable'],False,"['25 to 29', '85 to 89']",3.0
1002486085.0,2021-12-26 10:00:00,1402,2021,YONGE ST,RICHMOND ST E,Major Arterial,Toronto and East York,43.651618,-79.378948,630725.5932,4834455.7404,At Intersection,Traffic Signal,Clear,Daylight,Dry,168,Downtown Yonge East,75,Church-Yonge Corridor (75),Fatal,1,0,1,0,0,0,0,0,0,0,0,0,0,Pedestrian Collisions,"['Pedestrian', 'Driver']",Unknown,"['Automobile, Station Wagon']","['Turning Left', 'Going Ahead']","['Improper Turn', 'Driving Properly']",['Normal'],['On Sidewalk or Shoulder'],['Normal'],['Not Applicable'],['Not Applicable'],['Not Applicable'],True,"['0 to 4', '15 to 19', '45 to 49', '35 to 39', '30 to 34', '20 to 24', '40 to 44']",4.0
1002607.0,2007-09-26 08:00:00,1415,2007,DANFORTH RD,BIRCHMOUNT RD,Minor Arterial,Scarborough,43.706945,-79.26809,639537.2434,4840781.191,At Intersection,Traffic Signal,Clear,Daylight,Wet,120,Clairlea-Birchmount,120,Clairlea-Birchmount (120),Non-Fatal Injury,1,0,1,0,0,0,0,0,0,1,1,0,0,Pedestrian Collisions,"['Driver', 'Vehicle Owner', 'Pedestrian']",North,"['Automobile, Station Wagon', 'Other']",['Going Ahead'],"['Driving Properly', 'Disobeyed Traffic Control']",['Normal'],['Crossing without right of way'],['Normal'],['Not Applicable'],['Not Applicable'],['Not Applicable'],False,"['75 to 79', 'unknown', '50 to 54', '30 to 34']",3.0
1002690.0,2007-11-06 10:00:00,635,2007,MARKHAM RD,FINCH AVE E,Major Arterial,Scarborough,43.812945,-79.24309,641301.7163,4852596.514,At Intersection,Traffic Signal,Rain,Dark,Wet,129,Agincourt North,129,Agincourt North (129),Non-Fatal Injury,0,0,1,0,1,0,0,1,0,1,0,0,0,Rear End,"['Vehicle Owner', 'Truck Driver', 'Passenger', 'Driver']",South,"['Other', 'Truck - Open', 'Automobile, Station Wagon']","['Slowing or Stopping', 'Stopped']","['Following too Close', 'Driving Properly']","['Inattentive', 'Normal']",['Not Applicable'],['Not Applicable'],['Not Applicable'],['Not Applicable'],['Not Applicable'],False,"['unknown', '55 to 59', '20 to 24', '25 to 29']",3.0
1003217.0,2007-11-06 10:00:00,1836,2007,BUSHBY DR,MCCOWAN RD,Major Arterial,Scarborough,43.774545,-79.25219,640659.896,4848316.0775,Unknown,Traffic Signal,Rain,Dusk,Wet,142,Woburn North,137,Woburn (137),Non-Fatal Injury,1,0,1,0,0,0,0,0,0,1,0,0,0,Pedestrian Collisions,"['Vehicle Owner', 'Driver', 'Pedestrian']",South,"['Other', 'Automobile, Station Wagon']",['Turning Left'],['Failed to Yield Right of Way'],['Had Been Drinking'],['Crossing with right of way'],['Normal'],['Not Applicable'],['Not Applicable'],['Not Applicable'],False,"['unknown', '60 to 64', '30 to 34']",3.0
1003332.0,2007-11-08 10:00:00,1945,2007,MIDLAND AVE,NORBURY CRES,Major Arterial,Scarborough,43.756045,-79.26669,639535.9635,4846236.8337,Unknown,No Control,Rain,Dark,Wet,156,Bendale-Glen Andrew,127,Bendale (127),Non-Fatal Injury,1,0,1,0,0,0,0,0,0,0,0,0,0,Pedestrian Collisions,"['Driver', 'Pedestrian']",East,"['Automobile, Station Wagon', 'Other']",['Going Ahead'],['Driving Properly'],['Normal'],"['Crossing, no Traffic Control']",['Had Been Drinking'],['Not Applicable'],['Not Applicable'],['Not Applicable'],False,"['50 to 54', '40 to 44']",3.0
1003358.0,2007-11-17 10:00:00,1255,2007,DUFFERIN ST,HOLMESDALE RD,Major Arterial,Toronto and East York,43.688645,-79.44739,625129.2421,4838462.5381,At Intersection,Traffic Signal,Clear,Daylight,Dry,109,Caledonia-Fairbank,109,Caledonia-Fairbank (109),Non-Fatal Injury,1,0,1,0,0,0,0,0,0,1,1,0,0,Pedestrian Collisions,"['Driver', 'Pedestrian']",East,"['Automobile, Station Wagon', 'Other']",['Going Ahead'],['Disobeyed Traffic Control'],['Inattentive'],['Crossing with right of way'],['Normal'],['Not Applicable'],['Not Applicable'],['Not Applicable'],False,"['75 to 79', '40 to 44']",3.0
1003447.0,2007-11-08 10:00:00,2014,2007,ST CLAIR AVE W,CHRISTIE ST,Major Arterial,Toronto and East York,43.681745,-79.42569,626892.6705,4837729.1712,Unknown,Traffic Signal,Rain,Dark,Wet,94,Wychwood,94,Wychwood (94),Non-Fatal Injury,0,1,1,0,0,0,0,0,0,0,0,0,0,Cyclist Collisions,"['Driver', 'Vehicle Owner', 'Cyclist']",West,"['Automobile, Station Wagon', 'Other', 'Bicycle']","['Going Ahead', 'Stopped']",['Driving Properly'],['Normal'],['Not Applicable'],['Not Applicable'],['Cyclist and Driver travelling in same direction. One vehicle rear-ended the other.'],['Driving Properly'],['Normal'],False,"['60 to 64', 'unknown', '35 to 39']",3.0
1003525.0,2007-11-09 10:00:00,840,2007,PATRICIA AVE,LACONIA DR,Collector,North York,43.785045,-79.44169,625387.2592,4849177.7745,Unknown,No Control,Clear,"Daylight, artificial",Dry,36,Newtonbrook West,36,Newtonbrook West (36),Non-Fatal Injury,1,0,1,0,0,0,0,0,0,0,0,0,0,Pedestrian Collisions,"['Driver', 'Pedestrian']",South,"['Automobile, Station Wagon', 'Other']",['Going Ahead'],['Driving Properly'],['Normal'],"['Crossing, no Traffic Control']",['Normal'],['Not Applicable'],['Not Applicable'],['Not Applicable'],False,"['45 to 49', '10 to 14']",3.0
1003569.0,2007-11-11 10:00:00,1551,2007,ST CLARENS AVE,WYNDHAM ST,Local,Toronto and East York,43.647345,-79.43729,626029.6414,4833890.9138,Unknown,No Control,Clear,Daylight,Dry,84,Little Portugal,84,Little Portugal (84),Non-Fatal Injury,1,0,1,0,0,0,0,0,0,0,0,0,0,Pedestrian Collisions,"['Driver', 'Pedestrian']",West,"['Automobile, Station Wagon', 'Other']",['Turning Right'],['Driving Properly'],['Normal'],['Crossing without right of way'],['Inattentive'],['Not Applicable'],['Not Applicable'],['Not Applicable'],False,"['30 to 34', '70 to 74']",3.0