accident_number,date,time,year,street1,street2,road_class,district,latitude,longitude,x,y,accident_location,traffctl,visibility,light,road_surface_condition,hood_158,neighbourhood_new,hood_140,neighbourhood_old,accident_class,pedestrian,cyclist,automobile,motorcycle,truck,trsn_city_veh,emerg_veh,passenger,speeding,aggressive_driving,redlight,alcohol,disability,impact_type,involvement_type,initial_direction,vehicle_type,manoeuver,driver_action,driver_condition,pedestrian_action,pedestrian_condition,cyclist_type,cyclist_action,cyclist_condition,injury,involvement_age,injury_severity_score
1003629.0,2007-11-13 10:00:00,635,2007,YONGE ST,UPPER MADISON AVE,Major Arterial,North York,43.765045,-79.41179,627835.7516,4847002.1924,Unknown,No Control,Clear,Dark,Dry,151,Yonge-Doris,51,Willowdale East (51),Non-Fatal Injury,0,0,1,0,0,0,0,0,0,1,0,0,0,Rear End,"['Vehicle Owner', 'Driver']",South,"['Other', 'Automobile, Station Wagon']","['Going Ahead', 'Slowing or Stopping']","['Following too Close', 'Driving Properly']",['Normal'],['Not Applicable'],['Not Applicable'],['Not Applicable'],['Not Applicable'],['Not Applicable'],False,"['unknown', '45 to 49', '55 to 59', '35 to 39']",3.0
1004306.0,2007-11-23 10:00:00,1947,2007,ST CLAIR AVE E,BRIMLEY RD,Minor Arterial,Scarborough,43.720645,-79.24259,641559.501,4842346.017,Unknown,No Control,Clear,Dark,Other,123,Cliffcrest,123,Cliffcrest (123),Fatal,0,0,1,0,0,0,0,1,0,0,0,0,0,SMV Unattended Vehicle,"['Other', 'Passenger', 'Driver']",West,"['Other', 'Automobile, Station Wagon']","['Parked', 'Going Ahead']",['Lost control'],['Inattentive'],['Not Applicable'],['Not Applicable'],['Not Applicable'],['Not Applicable'],['Not Applicable'],True,"['unknown', '20 to 24', '25 to 29']",4.0
1004342.0,2007-11-23 10:00:00,950,2007,DON MILLS RD,OVERLEA BLVD,Major Arterial,North York,43.710945,-79.33479,634154.3454,4841115.3347,Unknown,No Control,Clear,Daylight,Wet,44,Flemingdon Park,44,Flemingdon Park (44),Fatal,1,0,0,0,0,1,0,0,0,0,0,0,0,Pedestrian Collisions,"['Vehicle Owner', 'Driver', 'Pedestrian']",West,"['Other', 'Municipal Transit Bus (TTC)']",['Going Ahead'],['Driving Properly'],['Normal'],"['Crossing, no Traffic Control']",['Unknown'],['Not Applicable'],['Not Applicable'],['Not Applicable'],True,"['unknown', '50 to 54', '85 to 89', '75 to 79']",4.0
1004413.0,2007-11-25 10:00:00,250,2007,KINGSTON RD,HIGHVIEW AVE,Major Arterial,Scarborough,43.703445,-79.25319,640745.9187,4840417.6548,At Intersection,No Control,Clear,Dark,Dry,122,Birchcliffe-Cliffside,122,Birchcliffe-Cliffside (122),Non-Fatal Injury,0,0,1,0,0,0,0,1,1,1,0,0,0,SMV Other,"['Passenger', 'Driver']",West,"['Other', 'Automobile, Station Wagon']",['Going Ahead'],['Lost control'],['Had Been Drinking'],['Not Applicable'],['Not Applicable'],['Not Applicable'],['Not Applicable'],['Not Applicable'],False,"['20 to 24', '30 to 34']",3.0
1004530.0,2007-09-20 08:00:00,1030,2007,MCCOWAN RD,PITFIELD RD,Major Arterial,Scarborough,43.787345,-79.25729,640219.5269,4849729.0673,At Intersection,Traffic Signal,Clear,Daylight,Dry,128,Agincourt South-Malvern West,128,Agincourt South-Malvern West (128),Non-Fatal Injury,0,0,1,0,0,0,0,0,0,1,1,0,0,Rear End,['Driver'],North,"['Automobile, Station Wagon']","['Going Ahead', 'Stopped']","['Disobeyed Traffic Control', 'Driving Properly']",['Normal'],['Not Applicable'],['Not Applicable'],['Not Applicable'],['Not Applicable'],['Not Applicable'],False,"['75 to 79', '50 to 54']",3.0
1004974.0,2007-10-31 08:00:00,1803,2007,5810 SHEPPARD AVE E,Not Applicable,Major Arterial,Scarborough,43.795645,-79.22979,642412.5033,4850697.869,At Intersection,No Control,Clear,Dark,Dry,146,Malvern East,132,Malvern (132),Non-Fatal Injury,1,0,1,0,0,0,0,0,0,1,0,0,0,Pedestrian Collisions,"['Vehicle Owner', 'Driver', 'Other', 'Other Property Owner', 'Pedestrian']",West,"['Other', 'Automobile, Station Wagon']","['Slowing or Stopping', 'Parked', 'Going Ahead']","['Driving Properly', 'Following too Close']",['Normal'],['On Sidewalk or Shoulder'],['Normal'],['Not Applicable'],['Not Applicable'],['Not Applicable'],False,"['unknown', '45 to 49', '60 to 64', '15 to 19', '35 to 39']",3.0
1005011.0,2007-11-07 10:00:00,2206,2007,WARDEN AVE,HUNTINGWOOD DR,Major Arterial,Scarborough,43.784728,-79.310634,635933.3213,4849349.426,Unknown,No Control,Clear,Dark,Dry,118,Tam O'Shanter-Sullivan,118,Tam O'Shanter-Sullivan (118),Non-Fatal Injury,1,0,1,0,0,0,0,0,0,0,0,0,0,Pedestrian Collisions,"['Vehicle Owner', 'Driver', 'Pedestrian']",Unknown,"['Other', 'Automobile, Station Wagon']",['Going Ahead'],['Other'],['Normal'],['Other'],['Normal'],['Not Applicable'],['Not Applicable'],['Not Applicable'],False,"['unknown', '40 to 44', '30 to 34']",3.0
1005315.0,2007-11-28 10:00:00,1510,2007,YONGE St,WELLINGTON St E,Major Arterial,Toronto and East York,43.647845,-79.37739,630859.429,4834039.1548,At Intersection,Traffic Signal,Clear,Daylight,Dry,170,Yonge-Bay Corridor,76,Bay Street Corridor (76),Non-Fatal Injury,1,0,1,0,0,0,0,0,0,1,0,0,0,Pedestrian Collisions,"['Driver', 'Pedestrian']",West,"['Automobile, Station Wagon', 'Other']",['Turning Left'],['Failed to Yield Right of Way'],['Normal'],['Crossing with right of way'],['Normal'],['Not Applicable'],['Not Applicable'],['Not Applicable'],False,"['35 to 39', '70 to 74']",3.0
1005351.0,2007-11-18 10:00:00,735,2007,DON VALLEY PARKWAY  N,DON MILLS Road,Expressway,Toronto and East York,43.700545,-79.33709,633992.2184,4839956.5469,Unknown,No Control,Clear,Daylight,Dry,58,Old East York,58,Old East York (58),Non-Fatal Injury,0,0,1,0,0,0,0,0,0,0,0,0,0,SMV Other,"['Vehicle Owner', 'Driver']",South,"['Other', 'Automobile, Station Wagon']",['Unknown'],[],[],['Not Applicable'],['Not Applicable'],['Not Applicable'],['Not Applicable'],['Not Applicable'],False,"['unknown', '30 to 34']",3.0
1005723.0,2007-11-16 10:00:00,1050,2007,2098 BRIMLEY Rd,Not Applicable,Major Arterial,Scarborough,43.788245,-79.26899,639276.0366,4849809.2731,Unknown,No Control,Clear,Daylight,Dry,128,Agincourt South-Malvern West,128,Agincourt South-Malvern West (128),Non-Fatal Injury,0,0,1,0,0,0,0,0,0,0,0,0,0,Turning Movement,"['Driver', 'Vehicle Owner']",East,"['Automobile, Station Wagon', 'Other']","['Stopped', 'Turning Right']","['Driving Properly', 'Lost control']",['Normal'],['Not Applicable'],['Not Applicable'],['Not Applicable'],['Not Applicable'],['Not Applicable'],False,"['50 to 54', 'unknown', '25 to 29']",3.0
1005733.0,2007-11-17 10:00:00,1650,2007,MARKET ST,THE ESPLANADE,Local,Toronto and East York,43.648745,-79.37199,631292.9693,4834147.6408,At Intersection,No Control,Clear,Dusk,Dry,166,St Lawrence-East Bayfront-The Islands,77,Waterfront Communities-The Island (77),Non-Fatal Injury,1,1,0,0,0,0,0,0,0,0,0,0,0,Pedestrian Collisions,"['Cyclist', 'Pedestrian']",East,"['Bicycle', 'Other']",['Going Ahead'],[],[],"['Crossing, no Traffic Control']",['Normal'],['Cyclist strikes pedestrian.'],['Failed to Yield Right of Way'],['Unknown'],False,"['unknown', '75 to 79']",3.0
1005767.0,2007-11-30 10:00:00,1814,2007,DON MILLS RD,LAWRENCE AVE E,Major Arterial,North York,43.744045,-79.34529,633235.0161,4844774.6325,Unknown,No Control,Clear,Dark,Dry,42,Banbury-Don Mills,42,Banbury-Don Mills (42),Non-Fatal Injury,0,0,1,0,0,0,0,1,1,1,0,1,0,Rear End,"['Passenger', 'Driver', 'Vehicle Owner']",North,"['Other', 'Automobile, Station Wagon']","['Going Ahead', 'Overtaking']","['Driving Properly', 'Speed too Fast For Condition']","['Normal', 'Ability Impaired, Alcohol']",['Not Applicable'],['Not Applicable'],['Not Applicable'],['Not Applicable'],['Not Applicable'],False,"['45 to 49', '50 to 54', 'unknown']",3.0
1005791.0,2007-11-29 10:00:00,2357,2007,GERRARD ST E,PARLIAMENT ST,Minor Arterial,Toronto and East York,43.661945,-79.36699,631667.353,4835621.5984,At Intersection,Traffic Signal,Clear,Dark,Dry,72,Regent Park,72,Regent Park (72),Non-Fatal Injury,1,0,1,0,0,0,0,0,0,0,0,0,0,Pedestrian Collisions,"['Driver', 'Pedestrian']",East,"['Automobile, Station Wagon', 'Other']",['Going Ahead'],['Driving Properly'],['Unknown'],['Crossing without right of way'],['Normal'],['Not Applicable'],['Not Applicable'],['Not Applicable'],False,"['unknown', '60 to 64']",3.0
1006207.0,2007-11-22 10:00:00,2209,2007,KIPLING AVE,MOUNT OLIVE DR,Major Arterial,Etobicoke York,43.746845,-79.58379,614025.8528,4844729.6849,At Intersection,Traffic Controller,Clear,Dark,Other,2,Mount Olive-Silverstone-Jamestown,2,Mount Olive-Silverstone-Jamestown (2),Non-Fatal Injury,0,0,1,0,1,0,0,0,0,1,0,0,0,Turning Movement,"['Truck Driver', 'Driver']",East,"['Truck - Open', 'Automobile, Station Wagon']","['Going Ahead', 'Turning Left']",['Other'],['Normal'],['Not Applicable'],['Not Applicable'],['Not Applicable'],['Not Applicable'],['Not Applicable'],False,"['20 to 24', '25 to 29']",3.0
1006355.0,2007-11-23 10:00:00,1700,2007,LAWRENCE AVE E,GOODERHAM DR,Major Arterial,Scarborough,43.743845,-79.30179,636738.0708,4844823.3019,Unknown,No Control,Clear,Dusk,Dry,119,Wexford/Maryvale,119,Wexford/Maryvale (119),Non-Fatal Injury,1,0,1,0,0,0,0,0,1,1,0,0,0,Pedestrian Collisions,"['Driver', 'Pedestrian']",North,"['Automobile, Station Wagon', 'Other']",['Merging'],['Speed too Fast For Condition'],['Unknown'],"['Crossing, no Traffic Control']",['Normal'],['Not Applicable'],['Not Applicable'],['Not Applicable'],False,"['45 to 49', '20 to 24']",3.0
1006380.0,2007-11-23 10:00:00,830,2007,NORTH CARSON ST,LANOR AVE,Local,Etobicoke York,43.610545,-79.53779,617996.4187,4829656.1092,At Intersection,Stop Sign,Snow,Daylight,Ice,20,Alderwood,20,Alderwood (20),Non-Fatal Injury,0,0,1,0,0,1,0,1,0,1,0,0,0,Angle,"['Driver', 'Passenger', 'Vehicle Owner']",South,"['Automobile, Station Wagon', 'Other', 'Municipal Transit Bus (TTC)']","['Slowing or Stopping', 'Going Ahead']","['Disobeyed Traffic Control', 'Driving Properly']",['Normal'],['Not Applicable'],['Not Applicable'],['Not Applicable'],['Not Applicable'],['Not Applicable'],False,"['55 to 59', 'unknown']",3.0
1006449.0,2007-11-14 10:00:00,1825,2007,KING ST W,SUDBURY ST,Major Arterial,Toronto and East York,43.640945,-79.41719,627664.2408,4833210.8318,At Intersection,Traffic Signal,Clear,Dark,Dry,162,West Queen West,82,Niagara (82),Non-Fatal Injury,0,1,1,0,0,0,0,0,0,0,0,0,0,Cyclist Collisions,"['Driver', 'Cyclist']",East,"['Automobile, Station Wagon', 'Bicycle']","['Turning Left', 'Going Ahead']",['Improper Turn'],['Inattentive'],['Not Applicable'],['Not Applicable'],['Motorist turned left across cyclists path.'],['Driving Properly'],['Normal'],False,"['75 to 79', '30 to 34']",3.0
1006590.0,2007-12-04 10:00:00,730,2007,ISLINGTON Ave,STANMILLS Rd,Major Arterial,Etobicoke York,43.624645,-79.51519,619792.1922,4831254.4446,At Intersection,Stop Sign,Strong wind,Daylight,Wet,16,Stonegate-Queensway,16,Stonegate-Queensway (16),Non-Fatal Injury,1,0,1,0,0,0,0,0,0,0,0,0,0,Pedestrian Collisions,"['Vehicle Owner', 'Driver', 'Pedestrian']",East,"['Other', 'Automobile, Station Wagon']",['Going Ahead'],['Driving Properly'],['Normal'],['Crossing without right of way'],['Inattentive'],['Not Applicable'],['Not Applicable'],['Not Applicable'],False,"['unknown', '50 to 54', '45 to 49']",3.0
1006820.0,2007-11-24 10:00:00,2352,2007,ST CLAIR AVE W,OSLER ST,Major Arterial,Toronto and East York,43.674145,-79.46039,624111.4201,4836832.5842,Unknown,No Control,Clear,Dark,Wet,91,Weston-Pelham Park,91,Weston-Pellam Park (91),Non-Fatal Injury,1,0,1,0,0,0,0,0,0,0,0,0,0,Pedestrian Collisions,"['Driver', 'Pedestrian']",East,"['Automobile, Station Wagon', 'Other']",['Going Ahead'],['Driving Properly'],['Normal'],"['Crossing, no Traffic Control']",['Had Been Drinking'],['Not Applicable'],['Not Applicable'],['Not Applicable'],False,"['70 to 74', '65 to 69']",3.0
1006875.0,2007-12-05 10:00:00,1856,2007,OSSINGTON AVE,CHURCHILL AVE,Minor Arterial,Toronto and East York,43.652445,-79.42199,627252.7993,4834480.6837,Unknown,No Control,Clear,Dark,Dry,81,Trinity-Bellwoods,81,Trinity-Bellwoods (81),Fatal,1,0,1,0,0,0,0,0,0,0,0,0,0,Pedestrian Collisions,"['Driver', 'Pedestrian']",North,"['Automobile, Station Wagon', 'Other']",['Going Ahead'],['Driving Properly'],['Normal'],['Coming From Behind Parked Vehicle'],['Had Been Drinking'],['Not Applicable'],['Not Applicable'],['Not Applicable'],True,"['75 to 79', '45 to 49']",4.0
1007071.0,2007-11-19 10:00:00,1937,2007,DAVENPORT RD,BELMONT ST,Major Arterial,Toronto and East York,43.674745,-79.39289,629551.5093,4837002.4326,At Intersection,Traffic Signal,Rain,Dark,Wet,95,Annex,95,Annex (95),Non-Fatal Injury,1,0,1,0,0,0,0,0,0,1,0,0,0,Pedestrian Collisions,"['Driver', 'Pedestrian']",South,"['Automobile, Station Wagon', 'Other']",['Turning Left'],['Failed to Yield Right of Way'],['Normal'],['Crossing with right of way'],['Normal'],['Not Applicable'],['Not Applicable'],['Not Applicable'],False,"['25 to 29', 'unknown']",3.0
1007074.0,2007-11-21 10:00:00,1100,2007,KING ST W,TECUMSETH ST,Major Arterial,Toronto and East York,43.643845,-79.40329,628779.1843,4833554.3884,Unknown,No Control,Rain,Daylight,Wet,162,West Queen West,82,Niagara (82),Non-Fatal Injury,0,1,1,0,0,0,0,0,0,0,0,0,0,Cyclist Collisions,"['Vehicle Owner', 'Driver', 'Cyclist']",East,"['Other', 'Automobile, Station Wagon', 'Bicycle']","['Changing Lanes', 'Going Ahead']",['Improper Lane Change'],['Unknown'],['Not Applicable'],['Not Applicable'],['Cyclist and Driver travelling in same direction. One vehicle sideswipes the other.'],['Other'],['Unknown'],False,"['unknown', '45 to 49', '30 to 34']",3.0
1007205.0,2007-12-06 10:00:00,1755,2007,RONCESVALLES Aven,CONSTANCE Stre,Minor Arterial,Toronto and East York,43.649645,-79.45039,624968.371,4834126.548,At Intersection,No Control,Clear,Dark,Dry,87,High Park-Swansea,87,High Park-Swansea (87),Non-Fatal Injury,1,0,1,0,0,0,0,0,0,1,0,0,0,Pedestrian Collisions,"['Driver', 'Pedestrian']",North,"['Automobile, Station Wagon', 'Other']",['Turning Left'],['Failed to Yield Right of Way'],['Inattentive'],['Crossing with right of way'],['Normal'],['Not Applicable'],['Not Applicable'],['Not Applicable'],False,"['unknown', '70 to 74']",3.0
1007918.0,2007-12-10 10:00:00,1806,2007,MARTIN GROVE Road,ROYALCREST Road,Minor Arterial,Etobicoke York,43.752245,-79.59929,612767.7246,4845308.2151,Unknown,No Control,Clear,Dark,Wet,1,West Humber-Clairville,1,West Humber-Clairville (1),Non-Fatal Injury,1,0,1,0,0,0,0,0,0,0,0,0,0,Pedestrian Collisions,"['Driver', 'Pedestrian']",North,"['Automobile, Station Wagon', 'Other']",['Going Ahead'],['Driving Properly'],['Normal'],"['Crossing, no Traffic Control']",['Inattentive'],['Not Applicable'],['Not Applicable'],['Not Applicable'],False,"['35 to 39', '85 to 89']",3.0
1007992.0,2007-11-29 10:00:00,1742,2007,BRIMLEY Road,ST CLAIR Aven E,Minor Arterial,Scarborough,43.720845,-79.24149,641647.6359,4842370.1095,At Intersection,Traffic Signal,Clear,Dark,Dry,123,Cliffcrest,123,Cliffcrest (123),Non-Fatal Injury,1,0,1,0,0,0,0,0,0,1,0,0,0,Pedestrian Collisions,"['Driver', 'Pedestrian']",South,"['Automobile, Station Wagon', 'Other']",['Turning Left'],['Failed to Yield Right of Way'],['Inattentive'],['Crossing with right of way'],['Normal'],['Not Applicable'],['Not Applicable'],['Not Applicable'],False,"['60 to 64', '55 to 59']",3.0
1008034.0,2007-11-28 10:00:00,805,2007,OAKWOOD AVE,HANSON RD,Minor Arterial,Toronto and East York,43.688945,-79.43939,625773.3638,4838507.9595,Unknown,No Control,Clear,Daylight,Ice,107,Oakwood Village,107,Oakwood Village (107),Non-Fatal Injury,1,0,1,0,0,0,0,0,0,0,0,0,0,Pedestrian Collisions,"['Driver', 'Pedestrian']",South,"['Automobile, Station Wagon', 'Other']",['Going Ahead'],['Lost control'],['Normal'],['Crossing with right of way'],['Normal'],['Not Applicable'],['Not Applicable'],['Not Applicable'],False,"['75 to 79', '20 to 24']",3.0
1008261.0,2007-12-03 10:00:00,1250,2007,DON MILLS RD,CLIFFWOOD RD,Major Arterial,North York,43.807645,-79.35749,632112.544,4851818.8445,Unknown,No Control,Clear,Daylight,Wet,48,Hillcrest Village,48,Hillcrest Village (48),Non-Fatal Injury,0,0,1,0,0,0,0,1,0,1,0,0,0,Rear End,"['Driver', 'Passenger']",South,"['Automobile, Station Wagon', 'Other']","['Stopped', 'Going Ahead']","['Driving Properly', 'Following too Close']","['Normal', 'Inattentive']",['Not Applicable'],['Not Applicable'],['Not Applicable'],['Not Applicable'],['Not Applicable'],False,"['45 to 49', '85 to 89', '35 to 39']",3.0
1008556.0,2007-11-07 10:00:00,1130,2007,EGLINTON AVE W,CAMBERWELL RD,Major Arterial,North York,43.700045,-79.42989,626515.6553,4839755.2199,Unknown,No Control,Clear,Daylight,Dry,106,Humewood-Cedarvale,106,Humewood-Cedarvale (106),Non-Fatal Injury,1,0,1,0,0,0,0,0,0,0,0,0,0,Pedestrian Collisions,"['Vehicle Owner', 'Driver', 'Pedestrian']",East,"['Other', 'Automobile, Station Wagon']",['Reversing'],['Other'],['Normal'],"['Crossing, no Traffic Control']",['Inattentive'],['Not Applicable'],['Not Applicable'],['Not Applicable'],False,"['unknown', '35 to 39', '65 to 69']",3.0
1008571.0,2007-11-15 10:00:00,724,2007,LAKE SHORE BLVD W,LONG BRANCH AVE,Major Arterial,Etobicoke York,43.594345,-79.53399,618334.8265,4827862.3133,At Intersection,Traffic Signal,Clear,Daylight,Dry,19,Long Branch,19,Long Branch (19),Non-Fatal Injury,1,0,1,0,0,0,0,0,0,0,0,0,0,Pedestrian Collisions,"['Vehicle Owner', 'Driver', 'Pedestrian']",East,"['Other', 'Automobile, Station Wagon']",['Going Ahead'],['Driving Properly'],['Normal'],['Crossing marked crosswalk without ROW'],['Inattentive'],['Not Applicable'],['Not Applicable'],['Not Applicable'],False,"['unknown', '40 to 44', '20 to 24']",3.0
1008573.0,2007-11-17 10:00:00,205,2007,ROMAC DR,CAMOR CRT,Local,Scarborough,43.787645,-79.17039,647210.9049,4849913.2712,Unknown,No Control,Clear,Dark,Dry,134,Highland Creek,134,Highland Creek (134),Non-Fatal Injury,1,0,1,0,0,0,0,0,0,0,0,0,0,Pedestrian Collisions,"['Driver', 'Pedestrian']",North,"['Automobile, Station Wagon', 'Other']","['Parked', 'Other']",['Other'],"['Had Been Drinking', 'Unknown']",['Other'],['Had Been Drinking'],['Not Applicable'],['Not Applicable'],['Not Applicable'],False,"['30 to 34', '25 to 29', 'unknown']",3.0
1008576.0,2007-11-21 10:00:00,1925,2007,283 COXWELL AVE,Not Applicable,Minor Arterial,Toronto and East York,43.673745,-79.31969,635454.5846,4837008.3022,Unknown,No Control,Rain,Dark,Wet,65,Greenwood-Coxwell,65,Greenwood-Coxwell (65),Non-Fatal Injury,1,0,1,0,0,0,0,0,0,0,0,0,0,Pedestrian Collisions,"['Driver', 'Pedestrian']",North,"['Automobile, Station Wagon', 'Other']",['Going Ahead'],['Driving Properly'],['Normal'],"['Crossing, no Traffic Control']",['Normal'],['Not Applicable'],['Not Applicable'],['Not Applicable'],False,"['50 to 54', '45 to 49']",3.0
1008693.0,2007-12-12 10:00:00,1247,2007,2155 ST CLAIR Aven W,Not Applicable,Major Arterial,Etobicoke York,43.671145,-79.47359,623053.4599,4836479.7289,Unknown,No Control,Clear,Daylight,Dry,90,Junction Area,90,Junction Area (90),Non-Fatal Injury,0,0,1,0,0,0,0,0,0,0,0,0,0,SMV Unattended Vehicle,"['Driver', 'Vehicle Owner']",Unknown,"['Automobile, Station Wagon', 'Other']",['Unknown'],[],[],['Not Applicable'],['Not Applicable'],['Not Applicable'],['Not Applicable'],['Not Applicable'],False,"['70 to 74', 'unknown']",3.0
1008986.0,2007-12-15 10:00:00,1212,2007,LAWRENCE AVE E,MOSSBANK DR,Major Arterial,Scarborough,43.762845,-79.21109,643995.6484,4847087.2578,Unknown,No Control,Snow,Daylight,Loose Snow,141,Golfdale-Cedarbrae-Woburn,137,Woburn (137),Fatal,1,0,1,0,0,0,0,0,0,0,0,0,0,Pedestrian Collisions,"['Vehicle Owner', 'Driver', 'Pedestrian']",North,"['Other', 'Automobile, Station Wagon']",['Going Ahead'],['Driving Properly'],['Normal'],['Running onto Roadway'],['Normal'],['Not Applicable'],['Not Applicable'],['Not Applicable'],True,"['unknown', '55 to 59', '40 to 44']",4.0
1009018.0,2007-12-16 10:00:00,58,2007,DON VALLEY PARKWAY  S,LAWRENCE AVE E,Expressway,North York,43.743645,-79.33259,634258.5079,4844750.7108,Unknown,No Control,Snow,Dark,Loose Snow,149,Parkwoods-O'Connor Hills,45,Parkwoods-Donalda (45),Non-Fatal Injury,0,0,1,0,0,0,0,0,0,0,0,0,0,SMV Other,"['Vehicle Owner', 'Driver']",South,"['Other', 'Tow Truck', 'Automobile, Station Wagon']",['Going Ahead'],"['Driving Properly', 'Lost control']",['Normal'],['Not Applicable'],['Not Applicable'],['Not Applicable'],['Not Applicable'],['Not Applicable'],False,"['unknown', '40 to 44', '20 to 24']",3.0
1009323.0,2007-12-11 10:00:00,630,2007,ISLINGTON Aven,SUMMITCREST Driv,Major Arterial,Etobicoke York,43.683145,-79.54049,617636.7378,4837715.4249,At Intersection,Traffic Signal,Clear,Dark,Wet,7,Willowridge-Martingrove-Richview,7,Willowridge-Martingrove-Richview (7),Non-Fatal Injury,1,0,1,0,0,0,0,0,0,1,0,0,0,Pedestrian Collisions,"['Driver', 'Pedestrian']",East,"['Automobile, Station Wagon', 'Other']",['Turning Left'],['Failed to Yield Right of Way'],['Inattentive'],['Crossing with right of way'],['Normal'],['Not Applicable'],['Not Applicable'],['Not Applicable'],False,"['55 to 59', '50 to 54']",3.0
1009774.0,2007-11-28 10:00:00,845,2007,ST CLAIR Aven W,FRENCH Aven,Major Arterial,Etobicoke York,43.667445,-79.49059,621690.4485,4836043.7182,Unknown,No Control,Clear,Daylight,Dry,111,Rockcliffe-Smythe,111,Rockcliffe-Smythe (111),Non-Fatal Injury,1,0,1,0,0,0,0,0,0,0,0,0,0,Pedestrian Collisions,"['Driver', 'Pedestrian']",South,"['Automobile, Station Wagon', 'Other']",['Going Ahead'],['Driving Properly'],['Normal'],"['Crossing, no Traffic Control']",['Inattentive'],['Not Applicable'],['Not Applicable'],['Not Applicable'],False,"['50 to 54', '5 to 9']",3.0
1009783.0,2007-11-29 10:00:00,144,2007,BAY ST,QUEEN ST W,Major Arterial,Toronto and East York,43.652345,-79.38239,630446.445,4834531.0667,At Intersection,No Control,Rain,Dark,Wet,170,Yonge-Bay Corridor,76,Bay Street Corridor (76),Non-Fatal Injury,0,0,1,0,0,0,0,1,1,1,0,0,0,SMV Other,"['Passenger', 'Driver']",North,"['Other', 'Automobile, Station Wagon']",['Going Ahead'],['Lost control'],['Had Been Drinking'],['Not Applicable'],['Not Applicable'],['Not Applicable'],['Not Applicable'],['Not Applicable'],False,['20 to 24'],3.0
1009854.0,2007-12-02 10:00:00,258,2007,267 DAVENPORT Rd,Not Applicable,Major Arterial,Toronto and East York,43.674345,-79.39819,629125.122,4836949.743,Unknown,No Control,Snow,Dark,Packed Snow,95,Annex,95,Annex (95),Non-Fatal Injury,1,0,1,0,0,0,0,0,1,1,0,1,0,Pedestrian Collisions,"['Driver', 'Other Property Owner', 'Pedestrian']",East,"['Automobile, Station Wagon', 'Other']",['Changing Lanes'],['Speed too Fast For Condition'],"['Ability Impaired, Alcohol']",['Walking on Roadway Against Traffic'],['Normal'],['Not Applicable'],['Not Applicable'],['Not Applicable'],False,"['35 to 39', 'unknown', '40 to 44']",3.0
1010140.0,2007-12-04 10:00:00,1250,2007,YONGE ST,CHURCH ST,Major Arterial,Toronto and East York,43.672845,-79.38789,629958.672,4836799.2333,At Intersection,Traffic Signal,Clear,Daylight,Dry,95,Annex,95,Annex (95),Non-Fatal Injury,1,0,0,0,1,0,0,0,0,0,0,0,0,Pedestrian Collisions,"['Vehicle Owner', 'Truck Driver', 'Pedestrian']",Unknown,"['Other', 'Truck - Open']",['Turning Right'],['Driving Properly'],['Normal'],['On Sidewalk or Shoulder'],['Normal'],['Not Applicable'],['Not Applicable'],['Not Applicable'],False,"['unknown', '35 to 39', '15 to 19']",3.0
1010606.0,2020-06-01 08:00:00,1820,2020,BATHURST ST,GLENGROVE AVE,Major Arterial,North York,43.714133,-79.428554,626593.6481,4841321.9293,At Intersection,Stop Sign,Clear,Daylight,Dry,39,Bedford Park-Nortown,39,Bedford Park-Nortown (39),Fatal,0,0,1,1,0,0,0,0,1,1,0,0,0,Turning Movement,"['Motorcycle Driver', 'Driver']",East,"['Motorcycle', 'Automobile, Station Wagon']","['Going Ahead', 'Turning Left']","['Exceeding Speed Limit', 'Driving Properly']","['Unknown', 'Normal']",['Not Applicable'],['Not Applicable'],['Not Applicable'],['Not Applicable'],['Not Applicable'],True,"['25 to 29', '15 to 19']",4.0
1010845.0,2020-06-01 08:00:00,1857,2020,2525 WARDEN AVE,Not Applicable,Major Arterial,Scarborough,43.791255,-79.313541,635684.6399,4850069.5826,Non Intersection,No Control,Clear,Daylight,Dry,147,L'Amoreaux West,117,L'Amoreaux (117),Non-Fatal Injury,0,0,1,0,0,0,0,1,0,0,0,0,0,SMV Other,"['Driver', 'Passenger']",North,"['Automobile, Station Wagon']",['Turning Right'],['Improper Turn'],['Normal'],['Not Applicable'],['Not Applicable'],['Not Applicable'],['Not Applicable'],['Not Applicable'],False,"['15 to 19', '20 to 24']",3.0
1011018.0,2007-12-23 10:00:00,135,2007,3003 DANFORTH AVE,Not Applicable,Major Arterial,Toronto and East York,43.690345,-79.29209,637641.558,4838897.4056,Unknown,Traffic Signal,Clear,Dark,Wet,61,Taylor-Massey,61,Taylor-Massey (61),Non-Fatal Injury,1,0,1,0,0,0,0,0,0,0,0,0,0,Pedestrian Collisions,"['Driver', 'Pedestrian']",Unknown,"['Automobile, Station Wagon', 'Other']","['Unknown', 'Other']",[],[],['Not Applicable'],['Not Applicable'],['Not Applicable'],['Not Applicable'],['Not Applicable'],False,['unknown'],3.0
1011055.0,2007-12-23 10:00:00,1905,2007,JARVIS ST,CARLTON ST,Major Arterial,Toronto and East York,43.662945,-79.37689,630866.9483,4835716.998,Unknown,No Control,Clear,Dark,Dry,71,Cabbagetown-South St.James Town,71,Cabbagetown-South St.James Town (71),Non-Fatal Injury,1,0,1,0,0,0,0,0,0,0,0,0,0,Pedestrian Collisions,"['Driver', 'Pedestrian']",East,"['Automobile, Station Wagon', 'Other']",['Going Ahead'],['Driving Properly'],['Normal'],"['Crossing, no Traffic Control']",['Had Been Drinking'],['Not Applicable'],['Not Applicable'],['Not Applicable'],False,"['15 to 19', '35 to 39']",3.0
1011231.0,2007-12-24 10:00:00,2135,2007,FINCH AVE E,ALAMOSA DR,Major Arterial,North York,43.789145,-79.37329,630882.0723,4849739.0222,Unknown,Traffic Signal,Clear,Dark,Dry,52,Bayview Village,49,Bayview Woods-Steeles (49),Fatal,1,0,1,0,0,0,0,0,0,0,0,0,0,Pedestrian Collisions,"['Driver', 'Pedestrian']",North,"['Automobile, Station Wagon', 'Other']",['Going Ahead'],['Driving Properly'],['Normal'],['Crossing without right of way'],['Inattentive'],['Not Applicable'],['Not Applicable'],['Not Applicable'],True,"['90 to 94', '75 to 79']",4.0