accident_number,date,time,year,street1,street2,road_class,district,latitude,longitude,x,y,accident_location,traffctl,visibility,light,road_surface_condition,hood_158,neighbourhood_new,hood_140,neighbourhood_old,accident_class,pedestrian,cyclist,automobile,motorcycle,truck,trsn_city_veh,emerg_veh,passenger,speeding,aggressive_driving,redlight,alcohol,disability,impact_type,involvement_type,initial_direction,vehicle_type,manoeuver,driver_action,driver_condition,pedestrian_action,pedestrian_condition,cyclist_type,cyclist_action,cyclist_condition,injury,involvement_age,injury_severity_score
1011331.0,2007-12-14 10:00:00,2057,2007,QUEEN ST W,DUNN AVE,Major Arterial,Toronto and East York,43.641045,-79.43449,626268.6565,4833195.4737,At Intersection,Traffic Signal,Clear,Dark,Dry,86,Roncesvalles,86,Roncesvalles (86),Non-Fatal Injury,1,0,1,0,0,0,0,0,0,0,0,0,0,Pedestrian Collisions,"['Driver', 'Pedestrian']",South,"['Automobile, Station Wagon', 'Other']",['Going Ahead'],['Driving Properly'],['Normal'],['Crossing without right of way'],['Normal'],['Not Applicable'],['Not Applicable'],['Not Applicable'],False,"['65 to 69', '45 to 49']",3.0
1011408.0,2007-12-20 10:00:00,846,2007,DANFORTH Aven,CHESTER Aven,Major Arterial,Toronto and East York,43.677545,-79.35199,632842.3751,4837378.1042,At Intersection,Traffic Signal,Clear,Daylight,Wet,68,North Riverdale,68,North Riverdale (68),Non-Fatal Injury,0,0,1,0,0,0,0,0,0,0,0,0,0,Approaching,['Driver'],West,"['Automobile, Station Wagon']",['Going Ahead'],[],[],['Not Applicable'],['Not Applicable'],['Not Applicable'],['Not Applicable'],['Not Applicable'],False,['45 to 49'],3.0
1011434.0,2007-12-27 10:00:00,904,2007,3495 LAWRENCE Aven E,Not Applicable,Major Arterial,Scarborough,43.759045,-79.22839,642612.1225,4846635.2714,Unknown,Traffic Signal,Clear,Daylight,Dry,141,Golfdale-Cedarbrae-Woburn,137,Woburn (137),Non-Fatal Injury,1,0,1,0,0,0,0,0,0,0,0,0,0,Pedestrian Collisions,"['Driver', 'Pedestrian']",East,"['Automobile, Station Wagon', 'Other']","['Going Ahead', 'Other']",[],[],['Not Applicable'],['Not Applicable'],['Not Applicable'],['Not Applicable'],['Not Applicable'],False,"['55 to 59', '80 to 84']",3.0
1011551.0,2007-12-17 10:00:00,1232,2007,MARTIN GROVE RD,401 X W MARTIN GROVE RAMP,Major Arterial,Etobicoke York,43.692845,-79.57149,615119.5577,4838749.2371,Unknown,Traffic Signal,Clear,Daylight,Wet,1,West Humber-Clairville,1,West Humber-Clairville (1),Non-Fatal Injury,0,0,1,0,0,0,0,1,0,1,1,0,0,Angle,"['Passenger', 'Driver']",North,"['Other', 'Automobile, Station Wagon']",['Going Ahead'],"['Disobeyed Traffic Control', 'Driving Properly']",['Normal'],['Not Applicable'],['Not Applicable'],['Not Applicable'],['Not Applicable'],['Not Applicable'],False,"['5 to 9', '35 to 39', '45 to 49']",3.0
1011587.0,2007-11-25 10:00:00,2045,2007,FRONT ST W,SPADINA AVE,Minor Arterial,Toronto and East York,43.643245,-79.39199,629691.8619,4833505.3465,Unknown,No Control,Clear,Dark,Dry,165,Harbourfront-CityPlace,77,Waterfront Communities-The Island (77),Non-Fatal Injury,1,0,1,0,0,0,0,0,0,0,0,0,0,Pedestrian Collisions,"['Driver', 'Pedestrian']",North,"['Automobile, Station Wagon', 'Other']",['Going Ahead'],['Driving Properly'],['Normal'],"['Crossing, no Traffic Control']",['Had Been Drinking'],['Not Applicable'],['Not Applicable'],['Not Applicable'],False,"['55 to 59', '40 to 44']",3.0
1011634.0,2007-12-16 10:00:00,1800,2007,ISLINGTON AVE,KINGSVIEW BLVD,Major Arterial,Etobicoke York,43.699745,-79.547989,617000.031,4839548.4691,Unknown,Stop Sign,Snow,Dark,Packed Snow,6,Kingsview Village-The Westway,6,Kingsview Village-The Westway (6),Non-Fatal Injury,0,0,1,0,0,0,0,0,0,0,0,0,0,Turning Movement,"['Vehicle Owner', 'Driver']",North,"['Other', 'Pick Up Truck', 'Automobile, Station Wagon']","['Turning Left', 'Going Ahead']","['Improper Turn', 'Driving Properly']",['Normal'],['Not Applicable'],['Not Applicable'],['Not Applicable'],['Not Applicable'],['Not Applicable'],False,"['unknown', '25 to 29', '30 to 34']",3.0
1011635.0,2007-12-16 10:00:00,1222,2007,FINCH AVE W,MARTIN GROVE RD,Major Arterial,Etobicoke York,43.737045,-79.59059,613496.8643,4843631.9179,Unknown,No Control,Snow,Daylight,Packed Snow,2,Mount Olive-Silverstone-Jamestown,2,Mount Olive-Silverstone-Jamestown (2),Non-Fatal Injury,0,0,1,0,0,0,0,0,0,0,0,0,0,Approaching,['Driver'],East,"['Automobile, Station Wagon']","['Pulling Away from Shoulder or Curb', 'Going Ahead']","['Lost control', 'Driving Properly']",['Normal'],['Not Applicable'],['Not Applicable'],['Not Applicable'],['Not Applicable'],['Not Applicable'],False,"['55 to 59', '25 to 29']",3.0
1011703.0,2007-12-28 10:00:00,1455,2007,WESTON RD,GUNNS RD,Major Arterial,Etobicoke York,43.675945,-79.47039,623301.6039,4837017.5846,Unknown,Traffic Signal,Clear,Daylight,Dry,90,Junction Area,90,Junction Area (90),Non-Fatal Injury,0,0,1,0,0,0,0,1,1,1,0,0,0,SMV Other,"['Other Property Owner', 'Passenger', 'Driver']",North,"['Other', 'Automobile, Station Wagon']",['Going Ahead'],['Exceeding Speed Limit'],['Unknown'],['Not Applicable'],['Not Applicable'],['Not Applicable'],['Not Applicable'],['Not Applicable'],False,"['unknown', '35 to 39', '25 to 29']",3.0
1011759.0,2007-12-08 10:00:00,1949,2007,1073 WARDEN AVE,Not Applicable,Major Arterial,Scarborough,43.741545,-79.29319,637435.8045,4844582.0839,Unknown,No Control,Clear,Dark,Wet,119,Wexford/Maryvale,119,Wexford/Maryvale (119),Non-Fatal Injury,0,0,1,0,0,0,0,0,0,0,0,1,0,Rear End,['Driver'],North,"['Automobile, Station Wagon']",['Going Ahead'],"['Lost control', 'Driving Properly']","['Ability Impaired, Alcohol', 'Normal']",['Not Applicable'],['Not Applicable'],['Not Applicable'],['Not Applicable'],['Not Applicable'],False,['60 to 64'],3.0
1012000.0,2007-12-10 10:00:00,1700,2007,CULFORD RD,VANWYCK RD,Collector,Etobicoke York,43.705945,-79.48749,621862.3921,4840324.2149,Unknown,No Control,Clear,Dark,Wet,30,Brookhaven-Amesbury,30,Brookhaven-Amesbury (30),Non-Fatal Injury,0,0,1,0,0,0,0,0,0,1,0,0,0,Approaching,"['Driver', 'Vehicle Owner']",North,"['Automobile, Station Wagon', 'Other']",['Going Ahead'],"['Improper Passing', 'Driving Properly']","['Inattentive', 'Normal']",['Not Applicable'],['Not Applicable'],['Not Applicable'],['Not Applicable'],['Not Applicable'],False,"['25 to 29', 'unknown', '35 to 39']",3.0
1012088.0,2007-12-13 10:00:00,935,2007,VICTORIA PARK Aven,ST CLAIR Aven E,Major Arterial,Toronto and East York,43.709345,-79.29619,637267.7657,4841000.8284,Unknown,No Control,Clear,Daylight,Wet,120,Clairlea-Birchmount,120,Clairlea-Birchmount (120),Non-Fatal Injury,1,0,1,0,0,0,0,0,0,0,0,0,0,Pedestrian Collisions,"['Driver', 'Pedestrian']",East,"['Automobile, Station Wagon', 'Other']",['Making U Turn'],['Improper Turn'],['Normal'],['Crossing without right of way'],['Normal'],['Not Applicable'],['Not Applicable'],['Not Applicable'],False,"['45 to 49', '25 to 29']",3.0
1012986.0,2008-01-05 10:00:00,1826,2008,EGLINTON AVE E,OSWEGO RD,Major Arterial,Scarborough,43.737645,-79.24369,641430.875,4844232.2417,Unknown,No Control,Rain,Dark,Wet,138,Eglinton East,138,Eglinton East (138),Fatal,1,0,1,0,0,0,0,0,0,0,0,0,0,Pedestrian Collisions,"['Driver', 'Pedestrian']",East,"['Automobile, Station Wagon', 'Other']",['Going Ahead'],['Driving Properly'],['Normal'],"['Crossing, no Traffic Control']",['Normal'],['Not Applicable'],['Not Applicable'],['Not Applicable'],True,"['45 to 49', '30 to 34']",4.0
1012988.0,2008-01-05 10:00:00,1935,2008,SANDWELL DR,THE WESTWAY,Local,Etobicoke York,43.684345,-79.56499,615659.7132,4837814.2427,Unknown,No Control,Clear,Dark,Wet,7,Willowridge-Martingrove-Richview,7,Willowridge-Martingrove-Richview (7),Fatal,1,0,1,0,0,0,0,0,0,0,0,0,0,Pedestrian Collisions,"['Driver', 'Pedestrian']",North,"['Automobile, Station Wagon', 'Other']",['Going Ahead'],['Driving Properly'],['Normal'],['Coming From Behind Parked Vehicle'],['Inattentive'],['Not Applicable'],['Not Applicable'],['Not Applicable'],True,"['80 to 84', '75 to 79']",4.0
1013128.0,2007-12-20 10:00:00,455,2007,YORK ST,BREMNER BLVD,Major Arterial,Toronto and East York,43.644545,-79.38219,630479.4616,4833665.0891,Unknown,No Control,Clear,Dark,Dry,165,Harbourfront-CityPlace,77,Waterfront Communities-The Island (77),Non-Fatal Injury,1,0,1,0,0,0,0,0,0,0,0,0,0,Pedestrian Collisions,"['Driver', 'Pedestrian']",South,"['Automobile, Station Wagon', 'Other']",['Going Ahead'],['Driving Properly'],['Normal'],"['Crossing, no Traffic Control']",['Unknown'],['Not Applicable'],['Not Applicable'],['Not Applicable'],False,"['40 to 44', '20 to 24']",3.0
1013134.0,2007-12-21 10:00:00,525,2007,WILSON AVE,DUFFERIN ST,Major Arterial,North York,43.732445,-79.45729,624240.8339,4843312.2512,Unknown,No Control,Clear,Dark,Dry,155,Downsview,26,Downsview-Roding-CFB (26),Non-Fatal Injury,0,0,1,0,1,0,0,1,0,0,0,0,0,Turning Movement,"['Passenger', 'Driver', 'Other', 'Other Property Owner', 'Vehicle Owner', 'Truck Driver']",East,"['Other', 'Automobile, Station Wagon', 'Truck - Open']","['Going Ahead', 'Turning Right']","['Driving Properly', 'Improper Turn']",['Normal'],['Not Applicable'],['Not Applicable'],['Not Applicable'],['Not Applicable'],['Not Applicable'],False,"['20 to 24', 'unknown', '60 to 64']",3.0
1013236.0,2008-01-07 10:00:00,1702,2008,AVENUE RD,CARMICHAEL AVE,Major Arterial,North York,43.737545,-79.42059,627185.6667,4843934.3625,At Intersection,Traffic Signal,Clear,Dark,Wet,39,Bedford Park-Nortown,39,Bedford Park-Nortown (39),Fatal,1,0,1,0,0,0,0,0,0,0,0,0,0,Pedestrian Collisions,"['Driver', 'Pedestrian']",East,"['Automobile, Station Wagon', 'Other']",['Turning Left'],['Improper Turn'],['Normal'],['Crossing with right of way'],['Normal'],['Not Applicable'],['Not Applicable'],['Not Applicable'],True,"['30 to 34', '70 to 74']",4.0
1013495.0,2008-01-08 10:00:00,550,2008,REXDALE BLVD,TIDEMORE AVE,Major Arterial,Etobicoke York,43.714745,-79.58519,613973.9996,4841162.6019,Unknown,No Control,Clear,Dark,Dry,1,West Humber-Clairville,1,West Humber-Clairville (1),Fatal,0,0,1,0,0,0,0,1,0,0,0,0,0,SMV Other,"['Passenger', 'Vehicle Owner', 'Driver']",West,"['Other', 'Automobile, Station Wagon']",['Going Ahead'],['Lost control'],"['Ability Impaired, Drugs']",['Not Applicable'],['Not Applicable'],['Not Applicable'],['Not Applicable'],['Not Applicable'],True,"['25 to 29', 'unknown']",4.0
1013702.0,2007-12-29 10:00:00,2158,2007,DANFORTH AVE,CEDARVALE AVE,Major Arterial,Toronto and East York,43.686145,-79.31069,636152.0575,4838400.2305,Unknown,No Control,Clear,Dark,Dry,62,East End-Danforth,62,East End-Danforth (62),Non-Fatal Injury,1,0,1,0,0,0,0,0,0,0,0,0,0,Pedestrian Collisions,"['Driver', 'Pedestrian']",Unknown,"['Automobile, Station Wagon', 'Other']","['Going Ahead', 'Other']",[],[],['Not Applicable'],['Not Applicable'],['Not Applicable'],['Not Applicable'],['Not Applicable'],False,"['60 to 64', 'unknown']",3.0
1014167.0,2008-01-11 10:00:00,820,2008,LONEY AVE,DALLNER RD,Local,Etobicoke York,43.722345,-79.51489,619622.1322,4842105.7518,At Intersection,Stop Sign,Clear,Daylight,Wet,154,Oakdale-Beverley Heights,26,Downsview-Roding-CFB (26),Non-Fatal Injury,1,0,1,0,0,0,0,0,0,1,0,0,0,Pedestrian Collisions,"['Driver', 'Pedestrian']",East,"['Automobile, Station Wagon', 'Other']",['Turning Left'],['Failed to Yield Right of Way'],['Normal'],['Crossing with right of way'],['Inattentive'],['Not Applicable'],['Not Applicable'],['Not Applicable'],False,"['65 to 69', '80 to 84']",3.0
1014428.0,2007-12-27 10:00:00,3,2007,VICTORIA PARK AVE,BIGGIN CRT,Major Arterial,North York,43.728845,-79.30439,636562.8143,4843153.0407,Unknown,No Control,Clear,Dark,Dry,43,Victoria Village,43,Victoria Village (43),Non-Fatal Injury,0,0,1,0,0,0,0,1,0,0,0,0,0,Turning Movement,"['Vehicle Owner', 'Driver', 'Passenger']",North,"['Other', 'Automobile, Station Wagon']","['Making U Turn', 'Going Ahead']","['Improper Turn', 'Driving Properly']","['Inattentive', 'Normal']",['Not Applicable'],['Not Applicable'],['Not Applicable'],['Not Applicable'],['Not Applicable'],False,"['unknown', '25 to 29', '20 to 24']",3.0
1014571.0,2007-12-31 10:00:00,647,2007,STEELES AVE W,NORFINCH DR,Major Arterial,Etobicoke York,43.773345,-79.53179,618160.4767,4847745.7882,At Intersection,Traffic Signal,Snow,Dark,Loose Snow,NSA,NSA,NSA,NSA,Non-Fatal Injury,0,0,1,0,0,0,0,0,1,1,0,0,0,Sideswipe,['Driver'],East,"['Automobile, Station Wagon']","['Going Ahead', 'Slowing or Stopping']","['Speed too Fast For Condition', 'Driving Properly']",['Normal'],['Not Applicable'],['Not Applicable'],['Not Applicable'],['Not Applicable'],['Not Applicable'],False,"['65 to 69', '45 to 49']",3.0
1014650.0,2008-01-14 10:00:00,2232,2008,35 BENDALE BLVD,Not Applicable,Local,Scarborough,43.749845,-79.23979,641716.1435,4845593.9019,Unknown,No Control,Snow,Dark,Wet,157,Bendale South,127,Bendale (127),Non-Fatal Injury,0,0,1,0,0,0,0,1,0,0,0,1,0,SMV Other,"['Passenger', 'Vehicle Owner', 'Driver']",North,"['Other', 'Automobile, Station Wagon']",['Going Ahead'],['Lost control'],"['Ability Impaired, Alcohol Over .08']",['Not Applicable'],['Not Applicable'],['Not Applicable'],['Not Applicable'],['Not Applicable'],False,"['20 to 24', 'unknown']",3.0
1014715.0,2007-12-31 10:00:00,1510,2007,ISLINGTON AVE,SANDHILL DR,Major Arterial,Etobicoke York,43.734045,-79.56389,615652.7494,4843335.6448,Unknown,No Control,Clear,Daylight,Dry,3,Thistletown-Beaumond Heights,3,Thistletown-Beaumond Heights (3),Non-Fatal Injury,0,0,1,0,0,0,0,0,0,1,0,0,0,Rear End,['Driver'],South,"['Automobile, Station Wagon']","['Slowing or Stopping', 'Going Ahead']","['Driving Properly', 'Following too Close']",['Normal'],['Not Applicable'],['Not Applicable'],['Not Applicable'],['Not Applicable'],['Not Applicable'],False,"['55 to 59', '35 to 39']",3.0
1014871.0,2008-01-15 10:00:00,652,2008,ROGERS RD,BICKNELL AVE,Minor Arterial,Etobicoke York,43.682045,-79.47199,623160.1462,4837692.6942,At Intersection,No Control,Snow,"Dusk, artificial",Slush,110,Keelesdale-Eglinton West,110,Keelesdale-Eglinton West (110),Non-Fatal Injury,1,0,1,0,0,0,0,0,0,0,0,0,0,Pedestrian Collisions,"['Driver', 'Pedestrian']",South,"['Automobile, Station Wagon', 'Other']",['Turning Right'],['Driving Properly'],['Normal'],"['Crossing, no Traffic Control']",['Normal'],['Not Applicable'],['Not Applicable'],['Not Applicable'],False,"['40 to 44', '85 to 89']",3.0
1014978.0,2007-12-29 10:00:00,1303,2007,ARAGON AVE,BIRCHARD ST,Local,Scarborough,43.775645,-79.30289,636577.1225,4848353.3626,Unknown,No Control,Clear,Daylight,Dry,118,Tam O'Shanter-Sullivan,118,Tam O'Shanter-Sullivan (118),Non-Fatal Injury,0,0,1,0,0,0,0,1,0,1,0,0,0,Approaching,"['Driver', 'Passenger']",North,"['Automobile, Station Wagon', 'Other']","['Other', 'Going Ahead']","['Failed to Yield Right of Way', 'Driving Properly']","['Inattentive', 'Normal']",['Not Applicable'],['Not Applicable'],['Not Applicable'],['Not Applicable'],['Not Applicable'],False,"['70 to 74', '25 to 29', '30 to 34']",3.0
1015097.0,2008-01-03 10:00:00,1623,2008,BAYVIEW AVE,EGLINTON AVE E,Major Arterial,North York,43.711045,-79.37719,630738.2205,4841058.6928,Unknown,Traffic Signal,Snow,Daylight,Loose Snow,99,Mount Pleasant East,99,Mount Pleasant East (99),Non-Fatal Injury,0,0,1,0,0,0,0,0,0,0,0,0,0,Rear End,['Driver'],South,"['Automobile, Station Wagon']",['Stopped'],"['Driving Properly', 'Lost control']",['Normal'],['Not Applicable'],['Not Applicable'],['Not Applicable'],['Not Applicable'],['Not Applicable'],False,"['35 to 39', '60 to 64']",3.0
1015121.0,2008-01-04 10:00:00,1540,2008,YORK MILLS RD,UPJOHN RD,Major Arterial,North York,43.755045,-79.35029,632808.0871,4845988.3178,Unknown,No Control,Clear,Daylight,Dry,42,Banbury-Don Mills,42,Banbury-Don Mills (42),Non-Fatal Injury,0,0,1,0,0,0,0,0,0,0,0,0,0,Approaching,['Driver'],East,"['Automobile, Station Wagon']",['Going Ahead'],"['Lost control', 'Driving Properly']","['Fatigue', 'Normal']",['Not Applicable'],['Not Applicable'],['Not Applicable'],['Not Applicable'],['Not Applicable'],False,"['55 to 59', '15 to 19']",3.0
1015222.0,2008-01-16 10:00:00,950,2008,WESTON RD,401 C W WESTON RD RAMP  E,Major Arterial,Etobicoke York,43.714745,-79.53669,617881.082,4841230.4318,Unknown,Traffic Signal,Clear,Daylight,Dry,23,Pelmo Park-Humberlea,23,Pelmo Park-Humberlea (23),Non-Fatal Injury,0,0,1,0,0,0,0,0,0,0,0,0,0,Approaching,['Driver'],North,"['Automobile, Station Wagon']",['Going Ahead'],"['Driving Properly', 'Wrong Way on One Way Road']","['Normal', 'Unknown']",['Not Applicable'],['Not Applicable'],['Not Applicable'],['Not Applicable'],['Not Applicable'],False,"['75 to 79', '65 to 69']",3.0
1015320.0,2008-01-07 10:00:00,1803,2008,ST DENNIS DR,DEAUVILLE LANE,Collector,North York,43.718345,-79.33139,634411.717,4841942.7196,Unknown,Traffic Signal,Rain,Dark,Wet,44,Flemingdon Park,44,Flemingdon Park (44),Non-Fatal Injury,1,0,1,0,0,0,0,0,0,1,0,0,0,Pedestrian Collisions,"['Driver', 'Pedestrian']",East,"['Automobile, Station Wagon', 'Other']",['Turning Left'],['Failed to Yield Right of Way'],['Normal'],['Crossing with right of way'],['Normal'],['Not Applicable'],['Not Applicable'],['Not Applicable'],False,"['25 to 29', '10 to 14']",3.0
1015331.0,2008-01-07 10:00:00,1730,2008,BELGREEN AVE,TAMORA CRT,Local,Scarborough,43.794945,-79.29049,637530.7709,4850517.4622,At Intersection,Stop Sign,Clear,Dark,Wet,118,Tam O'Shanter-Sullivan,118,Tam O'Shanter-Sullivan (118),Non-Fatal Injury,1,0,1,0,0,0,0,0,0,1,0,0,0,Pedestrian Collisions,"['Driver', 'Pedestrian']",South,"['Automobile, Station Wagon', 'Other']",['Turning Left'],['Failed to Yield Right of Way'],['Normal'],['Crossing with right of way'],['Normal'],['Not Applicable'],['Not Applicable'],['Not Applicable'],False,"['65 to 69', '10 to 14']",3.0
1015408.0,2008-01-16 10:00:00,1608,2008,KENNEDY Road,HAVENDALE Road,Major Arterial,Scarborough,43.791045,-79.29169,637443.1698,4850082.3118,At Intersection,Traffic Signal,Clear,Daylight,Dry,118,Tam O'Shanter-Sullivan,118,Tam O'Shanter-Sullivan (118),Non-Fatal Injury,0,0,1,0,0,0,0,0,0,1,1,0,1,Turning Movement,['Driver'],North,"['Automobile, Station Wagon']","['Turning Left', 'Going Ahead']","['Driving Properly', 'Disobeyed Traffic Control']","['Normal', 'Medical or Physical Disability']",['Not Applicable'],['Not Applicable'],['Not Applicable'],['Not Applicable'],['Not Applicable'],False,"['45 to 49', '90 to 94']",3.0
1015577.0,2008-01-17 10:00:00,1750,2008,FINCH AVE E,WILFRED AVE,Major Arterial,North York,43.782845,-79.40149,628626.6435,4848995.1062,At Intersection,No Control,Snow,Dark,Wet,152,East Willowdale,50,Newtonbrook East (50),Non-Fatal Injury,1,0,1,0,0,0,0,0,0,0,0,0,0,Pedestrian Collisions,"['Driver', 'Pedestrian']",West,"['Automobile, Station Wagon', 'Other']",['Going Ahead'],['Driving Properly'],['Normal'],"['Crossing, no Traffic Control']",['Unknown'],['Not Applicable'],['Not Applicable'],['Not Applicable'],False,"['30 to 34', '45 to 49', '70 to 74']",3.0
1015580.0,2008-01-17 10:00:00,1957,2008,DON VALLEY PARKWAY  N,PRINCE EDWARD VIADUCT Stre E,Expressway,Toronto and East York,43.681845,-79.36239,631994.616,4837839.0736,Unknown,No Control,Clear,Dark,Wet,57,Broadview North,57,Broadview North (57),Non-Fatal Injury,0,0,1,0,0,0,0,0,0,1,0,0,0,Sideswipe,['Driver'],North,"['Automobile, Station Wagon']","['Going Ahead', 'Changing Lanes']","['Driving Properly', 'Improper Lane Change']",['Normal'],['Not Applicable'],['Not Applicable'],['Not Applicable'],['Not Applicable'],['Not Applicable'],False,"['50 to 54', '20 to 24', '30 to 34']",3.0
1015680.0,2008-01-11 10:00:00,944,2008,FINCH AVE E,CHEROKEE BLVD,Major Arterial,North York,43.793545,-79.33699,633792.9131,4850285.7501,Unknown,Traffic Signal,Clear,Daylight,Dry,46,Pleasant View,46,Pleasant View (46),Non-Fatal Injury,1,0,1,0,0,0,0,0,0,0,0,0,0,Pedestrian Collisions,"['Driver', 'Pedestrian']",North,"['Automobile, Station Wagon', 'Other']",['Turning Left'],['Improper Turn'],['Normal'],['Crossing without right of way'],['Normal'],['Not Applicable'],['Not Applicable'],['Not Applicable'],False,"['70 to 74', '40 to 44']",3.0
1015704.0,2008-01-11 10:00:00,1840,2008,MALVERN ST,MAMMOTH HALL TRL,Collector,Scarborough,43.796745,-79.23579,641927.1963,4850809.7344,At Intersection,Stop Sign,Clear,Dark,Dry,145,Malvern West,132,Malvern (132),Non-Fatal Injury,1,0,1,0,0,0,0,0,0,1,0,0,0,Pedestrian Collisions,"['Vehicle Owner', 'Driver', 'Pedestrian']",East,"['Other', 'Automobile, Station Wagon']",['Going Ahead'],['Disobeyed Traffic Control'],['Inattentive'],['Crossing with right of way'],['Normal'],['Not Applicable'],['Not Applicable'],['Not Applicable'],False,"['unknown', '35 to 39', '60 to 64']",3.0
1015759.0,2007-12-10 10:00:00,1657,2007,JANE BLACK CR S RAMP ST,JANE ST,Major Arterial,Etobicoke York,43.711045,-79.50599,620361.6334,4840863.6129,Unknown,Traffic Signal,Clear,Daylight,Dry,23,Pelmo Park-Humberlea,23,Pelmo Park-Humberlea (23),Non-Fatal Injury,0,0,1,0,1,0,0,1,0,1,0,0,0,Rear End,"['Vehicle Owner', 'Truck Driver', 'Driver', 'Passenger']",East,"['Other', 'Truck - Open', 'Automobile, Station Wagon']","['Stopped', 'Going Ahead']","['Driving Properly', 'Following too Close']",['Normal'],['Not Applicable'],['Not Applicable'],['Not Applicable'],['Not Applicable'],['Not Applicable'],False,"['unknown', '70 to 74', '45 to 49', '30 to 34', '55 to 59', '60 to 64', '35 to 39']",3.0
1016316.0,2020-06-02 08:00:00,1555,2020,LAKE SHORE BLVD W,LOWER SIMCOE ST,Major Arterial,Toronto and East York,43.640269,-79.383151,630411.2058,4833188.6734,At Intersection,Traffic Signal,Clear,Daylight,Dry,165,Harbourfront-CityPlace,77,Waterfront Communities-The Island (77),Non-Fatal Injury,0,0,1,1,0,0,0,0,1,1,1,0,0,Angle,"['Motorcycle Driver', 'Driver']",East,"['Motorcycle', 'Automobile, Station Wagon']",['Going Ahead'],"['Disobeyed Traffic Control', 'Driving Properly']","['Inattentive', 'Normal']",['Not Applicable'],['Not Applicable'],['Not Applicable'],['Not Applicable'],['Not Applicable'],False,"['30 to 34', '25 to 29']",3.0
1016685.0,2008-01-21 10:00:00,1100,2008,FOXLEY ST,FOXLEY PL W,Local,Toronto and East York,43.647645,-79.42089,627351.6499,4833949.2688,Unknown,No Control,Clear,Daylight,Dry,81,Trinity-Bellwoods,81,Trinity-Bellwoods (81),Non-Fatal Injury,0,0,1,0,0,0,0,0,0,0,0,0,0,SMV Other,"['Vehicle Owner', 'Driver']",North,"['Other', 'Automobile, Station Wagon']",['Turning Right'],['Improper Turn'],['Normal'],['Not Applicable'],['Not Applicable'],['Not Applicable'],['Not Applicable'],['Not Applicable'],False,"['unknown', '25 to 29']",3.0
1016775.0,2008-01-23 10:00:00,645,2008,MARTIN GROVE RD,STEELES AVE W,Major Arterial,Etobicoke York,43.757845,-79.60339,612427.1548,4845924.6029,At Intersection,Traffic Signal,Clear,Dark,Dry,1,West Humber-Clairville,1,West Humber-Clairville (1),Non-Fatal Injury,1,0,1,0,0,0,0,0,0,0,0,0,0,Pedestrian Collisions,"['Driver', 'Pedestrian']",South,"['Automobile, Station Wagon', 'Other']",['Going Ahead'],['Driving Properly'],['Normal'],['Crossing marked crosswalk without ROW'],['Inattentive'],['Not Applicable'],['Not Applicable'],['Not Applicable'],False,"['30 to 34', '50 to 54']",3.0
1016912.0,2008-01-17 10:00:00,1810,2008,FINCH AVE E,VICTORIA PARK AVE,Major Arterial,North York,43.793145,-79.33139,634244.346,4850250.3915,Unknown,Traffic Signal,Clear,Dark,Dry,147,L'Amoreaux West,117,L'Amoreaux (117),Non-Fatal Injury,1,0,1,0,0,0,0,0,0,0,0,0,0,Pedestrian Collisions,"['Driver', 'Pedestrian']",East,"['Automobile, Station Wagon', 'Other']",['Going Ahead'],['Driving Properly'],['Normal'],['Crossing without right of way'],['Normal'],['Not Applicable'],['Not Applicable'],['Not Applicable'],False,"['35 to 39', '20 to 24']",3.0
1017137.0,2008-01-25 10:00:00,1823,2008,ROGERS RD,KANE AVE,Minor Arterial,Etobicoke York,43.682045,-79.46649,623603.4593,4837700.8762,Unknown,Stop Sign,Clear,Dark,Dry,110,Keelesdale-Eglinton West,110,Keelesdale-Eglinton West (110),Fatal,0,0,1,0,0,0,0,1,1,1,0,0,0,Angle,"['Passenger', 'Driver', 'Vehicle Owner']",East,"['Other', 'Automobile, Station Wagon']",['Going Ahead'],"['Failed to Yield Right of Way', 'Driving Properly']",['Normal'],['Not Applicable'],['Not Applicable'],['Not Applicable'],['Not Applicable'],['Not Applicable'],True,"['55 to 59', '75 to 79', 'unknown', '25 to 29']",4.0
1017235.0,2020-06-02 08:00:00,1856,2020,777 BLOOR ST W,Not Applicable,Major Arterial,Etobicoke York,43.663226,-79.419696,627414.9875,4835681.576,Non Intersection,No Control,Clear,Daylight,Dry,80,Palmerston-Little Italy,80,Palmerston-Little Italy (80),Non-Fatal Injury,0,1,1,0,0,0,0,0,0,0,0,0,0,Cyclist Collisions,"['Driver', 'Cyclist']",East,"['Automobile, Station Wagon', 'Bicycle']","['Turning Left', 'Going Ahead']",['Improper Turn'],['Unknown'],['Not Applicable'],['Not Applicable'],"['Motorist without ROW drives into path of cyclist at inter, lnwy, dwy-Driver not turn.']",['Driving Properly'],['Normal'],False,"['65 to 69', '45 to 49']",3.0
1017587.0,2008-01-28 10:00:00,817,2008,MCNICOLL AVE,LA PEER BLVD,Minor Arterial,Scarborough,43.807545,-79.31549,635491.0036,4851875.6537,Unknown,Stop Sign,Clear,Daylight,Dry,116,Steeles,116,Steeles (116),Non-Fatal Injury,1,0,1,0,0,0,0,0,0,1,0,0,0,Pedestrian Collisions,"['Driver', 'Pedestrian']",North,"['Automobile, Station Wagon', 'Other']",['Turning Left'],['Failed to Yield Right of Way'],['Inattentive'],['Crossing with right of way'],['Medical or Physical Disability'],['Not Applicable'],['Not Applicable'],['Not Applicable'],False,"['55 to 59', '70 to 74']",3.0
1017679.0,2008-01-21 10:00:00,1940,2008,EVANS AVE,SHERWAY GT,Major Arterial,Etobicoke York,43.608945,-79.55639,616498.5253,4829452.1511,Unknown,Traffic Signal,Clear,Dark,Dry,159,Etobicoke City Centre,14,Islington-City Centre West (14),Non-Fatal Injury,1,0,1,0,0,0,0,0,0,0,0,0,0,Pedestrian Collisions,"['Driver', 'Pedestrian']",North,"['Automobile, Station Wagon', 'Other']",['Turning Left'],['Improper Turn'],['Inattentive'],['Crossing with right of way'],['Normal'],['Not Applicable'],['Not Applicable'],['Not Applicable'],False,"['65 to 69', '50 to 54']",3.0