accident_number,date,time,year,street1,street2,road_class,district,latitude,longitude,x,y,accident_location,traffctl,visibility,light,road_surface_condition,hood_158,neighbourhood_new,hood_140,neighbourhood_old,accident_class,pedestrian,cyclist,automobile,motorcycle,truck,trsn_city_veh,emerg_veh,passenger,speeding,aggressive_driving,redlight,alcohol,disability,impact_type,involvement_type,initial_direction,vehicle_type,manoeuver,driver_action,driver_condition,pedestrian_action,pedestrian_condition,cyclist_type,cyclist_action,cyclist_condition,injury,involvement_age,injury_severity_score
1017926.0,2008-01-22 10:00:00,807,2008,BLOOR ST W,QUEBEC AVE,Major Arterial,Toronto and East York,43.653245,-79.46639,623670.6493,4834502.4048,Unknown,No Control,Snow,Daylight,Loose Snow,87,High Park-Swansea,87,High Park-Swansea (87),Non-Fatal Injury,0,0,1,0,0,0,0,0,0,1,0,0,0,Rear End,"['Driver', 'Vehicle Owner']",East,"['Automobile, Station Wagon', 'Other']","['Going Ahead', 'Slowing or Stopping']","['Driving Properly', 'Following too Close']",['Normal'],['Not Applicable'],['Not Applicable'],['Not Applicable'],['Not Applicable'],['Not Applicable'],False,"['50 to 54', '60 to 64', 'unknown', '20 to 24']",3.0
1017943.0,2008-01-29 10:00:00,2355,2008,EGLINTON AVE W,ENNERDALE RD,Major Arterial,North York,43.695045,-79.45319,624648.5404,4839164.6104,Unknown,No Control,Rain,Dark,Wet,109,Caledonia-Fairbank,109,Caledonia-Fairbank (109),Non-Fatal Injury,0,0,1,0,0,0,0,0,0,1,0,0,0,Rear End,"['Driver', 'Vehicle Owner']",East,"['Automobile, Station Wagon', 'Other']","['Parked', 'Going Ahead']","['Driving Properly', 'Following too Close']",['Normal'],['Not Applicable'],['Not Applicable'],['Not Applicable'],['Not Applicable'],['Not Applicable'],False,"['40 to 44', 'unknown', '35 to 39']",3.0
1018105.0,2008-01-15 10:00:00,720,2008,FINCH AVE W,RUMIKE RD,Major Arterial,Etobicoke York,43.750545,-79.54969,616764.2318,4845188.1243,Unknown,No Control,Snow,Daylight,Loose Snow,21,Humber Summit,21,Humber Summit (21),Non-Fatal Injury,1,0,1,0,0,0,0,0,0,1,0,0,0,Pedestrian Collisions,"['Driver', 'Pedestrian']",East,"['Automobile, Station Wagon', 'Other']",['Turning Left'],['Failed to Yield Right of Way'],['Inattentive'],['On Sidewalk or Shoulder'],['Normal'],['Not Applicable'],['Not Applicable'],['Not Applicable'],False,"['unknown', '40 to 44']",3.0
1018347.0,2008-01-31 10:00:00,1440,2008,DON MILLS RD E,GODSTONE RD,Major Arterial,North York,43.782745,-79.34909,632843.3548,4849066.7521,At Intersection,Traffic Signal,Clear,Daylight,Dry,47,Don Valley Village,47,Don Valley Village (47),Fatal,0,0,1,0,0,0,0,1,0,0,0,0,0,SMV Other,"['Passenger', 'Driver']",West,"['Other', 'Automobile, Station Wagon']",['Turning Left'],['Lost control'],['Inattentive'],['Not Applicable'],['Not Applicable'],['Not Applicable'],['Not Applicable'],['Not Applicable'],True,"['80 to 84', '85 to 89']",4.0
1018638.0,2008-02-02 10:00:00,1249,2008,BELLAMY RD N,BRIMORTON DR,Minor Arterial,Scarborough,43.767445,-79.23919,641722.8895,4847549.6801,At Intersection,Traffic Signal,Clear,Daylight,Wet,142,Woburn North,137,Woburn (137),Non-Fatal Injury,0,0,1,0,0,0,0,0,1,1,0,0,0,Turning Movement,['Driver'],North,"['Automobile, Station Wagon']","['Turning Left', 'Going Ahead']","['Failed to Yield Right of Way', 'Exceeding Speed Limit']",['Normal'],['Not Applicable'],['Not Applicable'],['Not Applicable'],['Not Applicable'],['Not Applicable'],False,"['80 to 84', '20 to 24']",3.0
1018923.0,2008-01-25 10:00:00,900,2008,RONCESVALLES AVE,MARMADUKE ST,Minor Arterial,Toronto and East York,43.650445,-79.45069,624942.5185,4834214.9467,At Intersection,Pedestrian Crossover,Clear,Daylight,Wet,87,High Park-Swansea,87,High Park-Swansea (87),Non-Fatal Injury,0,0,1,0,0,0,0,0,0,1,0,0,0,Approaching,"['Vehicle Owner', 'Driver']",North,"['Other', 'Automobile, Station Wagon']","['Stopped', 'Going Ahead']","['Following too Close', 'Driving Properly']",['Normal'],['Not Applicable'],['Not Applicable'],['Not Applicable'],['Not Applicable'],['Not Applicable'],False,"['unknown', '45 to 49', '35 to 39']",3.0
1019180.0,2008-02-04 10:00:00,1245,2008,O CONNOR DR,WOODBINE AVE,Major Arterial,Toronto and East York,43.700148,-79.319026,635448.6706,4839941.8079,At Intersection,Traffic Signal,Clear,Daylight,Dry,60,Woodbine-Lumsden,60,Woodbine-Lumsden (60),Non-Fatal Injury,0,0,1,0,0,0,0,1,0,0,0,0,0,Other,"['Passenger', 'Vehicle Owner', 'Driver']",West,"['Other', 'Automobile, Station Wagon']",['Slowing or Stopping'],['Driving Properly'],['Normal'],['Not Applicable'],['Not Applicable'],['Not Applicable'],['Not Applicable'],['Not Applicable'],False,"['55 to 59', '85 to 89', 'unknown', '45 to 49']",3.0
1019552.0,2008-01-29 10:00:00,1754,2008,SHUTER ST,MUTUAL ST,Minor Arterial,Toronto and East York,43.655245,-79.37459,631069.1462,4834865.4412,At Intersection,No Control,Clear,Dark,Wet,168,Downtown Yonge East,75,Church-Yonge Corridor (75),Non-Fatal Injury,1,0,1,0,0,0,0,0,0,0,0,0,0,Pedestrian Collisions,"['Driver', 'Pedestrian']",East,"['Automobile, Station Wagon', 'Other']",['Slowing or Stopping'],['Driving Properly'],['Inattentive'],"['Crossing, no Traffic Control']","['Ability Impaired, Alcohol']",['Not Applicable'],['Not Applicable'],['Not Applicable'],False,"['50 to 54', '65 to 69']",3.0
1019756.0,2008-02-08 10:00:00,1749,2008,WILSON AVE,ALLINGHAM GDNS,Major Arterial,North York,43.735545,-79.44269,625410.1718,4843678.5457,At Intersection,Traffic Signal,Rain,Daylight,Wet,33,Clanton Park,33,Clanton Park (33),Fatal,1,0,1,0,0,0,0,1,0,0,0,0,0,Pedestrian Collisions,"['Passenger', 'Vehicle Owner', 'Driver', 'Pedestrian']",South,"['Other', 'Automobile, Station Wagon']",['Going Ahead'],['Driving Properly'],['Normal'],['Crossing without right of way'],"['Ability Impaired, Alcohol']",['Not Applicable'],['Not Applicable'],['Not Applicable'],True,"['25 to 29', 'unknown', '20 to 24']",4.0
1019958.0,2008-01-11 10:00:00,328,2008,VAUGHAN RD,KENWOOD AVE,Minor Arterial,Toronto and East York,43.687645,-79.42369,627041.4215,4838387.5085,At Intersection,Traffic Signal,Rain,Dark,Wet,106,Humewood-Cedarvale,106,Humewood-Cedarvale (106),Non-Fatal Injury,0,0,1,0,0,0,0,1,1,1,1,0,0,Angle,"['Passenger', 'Driver', 'Other Property Owner']",North,"['Other', 'Automobile, Station Wagon']",['Going Ahead'],"['Exceeding Speed Limit', 'Disobeyed Traffic Control']","['Normal', 'Unknown']",['Not Applicable'],['Not Applicable'],['Not Applicable'],['Not Applicable'],['Not Applicable'],False,"['15 to 19', '20 to 24', 'unknown']",3.0
1020139.0,2008-01-23 10:00:00,1000,2008,LOCKSLEY AVE,BRIAR HILL AVE,Local,North York,43.703245,-79.44899,624969.9608,4840081.6561,Unknown,Stop Sign,Clear,Daylight,Wet,108,Briar Hill-Belgravia,108,Briar Hill-Belgravia (108),Non-Fatal Injury,1,0,1,0,0,0,0,0,0,1,0,0,0,Pedestrian Collisions,"['Driver', 'Pedestrian']",East,"['Automobile, Station Wagon', 'Other']",['Going Ahead'],['Failed to Yield Right of Way'],['Unknown'],['Crossing with right of way'],['Normal'],['Not Applicable'],['Not Applicable'],['Not Applicable'],False,"['unknown', '80 to 84']",3.0
1020344.0,2008-01-29 10:00:00,1955,2008,HAMILTON ST,GERRARD ST E,Minor Arterial,Toronto and East York,43.665245,-79.35349,632748.5776,4836009.621,Unknown,No Control,Rain,Dark,Wet,70,South Riverdale,70,South Riverdale (70),Non-Fatal Injury,1,0,1,0,0,0,0,0,0,1,0,0,0,Pedestrian Collisions,"['Driver', 'Pedestrian']",West,"['Automobile, Station Wagon', 'Other']",['Turning Left'],['Failed to Yield Right of Way'],['Normal'],['Crossing with right of way'],['Normal'],['Not Applicable'],['Not Applicable'],['Not Applicable'],False,"['20 to 24', '65 to 69']",3.0
1020755.0,2008-02-03 10:00:00,1520,2008,KENNEDY RD,BRIGSTOCK RD,Major Arterial,Scarborough,43.762345,-79.27989,638458.784,4846914.3906,Unknown,No Control,Clear,Daylight,Wet,126,Dorset Park,126,Dorset Park (126),Non-Fatal Injury,0,0,1,0,0,0,0,1,1,1,0,0,0,Approaching,"['Vehicle Owner', 'Driver', 'Passenger']",North,"['Other', 'Automobile, Station Wagon']",['Going Ahead'],"['Driving Properly', 'Speed too Fast For Condition']",['Normal'],['Not Applicable'],['Not Applicable'],['Not Applicable'],['Not Applicable'],['Not Applicable'],False,"['unknown', '50 to 54', '20 to 24']",3.0
1020812.0,2008-02-05 10:00:00,1651,2008,KIPLING AVE,EGLINTON AVE W,Major Arterial,Etobicoke York,43.678645,-79.55159,616750.7969,4837199.9564,Unknown,No Control,Clear,Dusk,Dry,7,Willowridge-Martingrove-Richview,7,Willowridge-Martingrove-Richview (7),Non-Fatal Injury,0,0,1,0,0,0,0,1,0,1,0,0,0,Rear End,"['Driver', 'Passenger']",South,"['Automobile, Station Wagon', 'Other']","['Slowing or Stopping', 'Going Ahead']","['Driving Properly', 'Following too Close']",['Normal'],['Not Applicable'],['Not Applicable'],['Not Applicable'],['Not Applicable'],['Not Applicable'],False,"['70 to 74', '50 to 54', '30 to 34']",3.0
1021038.0,2008-01-30 10:00:00,1049,2008,DUFFERIN ST,SYLVAN AVE,Major Arterial,Toronto and East York,43.655245,-79.43359,626311.4807,4834773.937,Unknown,Traffic Signal,Clear,Daylight,Dry,83,Dufferin Grove,83,Dufferin Grove (83),Non-Fatal Injury,1,0,1,0,0,0,0,0,0,0,0,0,0,Pedestrian Collisions,"['Driver', 'Pedestrian']",North,"['Automobile, Station Wagon', 'Other']",['Going Ahead'],['Driving Properly'],['Normal'],['Crossing without right of way'],['Inattentive'],['Not Applicable'],['Not Applicable'],['Not Applicable'],False,['25 to 29'],3.0
1021293.0,2008-02-02 10:00:00,2307,2008,BRIMLEY RD,CHARTLAND BLVD S,Major Arterial,Scarborough,43.804445,-79.27619,638659.2458,4851596.4523,Unknown,No Control,Snow,Dark,Slush,129,Agincourt North,129,Agincourt North (129),Non-Fatal Injury,0,0,1,0,0,0,0,1,1,1,0,0,0,Approaching,"['Passenger', 'Vehicle Owner', 'Driver']",North,"['Other', 'Automobile, Station Wagon']",['Going Ahead'],"['Speed too Fast For Condition', 'Driving Properly']",['Normal'],['Not Applicable'],['Not Applicable'],['Not Applicable'],['Not Applicable'],['Not Applicable'],False,"['20 to 24', 'unknown', '15 to 19']",3.0
1021846.0,2008-02-17 10:00:00,1058,2008,910 MARKHAM Rd,PAINTED POST Driv,Major Arterial,Scarborough,43.769045,-79.22899,642540.0693,4847744.8938,Unknown,No Control,Rain,Daylight,Wet,142,Woburn North,137,Woburn (137),Non-Fatal Injury,0,0,1,0,0,0,0,1,0,0,0,1,0,Approaching,"['Driver', 'Passenger', 'Vehicle Owner']",North,"['Automobile, Station Wagon', 'Other']",['Going Ahead'],"['Driving Properly', 'Lost control']","['Normal', 'Ability Impaired, Alcohol']",['Not Applicable'],['Not Applicable'],['Not Applicable'],['Not Applicable'],['Not Applicable'],False,"['65 to 69', '20 to 24', 'unknown', '25 to 29']",3.0
1021860.0,2008-02-17 10:00:00,215,2008,1601 LAKE SHORE BLVD W,Not Applicable,Major Arterial,Toronto and East York,43.636945,-79.44689,625277.0258,4832721.3268,Unknown,No Control,Clear,Dark,Dry,85,South Parkdale,85,South Parkdale (85),Non-Fatal Injury,1,0,1,0,0,0,0,0,0,0,0,0,0,Pedestrian Collisions,"['Vehicle Owner', 'Driver', 'Other', 'Pedestrian']",East,"['Other', 'Automobile, Station Wagon']","['Going Ahead', 'Parked']",['Lost control'],['Unknown'],['On Sidewalk or Shoulder'],['Inattentive'],['Not Applicable'],['Not Applicable'],['Not Applicable'],False,"['unknown', '20 to 24', '30 to 34', '25 to 29', '40 to 44']",3.0
1022016.0,2008-01-27 10:00:00,1015,2008,2450 LAWRENCE AVE E,Not Applicable,Major Arterial,Scarborough,43.751045,-79.26719,639507.3299,4845680.6651,At Intersection,Stop Sign,Clear,Daylight,Wet,126,Dorset Park,126,Dorset Park (126),Non-Fatal Injury,1,0,1,0,0,0,0,0,0,1,0,0,0,Pedestrian Collisions,"['Driver', 'Pedestrian']",East,"['Automobile, Station Wagon', 'Other']",['Slowing or Stopping'],['Failed to Yield Right of Way'],['Inattentive'],['Crossing with right of way'],['Normal'],['Not Applicable'],['Not Applicable'],['Not Applicable'],False,"['25 to 29', '65 to 69']",3.0
1022763.0,2008-02-05 10:00:00,2337,2008,3559 EGLINTON AVE W,Not Applicable,Major Arterial,Etobicoke York,43.686245,-79.49239,621507.3787,4838129.0697,Unknown,No Control,Freezing Rain,Dark,Slush,115,Mount Dennis,115,Mount Dennis (115),Non-Fatal Injury,0,0,1,0,0,0,0,0,0,1,0,0,0,Turning Movement,"['Vehicle Owner', 'Driver']",East,"['Other', 'Automobile, Station Wagon']","['Going Ahead', 'Turning Left']","['Driving Properly', 'Failed to Yield Right of Way']",['Normal'],['Not Applicable'],['Not Applicable'],['Not Applicable'],['Not Applicable'],['Not Applicable'],False,"['unknown', '40 to 44', '25 to 29']",3.0
1023187.0,2008-02-24 10:00:00,2132,2008,BATHURST ST,CARPENTER RD,Major Arterial,North York,43.788245,-79.44669,624978.2688,4849525.6226,Unknown,No Control,Clear,Dark,Dry,35,Westminster-Branson,35,Westminster-Branson (35),Fatal,0,0,1,0,0,0,0,1,0,0,0,1,0,Approaching,"['Passenger', 'Driver']",North,"['Other', 'Automobile, Station Wagon']",['Going Ahead'],"['Driving Properly', 'Lost control']","['Normal', 'Ability Impaired, Alcohol Over .08']",['Not Applicable'],['Not Applicable'],['Not Applicable'],['Not Applicable'],['Not Applicable'],True,"['60 to 64', '65 to 69', '15 to 19']",4.0
1023204.0,2008-02-03 10:00:00,343,2008,STEELES AVE E,MARKHAM RD,Major Arterial,Scarborough,43.836545,-79.25119,640594.8393,4855203.8827,At Intersection,Traffic Signal,Clear,Dark,Dry,130,Milliken,130,Milliken (130),Non-Fatal Injury,0,0,1,0,0,0,0,1,0,1,1,1,0,Angle,"['Passenger', 'Driver']",South,"['Other', 'Automobile, Station Wagon']",['Going Ahead'],"['Driving Properly', 'Disobeyed Traffic Control']","['Normal', 'Ability Impaired, Alcohol Over .08']",['Not Applicable'],['Not Applicable'],['Not Applicable'],['Not Applicable'],['Not Applicable'],False,"['30 to 34', '35 to 39', '15 to 19']",3.0
1023759.0,2007-12-20 10:00:00,1820,2007,DUFFERIN ST,BRIAR HILL AVE,Major Arterial,North York,43.702345,-79.45209,624722.0477,4839977.0304,At Intersection,Traffic Signal,Clear,Dark,Dry,108,Briar Hill-Belgravia,108,Briar Hill-Belgravia (108),Non-Fatal Injury,1,0,1,0,0,0,0,0,0,0,0,0,0,Pedestrian Collisions,"['Driver', 'Pedestrian']",East,"['Automobile, Station Wagon', 'Other']",['Turning Left'],['Driving Properly'],['Normal'],['Crossing without right of way'],['Inattentive'],['Not Applicable'],['Not Applicable'],['Not Applicable'],False,"['40 to 44', '50 to 54']",3.0
1024000.0,2008-02-26 10:00:00,1651,2008,JANE ST,BLACK CR N JANE RAMP ST,Major Arterial,Etobicoke York,43.715145,-79.50709,620264.8124,4841317.3784,Unknown,No Control,Snow,Dark,Wet,28,Rustic,28,Rustic (28),Non-Fatal Injury,1,0,1,0,0,0,0,0,0,1,0,0,0,Pedestrian Collisions,"['Vehicle Owner', 'Driver', 'Pedestrian']",South,"['Other', 'Automobile, Station Wagon']",['Going Ahead'],['Failed to Yield Right of Way'],['Inattentive'],['Person Getting on/off Vehicle'],['Normal'],['Not Applicable'],['Not Applicable'],['Not Applicable'],False,"['unknown', '35 to 39', '0 to 4']",3.0
1024139.0,2008-02-11 10:00:00,1239,2008,OAKWOOD AVE,ST CLAIR AVE W,Minor Arterial,Toronto and East York,43.679945,-79.43579,626082.352,4837513.8536,Unknown,No Control,Clear,Daylight,Wet,94,Wychwood,94,Wychwood (94),Non-Fatal Injury,1,0,1,0,0,0,0,0,0,0,0,0,0,Pedestrian Collisions,"['Driver', 'Pedestrian']",North,"['Automobile, Station Wagon', 'Other']",['Going Ahead'],['Driving Properly'],['Normal'],['Running onto Roadway'],['Inattentive'],['Not Applicable'],['Not Applicable'],['Not Applicable'],False,"['75 to 79', '40 to 44']",3.0
1024196.0,2008-02-28 10:00:00,600,2008,STEVENSON RD,PAMELA CRT,Local,Etobicoke York,43.743345,-79.59299,613291.7138,4844328.3379,Unknown,No Control,Clear,Dark,Dry,2,Mount Olive-Silverstone-Jamestown,2,Mount Olive-Silverstone-Jamestown (2),Non-Fatal Injury,1,0,1,0,0,0,0,0,0,1,0,0,0,Pedestrian Collisions,"['Driver', 'Pedestrian']",East,"['Automobile, Station Wagon', 'Other']",['Going Ahead'],['Failed to Yield Right of Way'],['Unknown'],['Walking on Roadway with Traffic'],['Normal'],['Not Applicable'],['Not Applicable'],['Not Applicable'],False,"['unknown', '45 to 49']",3.0
1024249.0,2008-02-11 10:00:00,1509,2008,EGLINTON AVE E,PHARMACY AVE,Major Arterial,Scarborough,43.725645,-79.29749,637125.8419,4842809.0285,At Intersection,Traffic Signal,Clear,Daylight,Wet,120,Clairlea-Birchmount,120,Clairlea-Birchmount (120),Non-Fatal Injury,0,0,1,0,0,0,0,0,0,1,1,0,0,Turning Movement,['Driver'],East,"['Automobile, Station Wagon']","['Turning Left', 'Stopped', 'Going Ahead']","['Driving Properly', 'Disobeyed Traffic Control']",['Normal'],['Not Applicable'],['Not Applicable'],['Not Applicable'],['Not Applicable'],['Not Applicable'],False,"['45 to 49', '50 to 54', '35 to 39']",3.0
1024408.0,2008-02-15 10:00:00,1900,2008,WARDEN AVE,BOWATER DR,Major Arterial,Scarborough,43.780945,-79.30899,636074.1884,4848931.9655,Unknown,No Control,Clear,Dark,Dry,118,Tam O'Shanter-Sullivan,118,Tam O'Shanter-Sullivan (118),Non-Fatal Injury,1,0,1,0,0,0,0,0,0,0,0,0,0,Pedestrian Collisions,"['Driver', 'Pedestrian']",South,"['Automobile, Station Wagon', 'Other']",['Going Ahead'],['Driving Properly'],['Unknown'],"['Crossing, no Traffic Control']",['Unknown'],['Not Applicable'],['Not Applicable'],['Not Applicable'],False,"['unknown', '60 to 64']",3.0
1024623.0,2008-02-29 10:00:00,1530,2008,WESTON RD,STARVIEW LANE,Major Arterial,Etobicoke York,43.726445,-79.53559,617946.7369,4842531.4456,Unknown,No Control,Snow,Daylight,Slush,23,Pelmo Park-Humberlea,23,Pelmo Park-Humberlea (23),Fatal,0,0,1,0,1,0,0,1,1,1,0,0,0,Approaching,"['Truck Driver', 'Passenger', 'Driver']",North,"['Truck - Open', 'Other', 'Automobile, Station Wagon']",['Going Ahead'],"['Driving Properly', 'Speed too Fast For Condition']",['Normal'],['Not Applicable'],['Not Applicable'],['Not Applicable'],['Not Applicable'],['Not Applicable'],True,"['50 to 54', '30 to 34', '55 to 59']",4.0
1025421.0,2008-01-26 10:00:00,1415,2008,79 BLOOR ST W,Not Applicable,Major Arterial,Toronto and East York,43.669543,-79.389987,629796.7404,4836429.2185,Unknown,No Control,Clear,Daylight,Dry,169,Bay-Cloverhill,76,Bay Street Corridor (76),Non-Fatal Injury,1,1,0,0,0,0,0,0,0,0,0,0,0,Pedestrian Collisions,"['Cyclist', 'Pedestrian']",East,['Bicycle'],['Going Ahead'],[],[],['On Sidewalk or Shoulder'],['Normal'],['Cyclist strikes pedestrian.'],['Failed to Yield Right of Way'],['Inattentive'],False,"['unknown', '75 to 79']",3.0
1025433.0,2008-01-26 10:00:00,1047,2008,AVENUE RD,OXTON AVE,Major Arterial,Toronto and East York,43.697445,-79.40559,628479.2623,4839503.8213,At Intersection,Stop Sign,Clear,Daylight,Wet,97,Yonge-St.Clair,97,Yonge-St.Clair (97),Non-Fatal Injury,0,0,1,0,0,0,0,0,0,1,0,0,0,Turning Movement,"['Vehicle Owner', 'Driver']",North,"['Other', 'Automobile, Station Wagon']","['Going Ahead', 'Turning Left']","['Failed to Yield Right of Way', 'Driving Properly']",['Normal'],['Not Applicable'],['Not Applicable'],['Not Applicable'],['Not Applicable'],['Not Applicable'],False,"['unknown', '40 to 44', '45 to 49']",3.0
1025489.0,2008-01-29 10:00:00,2129,2008,BROADVIEW AVE,ALLEN AVE,Minor Arterial,Toronto and East York,43.663645,-79.35189,632881.1079,4835834.4809,Unknown,Pedestrian Crossover,Rain,Dark,Wet,70,South Riverdale,70,South Riverdale (70),Non-Fatal Injury,1,0,1,0,0,0,0,0,0,1,0,0,0,Pedestrian Collisions,"['Driver', 'Pedestrian']",East,"['Automobile, Station Wagon', 'Other']",['Going Ahead'],['Failed to Yield Right of Way'],['Normal'],"['Crossing, Pedestrian Crossover']",['Normal'],['Not Applicable'],['Not Applicable'],['Not Applicable'],False,"['55 to 59', '30 to 34']",3.0
1025521.0,2008-02-18 10:00:00,103,2008,LAKE SHORE BLVD W,THIRTY FIFTH ST,Major Arterial,Etobicoke York,43.594245,-79.53449,618294.6626,4827850.495,Unknown,No Control,Rain,Dark,Wet,19,Long Branch,19,Long Branch (19),Non-Fatal Injury,0,0,1,0,0,0,0,0,1,1,0,1,0,SMV Other,['Driver'],East,"['Automobile, Station Wagon']",['Other'],['Lost control'],"['Ability Impaired, Alcohol Over .08']",['Not Applicable'],['Not Applicable'],['Not Applicable'],['Not Applicable'],['Not Applicable'],False,['60 to 64'],3.0
1025610.0,2008-03-04 10:00:00,1331,2008,EGLINTON AVE W,SCARLETT RD,Major Arterial,Etobicoke York,43.684545,-79.50809,620245.407,4837917.379,At Intersection,No Control,Clear,Daylight,Dry,115,Mount Dennis,115,Mount Dennis (115),Non-Fatal Injury,0,0,1,0,0,0,0,0,0,0,0,0,1,SMV Other,['Driver'],East,"['Automobile, Station Wagon']",['Going Ahead'],['Lost control'],['Medical or Physical Disability'],['Not Applicable'],['Not Applicable'],['Not Applicable'],['Not Applicable'],['Not Applicable'],False,['70 to 74'],3.0
1025897.0,2008-02-20 10:00:00,905,2008,ONTARIO ST,RICHMOND ST E,Local,Toronto and East York,43.654245,-79.36689,631692.2482,4834766.5697,At Intersection,No Control,Clear,Daylight,Ice,73,Moss Park,73,Moss Park (73),Non-Fatal Injury,1,0,1,0,0,0,0,0,0,1,0,0,0,Pedestrian Collisions,"['Driver', 'Pedestrian']",East,"['Automobile, Station Wagon', 'Other']",['Reversing'],['Failed to Yield Right of Way'],['Normal'],"['Crossing, no Traffic Control']",['Normal'],['Not Applicable'],['Not Applicable'],['Not Applicable'],False,"['50 to 54', '25 to 29']",3.0
1026032.0,2008-02-24 10:00:00,1245,2008,DIXON RD,MARTIN GROVE RD,Major Arterial,Etobicoke York,43.691545,-79.57079,615178.4575,4838605.8266,At Intersection,Traffic Signal,Clear,Daylight,Dry,1,West Humber-Clairville,1,West Humber-Clairville (1),Non-Fatal Injury,0,0,1,0,0,0,0,1,0,1,1,0,0,Angle,"['Driver', 'Passenger']",East,"['Automobile, Station Wagon', 'Other']",['Going Ahead'],"['Disobeyed Traffic Control', 'Driving Properly']",['Normal'],['Not Applicable'],['Not Applicable'],['Not Applicable'],['Not Applicable'],['Not Applicable'],False,"['40 to 44', '60 to 64', '65 to 69']",3.0
1026057.0,2008-02-23 10:00:00,940,2008,DON MILLS RD,SENECA HILL DR,Major Arterial,North York,43.790245,-79.35419,632416.4086,4849891.5729,At Intersection,Traffic Signal,Clear,Daylight,Dry,47,Don Valley Village,47,Don Valley Village (47),Non-Fatal Injury,0,0,1,0,0,0,0,1,0,1,1,0,0,Angle,"['Passenger', 'Driver']",East,"['Other', 'Automobile, Station Wagon']",['Going Ahead'],"['Driving Properly', 'Disobeyed Traffic Control']",['Normal'],['Not Applicable'],['Not Applicable'],['Not Applicable'],['Not Applicable'],['Not Applicable'],False,"['15 to 19', '50 to 54', '45 to 49', '35 to 39']",3.0
1026199.0,2008-02-26 10:00:00,2040,2008,HUMBER COLLEGE BLVD,HIGHWAY 27  S,Major Arterial,Etobicoke York,43.730445,-79.60159,612623.4219,4842883.8861,Unknown,Traffic Signal,Snow,Dark,Wet,1,West Humber-Clairville,1,West Humber-Clairville (1),Non-Fatal Injury,0,0,1,0,0,0,0,1,1,1,0,0,0,Rear End,"['Passenger', 'Driver']",East,"['Other', 'Automobile, Station Wagon']","['Stopped', 'Going Ahead']","['Driving Properly', 'Speed too Fast For Condition']","['Normal', 'Inattentive']",['Not Applicable'],['Not Applicable'],['Not Applicable'],['Not Applicable'],['Not Applicable'],False,"['20 to 24', '30 to 34']",3.0
1026352.0,2008-02-04 10:00:00,2250,2008,KIPLING AVE,NEW TORONTO ST,Major Arterial,Etobicoke York,43.604445,-79.51949,619485.2689,4829004.7948,Unknown,No Control,Clear,Dark,Loose Snow,18,New Toronto,18,New Toronto (18),Non-Fatal Injury,0,0,1,0,0,0,0,1,0,1,0,0,0,Angle,"['Passenger', 'Driver']",North,"['Other', 'Automobile, Station Wagon']",['Going Ahead'],"['Lost control', 'Following too Close']","['Inattentive', 'Normal']",['Not Applicable'],['Not Applicable'],['Not Applicable'],['Not Applicable'],['Not Applicable'],False,"['35 to 39', '40 to 44', '15 to 19', '20 to 24']",3.0
1026360.0,2008-02-27 10:00:00,845,2008,YORK MILLS RD,NESS DR,Collector,North York,43.761745,-79.32289,634998.8481,4846776.7554,Unknown,Pedestrian Crossover,Clear,Daylight,Wet,150,Fenside-Parkwoods,45,Parkwoods-Donalda (45),Non-Fatal Injury,1,0,1,0,0,0,0,0,0,1,0,0,0,Pedestrian Collisions,"['Driver', 'Pedestrian']",East,"['Automobile, Station Wagon', 'Other']",['Going Ahead'],['Failed to Yield Right of Way'],['Inattentive'],"['Crossing, Pedestrian Crossover']",['Normal'],['Not Applicable'],['Not Applicable'],['Not Applicable'],False,"['35 to 39', '5 to 9']",3.0
1026562.0,2008-03-07 10:00:00,1700,2008,CONSUMERS RD,YORKLAND BLVD,Minor Arterial,North York,43.770945,-79.32479,634825.2349,4847795.461,Unknown,No Control,Snow,Daylight,Loose Snow,53,Henry Farm,53,Henry Farm (53),Non-Fatal Injury,0,0,1,0,0,0,0,0,1,1,0,0,0,Approaching,['Driver'],East,"['Automobile, Station Wagon']",['Going Ahead'],"['Speed too Fast For Condition', 'Driving Properly']",['Normal'],['Not Applicable'],['Not Applicable'],['Not Applicable'],['Not Applicable'],['Not Applicable'],False,"['25 to 29', '50 to 54']",3.0
1026843.0,2008-03-09 09:00:00,920,2008,SCARLETT RD,RICHVIEW RD,Major Arterial,Etobicoke York,43.685545,-79.51249,619888.7796,4838022.0724,Unknown,Stop Sign,Clear,Daylight,Packed Snow,8,Humber Heights-Westmount,8,Humber Heights-Westmount (8),Fatal,0,0,1,0,0,0,0,1,0,1,0,0,0,Turning Movement,"['Passenger', 'Driver']",East,"['Other', 'Automobile, Station Wagon']","['Turning Left', 'Going Ahead']","['Failed to Yield Right of Way', 'Driving Properly']","['Unknown', 'Normal']",['Not Applicable'],['Not Applicable'],['Not Applicable'],['Not Applicable'],['Not Applicable'],True,"['60 to 64', '85 to 89', '70 to 74']",4.0
1026920.0,2008-03-10 08:00:00,300,2008,F G GARDINER XY Expr E,DOWLING AVE,Major Arterial,Toronto and East York,43.633945,-79.43739,626049.5948,4832402.5205,Unknown,No Control,Clear,Dark,Wet,85,South Parkdale,85,South Parkdale (85),Non-Fatal Injury,0,0,1,0,0,0,0,0,0,0,0,0,0,SMV Other,"['Vehicle Owner', 'Driver']",East,"['Other', 'Automobile, Station Wagon']",['Going Ahead'],['Lost control'],['Inattentive'],['Not Applicable'],['Not Applicable'],['Not Applicable'],['Not Applicable'],['Not Applicable'],False,"['unknown', '25 to 29']",3.0