accident_number,date,time,year,street1,street2,road_class,district,latitude,longitude,x,y,accident_location,traffctl,visibility,light,road_surface_condition,hood_158,neighbourhood_new,hood_140,neighbourhood_old,accident_class,pedestrian,cyclist,automobile,motorcycle,truck,trsn_city_veh,emerg_veh,passenger,speeding,aggressive_driving,redlight,alcohol,disability,impact_type,involvement_type,initial_direction,vehicle_type,manoeuver,driver_action,driver_condition,pedestrian_action,pedestrian_condition,cyclist_type,cyclist_action,cyclist_condition,injury,involvement_age,injury_severity_score
1035405.0,2008-04-28 08:00:00,1722,2008,REXDALE Boul,QUEENS PLATE Driv,Major Arterial,Etobicoke York,43.719145,-79.60349,612491.5486,4841626.2832,At Intersection,No Control,Clear,Daylight,Dry,1,West Humber-Clairville,1,West Humber-Clairville (1),Fatal,1,0,1,0,0,0,0,0,0,0,0,0,1,Pedestrian Collisions,"['Vehicle Owner', 'Driver', 'Pedestrian']",East,"['Other', 'Automobile, Station Wagon']","['Going Ahead', 'Other']",['Lost control'],['Medical or Physical Disability'],['On Sidewalk or Shoulder'],['Normal'],['Not Applicable'],['Not Applicable'],['Not Applicable'],True,"['unknown', '60 to 64', '85 to 89']",4.0
1035924.0,2008-05-01 08:00:00,738,2008,ST CLAIR AVE E,JEANETTE ST,Minor Arterial,Scarborough,43.719645,-79.24709,641199.3704,4842227.2754,At Intersection,Stop Sign,Clear,Daylight,Dry,123,Cliffcrest,123,Cliffcrest (123),Fatal,1,0,0,0,1,0,0,0,0,0,0,0,0,Pedestrian Collisions,"['Vehicle Owner', 'Truck Driver', 'Pedestrian']",North,"['Other', 'Truck - Open']",['Turning Left'],['Improper Turn'],['Normal'],"['Crossing, no Traffic Control']",['Normal'],['Not Applicable'],['Not Applicable'],['Not Applicable'],True,"['unknown', '35 to 39', '50 to 54']",4.0
1036238.0,2008-05-03 08:00:00,245,2008,HUNTINGDALE BLVD,HEATHERSIDE DR,Collector,Scarborough,43.796545,-79.32309,634904.4599,4850641.5113,Unknown,No Control,"Fog, Mist, Smoke, Dust",Dark,Wet,147,L'Amoreaux West,117,L'Amoreaux (117),Fatal,0,0,1,0,0,0,0,0,0,0,0,1,0,SMV Other,"['Other', 'Driver']",North,"['Other', 'Automobile, Station Wagon']","['Parked', 'Going Ahead']",['Lost control'],"['Ability Impaired, Alcohol']",['Not Applicable'],['Not Applicable'],['Not Applicable'],['Not Applicable'],['Not Applicable'],True,"['unknown', '20 to 24']",4.0
1036361.0,2008-04-18 08:00:00,1405,2008,YONGE ST,CARLTON ST,Major Arterial,Toronto and East York,43.661345,-79.38309,630370.517,4835529.5355,At Intersection,Traffic Signal,Clear,Daylight,Dry,168,Downtown Yonge East,75,Church-Yonge Corridor (75),Non-Fatal Injury,1,0,1,0,0,0,0,0,0,1,0,0,0,Pedestrian Collisions,"['Vehicle Owner', 'Driver', 'Pedestrian']",North,"['Other', 'Automobile, Station Wagon']",['Slowing or Stopping'],['Failed to Yield Right of Way'],['Normal'],['Crossing with right of way'],['Normal'],['Not Applicable'],['Not Applicable'],['Not Applicable'],False,"['unknown', '45 to 49', '20 to 24']",3.0
1036453.0,2008-04-10 08:00:00,1646,2008,437 DANFORTH Ave,Not Applicable,Major Arterial,Toronto and East York,43.677745,-79.35039,632970.9072,4837402.8808,Unknown,No Control,Clear,Daylight,Dry,68,North Riverdale,68,North Riverdale (68),Non-Fatal Injury,1,0,1,0,0,0,0,0,0,0,0,0,0,Pedestrian Collisions,"['Driver', 'Pedestrian']",East,"['Automobile, Station Wagon', 'Other']",['Going Ahead'],['Driving Properly'],['Unknown'],['Running onto Roadway'],['Had Been Drinking'],['Not Applicable'],['Not Applicable'],['Not Applicable'],False,"['60 to 64', '45 to 49']",3.0
1036484.0,2008-04-19 08:00:00,1240,2008,CARLAW AVE,VICTOR AVE,Minor Arterial,Toronto and East York,43.669145,-79.34339,633554.2415,4836458.9798,At Intersection,No Control,Clear,Daylight,Dry,68,North Riverdale,68,North Riverdale (68),Non-Fatal Injury,1,0,1,0,0,0,0,0,0,0,0,0,0,Pedestrian Collisions,"['Driver', 'Pedestrian']",East,"['Automobile, Station Wagon', 'Other']",['Slowing or Stopping'],['Driving Properly'],['Normal'],"['Crossing, no Traffic Control']",['Inattentive'],['Not Applicable'],['Not Applicable'],['Not Applicable'],False,"['45 to 49', '15 to 19']",3.0
1036520.0,2008-05-05 08:00:00,1105,2008,GRANDRAVINE DR,SENTINEL RD,Collector,Etobicoke York,43.751645,-79.49559,621117.6287,4845387.9763,At Intersection,Stop Sign,Clear,Daylight,Dry,27,York University Heights,27,York University Heights (27),Non-Fatal Injury,1,0,1,0,0,0,0,0,0,1,0,0,0,Pedestrian Collisions,"['Driver', 'Vehicle Owner', 'Pedestrian']",East,"['Automobile, Station Wagon', 'Other']","['Stopped', 'Going Ahead']","['Driving Properly', 'Disobeyed Traffic Control']",['Normal'],['On Sidewalk or Shoulder'],['Normal'],['Not Applicable'],['Not Applicable'],['Not Applicable'],False,"['70 to 74', '55 to 59', 'unknown', '75 to 79']",3.0
1036978.0,2008-04-21 08:00:00,805,2008,BLOOR ST W,OLD MILL TER,Major Arterial,Etobicoke York,43.649645,-79.49539,621339.3114,4834059.7676,Unknown,Traffic Signal,Clear,Daylight,Dry,15,Kingsway South,15,Kingsway South (15),Non-Fatal Injury,0,1,1,0,0,0,0,0,0,0,0,0,0,Cyclist Collisions,"['Driver', 'Cyclist']",East,"['Automobile, Station Wagon', 'Bicycle']","['Turning Right', 'Going Ahead']",['Driving Properly'],['Normal'],['Not Applicable'],['Not Applicable'],['Motorist turning right on green or amber at signalized intersection strikes cyclist.'],['Other'],['Normal'],False,"['35 to 39', '20 to 24']",3.0
1036979.0,2008-05-02 08:00:00,708,2008,MARKHAM Road,STEELES,Major Arterial,Scarborough,43.836645,-79.25119,640594.6045,4855214.9894,Unknown,No Control,Clear,Daylight,Dry,NSA,NSA,NSA,NSA,Non-Fatal Injury,0,0,1,0,0,0,0,0,0,0,0,0,0,Sideswipe,"['Vehicle Owner', 'Driver']",North,"['Other', 'Automobile, Station Wagon']","['Stopped', 'Changing Lanes']","['Driving Properly', 'Improper Lane Change']","['Normal', 'Inattentive']",['Not Applicable'],['Not Applicable'],['Not Applicable'],['Not Applicable'],['Not Applicable'],False,"['unknown', '35 to 39']",3.0
1036983.0,2008-04-21 08:00:00,845,2008,ISLINGTON AVE,RATHBURN RD,Major Arterial,Etobicoke York,43.662445,-79.53119,618427.0319,4835429.6507,Unknown,Traffic Signal,Clear,Daylight,Dry,9,Edenbridge-Humber Valley,9,Edenbridge-Humber Valley (9),Non-Fatal Injury,0,0,1,0,0,0,0,0,0,0,0,0,0,Turning Movement,['Driver'],South,"['Automobile, Station Wagon']","['Going Ahead', 'Turning Left']","['Driving Properly', 'Improper Turn']",['Normal'],['Not Applicable'],['Not Applicable'],['Not Applicable'],['Not Applicable'],['Not Applicable'],False,"['40 to 44', '75 to 79', '35 to 39']",3.0
1037389.0,2008-05-10 08:00:00,1216,2008,DUFFERIN ST,ROGERS RD,Major Arterial,Toronto and East York,43.685545,-79.44609,625240.4651,4838120.2033,At Intersection,Traffic Signal,Clear,Daylight,Dry,107,Oakwood Village,107,Oakwood Village (107),Non-Fatal Injury,1,0,1,0,0,0,0,0,0,0,0,0,0,Pedestrian Collisions,"['Driver', 'Pedestrian']",North,"['Automobile, Station Wagon', 'Other']",['Going Ahead'],['Driving Properly'],['Normal'],['Crossing without right of way'],['Normal'],['Not Applicable'],['Not Applicable'],['Not Applicable'],False,"['60 to 64', '30 to 34']",3.0
1037550.0,2008-04-15 08:00:00,2100,2008,SHEPPARD Aven E,WASHBURN Way,Major Arterial,Scarborough,43.796645,-79.22509,642788.2384,4850817.0336,Unknown,No Control,Clear,Dark,Dry,145,Malvern West,132,Malvern (132),Non-Fatal Injury,1,0,1,0,0,0,0,0,0,0,0,0,0,Pedestrian Collisions,"['Driver', 'Pedestrian']",South,"['Automobile, Station Wagon', 'Other']",['Going Ahead'],['Driving Properly'],['Normal'],"['Crossing, no Traffic Control']",['Unknown'],['Not Applicable'],['Not Applicable'],['Not Applicable'],False,"['35 to 39', '15 to 19']",3.0
1037585.0,2008-04-19 08:00:00,1307,2008,KINGSTON Road,OLD KINGSTON Road,Minor Arterial,Scarborough,43.784045,-79.16919,647316.3022,4849515.5682,At Intersection,No Control,Clear,Daylight,Dry,133,Centennial Scarborough,133,Centennial Scarborough (133),Non-Fatal Injury,0,0,1,1,0,0,0,0,0,1,0,0,0,Turning Movement,"['Motorcycle Driver', 'Driver']",East,"['Motorcycle', 'Automobile, Station Wagon']","['Going Ahead', 'Turning Left']","['Driving Properly', 'Failed to Yield Right of Way']","['Normal', 'Inattentive']",['Not Applicable'],['Not Applicable'],['Not Applicable'],['Not Applicable'],['Not Applicable'],False,"['50 to 54', '40 to 44']",3.0
1037827.0,2008-04-24 08:00:00,1217,2008,PAPE AVE,WOODVILLE AVE,Major Arterial,Toronto and East York,43.692345,-79.34989,632978.9471,4839025.2143,Unknown,Stop Sign,Clear,Daylight,Dry,58,Old East York,58,Old East York (58),Non-Fatal Injury,0,0,1,1,0,0,0,0,0,0,0,0,0,Angle,"['Motorcycle Driver', 'Driver']",East,"['Motorcycle', 'Automobile, Station Wagon']",['Going Ahead'],['Driving Properly'],['Normal'],['Not Applicable'],['Not Applicable'],['Not Applicable'],['Not Applicable'],['Not Applicable'],False,"['25 to 29', '70 to 74']",3.0
1037840.0,2008-04-28 08:00:00,1700,2008,HAVELOCK Stre,DEWSON Stre,Collector,Toronto and East York,43.655545,-79.43049,626560.8294,4834811.9795,At Intersection,Stop Sign,Clear,Daylight,Dry,83,Dufferin Grove,83,Dufferin Grove (83),Non-Fatal Injury,0,1,1,0,0,0,0,0,0,0,0,0,0,Cyclist Collisions,"['Vehicle Owner', 'Driver', 'Cyclist']",South,"['Other', 'Automobile, Station Wagon', 'Bicycle']","['Turning Left', 'Going Ahead']",['Improper Turn'],['Inattentive'],['Not Applicable'],['Not Applicable'],"['Motorist without ROW drives into path of cyclist at inter, lnwy, dwy-Driver not turn.']",['Driving Properly'],['Normal'],False,"['unknown', '30 to 34', '60 to 64']",3.0
1037905.0,2008-04-26 08:00:00,712,2008,KIPLING Aven,EGLINTON Aven W,Major Arterial,Etobicoke York,43.677145,-79.55089,616810.1321,4837034.3471,At Intersection,Traffic Signal,Clear,Daylight,Dry,10,Princess-Rosethorn,10,Princess-Rosethorn (10),Non-Fatal Injury,0,0,1,0,0,0,0,1,0,1,1,0,0,Angle,"['Driver', 'Passenger']",East,"['Automobile, Station Wagon', 'Other']","['Stopped', 'Going Ahead']","['Driving Properly', 'Disobeyed Traffic Control']",['Normal'],['Not Applicable'],['Not Applicable'],['Not Applicable'],['Not Applicable'],['Not Applicable'],False,"['65 to 69', '45 to 49', '40 to 44', '30 to 34']",3.0
1038269.0,2008-05-14 08:00:00,800,2008,PECKHAM AVE,GREENWIN VILLAGE RD,Collector,North York,43.792745,-79.43679,625765.384,4850040.4122,Unknown,Stop Sign,Clear,Daylight,Dry,36,Newtonbrook West,36,Newtonbrook West (36),Non-Fatal Injury,1,0,1,0,0,0,0,0,0,1,0,0,0,Pedestrian Collisions,"['Driver', 'Pedestrian']",North,"['Automobile, Station Wagon', 'Other']",['Turning Left'],['Failed to Yield Right of Way'],['Inattentive'],['Crossing with right of way'],['Normal'],['Not Applicable'],['Not Applicable'],['Not Applicable'],False,"['65 to 69', '45 to 49']",3.0
1038340.0,2008-05-13 08:00:00,2030,2008,EGLINTON AVE E,CREDIT UNION DR,Major Arterial,North York,43.725945,-79.31939,635361.2475,4842806.3417,Unknown,No Control,Clear,Dark,Dry,43,Victoria Village,43,Victoria Village (43),Fatal,0,0,1,0,0,0,0,1,1,1,0,0,0,Approaching,"['Vehicle Owner', 'Driver', 'Passenger']",East,"['Other', 'Automobile, Station Wagon']",['Going Ahead'],"['Driving Properly', 'Exceeding Speed Limit']","['Normal', 'Unknown', 'Had Been Drinking']",['Not Applicable'],['Not Applicable'],['Not Applicable'],['Not Applicable'],['Not Applicable'],True,"['unknown', '25 to 29', '55 to 59', '30 to 34', '20 to 24', '15 to 19']",4.0
1038453.0,2008-04-28 08:00:00,1616,2008,BATHURST Stre,DREWRY Aven,Major Arterial,North York,43.781045,-79.44479,625146.1658,4848728.8223,Unknown,No Control,Clear,Daylight,Dry,36,Newtonbrook West,36,Newtonbrook West (36),Non-Fatal Injury,0,0,1,0,0,0,0,0,0,1,0,0,0,Turning Movement,"['Driver', 'Vehicle Owner']",North,"['Automobile, Station Wagon', 'Other']","['Turning Left', 'Going Ahead']","['Failed to Yield Right of Way', 'Driving Properly']",['Normal'],['Not Applicable'],['Not Applicable'],['Not Applicable'],['Not Applicable'],['Not Applicable'],False,"['20 to 24', 'unknown']",3.0
1038469.0,2008-05-02 08:00:00,1550,2008,MCCOWAN RD,CORPORATE DR,Major Arterial,Scarborough,43.784645,-79.25619,640314.352,4849431.0535,Unknown,No Control,Rain,Daylight,Wet,128,Agincourt South-Malvern West,128,Agincourt South-Malvern West (128),Non-Fatal Injury,1,0,1,0,0,0,0,0,0,0,0,0,0,Pedestrian Collisions,"['Driver', 'Pedestrian']",South,"['Automobile, Station Wagon', 'Other']","['Going Ahead', 'Unknown']",['Driving Properly'],['Normal'],"['Crossing, no Traffic Control']",['Medical or Physical Disability'],['Not Applicable'],['Not Applicable'],['Not Applicable'],False,"['60 to 64', '55 to 59']",3.0
1038512.0,2008-05-15 08:00:00,950,2008,RATHBURN Road,THE EAST MALL,Minor Arterial,Etobicoke York,43.654945,-79.56429,615772.6413,4834549.9666,At Intersection,Traffic Signal,Clear,Daylight,Dry,11,Eringate-Centennial-West Deane,11,Eringate-Centennial-West Deane (11),Non-Fatal Injury,0,0,1,0,0,0,0,0,0,1,1,0,1,Turning Movement,['Driver'],East,"['Automobile, Station Wagon']","['Turning Left', 'Going Ahead']","['Driving Properly', 'Disobeyed Traffic Control']","['Normal', 'Medical or Physical Disability']",['Not Applicable'],['Not Applicable'],['Not Applicable'],['Not Applicable'],['Not Applicable'],False,"['35 to 39', '80 to 84']",3.0
1038516.0,2008-05-15 08:00:00,1428,2008,FINCH AVE W,SENLAC RD,Major Arterial,North York,43.776445,-79.43029,626322.6626,4848239.9431,At Intersection,Traffic Signal,Clear,"Daylight, artificial",Dry,37,Willowdale West,37,Willowdale West (37),Non-Fatal Injury,0,0,1,0,0,0,0,1,0,1,0,0,0,Turning Movement,"['Passenger', 'Driver', 'Vehicle Owner', 'Other Property Owner']",East,"['Other', 'Automobile, Station Wagon']","['Turning Left', 'Going Ahead']","['Failed to Yield Right of Way', 'Driving Properly']",['Normal'],['Not Applicable'],['Not Applicable'],['Not Applicable'],['Not Applicable'],['Not Applicable'],False,"['80 to 84', '90 to 94', '20 to 24', 'unknown', '25 to 29']",3.0
1038517.0,2008-05-15 08:00:00,1403,2008,AVENUE RD,YORKVILLE AVE,Major Arterial,Toronto and East York,43.670345,-79.39479,629407.8025,4836510.7875,At Intersection,Traffic Signal,Clear,Daylight,Dry,95,Annex,95,Annex (95),Non-Fatal Injury,1,0,1,0,0,0,0,0,0,1,0,0,0,Pedestrian Collisions,"['Pedestrian', 'Vehicle Owner', 'Driver']",West,"['Other', 'Automobile, Station Wagon']",['Turning Left'],['Failed to Yield Right of Way'],['Inattentive'],['Crossing with right of way'],['Normal'],['Not Applicable'],['Not Applicable'],['Not Applicable'],False,"['70 to 74', 'unknown', '35 to 39']",3.0
1039230.0,2008-05-07 08:00:00,1734,2008,COLLEGE ST,RUSHOLME RD,Major Arterial,Toronto and East York,43.653245,-79.42819,626751.1353,4834560.0451,At Intersection,No Control,Rain,Daylight,Wet,83,Dufferin Grove,83,Dufferin Grove (83),Non-Fatal Injury,0,1,1,0,0,0,0,0,0,0,0,0,0,Cyclist Collisions,"['Driver', 'Cyclist']",West,"['Automobile, Station Wagon', 'Bicycle']","['Going Ahead', 'Unknown']",['Other'],['Inattentive'],['Not Applicable'],['Not Applicable'],['Cyclist struck opened vehicle door'],['Driving Properly'],['Unknown'],False,"['unknown', '20 to 24']",3.0
1039417.0,2008-04-24 08:00:00,2020,2008,ST CLAIR AVE W,SILVERTHORN AVE,Major Arterial,Toronto and East York,43.674145,-79.45999,624143.6653,4836833.1828,Unknown,Traffic Signal,Clear,Dark,Dry,91,Weston-Pelham Park,91,Weston-Pellam Park (91),Non-Fatal Injury,0,0,1,1,0,0,0,0,0,0,0,0,0,Sideswipe,"['Motorcycle Driver', 'Vehicle Owner', 'Driver']",West,"['Motorcycle', 'Other', 'Automobile, Station Wagon']","['Going Ahead', 'Changing Lanes']","['Driving Properly', 'Improper Lane Change']","['Normal', 'Inattentive']",['Not Applicable'],['Not Applicable'],['Not Applicable'],['Not Applicable'],['Not Applicable'],False,"['30 to 34', 'unknown', '20 to 24']",3.0
1039584.0,2008-05-22 08:00:00,1310,2008,EGLINTON AVE W,ELMSTHORPE AVE,Major Arterial,North York,43.704245,-79.41029,628086.0465,4840251.7839,Unknown,No Control,Clear,Daylight,Dry,103,Lawrence Park South,103,Lawrence Park South (103),Fatal,0,1,1,0,0,0,0,0,0,0,0,0,0,Cyclist Collisions,"['Driver', 'Vehicle Owner', 'Cyclist']",East,"['Delivery Van', 'Other', 'Automobile, Station Wagon', 'Bicycle']","['Going Ahead', 'Parked']","['Driving Properly', 'Other']","['Normal', 'Inattentive']",['Not Applicable'],['Not Applicable'],['Cyclist struck opened vehicle door'],['Driving Properly'],['Unknown'],True,"['55 to 59', 'unknown', '40 to 44']",4.0
1039861.0,2008-05-24 08:00:00,30,2008,BAYVIEW Aven,BLOOR Ramp,Unknown,Toronto and East York,43.677146,-79.367893,631561.3284,4837308.4419,Unknown,No Control,Clear,Dark,Dry,98,Rosedale-Moore Park,98,Rosedale-Moore Park (98),Fatal,0,0,0,1,0,0,0,0,1,1,0,0,0,SMV Other,['Motorcycle Driver'],North,['Motorcycle'],['Going Ahead'],['Exceeding Speed Limit'],['Unknown'],['Not Applicable'],['Not Applicable'],['Not Applicable'],['Not Applicable'],['Not Applicable'],True,['25 to 29'],4.0
1040088.0,2008-05-26 08:00:00,1440,2008,230 QUEEN ST E,Not Applicable,Major Arterial,Toronto and East York,43.654645,-79.36899,631522.0314,4834807.6643,At Intersection,No Control,Clear,Daylight,Dry,73,Moss Park,73,Moss Park (73),Non-Fatal Injury,0,0,1,0,0,1,0,0,0,0,0,0,1,Approaching,"['Driver', 'Vehicle Owner']",East,"['Automobile, Station Wagon', 'Municipal Transit Bus (TTC)']","['Going Ahead', 'Slowing or Stopping']","['Lost control', 'Driving Properly']","['Medical or Physical Disability', 'Normal']",['Not Applicable'],['Not Applicable'],['Not Applicable'],['Not Applicable'],['Not Applicable'],False,"['60 to 64', 'unknown', '50 to 54']",3.0
1040090.0,2008-05-26 08:00:00,1125,2008,1835 YONGE ST,Not Applicable,Major Arterial,Toronto and East York,43.696639,-79.396304,629229.2769,4839428.735,Unknown,No Control,Clear,Daylight,Dry,174,South Eglinton-Davisville,104,Mount Pleasant West (104),Non-Fatal Injury,0,0,1,0,0,0,0,0,0,0,0,0,1,Approaching,"['Driver', 'Vehicle Owner']",North,"['Automobile, Station Wagon', 'Other']",['Going Ahead'],"['Driving Properly', 'Lost control']","['Normal', 'Medical or Physical Disability']",['Not Applicable'],['Not Applicable'],['Not Applicable'],['Not Applicable'],['Not Applicable'],False,"['45 to 49', 'unknown']",3.0
1040168.0,2008-05-04 08:00:00,2320,2008,DUFFERIN Stre,LAWRENCE Aven W,Major Arterial,North York,43.714545,-79.45479,624479.238,4841327.9527,At Intersection,No Control,Clear,Dark,Dry,31,Yorkdale-Glen Park,31,Yorkdale-Glen Park (31),Non-Fatal Injury,0,0,1,0,0,0,0,0,0,0,0,1,0,Sideswipe,"['Vehicle Owner', 'Driver', 'Other Property Owner']",South,"['Other', 'Automobile, Station Wagon']","['Changing Lanes', 'Going Ahead']","['Other', 'Driving Properly']","['Ability Impaired, Alcohol Over .08', 'Normal']",['Not Applicable'],['Not Applicable'],['Not Applicable'],['Not Applicable'],['Not Applicable'],False,"['unknown', '55 to 59', '20 to 24']",3.0
1040428.0,2008-05-28 08:00:00,810,2008,PARLIAMENT St,LAKE SHORE Blvd E,Minor Arterial,Toronto and East York,43.648645,-79.36149,632139.9839,4834153.2003,At Intersection,No Control,Clear,Daylight,Dry,166,St Lawrence-East Bayfront-The Islands,77,Waterfront Communities-The Island (77),Non-Fatal Injury,0,1,1,0,0,0,0,0,0,0,0,0,0,Cyclist Collisions,"['Driver', 'Cyclist']",North,"['Automobile, Station Wagon', 'Bicycle']","['Going Ahead', 'Changing Lanes']",['Driving Properly'],['Normal'],['Not Applicable'],['Not Applicable'],['Cyclist and Driver travelling in same direction. One vehicle sideswipes the other.'],['Improper Lane Change'],['Inattentive'],False,"['40 to 44', '20 to 24']",3.0
1040690.0,2008-05-18 08:00:00,535,2008,FINCH AVE W,MADELINE RD,Major Arterial,North York,43.778445,-79.42159,627018.5679,4848475.3844,At Intersection,No Control,Clear,Dark,Dry,36,Newtonbrook West,36,Newtonbrook West (36),Non-Fatal Injury,0,0,1,0,0,0,0,0,0,0,0,0,0,SMV Other,"['Driver', 'Other Property Owner']",West,"['Automobile, Station Wagon', 'Other']",['Going Ahead'],['Lost control'],['Had Been Drinking'],['Not Applicable'],['Not Applicable'],['Not Applicable'],['Not Applicable'],['Not Applicable'],False,"['25 to 29', 'unknown']",3.0
1040891.0,2008-05-30 08:00:00,746,2008,BAY ST,YORKVILLE AVE,Major Arterial,Toronto and East York,43.671345,-79.39019,629776.4908,4836629.0372,Unknown,Traffic Signal,Clear,Daylight,Dry,95,Annex,95,Annex (95),Fatal,1,0,1,0,0,0,0,0,0,0,0,0,0,Pedestrian Collisions,"['Vehicle Owner', 'Driver', 'Pedestrian']",East,"['Other', 'Automobile, Station Wagon']",['Turning Left'],['Driving Properly'],['Normal'],['Crossing without right of way'],['Unknown'],['Not Applicable'],['Not Applicable'],['Not Applicable'],True,"['unknown', '40 to 44', '70 to 74']",4.0
1040898.0,2008-05-30 08:00:00,1138,2008,331 TRUDELLE St,Not Applicable,Collector,Scarborough,43.741545,-79.23449,642162.5041,4844681.1424,Unknown,No Control,Rain,Daylight,Wet,138,Eglinton East,138,Eglinton East (138),Non-Fatal Injury,1,0,1,0,0,0,0,0,1,1,0,0,1,Pedestrian Collisions,"['Driver', 'Other', 'Pedestrian']",North,"['Automobile, Station Wagon', 'Other']","['Going Ahead', 'Parked', 'Other']",['Lost control'],['Medical or Physical Disability'],['On Sidewalk or Shoulder'],['Normal'],['Not Applicable'],['Not Applicable'],['Not Applicable'],False,"['50 to 54', 'unknown', '10 to 14']",3.0
1041105.0,2008-06-01 08:00:00,1838,2008,LAWRENCE Ave W,ROXALINE St,Minor Arterial,Etobicoke York,43.696845,-79.52969,618480.2491,4839252.3694,At Intersection,Stop Sign,Clear,Daylight,Dry,8,Humber Heights-Westmount,8,Humber Heights-Westmount (8),Non-Fatal Injury,0,0,1,0,0,0,0,0,0,1,0,0,0,Angle,['Driver'],South,"['Automobile, Station Wagon']",['Going Ahead'],"['Driving Properly', 'Disobeyed Traffic Control']","['Normal', 'Inattentive']",['Not Applicable'],['Not Applicable'],['Not Applicable'],['Not Applicable'],['Not Applicable'],False,"['50 to 54', '15 to 19']",3.0
1041453.0,2008-06-03 08:00:00,1230,2008,SENLAC RD,SHEPPARD AVE W,Major Arterial,North York,43.758945,-79.42259,626979.3512,4846308.0804,At Intersection,Traffic Signal,Rain,Daylight,Wet,38,Lansing-Westgate,38,Lansing-Westgate (38),Non-Fatal Injury,1,0,1,0,0,0,0,0,0,1,0,0,0,Pedestrian Collisions,"['Pedestrian', 'Driver']",East,"['Other', 'Automobile, Station Wagon']",['Turning Left'],['Failed to Yield Right of Way'],['Inattentive'],['Crossing with right of way'],['Normal'],['Not Applicable'],['Not Applicable'],['Not Applicable'],False,"['70 to 74', '80 to 84']",3.0
1041588.0,2008-06-04 08:00:00,1838,2008,PORT UNION Road,KINGSTON Road,Minor Arterial,Scarborough,43.798545,-79.14579,649163.1304,4851167.9406,At Intersection,No Control,Clear,Daylight,Dry,133,Centennial Scarborough,133,Centennial Scarborough (133),Non-Fatal Injury,0,0,1,0,0,0,0,0,0,0,0,0,0,Angle,['Driver'],Unknown,"['Automobile, Station Wagon']","['Going Ahead', 'Changing Lanes']",[],[],['Not Applicable'],['Not Applicable'],['Not Applicable'],['Not Applicable'],['Not Applicable'],False,"['60 to 64', '65 to 69']",3.0
1041602.0,2008-05-18 08:00:00,840,2008,LAWSON Rd,MEADOWVALE Rd,Collector,Scarborough,43.784845,-79.16249,647853.4529,4849616.3671,Unknown,No Control,Clear,Daylight,Dry,133,Centennial Scarborough,133,Centennial Scarborough (133),Non-Fatal Injury,0,0,1,0,0,0,0,1,0,0,0,0,0,Approaching,"['Vehicle Owner', 'Driver', 'Passenger']",East,"['Other', 'Automobile, Station Wagon']",['Going Ahead'],"['Driving Properly', 'Lost control']",['Normal'],['Not Applicable'],['Not Applicable'],['Not Applicable'],['Not Applicable'],['Not Applicable'],False,"['unknown', '40 to 44', '65 to 69', '35 to 39']",3.0
1041737.0,2008-05-26 08:00:00,1125,2008,1835 YONGE ST,Not Applicable,Major Arterial,Toronto and East York,43.696645,-79.39629,629230.3922,4839429.4232,Unknown,No Control,Clear,Daylight,Dry,174,South Eglinton-Davisville,104,Mount Pleasant West (104),Non-Fatal Injury,0,0,1,0,0,0,0,0,0,0,0,0,0,Approaching,['Driver'],North,"['Automobile, Station Wagon']","['Going Ahead', 'Other']",[],[],['Not Applicable'],['Not Applicable'],['Not Applicable'],['Not Applicable'],['Not Applicable'],False,"['50 to 54', '45 to 49']",3.0
1041784.0,2008-05-09 08:00:00,1956,2008,ST CLAIR AVE W,BATHURST ST,Major Arterial,Toronto and East York,43.683093,-79.418262,627488.5333,4837890.2764,At Intersection,Traffic Signal,Clear,Daylight,Dry,96,Casa Loma,96,Casa Loma (96),Non-Fatal Injury,1,0,0,0,0,1,0,0,0,1,0,0,0,Pedestrian Collisions,"['Vehicle Owner', 'Driver', 'Pedestrian']",South,['Municipal Transit Bus (TTC)'],['Pulling Away from Shoulder or Curb'],['Failed to Yield Right of Way'],['Inattentive'],['Person Getting on/off Vehicle'],['Normal'],['Not Applicable'],['Not Applicable'],['Not Applicable'],False,"['unknown', '40 to 44', '60 to 64']",3.0
1041835.0,2008-05-23 08:00:00,1244,2008,KIPLING AVE,SNARESBROOK DR,Major Arterial,Etobicoke York,43.721645,-79.57149,615064.4418,4841947.8711,At Intersection,Traffic Signal,Clear,Daylight,Dry,1,West Humber-Clairville,1,West Humber-Clairville (1),Non-Fatal Injury,1,0,1,0,0,0,0,0,0,0,0,0,0,Pedestrian Collisions,"['Vehicle Owner', 'Driver', 'Pedestrian']",North,"['Other', 'Automobile, Station Wagon']",['Going Ahead'],['Driving Properly'],['Normal'],['Crossing without right of way'],['Inattentive'],['Not Applicable'],['Not Applicable'],['Not Applicable'],False,"['unknown', '35 to 39', '10 to 14']",3.0
1041888.0,2008-06-06 08:00:00,750,2008,EGLINTON AVE W,RICHARDSON AVE,Major Arterial,Etobicoke York,43.690945,-79.47149,623182.2291,4838681.9023,At Intersection,Traffic Signal,Clear,Daylight,Dry,110,Keelesdale-Eglinton West,110,Keelesdale-Eglinton West (110),Non-Fatal Injury,0,0,1,1,0,0,0,0,0,0,0,0,0,Rear End,"['Motorcycle Driver', 'Driver']",East,"['Motorcycle', 'Automobile, Station Wagon']","['Going Ahead', 'Stopped']","['Lost control', 'Driving Properly']",['Normal'],['Not Applicable'],['Not Applicable'],['Not Applicable'],['Not Applicable'],['Not Applicable'],False,"['25 to 29', '55 to 59', '35 to 39']",3.0