accident_number,date,time,year,street1,street2,road_class,district,latitude,longitude,x,y,accident_location,traffctl,visibility,light,road_surface_condition,hood_158,neighbourhood_new,hood_140,neighbourhood_old,accident_class,pedestrian,cyclist,automobile,motorcycle,truck,trsn_city_veh,emerg_veh,passenger,speeding,aggressive_driving,redlight,alcohol,disability,impact_type,involvement_type,initial_direction,vehicle_type,manoeuver,driver_action,driver_condition,pedestrian_action,pedestrian_condition,cyclist_type,cyclist_action,cyclist_condition,injury,involvement_age,injury_severity_score
1046604.0,2008-06-12 08:00:00,902,2008,ST CLAIR AVE W,RUSSELL HILL RD,Major Arterial,Toronto and East York,43.685345,-79.40789,628319.7262,4838156.388,At Intersection,Police Control,Clear,Daylight,Dry,96,Casa Loma,96,Casa Loma (96),Non-Fatal Injury,1,0,1,0,0,0,0,0,0,1,0,0,0,Pedestrian Collisions,"['Driver', 'Pedestrian']",Unknown,"['Automobile, Station Wagon', 'Other']",['Going Ahead'],['Failed to Yield Right of Way'],['Normal'],['Playing or Working on Highway'],['Normal'],['Not Applicable'],['Not Applicable'],['Not Applicable'],False,"['60 to 64', '35 to 39']",3.0
1046692.0,2008-06-12 08:00:00,2236,2008,ROSE VALLEY CRES,WOODGATE DR,Local,Etobicoke York,43.676645,-79.50229,620728.7246,4837048.4041,Unknown,No Control,Clear,Dark,Dry,111,Rockcliffe-Smythe,111,Rockcliffe-Smythe (111),Non-Fatal Injury,0,0,0,1,0,0,0,0,0,0,0,0,0,Other,['Motorcycle Driver'],East,['Motorcycle'],['Going Ahead'],['Lost control'],['Unknown'],['Not Applicable'],['Not Applicable'],['Not Applicable'],['Not Applicable'],['Not Applicable'],False,['25 to 29'],3.0
1047021.0,2008-06-14 08:00:00,1340,2008,DUFFERIN Stre,SYLVAN Aven,Major Arterial,Toronto and East York,43.655045,-79.43349,626319.9639,4834751.8766,Unknown,No Control,Clear,Daylight,Dry,83,Dufferin Grove,83,Dufferin Grove (83),Non-Fatal Injury,0,1,1,0,0,0,0,0,0,1,0,0,0,Cyclist Collisions,"['Driver', 'Cyclist']",South,"['Automobile, Station Wagon', 'Bicycle']","['Overtaking', 'Going Ahead']",['Improper Passing'],['Inattentive'],['Not Applicable'],['Not Applicable'],['Cyclist and Driver travelling in same direction. One vehicle sideswipes the other.'],['Driving Properly'],['Normal'],False,"['40 to 44', '15 to 19']",3.0
1047045.0,2008-06-15 08:00:00,1840,2008,REXDALE BLVD,KIPLING AVE,Major Arterial,Etobicoke York,43.711745,-79.56669,615470.0907,4840855.0139,At Intersection,Traffic Signal,Rain,Dark,Wet,4,Rexdale-Kipling,4,Rexdale-Kipling (4),Non-Fatal Injury,0,0,1,0,0,0,0,0,0,1,0,0,0,SMV Other,"['Driver', 'Other Property Owner']",East,"['Automobile, Station Wagon', 'Other']","['Going Ahead', 'Turning Left']","['Driving Properly', 'Failed to Yield Right of Way']",['Normal'],['Not Applicable'],['Not Applicable'],['Not Applicable'],['Not Applicable'],['Not Applicable'],False,"['25 to 29', '45 to 49', 'unknown']",3.0
1047170.0,2008-05-28 08:00:00,2310,2008,LAWRENCE AVE W,LAWRENCE W ALLEN X S RAMP,Major Arterial,North York,43.715945,-79.44499,625265.7978,4841498.2065,At Intersection,Traffic Signal,Clear,Dark,Dry,31,Yorkdale-Glen Park,31,Yorkdale-Glen Park (31),Non-Fatal Injury,0,0,1,0,0,0,0,0,0,1,0,0,0,Turning Movement,"['Vehicle Owner', 'Driver']",East,"['Other', 'Automobile, Station Wagon']","['Turning Left', 'Going Ahead']","['Failed to Yield Right of Way', 'Driving Properly']","['Inattentive', 'Normal']",['Not Applicable'],['Not Applicable'],['Not Applicable'],['Not Applicable'],['Not Applicable'],False,"['unknown', '65 to 69', '35 to 39']",3.0
1047294.0,2008-06-17 08:00:00,1540,2008,130 THE QUEENSWAY,Not Applicable,Major Arterial,Etobicoke York,43.630845,-79.48189,622466.2179,4831991.6168,At Intersection,No Control,Clear,Daylight,Dry,16,Stonegate-Queensway,16,Stonegate-Queensway (16),Non-Fatal Injury,1,0,1,0,0,0,0,0,0,0,0,0,0,Pedestrian Collisions,"['Vehicle Owner', 'Driver', 'Pedestrian']",South,"['Other', 'Automobile, Station Wagon']",['Going Ahead'],['Driving Properly'],['Normal'],"['Crossing, no Traffic Control']",['Normal'],['Not Applicable'],['Not Applicable'],['Not Applicable'],False,"['unknown', '45 to 49', '75 to 79']",3.0
1047410.0,2008-07-10 08:00:00,1348,2008,DON VALLEY PARKWAY  N,GERRARD ST E,Expressway,Toronto and East York,43.669145,-79.35709,632449.7491,4836437.0143,Unknown,No Control,Clear,Daylight,Dry,68,North Riverdale,68,North Riverdale (68),Non-Fatal Injury,1,0,1,0,0,0,0,0,0,0,0,0,0,Pedestrian Collisions,"['Vehicle Owner', 'Driver', 'Pedestrian']",North,"['Other', 'Automobile, Station Wagon']",['Going Ahead'],['Driving Properly'],['Normal'],['Running onto Roadway'],"['Ability Impaired, Drugs']",['Not Applicable'],['Not Applicable'],['Not Applicable'],False,"['unknown', '25 to 29', '40 to 44']",3.0
1047657.0,2008-07-12 08:00:00,38,2008,688 SCARLETT RD,Not Applicable,Major Arterial,Etobicoke York,43.694745,-79.51949,619306.3544,4839033.7612,Unknown,No Control,Clear,Dark,Dry,8,Humber Heights-Westmount,8,Humber Heights-Westmount (8),Fatal,0,0,1,0,0,0,0,0,1,1,0,0,0,SMV Other,"['Driver', 'Other']",West,"['Automobile, Station Wagon']","['Overtaking', 'Parked']",['Exceeding Speed Limit'],['Unknown'],['Not Applicable'],['Not Applicable'],['Not Applicable'],['Not Applicable'],['Not Applicable'],True,"['25 to 29', 'unknown']",4.0
1047683.0,2008-07-13 08:00:00,2018,2008,19 LYNDHURST CRT,Not Applicable,Local,Toronto and East York,43.677645,-79.41219,627989.5267,4837294.5539,Unknown,No Control,Clear,Dusk,Dry,96,Casa Loma,96,Casa Loma (96),Fatal,1,0,1,0,0,0,0,0,0,0,0,0,0,Pedestrian Collisions,"['Driver', 'Pedestrian']",South,"['Automobile, Station Wagon', 'Other']",['Reversing'],['Other'],['Inattentive'],['Other'],['Unknown'],['Not Applicable'],['Not Applicable'],['Not Applicable'],True,"['60 to 64', '85 to 89']",4.0
1047910.0,2008-07-14 08:00:00,1337,2008,DANFORTH AVE,COXWELL AVE,Major Arterial,Toronto and East York,43.683345,-79.32359,635118.6403,4838068.153,At Intersection,Traffic Signal,Clear,Daylight,Dry,64,Woodbine Corridor,64,Woodbine Corridor (64),Fatal,1,0,1,0,0,0,0,1,1,1,0,0,1,Pedestrian Collisions,"['Vehicle Owner', 'Driver', 'Passenger', 'Pedestrian']",North,"['Other', 'Automobile, Station Wagon']","['Going Ahead', 'Stopped']","['Driving Properly', 'Exceeding Speed Limit']","['Normal', 'Medical or Physical Disability']",['Crossing with right of way'],['Normal'],['Not Applicable'],['Not Applicable'],['Not Applicable'],True,"['unknown', '30 to 34', '60 to 64', '0 to 4', '10 to 14', '15 to 19', '50 to 54']",4.0
1047968.0,2008-07-11 08:00:00,2155,2008,STEELES AVE W,HIDDEN TRL,Major Arterial,North York,43.788445,-79.46399,623585.899,4849521.8613,Unknown,No Control,Clear,Dark,Dry,35,Westminster-Branson,35,Westminster-Branson (35),Fatal,0,0,1,0,1,0,0,1,1,1,0,0,0,Approaching,"['Vehicle Owner', 'Truck Driver', 'Passenger', 'Driver']",West,"['Other', 'Truck - Open', 'Automobile, Station Wagon']",['Going Ahead'],"['Driving Properly', 'Lost control']","['Normal', 'Unknown']",['Not Applicable'],['Not Applicable'],['Not Applicable'],['Not Applicable'],['Not Applicable'],True,"['unknown', '25 to 29', '20 to 24', '55 to 59', '30 to 34']",4.0
1047995.0,2008-06-13 08:00:00,1400,2008,COLLEGE St,CRAWFORD St,Major Arterial,Toronto and East York,43.655145,-79.41899,627489.0123,4834785.159,Unknown,No Control,Clear,Daylight,Dry,81,Trinity-Bellwoods,81,Trinity-Bellwoods (81),Non-Fatal Injury,0,1,1,0,0,0,0,0,0,0,0,0,0,Cyclist Collisions,"['Vehicle Owner', 'Driver', 'Cyclist']",West,"['Other', 'Taxi', 'Bicycle']","['Changing Lanes', 'Going Ahead']",['Improper Lane Change'],['Normal'],['Not Applicable'],['Not Applicable'],['Cyclist and Driver travelling in same direction. One vehicle sideswipes the other.'],['Driving Properly'],['Normal'],False,"['unknown', '60 to 64', '50 to 54']",3.0
1048237.0,2008-06-22 08:00:00,1805,2008,WESTON Road,WALSH Aven,Major Arterial,Etobicoke York,43.717045,-79.53729,617828.2392,4841485.0257,At Intersection,Traffic Signal,Clear,Daylight,Dry,23,Pelmo Park-Humberlea,23,Pelmo Park-Humberlea (23),Non-Fatal Injury,0,1,1,0,0,0,0,0,0,0,0,0,0,Cyclist Collisions,"['Vehicle Owner', 'Driver', 'Cyclist']",East,"['Other', 'Automobile, Station Wagon', 'Bicycle']",['Going Ahead'],['Driving Properly'],['Normal'],['Not Applicable'],['Not Applicable'],"['Cyclist without ROW rides into path of motorist at inter, lnwy, dwy-Cyclist not turn.']",['Failed to Yield Right of Way'],['Normal'],False,"['unknown', '45 to 49', '35 to 39']",3.0
1048242.0,2008-06-23 08:00:00,950,2008,SPADINA Aven,HARBORD Stre,Major Arterial,Toronto and East York,43.663045,-79.40209,628834.9059,4835688.6629,At Intersection,Traffic Signal,Clear,Daylight,Dry,79,University,79,University (79),Non-Fatal Injury,1,0,0,0,0,1,0,0,0,0,0,0,0,Pedestrian Collisions,"['Pedestrian', 'Vehicle Owner', 'Driver']",East,"['Other', 'Municipal Transit Bus (TTC)']",['Going Ahead'],['Driving Properly'],['Normal'],['Crossing without right of way'],['Inattentive'],['Not Applicable'],['Not Applicable'],['Not Applicable'],False,"['20 to 24', 'unknown', '40 to 44']",3.0
1048465.0,2008-07-16 08:00:00,1655,2008,YONGE Stre,KEMPFORD Boul,Major Arterial,North York,43.776945,-79.41489,627560.9279,4848319.0874,At Intersection,Traffic Signal,Clear,Daylight,Dry,37,Willowdale West,37,Willowdale West (37),Non-Fatal Injury,0,0,1,0,0,0,0,0,0,1,1,0,1,Rear End,['Driver'],North,"['Automobile, Station Wagon']","['Going Ahead', 'Stopped']","['Disobeyed Traffic Control', 'Driving Properly']","['Medical or Physical Disability', 'Normal']",['Not Applicable'],['Not Applicable'],['Not Applicable'],['Not Applicable'],['Not Applicable'],False,"['65 to 69', '55 to 59']",3.0
1048611.0,2008-06-25 08:00:00,730,2008,MORNINGSIDE AVE,KINGSTON RD,Major Arterial,Scarborough,43.770645,-79.18689,645924.6468,4847995.9366,At Intersection,Traffic Signal,Clear,Daylight,Dry,136,West Hill,136,West Hill (136),Non-Fatal Injury,1,0,1,0,0,0,0,0,0,0,0,0,0,Pedestrian Collisions,"['Vehicle Owner', 'Driver', 'Pedestrian']",North,"['Other', 'Automobile, Station Wagon']","['Turning Left', 'Unknown']",['Improper Turn'],['Normal'],['Crossing with right of way'],['Normal'],['Not Applicable'],['Not Applicable'],['Not Applicable'],False,"['unknown', '40 to 44', '50 to 54']",3.0
1048845.0,2008-06-28 08:00:00,1601,2008,COLLEGE ST,SPADINA AVE,Major Arterial,Toronto and East York,43.658045,-79.39949,629055.2509,4835137.3874,Unknown,No Control,Clear,Daylight,Dry,79,University,79,University (79),Non-Fatal Injury,1,0,1,0,0,0,0,0,0,0,0,0,0,Pedestrian Collisions,"['Vehicle Owner', 'Driver', 'Pedestrian']",Unknown,"['Other', 'Automobile, Station Wagon']",['Going Ahead'],['Driving Properly'],['Normal'],['Other'],['Medical or Physical Disability'],['Not Applicable'],['Not Applicable'],['Not Applicable'],False,"['unknown', '35 to 39', '25 to 29']",3.0
1049080.0,2008-07-20 08:00:00,300,2008,WESTON RD,ROGERS RD,Major Arterial,Etobicoke York,43.681645,-79.47679,622774.0707,4837641.1522,At Intersection,Traffic Signal,Rain,Dark,Wet,111,Rockcliffe-Smythe,111,Rockcliffe-Smythe (111),Non-Fatal Injury,0,0,1,0,0,0,0,1,0,0,0,0,0,Turning Movement,"['Passenger', 'Vehicle Owner', 'Driver']",North,"['Other', 'Automobile, Station Wagon']","['Going Ahead', 'Turning Left']","['Driving Properly', 'Improper Turn']",['Normal'],['Not Applicable'],['Not Applicable'],['Not Applicable'],['Not Applicable'],['Not Applicable'],False,"['25 to 29', '35 to 39', '70 to 74', 'unknown', '30 to 34', '15 to 19']",3.0
1049124.0,2008-07-21 08:00:00,305,2008,STEELES AVE E,YONGE ST,Major Arterial,North York,43.797945,-79.42009,627097.9409,4850643.4641,At Intersection,Traffic Signal,Clear,Dark,Dry,36,Newtonbrook West,36,Newtonbrook West (36),Fatal,1,0,1,0,0,0,0,1,0,0,0,0,0,Pedestrian Collisions,"['Passenger', 'Driver', 'Pedestrian']",North,"['Other', 'Automobile, Station Wagon']",['Going Ahead'],['Driving Properly'],['Normal'],['Crossing without right of way'],['Unknown'],['Not Applicable'],['Not Applicable'],['Not Applicable'],True,"['20 to 24', '30 to 34', '35 to 39']",4.0
1049415.0,2008-06-12 08:00:00,853,2008,KING Stre W,BATHURST Stre,Major Arterial,Toronto and East York,43.643945,-79.40269,628827.3627,4833566.4258,At Intersection,Traffic Signal,Clear,Daylight,Dry,164,Wellington Place,77,Waterfront Communities-The Island (77),Non-Fatal Injury,0,1,1,0,0,0,0,0,0,0,0,0,0,Cyclist Collisions,"['Driver', 'Cyclist']",East,"['Automobile, Station Wagon', 'Bicycle']","['Stopped', 'Going Ahead']",['Driving Properly'],['Normal'],['Not Applicable'],['Not Applicable'],['Cyclist and Driver travelling in same direction. One vehicle sideswipes the other.'],['Lost control'],['Normal'],False,"['30 to 34', '40 to 44']",3.0
1049419.0,2008-06-30 08:00:00,1040,2008,DUNDAS ST W,LANSDOWNE AVE,Minor Arterial,Toronto and East York,43.650145,-79.43929,625862.4953,4834198.8547,Unknown,No Control,Clear,Daylight,Dry,84,Little Portugal,83,Dufferin Grove (83),Non-Fatal Injury,0,1,1,0,0,0,0,0,0,0,0,0,0,Cyclist Collisions,"['Driver', 'Cyclist']",East,"['Automobile, Station Wagon', 'Bicycle']","['Parked', 'Going Ahead']",['Other'],['Normal'],['Not Applicable'],['Not Applicable'],['Cyclist struck opened vehicle door'],['Driving Properly'],['Normal'],False,"['45 to 49', '20 to 24']",3.0
1049787.0,2008-07-04 08:00:00,1302,2008,BRIMLEY RD,DEERFIELD RD,Major Arterial,Scarborough,43.745445,-79.25199,640744.2111,4845084.4138,Unknown,Traffic Signal,Clear,Daylight,Dry,157,Bendale South,127,Bendale (127),Non-Fatal Injury,0,0,1,0,0,0,0,0,0,0,0,0,0,Turning Movement,"['Driver', 'Vehicle Owner']",North,"['Automobile, Station Wagon', 'Other']","['Turning Left', 'Going Ahead']","['Lost control', 'Driving Properly']",['Normal'],['Not Applicable'],['Not Applicable'],['Not Applicable'],['Not Applicable'],['Not Applicable'],False,"['45 to 49', 'unknown', '25 to 29']",3.0
1050109.0,2008-07-25 08:00:00,1133,2008,F G GARDINER Expr E,DOWLING Aven,Major Arterial,Toronto and East York,43.633944,-79.43719,626065.7303,4832402.7132,Unknown,No Control,Clear,Daylight,Dry,85,South Parkdale,85,South Parkdale (85),Non-Fatal Injury,0,0,0,1,0,0,0,0,1,1,0,0,0,SMV Other,['Motorcycle Driver'],East,['Motorcycle'],['Slowing or Stopping'],['Speed too Fast For Condition'],['Normal'],['Not Applicable'],['Not Applicable'],['Not Applicable'],['Not Applicable'],['Not Applicable'],False,['35 to 39'],3.0
1050384.0,2008-07-07 08:00:00,437,2008,DIXON Rd,ROYAL YORK Rd,Major Arterial,Etobicoke York,43.699845,-79.53429,618103.68,4839578.9975,At Intersection,Traffic Signal,Clear,Dark,Dry,6,Kingsview Village-The Westway,6,Kingsview Village-The Westway (6),Non-Fatal Injury,0,0,1,0,0,0,0,0,0,1,0,0,0,SMV Other,"['Driver', 'Other Property Owner']",West,"['Automobile, Station Wagon', 'Other']",['Pulling Onto Shoulder or towardCurb'],['Lost control'],['Fatigue'],['Not Applicable'],['Not Applicable'],['Not Applicable'],['Not Applicable'],['Not Applicable'],False,"['20 to 24', 'unknown']",3.0
1050426.0,2008-07-28 08:00:00,1407,2008,COSBURN AVE,LOGAN AVE,Minor Arterial,Toronto and East York,43.689045,-79.35089,632905.6472,4838657.1001,Unknown,No Control,Clear,Daylight,Dry,57,Broadview North,57,Broadview North (57),Non-Fatal Injury,1,0,1,0,0,0,0,0,0,1,0,0,0,Pedestrian Collisions,"['Pedestrian', 'Driver']",South,"['Other', 'Automobile, Station Wagon']",['Reversing'],['Failed to Yield Right of Way'],['Normal'],['Other'],['Inattentive'],['Not Applicable'],['Not Applicable'],['Not Applicable'],False,"['75 to 79', '50 to 54']",3.0
1050560.0,2008-07-29 08:00:00,708,2008,BEVERLY HILLS Driv,JANE Stre,Major Arterial,Etobicoke York,43.719045,-79.50819,620168.4028,4841748.9326,At Intersection,Traffic Signal,Clear,Daylight,Dry,154,Oakdale-Beverley Heights,26,Downsview-Roding-CFB (26),Non-Fatal Injury,1,0,1,0,0,0,0,0,0,1,0,0,0,Pedestrian Collisions,"['Vehicle Owner', 'Driver', 'Pedestrian']",East,"['Other', 'Automobile, Station Wagon']",['Turning Left'],['Failed to Yield Right of Way'],['Inattentive'],['Crossing with right of way'],['Normal'],['Not Applicable'],['Not Applicable'],['Not Applicable'],False,"['unknown', '55 to 59', '75 to 79']",3.0
1050562.0,2008-07-29 08:00:00,1235,2008,KELSONIA AVE,SCARBORO CRES,Local,Scarborough,43.711545,-79.24639,641274.7913,4841328.8447,Unknown,No Control,Clear,Daylight,Dry,123,Cliffcrest,123,Cliffcrest (123),Non-Fatal Injury,1,0,1,0,0,0,0,0,0,0,0,0,0,Pedestrian Collisions,"['Vehicle Owner', 'Other', 'Driver', 'Pedestrian']",East,"['Other', 'Automobile, Station Wagon']","['Parked', 'Going Ahead']",['Lost control'],['Inattentive'],['Person Getting on/off Vehicle'],['Normal'],['Not Applicable'],['Not Applicable'],['Not Applicable'],False,"['unknown', '55 to 59', '45 to 49']",3.0
1050893.0,2008-07-13 08:00:00,1220,2008,BLOOR Stre W,KEELE Stre,Major Arterial,Toronto and East York,43.654845,-79.45949,624223.773,4834690.4121,Unknown,No Control,Clear,Daylight,Dry,88,High Park North,88,High Park North (88),Non-Fatal Injury,0,1,1,0,0,0,0,0,0,0,0,0,0,Cyclist Collisions,"['Driver', 'Cyclist']",East,"['Automobile, Station Wagon', 'Bicycle']","['Turning Left', 'Going Ahead']",['Driving Properly'],['Normal'],['Not Applicable'],['Not Applicable'],['Motorist turned left across cyclists path.'],['Improper Passing'],['Normal'],False,"['30 to 34', '55 to 59']",3.0
1051130.0,2008-07-31 08:00:00,2245,2008,LOWER JARVIS ST,THE ESPLANADE,Major Arterial,Toronto and East York,43.648245,-79.37089,631382.7713,4834093.8502,At Intersection,Traffic Signal,Clear,Dark,Dry,166,St Lawrence-East Bayfront-The Islands,77,Waterfront Communities-The Island (77),Non-Fatal Injury,0,1,1,0,0,0,0,0,0,1,1,1,0,Cyclist Collisions,"['Vehicle Owner', 'Driver', 'Cyclist']",North,"['Other', 'Automobile, Station Wagon', 'Bicycle']","['Going Ahead', 'Turning Left']",['Disobeyed Traffic Control'],"['Ability Impaired, Alcohol Over .08']",['Not Applicable'],['Not Applicable'],['Cyclist turned left across motorists path.'],['Driving Properly'],['Normal'],False,"['unknown', '55 to 59', '50 to 54']",3.0
1051168.0,2008-07-22 08:00:00,2330,2008,BLOOR ST W,BATHURST ST,Major Arterial,Toronto and East York,43.665145,-79.41119,628096.7251,4835907.8048,At Intersection,Traffic Signal,Rain,Dark,Wet,95,Annex,95,Annex (95),Non-Fatal Injury,1,0,1,0,0,0,0,0,0,0,0,0,0,Pedestrian Collisions,"['Driver', 'Pedestrian']",East,"['Automobile, Station Wagon', 'Other']",['Unknown'],['Other'],['Unknown'],['Other'],"['Ability Impaired, Alcohol']",['Not Applicable'],['Not Applicable'],['Not Applicable'],False,"['unknown', '45 to 49']",3.0
1051188.0,2008-07-15 08:00:00,2000,2008,JANE ST,TRETHEWEY DR,Major Arterial,Etobicoke York,43.697545,-79.50239,620678.7462,4839369.4852,At Intersection,Traffic Signal,Clear,Daylight,Dry,113,Weston,113,Weston (113),Non-Fatal Injury,0,0,1,0,0,0,0,0,0,1,1,0,0,Turning Movement,['Driver'],North,"['Automobile, Station Wagon']","['Turning Left', 'Going Ahead']","['Driving Properly', 'Disobeyed Traffic Control']","['Normal', 'Inattentive']",['Not Applicable'],['Not Applicable'],['Not Applicable'],['Not Applicable'],['Not Applicable'],False,"['50 to 54', '20 to 24']",3.0
1051205.0,2008-07-15 08:00:00,1935,2008,DON MILLS RD,GEORGE HENRY BLVD,Major Arterial,North York,43.773445,-79.34649,633073.2,4848038.0186,At Intersection,Stop Sign,Clear,Dusk,Dry,53,Henry Farm,53,Henry Farm (53),Non-Fatal Injury,1,0,1,0,0,0,0,0,0,1,0,0,0,Pedestrian Collisions,"['Driver', 'Pedestrian']",South,"['Automobile, Station Wagon', 'Other']",['Going Ahead'],['Failed to Yield Right of Way'],['Normal'],['Crossing with right of way'],['Normal'],['Not Applicable'],['Not Applicable'],['Not Applicable'],False,"['25 to 29', '35 to 39']",3.0
1051391.0,2008-08-01 08:00:00,2110,2008,KINGSTON RD,ORCHARD PARK DR,Major Arterial,Scarborough,43.774645,-79.17929,646526.5561,4848453.6228,Unknown,Stop Sign,Clear,Dark,Dry,136,West Hill,136,West Hill (136),Non-Fatal Injury,1,0,1,0,0,0,0,1,1,1,0,1,0,Pedestrian Collisions,"['Driver', 'Pedestrian', 'Passenger']",North,"['Automobile, Station Wagon', 'Other']",['Going Ahead'],['Speed too Fast For Condition'],"['Ability Impaired, Alcohol']","['Crossing, no Traffic Control']",['Normal'],['Not Applicable'],['Not Applicable'],['Not Applicable'],False,"['15 to 19', '40 to 44']",3.0
1051990.0,2008-06-25 08:00:00,1820,2008,AVENUE RD,POPLAR PLAINS CRES,Major Arterial,Toronto and East York,43.680745,-79.39909,629038.8511,4837659.1491,At Intersection,No Control,Clear,Daylight,Dry,96,Casa Loma,96,Casa Loma (96),Non-Fatal Injury,0,1,1,0,0,0,0,0,0,0,0,0,0,Cyclist Collisions,"['Driver', 'Cyclist']",North,"['Automobile, Station Wagon', 'Bicycle']","['Turning Left', 'Going Ahead']",['Improper Turn'],['Inattentive'],['Not Applicable'],['Not Applicable'],['Motorist turned left across cyclists path.'],['Driving Properly'],['Normal'],False,"['65 to 69', '35 to 39']",3.0
1052382.0,2008-08-09 08:00:00,1035,2008,BALLIOL ST,MOUNT PLEASANT RD,Major Arterial,North York,43.699245,-79.38669,629998.3698,4839733.1969,At Intersection,Stop Sign,Clear,Daylight,Dry,99,Mount Pleasant East,99,Mount Pleasant East (99),Fatal,1,0,1,0,1,0,0,1,0,1,0,0,0,Pedestrian Collisions,"['Passenger', 'Vehicle Owner', 'Truck Driver', 'Pedestrian']",East,"['Automobile, Station Wagon', 'Other', 'Truck - Open']",['Turning Left'],['Failed to Yield Right of Way'],['Inattentive'],['Crossing with right of way'],['Normal'],['Not Applicable'],['Not Applicable'],['Not Applicable'],True,"['20 to 24', '30 to 34', 'unknown', '60 to 64', '80 to 84']",4.0
1052462.0,2020-06-08 08:00:00,830,2020,LAWRENCE AVE W,RENFIELD ST,Major Arterial,Etobicoke York,43.703829,-79.498767,620958.0562,4840072.6891,At Intersection,Stop Sign,Clear,Daylight,Dry,30,Brookhaven-Amesbury,30,Brookhaven-Amesbury (30),Non-Fatal Injury,0,0,1,1,0,0,0,0,1,1,0,0,0,Turning Movement,"['Driver', 'Motorcycle Driver']",East,"['Automobile, Station Wagon', 'Motorcycle']","['Turning Right', 'Going Ahead']","['Failed to Yield Right of Way', 'Exceeding Speed Limit']",['Normal'],['Not Applicable'],['Not Applicable'],['Not Applicable'],['Not Applicable'],['Not Applicable'],False,"['45 to 49', '25 to 29']",3.0
1052487.0,2008-07-16 08:00:00,1110,2008,WARDEN AVE,CASS AVE,Major Arterial,Scarborough,43.775945,-79.30659,636278.6756,4848380.5853,At Intersection,Stop Sign,Clear,Daylight,Dry,118,Tam O'Shanter-Sullivan,118,Tam O'Shanter-Sullivan (118),Non-Fatal Injury,0,0,1,0,0,0,0,0,1,1,0,0,0,Turning Movement,"['Driver', 'Vehicle Owner']",North,"['Automobile, Station Wagon', 'Other']","['Turning Left', 'Going Ahead']","['Driving Properly', 'Speed too Fast For Condition']","['Normal', 'Inattentive']",['Not Applicable'],['Not Applicable'],['Not Applicable'],['Not Applicable'],['Not Applicable'],False,"['55 to 59', 'unknown', '15 to 19']",3.0
1052609.0,2008-07-03 08:00:00,1155,2008,KEELE St,ST REGIS Cres,Major Arterial,Etobicoke York,43.754545,-79.48879,621659.2139,4845720.0293,At Intersection,Traffic Signal,Clear,Daylight,Dry,27,York University Heights,27,York University Heights (27),Non-Fatal Injury,0,0,1,0,0,0,0,1,0,1,0,0,0,Rear End,"['Driver', 'Passenger']",South,"['Automobile, Station Wagon', 'Other']","['Going Ahead', 'Slowing or Stopping']","['Following too Close', 'Driving Properly']",['Normal'],['Not Applicable'],['Not Applicable'],['Not Applicable'],['Not Applicable'],['Not Applicable'],False,"['30 to 34', '0 to 4']",3.0
1052679.0,2008-08-07 08:00:00,316,2008,ST CLARENS Aven,BLOOR Stre W,Major Arterial,Toronto and East York,43.658545,-79.44169,625651.4271,4835128.147,Unknown,Stop Sign,Clear,Dark,Dry,83,Dufferin Grove,83,Dufferin Grove (83),Non-Fatal Injury,0,0,1,0,0,0,0,1,0,0,0,0,0,SMV Other,"['Vehicle Owner', 'Passenger', 'Driver']",North,"['Other', 'Automobile, Station Wagon']","['Parked', 'Other', 'Unknown', 'Going Ahead']",[],[],['Not Applicable'],['Not Applicable'],['Not Applicable'],['Not Applicable'],['Not Applicable'],False,['unknown'],3.0
1052865.0,2008-07-18 08:00:00,751,2008,RICHMOND ST W,DUNCAN ST,Major Arterial,Toronto and East York,43.649745,-79.38799,630000.4575,4834233.5146,Unknown,No Control,Clear,Daylight,Dry,164,Wellington Place,77,Waterfront Communities-The Island (77),Non-Fatal Injury,0,0,1,0,0,0,0,0,0,0,0,0,0,Turning Movement,"['Driver', 'Other Property Owner']",West,"['Automobile, Station Wagon', 'Other']","['Going Ahead', 'Turning Left']","['Driving Properly', 'Improper Turn']","['Normal', 'Inattentive']",['Not Applicable'],['Not Applicable'],['Not Applicable'],['Not Applicable'],['Not Applicable'],False,"['40 to 44', '65 to 69', 'unknown']",3.0
105298.0,2020-01-16 10:00:00,540,2020,DANZIG ST,MORNINGSIDE AVE,Minor Arterial,Scarborough,43.764796,-79.184848,646103.2362,4847349.9141,At Intersection,Traffic Signal,Rain,"Dark, artificial",Wet,136,West Hill,136,West Hill (136),Non-Fatal Injury,1,0,1,0,0,0,0,0,0,1,0,0,0,Pedestrian Collisions,"['Driver', 'Pedestrian']",East,['Pick Up Truck'],['Turning Left'],['Failed to Yield Right of Way'],['Normal'],['Crossing with right of way'],['Normal'],['Not Applicable'],['Not Applicable'],['Not Applicable'],False,"['60 to 64', '65 to 69']",3.0
1052983.0,2008-07-18 08:00:00,800,2008,RIVERDALE Ave,PAPE Ave,Local,Toronto and East York,43.671345,-79.34119,633726.7193,4836706.864,Unknown,No Control,Clear,Daylight,Dry,69,Blake-Jones,69,Blake-Jones (69),Non-Fatal Injury,0,1,1,0,0,0,0,0,0,1,0,0,0,Cyclist Collisions,"['Driver', 'Cyclist']",East,"['Automobile, Station Wagon', 'Bicycle']","['Turning Left', 'Going Ahead']",['Failed to Yield Right of Way'],['Normal'],['Not Applicable'],['Not Applicable'],['Motorist turned left across cyclists path.'],['Driving Properly'],['Normal'],False,"['30 to 34', '55 to 59']",3.0
1053153.0,2008-08-14 08:00:00,1659,2008,AMHERST AVE,GLENHOLME AVE,Local,Toronto and East York,43.691245,-79.44099,625639.6123,4838760.9806,Unknown,No Control,Clear,Daylight,Dry,107,Oakwood Village,107,Oakwood Village (107),Non-Fatal Injury,1,0,1,0,0,0,0,0,0,0,0,0,0,Pedestrian Collisions,"['Other', 'Vehicle Owner', 'Driver', 'Pedestrian']",East,"['Automobile, Station Wagon', 'Other']","['Parked', 'Reversing']",['Lost control'],['Unknown'],['On Sidewalk or Shoulder'],['Normal'],['Not Applicable'],['Not Applicable'],['Not Applicable'],False,"['unknown', '5 to 9']",3.0