accident_number,date,time,year,street1,street2,road_class,district,latitude,longitude,x,y,accident_location,traffctl,visibility,light,road_surface_condition,hood_158,neighbourhood_new,hood_140,neighbourhood_old,accident_class,pedestrian,cyclist,automobile,motorcycle,truck,trsn_city_veh,emerg_veh,passenger,speeding,aggressive_driving,redlight,alcohol,disability,impact_type,involvement_type,initial_direction,vehicle_type,manoeuver,driver_action,driver_condition,pedestrian_action,pedestrian_condition,cyclist_type,cyclist_action,cyclist_condition,injury,involvement_age,injury_severity_score
1053246.0,2008-07-19 08:00:00,1744,2008,BATHURST ST,DUNDAS ST W,Major Arterial,Toronto and East York,43.652345,-79.40599,628543.2868,4834494.238,At Intersection,Traffic Signal,Clear,Daylight,Dry,78,Kensington-Chinatown,78,Kensington-Chinatown (78),Non-Fatal Injury,0,0,1,1,0,0,0,0,0,0,0,1,0,Turning Movement,"['Motorcycle Driver', 'Driver']",North,"['Motorcycle', 'Automobile, Station Wagon']","['Going Ahead', 'Turning Left']","['Driving Properly', 'Improper Turn']","['Normal', 'Ability Impaired, Alcohol']",['Not Applicable'],['Not Applicable'],['Not Applicable'],['Not Applicable'],['Not Applicable'],False,"['45 to 49', '25 to 29']",3.0
1053428.0,2008-08-15 08:00:00,1831,2008,HORSHAM AVE,YONGE ST,Major Arterial,North York,43.775145,-79.41439,627604.9941,4848119.9404,Unknown,No Control,Clear,Daylight,Wet,37,Willowdale West,37,Willowdale West (37),Non-Fatal Injury,1,0,1,0,0,0,0,1,0,0,0,0,0,Pedestrian Collisions,"['Vehicle Owner', 'Passenger', 'Driver', 'Pedestrian']",East,"['Other', 'Automobile, Station Wagon']",['Going Ahead'],['Driving Properly'],['Normal'],['Running onto Roadway'],['Inattentive'],['Not Applicable'],['Not Applicable'],['Not Applicable'],False,"['unknown', '0 to 4', '30 to 34', '5 to 9']",3.0
1053515.0,2008-08-15 08:00:00,700,2008,EGLINTON AVE W,AVENUE RD,Major Arterial,North York,43.704645,-79.40829,628246.339,4840299.3015,Unknown,No Control,Clear,Daylight,Dry,100,Yonge-Eglinton,100,Yonge-Eglinton (100),Non-Fatal Injury,0,0,1,0,0,0,0,0,0,1,0,0,1,Rear End,"['Driver', 'Other Property Owner']",East,"['Automobile, Station Wagon', 'Other']","['Turning Right', 'Going Ahead']","['Driving Properly', 'Following too Close']","['Normal', 'Medical or Physical Disability']",['Not Applicable'],['Not Applicable'],['Not Applicable'],['Not Applicable'],['Not Applicable'],False,"['30 to 34', '85 to 89', 'unknown']",3.0
1053634.0,2008-08-18 08:00:00,250,2008,SCARLETT RD,ST CLAIR AVE W,Major Arterial,Etobicoke York,43.666045,-79.49929,620991.8506,4835875.5051,Unknown,Traffic Signal,Clear,Dark,Dry,111,Rockcliffe-Smythe,111,Rockcliffe-Smythe (111),Non-Fatal Injury,0,0,1,0,0,0,0,0,1,1,0,0,0,SMV Other,['Driver'],South,"['Automobile, Station Wagon']",['Going Ahead'],['Other'],['Other'],['Not Applicable'],['Not Applicable'],['Not Applicable'],['Not Applicable'],['Not Applicable'],False,['80 to 84'],3.0
1053672.0,2008-08-17 08:00:00,2125,2008,WARDEN Aven,FINCH Aven E,Major Arterial,Scarborough,43.797845,-79.31619,635456.6208,4850797.1675,Unknown,No Control,Clear,Dark,Dry,148,East L'Amoreaux,117,L'Amoreaux (117),Fatal,1,0,1,0,0,0,0,0,0,0,0,0,0,Pedestrian Collisions,"['Driver', 'Pedestrian']",East,"['Automobile, Station Wagon', 'Other']",['Going Ahead'],['Driving Properly'],['Unknown'],"['Crossing, no Traffic Control']","['Ability Impaired, Alcohol']",['Not Applicable'],['Not Applicable'],['Not Applicable'],True,"['65 to 69', '45 to 49']",4.0
1053740.0,2008-08-06 08:00:00,2210,2008,ANCONA ST,FINCH AVE W,Major Arterial,North York,43.774545,-79.43879,625642.5969,4848015.9855,At Intersection,Stop Sign,Clear,Dark,Dry,37,Willowdale West,37,Willowdale West (37),Non-Fatal Injury,0,1,1,0,0,0,0,0,0,0,0,0,0,Cyclist Collisions,"['Driver', 'Cyclist']",North,"['Automobile, Station Wagon', 'Bicycle']","['Turning Left', 'Going Ahead']",['Improper Turn'],['Inattentive'],['Not Applicable'],['Not Applicable'],['Motorist turned left across cyclists path.'],['Driving Properly'],['Normal'],False,"['unknown', '40 to 44']",3.0
1053809.0,2008-07-20 08:00:00,320,2008,4982 YONGE ST,Not Applicable,Major Arterial,North York,43.765945,-79.41209,627809.6876,4847101.6879,Unknown,No Control,Rain,Dark,Wet,38,Lansing-Westgate,38,Lansing-Westgate (38),Non-Fatal Injury,1,0,1,0,0,0,0,0,0,0,0,0,0,Pedestrian Collisions,"['Driver', 'Pedestrian']",East,"['Automobile, Station Wagon', 'Other']",['Going Ahead'],['Driving Properly'],['Normal'],['Running onto Roadway'],['Normal'],['Not Applicable'],['Not Applicable'],['Not Applicable'],False,"['30 to 34', '25 to 29']",3.0
1053906.0,2008-08-14 08:00:00,2045,2008,ST CLAIR Aven W,FORD Stre,Major Arterial,Toronto and East York,43.673645,-79.46249,623943.1622,4836773.9126,At Intersection,No Control,Clear,Dark,Dry,91,Weston-Pelham Park,91,Weston-Pellam Park (91),Non-Fatal Injury,0,0,1,1,0,0,0,0,0,0,0,0,0,Sideswipe,"['Motorcycle Driver', 'Driver']",East,"['Motorcycle', 'Automobile, Station Wagon']","['Going Ahead', 'Changing Lanes']","['Driving Properly', 'Improper Lane Change']","['Normal', 'Unknown']",['Not Applicable'],['Not Applicable'],['Not Applicable'],['Not Applicable'],['Not Applicable'],False,"['25 to 29', 'unknown']",3.0
1053990.0,2008-07-21 08:00:00,857,2008,416 O CONNOR DR,Not Applicable,Major Arterial,Toronto and East York,43.696445,-79.33539,634138.3431,4839503.933,Unknown,No Control,Rain,Dark,Wet,58,Old East York,58,Old East York (58),Non-Fatal Injury,0,0,1,0,0,0,0,0,0,1,0,0,0,Rear End,['Driver'],West,"['Automobile, Station Wagon']",['Going Ahead'],"['Driving Properly', 'Disobeyed Traffic Control', 'Following too Close']","['Normal', 'Inattentive']",['Not Applicable'],['Not Applicable'],['Not Applicable'],['Not Applicable'],['Not Applicable'],False,"['50 to 54', '35 to 39', '45 to 49', '40 to 44']",3.0
1054012.0,2008-07-22 08:00:00,2329,2008,BATHURST ST,NASSAU ST,Major Arterial,Toronto and East York,43.654745,-79.40699,628457.5274,4834759.2409,Unknown,No Control,Rain,Dark,Wet,78,Kensington-Chinatown,78,Kensington-Chinatown (78),Non-Fatal Injury,1,0,1,0,0,0,0,0,0,0,0,0,0,Pedestrian Collisions,"['Driver', 'Pedestrian']",East,"['Automobile, Station Wagon', 'Other']",['Going Ahead'],['Driving Properly'],['Normal'],['Walking on Roadway Against Traffic'],['Had Been Drinking'],['Not Applicable'],['Not Applicable'],['Not Applicable'],False,"['60 to 64', '50 to 54']",3.0
1054021.0,2008-07-22 08:00:00,2119,2008,YONGE ST,WELLINGTON ST E,Major Arterial,Toronto and East York,43.647845,-79.37739,630859.429,4834039.1548,At Intersection,Traffic Signal,Clear,Daylight,Dry,170,Yonge-Bay Corridor,76,Bay Street Corridor (76),Non-Fatal Injury,0,0,1,1,0,0,0,0,0,1,0,0,0,Rear End,"['Motorcycle Driver', 'Driver']",North,"['Motorcycle', 'Automobile, Station Wagon']","['Going Ahead', 'Slowing or Stopping']","['Following too Close', 'Driving Properly']","['Had Been Drinking', 'Normal']",['Not Applicable'],['Not Applicable'],['Not Applicable'],['Not Applicable'],['Not Applicable'],False,"['35 to 39', '25 to 29']",3.0
1054475.0,2008-07-28 08:00:00,542,2008,RONCESVALLES AVE,HIGH PARK BLVD,Minor Arterial,Toronto and East York,43.646345,-79.44909,625080.0598,4833761.9989,Unknown,No Control,Clear,Daylight,Dry,87,High Park-Swansea,87,High Park-Swansea (87),Non-Fatal Injury,1,0,1,0,0,0,0,0,0,0,0,0,0,Pedestrian Collisions,"['Driver', 'Other', 'Pedestrian']",North,"['Automobile, Station Wagon', 'Other']","['Changing Lanes', 'Parked']",['Lost control'],['Unknown'],['Person Getting on/off Vehicle'],['Normal'],['Not Applicable'],['Not Applicable'],['Not Applicable'],False,"['30 to 34', 'unknown', '50 to 54']",3.0
1054496.0,2008-07-28 08:00:00,1553,2008,MORTIMER AVE,LOGAN AVE,Minor Arterial,Toronto and East York,43.684845,-79.35189,632834.3246,4838189.0297,At Intersection,Traffic Signal,Clear,Daylight,Dry,57,Broadview North,57,Broadview North (57),Non-Fatal Injury,0,0,1,1,0,0,0,0,0,1,1,0,0,Angle,"['Driver', 'Motorcycle Driver']",North,"['Automobile, Station Wagon', 'Motorcycle']",['Going Ahead'],"['Driving Properly', 'Disobeyed Traffic Control']","['Normal', 'Inattentive']",['Not Applicable'],['Not Applicable'],['Not Applicable'],['Not Applicable'],['Not Applicable'],False,"['30 to 34', '45 to 49']",3.0
1054754.0,2008-07-31 08:00:00,1610,2008,THE QUEENSWAY,STEPHEN Driv,Major Arterial,Etobicoke York,43.630345,-79.48429,622273.6215,4831932.5478,At Intersection,Traffic Signal,Clear,Daylight,Dry,16,Stonegate-Queensway,16,Stonegate-Queensway (16),Non-Fatal Injury,0,1,1,0,0,0,0,0,0,0,0,0,0,Cyclist Collisions,"['Driver', 'Cyclist']",West,"['Automobile, Station Wagon', 'Bicycle']","['Going Ahead', 'Changing Lanes']",['Driving Properly'],['Normal'],['Not Applicable'],['Not Applicable'],['Cyclist and Driver travelling in same direction. One vehicle sideswipes the other.'],['Improper Lane Change'],['Unknown'],False,"['25 to 29', '20 to 24']",3.0
1054857.0,2008-08-23 08:00:00,2123,2008,QUEEN ST E,SHERBOURNE ST,Major Arterial,Toronto and East York,43.654545,-79.36949,631481.93,4834795.7656,At Intersection,Traffic Signal,Clear,Dark,Dry,73,Moss Park,73,Moss Park (73),Non-Fatal Injury,1,0,1,0,0,0,0,0,1,1,0,0,0,Pedestrian Collisions,"['Pedestrian', 'Driver']",North,"['Other', 'Automobile, Station Wagon']",['Unknown'],['Exceeding Speed Limit'],['Unknown'],['Crossing without right of way'],['Unknown'],['Not Applicable'],['Not Applicable'],['Not Applicable'],False,"['55 to 59', 'unknown']",3.0
1055195.0,2008-08-26 08:00:00,1111,2008,PLEWES RD,ANCASTER RD,Collector,North York,43.734645,-79.46599,623535.6573,4843543.5851,Unknown,No Control,Clear,Daylight,Dry,155,Downsview,26,Downsview-Roding-CFB (26),Fatal,1,0,1,0,0,0,0,0,0,0,0,0,0,Pedestrian Collisions,"['Vehicle Owner', 'Driver', 'Pedestrian']",East,"['Other', 'Automobile, Station Wagon']",['Reversing'],['Other'],['Unknown'],['Other'],['Unknown'],['Not Applicable'],['Not Applicable'],['Not Applicable'],True,"['unknown', '65 to 69', '75 to 79']",4.0
1055263.0,2008-07-28 08:00:00,2005,2008,FINCH AVE W,JAYZEL DR,Major Arterial,Etobicoke York,43.750645,-79.54909,616812.3435,4845200.0767,At Intersection,Traffic Signal,Clear,Daylight,Dry,22,Humbermede,21,Humber Summit (21),Non-Fatal Injury,1,0,0,0,0,1,0,0,0,0,0,0,0,Pedestrian Collisions,"['Vehicle Owner', 'Driver', 'Pedestrian']",Unknown,"['Other', 'Municipal Transit Bus (TTC)']",['Changing Lanes'],['Improper Lane Change'],['Unknown'],['Pushing/Working on Vehicle'],['Normal'],['Not Applicable'],['Not Applicable'],['Not Applicable'],False,"['unknown', '45 to 49']",3.0
1055418.0,2008-08-28 08:00:00,2022,2008,SHEPPARD AVE E,PHARMACY AVE,Major Arterial,Scarborough,43.776545,-79.31779,635375.9821,4848428.8499,At Intersection,Traffic Signal,Clear,Dark,Dry,147,L'Amoreaux West,117,L'Amoreaux (117),Non-Fatal Injury,1,0,1,0,0,0,0,0,0,1,0,0,0,Pedestrian Collisions,"['Driver', 'Pedestrian']",North,"['Automobile, Station Wagon', 'Other']",['Going Ahead'],['Failed to Yield Right of Way'],['Normal'],['Crossing without right of way'],['Inattentive'],['Not Applicable'],['Not Applicable'],['Not Applicable'],False,"['unknown', '85 to 89']",3.0
1055551.0,2020-06-08 08:00:00,1656,2020,555 WILSON HEIGHTS BLVD,Not Applicable,Minor Arterial,North York,43.751074,-79.456256,624285.5539,4845382.8241,At/Near Private Drive,No Control,Clear,Daylight,Dry,33,Clanton Park,33,Clanton Park (33),Non-Fatal Injury,0,1,1,0,0,0,0,0,0,1,0,0,0,Cyclist Collisions,"['Driver', 'Cyclist']",South,"['Automobile, Station Wagon', 'Bicycle']","['Turning Left', 'Going Ahead']",['Failed to Yield Right of Way'],['Unknown'],['Not Applicable'],['Not Applicable'],['Motorist turned left across cyclists path.'],['Driving Properly'],['Normal'],False,"['unknown', '10 to 14']",3.0
1055623.0,2008-08-31 08:00:00,1614,2008,MCCOWAN RD,HURONIA GT,Major Arterial,Scarborough,43.768645,-79.25019,640834.7021,4847664.1902,At Intersection,No Control,Clear,Daylight,Dry,142,Woburn North,137,Woburn (137),Non-Fatal Injury,0,0,1,0,0,0,0,1,0,0,0,0,0,Rear End,"['Driver', 'Passenger']",South,"['Automobile, Station Wagon', 'Other']","['Stopped', 'Going Ahead']","['Driving Properly', 'Lost control']","['Normal', 'Inattentive']",['Not Applicable'],['Not Applicable'],['Not Applicable'],['Not Applicable'],['Not Applicable'],False,"['45 to 49', '35 to 39', '25 to 29', '30 to 34', '40 to 44']",3.0
1055774.0,2008-08-01 08:00:00,2307,2008,LAKE SHORE W BLVD E,YONGE ST,Major Arterial,Toronto and East York,43.644045,-79.37579,630996.7261,4833619.6395,At Intersection,Traffic Signal,Clear,Dark,Dry,166,St Lawrence-East Bayfront-The Islands,77,Waterfront Communities-The Island (77),Non-Fatal Injury,1,0,1,0,0,0,0,1,0,1,0,1,0,Pedestrian Collisions,"['Passenger', 'Driver', 'Vehicle Owner', 'Pedestrian']",West,"['Other', 'Automobile, Station Wagon']","['Turning Left', 'Going Ahead']","['Driving Properly', 'Following too Close']","['Normal', 'Ability Impaired, Alcohol Over .08']",['On Sidewalk or Shoulder'],['Normal'],['Not Applicable'],['Not Applicable'],['Not Applicable'],False,"['15 to 19', '20 to 24', 'unknown', '25 to 29']",3.0
1055801.0,2008-08-01 08:00:00,1815,2008,LANSDOWNE Aven,BLOOR Stre W,Minor Arterial,Toronto and East York,43.658645,-79.44279,625562.5214,4835137.5881,Unknown,No Control,Clear,Daylight,Dry,171,Junction-Wallace Emerson,93,Dovercourt-Wallace Emerson-Junction (93),Non-Fatal Injury,0,0,1,0,0,0,0,0,0,1,0,0,0,Turning Movement,"['Vehicle Owner', 'Driver']",East,"['Other', 'Automobile, Station Wagon']","['Going Ahead', 'Turning Left']","['Driving Properly', 'Failed to Yield Right of Way']",['Normal'],['Not Applicable'],['Not Applicable'],['Not Applicable'],['Not Applicable'],['Not Applicable'],False,"['unknown', '25 to 29', '20 to 24']",3.0
1055967.0,2008-09-03 08:00:00,1027,2008,VICTORIA PARK AVE,CASSANDRA BLVD,Major Arterial,North York,43.754345,-79.31399,635731.9922,4845969.4197,Unknown,Traffic Signal,Clear,Daylight,Dry,119,Wexford/Maryvale,119,Wexford/Maryvale (119),Non-Fatal Injury,1,0,1,0,0,0,0,0,0,1,0,0,0,Pedestrian Collisions,"['Driver', 'Pedestrian']",South,"['Automobile, Station Wagon', 'Other']","['Going Ahead', 'Stopped']","['Following too Close', 'Driving Properly']",['Normal'],['On Sidewalk or Shoulder'],['Normal'],['Not Applicable'],['Not Applicable'],['Not Applicable'],False,"['40 to 44', '20 to 24', '70 to 74']",3.0
1056289.0,2008-08-02 08:00:00,2007,2008,CALEDONIA Road,JOYCE Park,Minor Arterial,North York,43.709345,-79.46609,623579.6102,4840733.5119,At Intersection,Stop Sign,Clear,Daylight,Dry,31,Yorkdale-Glen Park,31,Yorkdale-Glen Park (31),Non-Fatal Injury,0,0,1,1,0,0,0,0,0,1,0,0,0,Turning Movement,"['Vehicle Owner', 'Motorcycle Driver', 'Driver']",North,"['Other', 'Motorcycle', 'Automobile, Station Wagon']","['Going Ahead', 'Turning Left']","['Driving Properly', 'Failed to Yield Right of Way']",['Normal'],['Not Applicable'],['Not Applicable'],['Not Applicable'],['Not Applicable'],['Not Applicable'],False,"['unknown', '35 to 39']",3.0
1056407.0,2008-09-03 08:00:00,1945,2008,1420 VICTORIA PARK AVE,Not Applicable,Major Arterial,North York,43.721245,-79.30119,636837.8459,4842314.2281,Unknown,No Control,Clear,Daylight,Dry,120,Clairlea-Birchmount,120,Clairlea-Birchmount (120),Non-Fatal Injury,1,0,1,0,0,0,0,0,0,1,0,0,0,Pedestrian Collisions,"['Pedestrian', 'Driver']",South,"['Other', 'Automobile, Station Wagon']","['Unknown', 'Going Ahead']",['Failed to Yield Right of Way'],['Unknown'],"['Crossing, no Traffic Control']",['Normal'],['Not Applicable'],['Not Applicable'],['Not Applicable'],False,"['80 to 84', '45 to 49']",3.0
1056442.0,2008-08-03 08:00:00,1540,2008,68 NORSEMAN ST,Not Applicable,Collector,Etobicoke York,43.635545,-79.51369,619891.5376,4832467.1902,Unknown,No Control,Clear,Daylight,Dry,16,Stonegate-Queensway,16,Stonegate-Queensway (16),Non-Fatal Injury,0,1,0,0,0,0,0,0,0,0,0,0,0,Cyclist Collisions,"['Cyclist', 'Other']",West,"['Bicycle', 'Other']","['Going Ahead', 'Parked']",[],[],['Not Applicable'],['Not Applicable'],['Cyclist strikes a parked vehicle.'],['Other'],['Inattentive'],False,"['20 to 24', 'unknown']",3.0
1056625.0,2008-09-06 08:00:00,1134,2008,EGLINTON AVE W,ATLAS AVE,Major Arterial,North York,43.698245,-79.43839,625834.5049,4839542.3696,Unknown,No Control,Clear,Daylight,Dry,107,Oakwood Village,107,Oakwood Village (107),Non-Fatal Injury,1,0,1,0,0,0,0,0,0,0,0,0,0,Pedestrian Collisions,"['Driver', 'Pedestrian']",East,"['Automobile, Station Wagon', 'Other']",['Going Ahead'],['Driving Properly'],['Normal'],"['Crossing, no Traffic Control']",['Inattentive'],['Not Applicable'],['Not Applicable'],['Not Applicable'],False,"['20 to 24', '60 to 64']",3.0
1056886.0,2008-09-04 08:00:00,1450,2008,AVENUE RD,HEATH ST W,Major Arterial,Toronto and East York,43.690043,-79.402889,628712.7483,4838685.9157,Unknown,No Control,Clear,Daylight,Dry,96,Casa Loma,96,Casa Loma (96),Non-Fatal Injury,0,1,1,0,0,0,1,0,0,1,0,0,0,Cyclist Collisions,"['Driver', 'Vehicle Owner', 'Cyclist']",East,"['Automobile, Station Wagon', 'Police Vehicle']","['Changing Lanes', 'Going Ahead']",['Improper Passing'],['Inattentive'],['Not Applicable'],['Not Applicable'],['Cyclist and Driver travelling in same direction. One vehicle sideswipes the other.'],['Driving Properly'],['Normal'],False,"['unknown', '35 to 39']",3.0
1057099.0,2008-09-08 08:00:00,859,2008,VALHALLA INN RD,427 C N VALHALLA INN RAMP,Collector,Etobicoke York,43.641045,-79.55969,616170.37,4833012.6242,Unknown,No Control,Clear,Daylight,Dry,158,Islington,14,Islington-City Centre West (14),Non-Fatal Injury,1,0,1,0,0,0,0,0,0,0,0,0,0,Pedestrian Collisions,"['Vehicle Owner', 'Driver', 'Pedestrian']",East,"['Other', 'Automobile, Station Wagon']",['Going Ahead'],['Driving Properly'],['Normal'],['Running onto Roadway'],['Inattentive'],['Not Applicable'],['Not Applicable'],['Not Applicable'],False,"['unknown', '20 to 24']",3.0
1057151.0,2008-09-08 08:00:00,2150,2008,MARKHAM RD,NASHDENE RD,Major Arterial,Scarborough,43.819445,-79.24579,641069.255,4853313.838,Unknown,No Control,Rain,Dark,Wet,144,Morningside Heights,131,Rouge (131),Fatal,1,0,1,0,0,0,0,0,0,0,0,0,0,Pedestrian Collisions,"['Driver', 'Pedestrian']",North,"['Automobile, Station Wagon', 'Other']",['Going Ahead'],['Driving Properly'],['Normal'],['Running onto Roadway'],['Unknown'],['Not Applicable'],['Not Applicable'],['Not Applicable'],True,"['25 to 29', '45 to 49']",4.0
1057170.0,2008-08-04 08:00:00,1737,2008,DANFORTH Road,DANFORTH Aven,Major Arterial,Scarborough,43.693645,-79.27729,638826.6992,4839288.5907,At Intersection,Traffic Signal,Clear,Daylight,Dry,121,Oakridge,121,Oakridge (121),Non-Fatal Injury,0,0,1,0,0,0,0,1,0,1,0,0,1,Rear End,"['Passenger', 'Driver', 'Vehicle Owner']",South,"['Other', 'Automobile, Station Wagon']","['Stopped', 'Other', 'Going Ahead']","['Driving Properly', 'Following too Close']","['Normal', 'Medical or Physical Disability']",['Not Applicable'],['Not Applicable'],['Not Applicable'],['Not Applicable'],['Not Applicable'],False,"['35 to 39', '50 to 54', '15 to 19', '10 to 14', 'unknown', '30 to 34']",3.0
1057611.0,2008-08-15 08:00:00,1958,2008,DUPONT Stre,CHRISTIE Stre,Major Arterial,Toronto and East York,43.671745,-79.42089,627300.7084,4836625.8914,Unknown,No Control,Rain,Daylight,Wet,95,Annex,95,Annex (95),Non-Fatal Injury,0,0,1,0,0,0,0,0,0,0,0,0,0,Sideswipe,"['Driver', 'Vehicle Owner']",West,"['Automobile, Station Wagon', 'Other']","['Stopped', 'Going Ahead']","['Driving Properly', 'Lost control']","['Normal', 'Unknown']",['Not Applicable'],['Not Applicable'],['Not Applicable'],['Not Applicable'],['Not Applicable'],False,"['35 to 39', '60 to 64', '40 to 44', 'unknown', '15 to 19', '30 to 34', '50 to 54']",3.0
1057630.0,2008-06-20 08:00:00,1030,2008,SEELEY DR,SHEPPARD AVE W,Major Arterial,North York,43.743045,-79.49419,621247.7034,4844434.8689,At Intersection,No Control,Clear,Daylight,Dry,155,Downsview,26,Downsview-Roding-CFB (26),Non-Fatal Injury,1,0,1,0,0,0,0,0,0,1,0,0,0,Pedestrian Collisions,"['Driver', 'Pedestrian']",West,"['Automobile, Station Wagon', 'Other']",['Turning Left'],['Failed to Yield Right of Way'],['Unknown'],['Crossing with right of way'],['Normal'],['Not Applicable'],['Not Applicable'],['Not Applicable'],False,"['unknown', '20 to 24']",3.0
1057794.0,2008-08-18 08:00:00,750,2008,3807 VICTORIA PARK Ave,Not Applicable,Major Arterial,North York,43.809945,-79.33879,633611.5332,4852104.3233,Unknown,No Control,Clear,Daylight,Dry,116,Steeles,116,Steeles (116),Non-Fatal Injury,0,0,1,0,0,0,0,0,0,0,0,0,1,Approaching,['Driver'],North,"['Automobile, Station Wagon']",['Going Ahead'],"['Lost control', 'Driving Properly']","['Medical or Physical Disability', 'Normal']",['Not Applicable'],['Not Applicable'],['Not Applicable'],['Not Applicable'],['Not Applicable'],False,"['65 to 69', '50 to 54']",3.0
1057892.0,2008-09-10 08:00:00,806,2008,TRETHEWEY DR,TEDDER ST,Minor Arterial,Etobicoke York,43.697345,-79.49899,620953.1256,4839352.2266,At Intersection,No Control,Clear,Daylight,Dry,30,Brookhaven-Amesbury,30,Brookhaven-Amesbury (30),Fatal,0,1,1,0,0,0,0,0,1,1,0,0,0,Cyclist Collisions,"['Driver', 'Cyclist']",East,"['Automobile, Station Wagon', 'Bicycle']",['Turning Left'],['Failed to Yield Right of Way'],['Inattentive'],['Not Applicable'],['Not Applicable'],['Motorist turned left across cyclists path.'],['Driving Properly'],['Normal'],True,['50 to 54'],4.0
1057921.0,2008-09-10 08:00:00,2133,2008,F G GARDINER XY Expr E,SPADINA AVE,Major Arterial,Toronto and East York,43.637745,-79.39849,629179.3942,4832884.3639,Unknown,No Control,Clear,Dark,Dry,165,Harbourfront-CityPlace,77,Waterfront Communities-The Island (77),Non-Fatal Injury,0,0,1,0,0,0,0,0,0,0,0,0,0,SMV Other,['Driver'],East,"['Automobile, Station Wagon']",['Going Ahead'],['Lost control'],['Unknown'],['Not Applicable'],['Not Applicable'],['Not Applicable'],['Not Applicable'],['Not Applicable'],False,['40 to 44'],3.0
1057950.0,2008-08-19 08:00:00,1220,2008,BAY ST,DAVENPORT RD,Major Arterial,Toronto and East York,43.673145,-79.39079,629724.2425,4836828.013,At Intersection,Traffic Signal,Clear,Daylight,Dry,95,Annex,95,Annex (95),Non-Fatal Injury,1,0,0,0,1,0,0,0,0,1,0,0,0,Pedestrian Collisions,"['Truck Driver', 'Pedestrian']",East,"['Truck - Open', 'Other']",['Going Ahead'],['Failed to Yield Right of Way'],['Inattentive'],['Crossing with right of way'],['Unknown'],['Not Applicable'],['Not Applicable'],['Not Applicable'],False,"['55 to 59', '85 to 89']",3.0
1057990.0,2008-08-21 08:00:00,1755,2008,EGLINTON Aven W,LLOYD MANOR Road,Major Arterial,Etobicoke York,43.676345,-79.55439,616529.5498,4836940.5737,Unknown,No Control,Clear,Daylight,Dry,10,Princess-Rosethorn,10,Princess-Rosethorn (10),Non-Fatal Injury,0,0,1,0,1,0,0,0,0,1,0,0,0,Rear End,"['Driver', 'Vehicle Owner', 'Truck Driver']",East,"['Automobile, Station Wagon', 'Other', 'Truck - Open']","['Stopped', 'Going Ahead']","['Driving Properly', 'Following too Close']",['Normal'],['Not Applicable'],['Not Applicable'],['Not Applicable'],['Not Applicable'],['Not Applicable'],False,"['25 to 29', 'unknown', '30 to 34', '60 to 64', '40 to 44']",3.0
1058134.0,2008-08-23 08:00:00,220,2008,SHAVER Aven S,BLOOR Stre W,Collector,Etobicoke York,43.638345,-79.54769,617143.5024,4832729.6206,Unknown,No Control,Clear,Dark,Dry,158,Islington,14,Islington-City Centre West (14),Non-Fatal Injury,0,0,1,0,0,0,0,0,1,1,0,1,0,SMV Other,"['Vehicle Owner', 'Driver']",South,"['Other', 'Automobile, Station Wagon']",['Going Ahead'],['Lost control'],"['Ability Impaired, Alcohol']",['Not Applicable'],['Not Applicable'],['Not Applicable'],['Not Applicable'],['Not Applicable'],False,"['unknown', '25 to 29']",3.0
1058226.0,2008-08-20 08:00:00,1913,2008,BURNHAMTHORPE Road,RENFORTH Driv,Major Arterial,Etobicoke York,43.643345,-79.57249,615133.5657,4833250.2327,At Intersection,Traffic Signal,Clear,Daylight,Dry,11,Eringate-Centennial-West Deane,11,Eringate-Centennial-West Deane (11),Non-Fatal Injury,0,0,1,0,0,0,0,0,0,1,1,0,0,Turning Movement,['Driver'],East,"['Automobile, Station Wagon']","['Turning Left', 'Going Ahead', 'Stopped']","['Improper Turn', 'Disobeyed Traffic Control', 'Driving Properly']",['Normal'],['Not Applicable'],['Not Applicable'],['Not Applicable'],['Not Applicable'],['Not Applicable'],False,"['50 to 54', '60 to 64']",3.0
1058363.0,2008-08-22 08:00:00,1355,2008,DUNDAS Stre W,WEST MALL Cres,Major Arterial,Etobicoke York,43.627345,-79.56239,615978.9457,4831487.2944,At Intersection,Traffic Signal,Clear,Daylight,Dry,12,Markland Wood,12,Markland Wood (12),Non-Fatal Injury,0,0,1,0,0,0,0,0,0,1,0,0,0,Turning Movement,"['Vehicle Owner', 'Driver']",East,"['Other', 'Pick Up Truck', 'Automobile, Station Wagon']","['Turning Left', 'Stopped', 'Going Ahead']","['Failed to Yield Right of Way', 'Driving Properly']","['Inattentive', 'Normal']",['Not Applicable'],['Not Applicable'],['Not Applicable'],['Not Applicable'],['Not Applicable'],False,"['unknown', '15 to 19', '40 to 44', '25 to 29']",3.0
1058466.0,2008-08-26 08:00:00,745,2008,ST CLAIR AVE W,WINONA DR,Major Arterial,Toronto and East York,43.680145,-79.43299,626307.6271,4837540.3265,Unknown,No Control,Clear,Daylight,Dry,94,Wychwood,94,Wychwood (94),Non-Fatal Injury,0,1,1,0,0,0,0,0,0,0,0,0,0,Cyclist Collisions,"['Driver', 'Cyclist']",West,"['Automobile, Station Wagon', 'Bicycle']","['Parked', 'Going Ahead']",['Other'],['Normal'],['Not Applicable'],['Not Applicable'],['Cyclist struck opened vehicle door'],['Driving Properly'],['Normal'],False,"['30 to 34', '45 to 49']",3.0