accident_number,date,time,year,street1,street2,road_class,district,latitude,longitude,x,y,accident_location,traffctl,visibility,light,road_surface_condition,hood_158,neighbourhood_new,hood_140,neighbourhood_old,accident_class,pedestrian,cyclist,automobile,motorcycle,truck,trsn_city_veh,emerg_veh,passenger,speeding,aggressive_driving,redlight,alcohol,disability,impact_type,involvement_type,initial_direction,vehicle_type,manoeuver,driver_action,driver_condition,pedestrian_action,pedestrian_condition,cyclist_type,cyclist_action,cyclist_condition,injury,involvement_age,injury_severity_score
1058507.0,2008-08-28 08:00:00,1402,2008,LAKE SHORE BLVD W,THIRTY SEVENTH ST,Major Arterial,Etobicoke York,43.593345,-79.53819,617997.7582,4827745.2774,At Intersection,Traffic Signal,Clear,Daylight,Dry,19,Long Branch,19,Long Branch (19),Non-Fatal Injury,0,0,1,0,1,0,0,0,0,0,0,0,0,Turning Movement,"['Vehicle Owner', 'Truck Driver', 'Driver']",East,"['Other', 'Truck - Open', 'Automobile, Station Wagon']","['Going Ahead', 'Making U Turn']","['Driving Properly', 'Improper Turn']",['Normal'],['Not Applicable'],['Not Applicable'],['Not Applicable'],['Not Applicable'],['Not Applicable'],False,"['unknown', '50 to 54', '25 to 29']",3.0
1058523.0,2008-08-29 08:00:00,1440,2008,ST DENNIS DR,DEAUVILLE LANE,Collector,North York,43.718345,-79.33139,634411.717,4841942.7196,At Intersection,Traffic Signal,Clear,Daylight,Dry,44,Flemingdon Park,44,Flemingdon Park (44),Non-Fatal Injury,0,0,1,0,1,0,0,1,0,1,1,0,0,Angle,"['Truck Driver', 'Passenger', 'Driver']",North,"['Truck - Open', 'Other', 'Automobile, Station Wagon']",['Going Ahead'],"['Disobeyed Traffic Control', 'Driving Properly']","['Inattentive', 'Normal']",['Not Applicable'],['Not Applicable'],['Not Applicable'],['Not Applicable'],['Not Applicable'],False,"['45 to 49', '55 to 59', '70 to 74']",3.0
1058658.0,2008-09-14 08:00:00,2152,2008,F G GARDINER Expr E,DON VALLEY PARKWAY  N,Major Arterial,Toronto and East York,43.650945,-79.34839,633191.3799,4834429.5886,Unknown,No Control,Rain,Dark,Wet,166,St Lawrence-East Bayfront-The Islands,77,Waterfront Communities-The Island (77),Non-Fatal Injury,0,0,1,0,0,0,0,0,0,0,0,0,0,SMV Other,['Driver'],East,"['Automobile, Station Wagon']",['Going Ahead'],['Lost control'],['Normal'],['Not Applicable'],['Not Applicable'],['Not Applicable'],['Not Applicable'],['Not Applicable'],False,['30 to 34'],3.0
1058659.0,2008-09-14 08:00:00,2230,2008,F G GARDINER Expr W,CHERRY Stre,Major Arterial,Toronto and East York,43.649145,-79.35609,632574.3794,4834217.3446,Unknown,No Control,Clear,Dark,Dry,166,St Lawrence-East Bayfront-The Islands,77,Waterfront Communities-The Island (77),Non-Fatal Injury,0,0,1,0,0,0,0,0,0,0,0,0,0,SMV Other,['Driver'],East,"['Automobile, Station Wagon']",['Going Ahead'],['Lost control'],['Normal'],['Not Applicable'],['Not Applicable'],['Not Applicable'],['Not Applicable'],['Not Applicable'],False,['30 to 34'],3.0
1058686.0,2008-08-27 08:00:00,723,2008,EGLINTON Aven W,ALAMEDA Aven,Major Arterial,North York,43.697845,-79.44029,625682.2372,4839495.0622,At Intersection,Stop Sign,Clear,Daylight,Dry,108,Briar Hill-Belgravia,108,Briar Hill-Belgravia (108),Non-Fatal Injury,0,0,1,1,0,0,0,0,0,1,0,0,0,Turning Movement,"['Motorcycle Driver', 'Driver']",East,"['Motorcycle', 'Automobile, Station Wagon']","['Going Ahead', 'Turning Left']","['Improper Passing', 'Improper Turn']",['Normal'],['Not Applicable'],['Not Applicable'],['Not Applicable'],['Not Applicable'],['Not Applicable'],False,"['50 to 54', '55 to 59']",3.0
1058699.0,2008-08-27 08:00:00,1354,2008,VICTORIA PARK Aven,SLOANE Aven,Major Arterial,North York,43.738745,-79.30849,636210.1533,4844245.8334,At Intersection,Stop Sign,Clear,Daylight,Dry,43,Victoria Village,43,Victoria Village (43),Non-Fatal Injury,1,0,0,1,0,0,0,0,0,0,0,0,0,Pedestrian Collisions,"['Motorcycle Driver', 'Pedestrian']",South,"['Motorcycle', 'Other']",['Going Ahead'],['Lost control'],['Normal'],['Crossing without right of way'],['Unknown'],['Not Applicable'],['Not Applicable'],['Not Applicable'],False,"['45 to 49', '40 to 44']",3.0
1058736.0,2008-08-30 08:00:00,308,2008,UNIVERSITY AVE,ELM ST,Major Arterial,Toronto and East York,43.656345,-79.38899,629905.5807,4834964.9652,Unknown,Traffic Signal,Clear,Daylight,Dry,78,Kensington-Chinatown,78,Kensington-Chinatown (78),Non-Fatal Injury,0,0,1,0,0,0,0,1,0,0,0,0,0,Turning Movement,"['Vehicle Owner', 'Driver', 'Passenger']",South,"['Other', 'Automobile, Station Wagon']","['Going Ahead', 'Turning Left']","['Driving Properly', 'Improper Turn']",['Normal'],['Not Applicable'],['Not Applicable'],['Not Applicable'],['Not Applicable'],['Not Applicable'],False,"['unknown', '40 to 44', '20 to 24', '25 to 29']",3.0
1058820.0,2008-08-31 08:00:00,2240,2008,LESLIE ST,FINCH AVE E,Major Arterial,North York,43.789345,-79.36789,631316.1125,4849769.788,Unknown,No Control,Clear,Dark,Dry,47,Don Valley Village,47,Don Valley Village (47),Non-Fatal Injury,0,0,1,0,0,0,0,0,1,1,0,0,0,SMV Other,"['Driver', 'Other Property Owner']",South,"['Automobile, Station Wagon', 'Other']",['Going Ahead'],['Lost control'],['Had Been Drinking'],['Not Applicable'],['Not Applicable'],['Not Applicable'],['Not Applicable'],['Not Applicable'],False,"['50 to 54', 'unknown']",3.0
1058854.0,2008-08-31 08:00:00,1825,2008,ALBION RD,BEATTIE AVE,Major Arterial,Etobicoke York,43.725345,-79.55079,616724.6235,4842387.7543,Unknown,No Control,Clear,Daylight,Dry,5,Elms-Old Rexdale,5,Elms-Old Rexdale (5),Non-Fatal Injury,0,0,1,0,0,0,0,1,0,1,0,0,0,Rear End,"['Passenger', 'Driver']",North,"['Other', 'Automobile, Station Wagon']","['Stopped', 'Going Ahead']","['Driving Properly', 'Following too Close']",['Normal'],['Not Applicable'],['Not Applicable'],['Not Applicable'],['Not Applicable'],['Not Applicable'],False,"['40 to 44', '45 to 49', '30 to 34']",3.0
1058925.0,2008-09-04 08:00:00,2334,2008,YONGE Stre,BREADALBANE Stre,Major Arterial,Toronto and East York,43.663845,-79.38419,630276.4162,4835805.466,At Intersection,Stop Sign,Clear,Daylight,Dry,169,Bay-Cloverhill,76,Bay Street Corridor (76),Non-Fatal Injury,1,0,1,0,0,0,0,0,0,1,0,1,0,Pedestrian Collisions,"['Vehicle Owner', 'Driver', 'Pedestrian']",East,"['Other', 'Automobile, Station Wagon']",['Turning Left'],['Failed to Yield Right of Way'],"['Ability Impaired, Alcohol Over .08']",['Crossing with right of way'],['Had Been Drinking'],['Not Applicable'],['Not Applicable'],['Not Applicable'],False,"['unknown', '20 to 24', '35 to 39']",3.0
1058981.0,2008-09-15 08:00:00,2205,2008,FINCH Aven W,BATHURST Stre,Major Arterial,North York,43.773945,-79.44239,625354.1283,4847943.8897,Unknown,Missing Control,Other,Dark,Other,36,Newtonbrook West,36,Newtonbrook West (36),Non-Fatal Injury,0,0,1,0,0,0,0,0,0,0,0,0,0,SMV Other,['Driver'],Unknown,"['Automobile, Station Wagon']",['Going Ahead'],[],[],['Not Applicable'],['Not Applicable'],['Not Applicable'],['Not Applicable'],['Not Applicable'],False,['20 to 24'],3.0
1058993.0,2008-09-15 08:00:00,1003,2008,261 FINCH Aven W,Not Applicable,Major Arterial,North York,43.774545,-79.43839,625674.7883,4848016.5925,Unknown,No Control,Clear,Daylight,Dry,37,Willowdale West,37,Willowdale West (37),Non-Fatal Injury,0,0,1,0,0,0,0,0,0,0,0,0,0,Angle,['Driver'],Unknown,"['Automobile, Station Wagon']",['Changing Lanes'],[],[],['Not Applicable'],['Not Applicable'],['Not Applicable'],['Not Applicable'],['Not Applicable'],False,['20 to 24'],3.0
1059047.0,2008-09-06 08:00:00,610,2008,BURNHAMTHORPE RD,THE WEST MALL,Major Arterial,Etobicoke York,43.644545,-79.567188,615558.8926,4833390.8761,At Intersection,Traffic Signal,Rain,Dark,Wet,13,Etobicoke West Mall,13,Etobicoke West Mall (13),Non-Fatal Injury,1,0,1,0,0,0,0,0,0,0,0,0,0,Pedestrian Collisions,"['Driver', 'Pedestrian']",West,"['Automobile, Station Wagon', 'Other']","['Going Ahead', 'Other']",['Driving Properly'],['Normal'],['Crossing without right of way'],['Inattentive'],['Not Applicable'],['Not Applicable'],['Not Applicable'],False,"['45 to 49', '50 to 54']",3.0
1059152.0,2008-09-03 08:00:00,1445,2008,185 CARLINGVIEW Driv,Not Applicable,Major Arterial,Etobicoke York,43.684845,-79.59469,613264.9788,4837828.785,Unknown,No Control,Clear,Daylight,Dry,1,West Humber-Clairville,1,West Humber-Clairville (1),Non-Fatal Injury,0,0,1,0,0,0,0,0,0,1,0,0,0,Rear End,['Driver'],South,"['Automobile, Station Wagon']","['Going Ahead', 'Stopped']","['Following too Close', 'Driving Properly']",['Normal'],['Not Applicable'],['Not Applicable'],['Not Applicable'],['Not Applicable'],['Not Applicable'],False,"['35 to 39', '45 to 49']",3.0
1059312.0,2008-08-07 08:00:00,151,2008,DANFORTH Aven,BASTEDO Aven,Major Arterial,Toronto and East York,43.684345,-79.31919,635471.0333,4838186.3951,Unknown,No Control,Clear,Dark,Dry,66,Danforth,66,Danforth (66),Non-Fatal Injury,0,0,1,1,0,0,0,0,0,0,0,1,0,Sideswipe,"['Vehicle Owner', 'Motorcycle Driver', 'Driver']",East,"['Other', 'Motorcycle', 'Automobile, Station Wagon']","['Pulling Away from Shoulder or Curb', 'Going Ahead']","['Lost control', 'Driving Properly']","['Ability Impaired, Alcohol Over .08', 'Normal']",['Not Applicable'],['Not Applicable'],['Not Applicable'],['Not Applicable'],['Not Applicable'],False,"['unknown', '45 to 49', '35 to 39']",3.0
1059399.0,2008-09-17 08:00:00,1838,2008,KINGSTON RD,WOODBINE AVE,Major Arterial,Toronto and East York,43.673945,-79.30789,636405.3742,4837049.8525,At Intersection,Traffic Signal,Clear,Daylight,Dry,63,The Beaches,63,The Beaches (63),Fatal,0,0,1,0,1,0,0,0,0,0,0,0,1,Approaching,"['Vehicle Owner', 'Truck Driver', 'Driver']",East,"['Other', 'Truck - Open', 'Automobile, Station Wagon']","['Going Ahead', 'Stopped']","['Lost control', 'Driving Properly']","['Medical or Physical Disability', 'Normal']",['Not Applicable'],['Not Applicable'],['Not Applicable'],['Not Applicable'],['Not Applicable'],True,"['unknown', '45 to 49', '50 to 54']",4.0
1059416.0,2008-09-03 08:00:00,1900,2008,ALBION RD,INDIAN LINE Aven W,Major Arterial,Etobicoke York,43.749045,-79.63839,609625.7026,4844900.3237,Unknown,No Control,Clear,Daylight,Dry,1,West Humber-Clairville,1,West Humber-Clairville (1),Non-Fatal Injury,0,0,1,0,0,0,0,1,0,1,0,0,0,Rear End,"['Vehicle Owner', 'Driver', 'Passenger']",South,"['Other', 'Automobile, Station Wagon']","['Going Ahead', 'Pulling Onto Shoulder or towardCurb']","['Driving Properly', 'Following too Close']",['Normal'],['Not Applicable'],['Not Applicable'],['Not Applicable'],['Not Applicable'],['Not Applicable'],False,"['unknown', '45 to 49', '40 to 44', '25 to 29']",3.0
1059535.0,2008-08-29 08:00:00,1333,2008,RUNNYMEDE RD,GLENWOOD AVE,Minor Arterial,Toronto and East York,43.657145,-79.47879,622662.761,4834917.1449,At Intersection,No Control,Clear,Daylight,Dry,88,High Park North,88,High Park North (88),Non-Fatal Injury,0,1,1,0,0,0,0,0,0,1,0,0,0,Cyclist Collisions,"['Driver', 'Cyclist']",North,"['Automobile, Station Wagon', 'Bicycle']",['Going Ahead'],['Failed to Yield Right of Way'],['Normal'],['Not Applicable'],['Not Applicable'],['Cyclist and Driver travelling in same direction. One vehicle rear-ended the other.'],['Driving Properly'],['Normal'],False,"['80 to 84', '60 to 64']",3.0
1060516.0,2008-09-23 08:00:00,1652,2008,HIGHWAY 27  S,DIXON RD,Major Arterial,Etobicoke York,43.683645,-79.58019,614435.9375,4837715.4136,Unknown,No Control,Clear,Daylight,Wet,1,West Humber-Clairville,1,West Humber-Clairville (1),Fatal,0,0,1,0,1,0,0,0,0,0,0,0,0,Approaching,"['Vehicle Owner', 'Truck Driver', 'Driver']",North,"['Other', 'Truck - Open', 'Automobile, Station Wagon']","['Going Ahead', 'Pulling Away from Shoulder or Curb']","['Driving Properly', 'Lost control']","['Normal', 'Unknown']",['Not Applicable'],['Not Applicable'],['Not Applicable'],['Not Applicable'],['Not Applicable'],True,"['unknown', '35 to 39', '25 to 29']",4.0
1060729.0,2008-09-08 08:00:00,1613,2008,FINCH AVE W,KEELE ST,Major Arterial,Etobicoke York,43.763545,-79.49089,621471.9397,4846716.5302,At Intersection,Traffic Signal,Clear,Daylight,Dry,27,York University Heights,27,York University Heights (27),Non-Fatal Injury,1,0,1,0,0,0,0,0,0,0,0,0,0,Pedestrian Collisions,"['Vehicle Owner', 'Driver', 'Pedestrian']",South,"['Other', 'Automobile, Station Wagon']",['Going Ahead'],['Driving Properly'],['Normal'],"['Crossing, no Traffic Control']",['Normal'],['Not Applicable'],['Not Applicable'],['Not Applicable'],False,"['unknown', '20 to 24', '45 to 49']",3.0
1060768.0,2008-09-10 08:00:00,2047,2008,ST CLAIR Aven E,MIDLAND Aven,Minor Arterial,Scarborough,43.718745,-79.25129,640863.1595,4842120.1699,At Intersection,Traffic Signal,Clear,Daylight,Dry,122,Birchcliffe-Cliffside,123,Cliffcrest (123),Non-Fatal Injury,0,1,1,0,0,0,0,0,0,1,0,0,0,Cyclist Collisions,"['Driver', 'Cyclist']",North,"['Automobile, Station Wagon', 'Bicycle']","['Turning Left', 'Going Ahead']",['Failed to Yield Right of Way'],['Normal'],['Not Applicable'],['Not Applicable'],['Motorist turned left across cyclists path.'],['Other'],['Had Been Drinking'],False,"['65 to 69', '55 to 59']",3.0
1060815.0,2008-08-23 08:00:00,1425,2008,MILLWOOD Rd,REDWAY Rd,Major Arterial,North York,43.701845,-79.35819,632289.1673,4840067.0451,At Intersection,Traffic Signal,Clear,Daylight,Dry,56,Leaside-Bennington,56,Leaside-Bennington (56),Non-Fatal Injury,0,1,1,0,0,0,0,0,0,0,0,0,0,Cyclist Collisions,"['Driver', 'Cyclist']",North,"['Automobile, Station Wagon', 'Bicycle']","['Turning Left', 'Going Ahead']",['Improper Turn'],['Normal'],['Not Applicable'],['Not Applicable'],['Motorist turned left across cyclists path.'],['Disobeyed Traffic Control'],['Normal'],False,"['25 to 29', '45 to 49']",3.0
1061106.0,2008-09-25 08:00:00,2027,2008,JARVIS ST,CARLTON ST,Major Arterial,Toronto and East York,43.664645,-79.377589,630806.897,4835904.7033,Unknown,No Control,Clear,Dark,Dry,71,Cabbagetown-South St.James Town,71,Cabbagetown-South St.James Town (71),Non-Fatal Injury,0,0,1,1,0,0,0,0,0,1,0,0,0,Turning Movement,"['Motorcycle Driver', 'Vehicle Owner', 'Driver']",South,"['Motorcycle', 'Other', 'Automobile, Station Wagon']","['Going Ahead', 'Making U Turn']","['Driving Properly', 'Failed to Yield Right of Way']","['Normal', 'Inattentive']",['Not Applicable'],['Not Applicable'],['Not Applicable'],['Not Applicable'],['Not Applicable'],False,"['45 to 49', 'unknown', '65 to 69']",3.0
1061341.0,2008-09-28 08:00:00,545,2008,WILSON AVE,HIGHWAY 400  S,Major Arterial,Etobicoke York,43.718145,-79.52109,619131.0563,4841630.3528,At Intersection,No Control,Clear,Dark,Wet,154,Oakdale-Beverley Heights,26,Downsview-Roding-CFB (26),Fatal,0,0,1,0,0,0,0,0,1,1,0,0,0,SMV Other,['Driver'],East,"['Automobile, Station Wagon']",['Going Ahead'],['Exceeding Speed Limit'],['Had Been Drinking'],['Not Applicable'],['Not Applicable'],['Not Applicable'],['Not Applicable'],['Not Applicable'],True,['55 to 59'],4.0
1061541.0,2008-09-29 08:00:00,412,2008,DON VALLEY PARKWAY  S,BEECHWOOD DR,Expressway,Toronto and East York,43.696845,-79.35299,632719.1943,4839520.0354,Unknown,No Control,Clear,Dark,Dry,57,Broadview North,57,Broadview North (57),Non-Fatal Injury,0,0,1,0,0,0,0,1,0,1,0,1,0,Approaching,"['Passenger', 'Driver', 'Vehicle Owner']",South,"['Other', 'Automobile, Station Wagon']",['Going Ahead'],"['Driving Properly', 'Wrong Way on One Way Road']","['Normal', 'Ability Impaired, Alcohol Over .08']",['Not Applicable'],['Not Applicable'],['Not Applicable'],['Not Applicable'],['Not Applicable'],False,"['50 to 54', 'unknown', '20 to 24', '25 to 29']",3.0
1061921.0,2008-09-30 08:00:00,707,2008,SHEPPARD AVE W,HAMMELL ST,Major Arterial,North York,43.755145,-79.44049,625546.3597,4845858.7456,Unknown,No Control,Rain,Daylight,Wet,34,Bathurst Manor,34,Bathurst Manor (34),Non-Fatal Injury,1,0,1,0,0,0,0,0,0,0,0,0,0,Pedestrian Collisions,"['Vehicle Owner', 'Pedestrian', 'Driver']",East,"['Other', 'Automobile, Station Wagon']",['Going Ahead'],['Driving Properly'],['Normal'],['Running onto Roadway'],['Inattentive'],['Not Applicable'],['Not Applicable'],['Not Applicable'],False,"['unknown', '40 to 44', '55 to 59']",3.0
1062115.0,2008-09-02 08:00:00,920,2008,ST CLAIR AVE W,LAUGHTON AVE,Major Arterial,Toronto and East York,43.674745,-79.45759,624335.8974,4836903.4155,At Intersection,Traffic Signal,Clear,Daylight,Dry,91,Weston-Pelham Park,91,Weston-Pellam Park (91),Non-Fatal Injury,1,0,1,0,0,0,0,0,0,1,0,0,0,Pedestrian Collisions,"['Vehicle Owner', 'Driver', 'Pedestrian']",North,"['Other', 'Automobile, Station Wagon']","['Turning Left', 'Unknown']",['Failed to Yield Right of Way'],['Inattentive'],['Crossing with right of way'],['Normal'],['Not Applicable'],['Not Applicable'],['Not Applicable'],False,"['unknown', '20 to 24', '0 to 4', '30 to 34']",3.0
1062269.0,2008-09-18 08:00:00,1620,2008,BEVERLEY St,COLLEGE St,Minor Arterial,Toronto and East York,43.657945,-79.39559,629369.9408,4835132.3546,Unknown,No Control,Clear,Daylight,Dry,78,Kensington-Chinatown,78,Kensington-Chinatown (78),Non-Fatal Injury,0,1,1,0,0,0,0,0,0,1,0,0,0,Cyclist Collisions,"['Driver', 'Cyclist']",South,"['Automobile, Station Wagon', 'Bicycle']","['Making U Turn', 'Going Ahead']",['Failed to Yield Right of Way'],['Inattentive'],['Not Applicable'],['Not Applicable'],['Motorist makes u-turn in-front of cyclist.'],['Driving Properly'],['Normal'],False,"['55 to 59', '30 to 34']",3.0
1062414.0,2008-08-15 08:00:00,630,2008,LAWRENCE AVE W,CALEDONIA RD,Major Arterial,North York,43.711345,-79.46719,623486.8805,4840954.0006,Unknown,No Control,Clear,Daylight,Dry,31,Yorkdale-Glen Park,31,Yorkdale-Glen Park (31),Non-Fatal Injury,0,0,1,0,0,0,0,0,0,0,0,0,1,Sideswipe,['Driver'],East,"['Automobile, Station Wagon']",['Going Ahead'],"['Driving Properly', 'Lost control']","['Normal', 'Medical or Physical Disability']",['Not Applicable'],['Not Applicable'],['Not Applicable'],['Not Applicable'],['Not Applicable'],False,"['40 to 44', '85 to 89']",3.0
1062415.0,2008-10-02 08:00:00,1025,2008,YONGE ST,BISHOP AVE,Major Arterial,North York,43.783245,-79.41639,627426.8308,4849016.4892,Unknown,No Control,Clear,Daylight,Dry,50,Newtonbrook East,50,Newtonbrook East (50),Fatal,1,0,1,0,0,0,0,0,0,0,0,0,0,Pedestrian Collisions,"['Vehicle Owner', 'Driver', 'Pedestrian']",North,"['Other', 'Automobile, Station Wagon']",['Going Ahead'],['Driving Properly'],['Normal'],"['Crossing, no Traffic Control']",['Inattentive'],['Not Applicable'],['Not Applicable'],['Not Applicable'],True,"['unknown', '45 to 49', '85 to 89']",4.0
1062444.0,2008-10-02 08:00:00,2038,2008,FINCH Ave W,DUFFERIN St,Major Arterial,North York,43.768145,-79.46989,623152.8547,4847258.4459,Unknown,No Control,Rain,Dark,Wet,27,York University Heights,27,York University Heights (27),Non-Fatal Injury,1,0,1,0,0,0,0,1,0,0,0,0,0,Pedestrian Collisions,"['Pedestrian', 'Passenger', 'Vehicle Owner', 'Driver']",North,"['Other', 'Automobile, Station Wagon']",['Going Ahead'],['Driving Properly'],['Normal'],"['Crossing, no Traffic Control']",['Normal'],['Not Applicable'],['Not Applicable'],['Not Applicable'],False,"['65 to 69', '15 to 19', 'unknown']",3.0
1062512.0,2008-09-13 08:00:00,1450,2008,ADELAIDE St E,POWER St,Major Arterial,Toronto and East York,43.654345,-79.36229,632062.9722,4834784.987,Unknown,No Control,Clear,Daylight,Dry,73,Moss Park,73,Moss Park (73),Non-Fatal Injury,0,1,0,0,0,0,0,0,0,0,0,0,0,Cyclist Collisions,['Cyclist'],East,['Bicycle'],['Going Ahead'],[],[],['Not Applicable'],['Not Applicable'],"['Cyclist loses control and strikes object (pole, ttc track)']",['Lost control'],['Normal'],False,['20 to 24'],3.0
1062586.0,2008-09-20 08:00:00,1025,2008,ISLINGTON AVE,DIXON RD,Major Arterial,Etobicoke York,43.697045,-79.54669,617109.9585,4839250.4313,Unknown,No Control,Clear,Daylight,Dry,6,Kingsview Village-The Westway,6,Kingsview Village-The Westway (6),Non-Fatal Injury,0,0,1,0,0,0,0,0,0,1,0,0,0,Rear End,['Driver'],South,"['Automobile, Station Wagon']","['Going Ahead', 'Slowing or Stopping']","['Following too Close', 'Driving Properly']",['Normal'],['Not Applicable'],['Not Applicable'],['Not Applicable'],['Not Applicable'],['Not Applicable'],False,"['55 to 59', '45 to 49']",3.0
1062626.0,2008-10-03 08:00:00,2327,2008,F G GARDINER XY  E,ELLIS AVE,Expressway,Toronto and East York,43.636344,-79.466892,623664.8413,4832624.5845,Unknown,No Control,Clear,Dark,Dry,85,South Parkdale,85,South Parkdale (85),Fatal,0,0,1,1,0,0,0,1,1,1,0,0,0,Rear End,"['Motorcycle Driver', 'Driver', 'Vehicle Owner', 'Passenger']",East,"['Motorcycle', 'Delivery Van', 'Automobile, Station Wagon']","['Merging', 'Stopped', 'Going Ahead']","['Exceeding Speed Limit', 'Driving Properly']","['Had Been Drinking', 'Normal']",['Not Applicable'],['Not Applicable'],['Not Applicable'],['Not Applicable'],['Not Applicable'],True,"['35 to 39', '40 to 44', 'unknown', '30 to 34']",4.0
1062738.0,2008-10-05 08:00:00,338,2008,SPADINA AVE,OXFORD ST,Major Arterial,Toronto and East York,43.656745,-79.39959,629049.9722,4834992.8497,Unknown,No Control,Clear,Dark,Dry,78,Kensington-Chinatown,78,Kensington-Chinatown (78),Non-Fatal Injury,1,0,1,0,0,0,0,0,0,0,0,0,0,Pedestrian Collisions,"['Vehicle Owner', 'Driver', 'Pedestrian']",West,"['Other', 'Automobile, Station Wagon']",['Going Ahead'],['Driving Properly'],['Normal'],"['Crossing, no Traffic Control']",['Had Been Drinking'],['Not Applicable'],['Not Applicable'],['Not Applicable'],False,"['unknown', '45 to 49', '20 to 24']",3.0
1062955.0,2008-10-06 08:00:00,1428,2008,MARTIN GROVE RD,ALBION RD,Minor Arterial,Etobicoke York,43.742369,-79.594417,613178.6508,4844217.9888,Non Intersection,No Control,Clear,Daylight,Dry,2,Mount Olive-Silverstone-Jamestown,2,Mount Olive-Silverstone-Jamestown (2),Non-Fatal Injury,0,0,1,0,0,0,0,0,0,0,0,0,0,SMV Other,['Driver'],South,['Passenger Van'],['Going Ahead'],['Other'],['Other'],['Not Applicable'],['Not Applicable'],['Not Applicable'],['Not Applicable'],['Not Applicable'],False,['75 to 79'],3.0
1063149.0,2008-10-07 08:00:00,2230,2008,MARKHAM RD,TUXEDO CRT,Major Arterial,Scarborough,43.780944,-79.233592,642141.4755,4849058.5528,Unknown,No Control,Clear,Dark,Dry,142,Woburn North,137,Woburn (137),Non-Fatal Injury,0,0,1,1,0,0,0,0,0,1,0,0,0,Turning Movement,"['Motorcycle Driver', 'Driver']",East,"['Motorcycle', 'Pick Up Truck']","['Going Ahead', 'Turning Left']","['Driving Properly', 'Failed to Yield Right of Way']",['Normal'],['Not Applicable'],['Not Applicable'],['Not Applicable'],['Not Applicable'],['Not Applicable'],False,"['35 to 39', '25 to 29']",3.0
1063278.0,2008-09-16 08:00:00,1655,2008,JANE St,HOMEVIEW Ave,Major Arterial,Etobicoke York,43.668645,-79.49239,621542.9071,4836174.3552,Unknown,No Control,Clear,Daylight,Dry,111,Rockcliffe-Smythe,111,Rockcliffe-Smythe (111),Non-Fatal Injury,1,0,0,0,0,1,0,0,0,0,0,0,0,Pedestrian Collisions,"['Vehicle Owner', 'Driver', 'Pedestrian']",North,"['Other', 'Municipal Transit Bus (TTC)']",['Going Ahead'],['Driving Properly'],['Normal'],['On Sidewalk or Shoulder'],['Inattentive'],['Not Applicable'],['Not Applicable'],['Not Applicable'],False,"['unknown', '50 to 54', '15 to 19']",3.0
1063404.0,2008-09-28 08:00:00,128,2008,YONGE ST,RANLEIGH AVE,Major Arterial,North York,43.727845,-79.40289,628631.7789,4842884.3597,At Intersection,Traffic Signal,"Fog, Mist, Smoke, Dust",Dark,Wet,105,Lawrence Park North,105,Lawrence Park North (105),Non-Fatal Injury,1,0,1,0,0,0,0,0,0,0,0,0,0,Pedestrian Collisions,"['Driver', 'Pedestrian']",East,"['Automobile, Station Wagon', 'Other']",['Going Ahead'],['Driving Properly'],['Unknown'],['Crossing with right of way'],['Unknown'],['Not Applicable'],['Not Applicable'],['Not Applicable'],False,"['unknown', '50 to 54']",3.0
1063638.0,2008-09-24 08:00:00,2035,2008,319 KIPLING AVE,Not Applicable,Major Arterial,Etobicoke York,43.599145,-79.51739,619665.2586,4828419.19,Unknown,No Control,Clear,Dark,Dry,18,New Toronto,18,New Toronto (18),Non-Fatal Injury,0,0,1,0,0,0,0,0,1,1,0,0,1,SMV Other,"['Driver', 'Other Property Owner']",South,"['Automobile, Station Wagon', 'Other']",['Going Ahead'],['Lost control'],['Medical or Physical Disability'],['Not Applicable'],['Not Applicable'],['Not Applicable'],['Not Applicable'],['Not Applicable'],False,"['25 to 29', 'unknown']",3.0
1063951.0,2008-10-13 08:00:00,145,2008,EGLINTON Ave E,MIDLAND Ave,Major Arterial,Scarborough,43.734545,-79.25809,640278.507,4843863.4585,At Intersection,Traffic Signal,Clear,Dark,Dry,138,Eglinton East,138,Eglinton East (138),Non-Fatal Injury,0,0,1,0,0,0,0,0,0,1,1,0,0,Angle,"['Vehicle Owner', 'Driver']",South,"['Other', 'Automobile, Station Wagon']",['Going Ahead'],"['Driving Properly', 'Disobeyed Traffic Control']","['Normal', 'Unknown']",['Not Applicable'],['Not Applicable'],['Not Applicable'],['Not Applicable'],['Not Applicable'],False,"['unknown', '30 to 34', '35 to 39']",3.0
1064016.0,2008-10-08 08:00:00,1600,2008,ELIZABETH Stre,GERRARD Stre W,Minor Arterial,Toronto and East York,43.658145,-79.38639,630111.349,4835168.9529,Unknown,No Control,Rain,Daylight,Wet,170,Yonge-Bay Corridor,76,Bay Street Corridor (76),Non-Fatal Injury,0,0,1,0,0,0,0,0,0,0,0,0,0,Approaching,"['Driver', 'Vehicle Owner']",North,"['Other', 'Automobile, Station Wagon']","['Unknown', 'Reversing', 'Parked']",[],[],['Not Applicable'],['Not Applicable'],['Not Applicable'],['Not Applicable'],['Not Applicable'],False,"['unknown', '25 to 29']",3.0
1064077.0,2008-09-14 08:00:00,2300,2008,SIMPSON AVE,BROADVIEW AVE,Local,Toronto and East York,43.667145,-79.34859,633139.44,4836228.494,Unknown,No Control,Rain,Dark,Wet,68,North Riverdale,68,North Riverdale (68),Non-Fatal Injury,1,0,1,0,0,0,0,0,0,1,0,0,0,Pedestrian Collisions,"['Driver', 'Pedestrian']",West,"['Automobile, Station Wagon', 'Other']",['Going Ahead'],['Failed to Yield Right of Way'],['Normal'],"['Crossing, no Traffic Control']",['Had Been Drinking'],['Not Applicable'],['Not Applicable'],['Not Applicable'],False,"['unknown', '25 to 29']",3.0