accident_number,date,time,year,street1,street2,road_class,district,latitude,longitude,x,y,accident_location,traffctl,visibility,light,road_surface_condition,hood_158,neighbourhood_new,hood_140,neighbourhood_old,accident_class,pedestrian,cyclist,automobile,motorcycle,truck,trsn_city_veh,emerg_veh,passenger,speeding,aggressive_driving,redlight,alcohol,disability,impact_type,involvement_type,initial_direction,vehicle_type,manoeuver,driver_action,driver_condition,pedestrian_action,pedestrian_condition,cyclist_type,cyclist_action,cyclist_condition,injury,involvement_age,injury_severity_score
1064117.0,2008-09-25 08:00:00,600,2008,CITY VIEW DR,DIXON RD,Local,Etobicoke York,43.690545,-79.57729,614656.5313,4838485.7558,Unknown,No Control,Clear,Dawn,Dry,1,West Humber-Clairville,1,West Humber-Clairville (1),Non-Fatal Injury,1,0,1,0,0,0,0,0,0,1,0,0,0,Pedestrian Collisions,"['Driver', 'Pedestrian']",North,"['Automobile, Station Wagon', 'Other']",['Turning Left'],['Failed to Yield Right of Way'],['Normal'],['On Sidewalk or Shoulder'],['Normal'],['Not Applicable'],['Not Applicable'],['Not Applicable'],False,"['55 to 59', '50 to 54']",3.0
1064139.0,2008-09-25 08:00:00,2110,2008,WILMINGTON AVE,EVANSTON DR,Minor Arterial,North York,43.766045,-79.45899,624034.5026,4847041.4777,Unknown,No Control,Clear,Dark,Dry,34,Bathurst Manor,34,Bathurst Manor (34),Non-Fatal Injury,0,0,1,0,0,0,0,1,0,1,0,1,0,Approaching,"['Driver', 'Passenger']",South,"['Automobile, Station Wagon', 'Other']",['Going Ahead'],"['Following too Close', 'Driving Properly']","['Ability Impaired, Alcohol Over .08', 'Normal']",['Not Applicable'],['Not Applicable'],['Not Applicable'],['Not Applicable'],['Not Applicable'],False,"['50 to 54', '25 to 29']",3.0
1064302.0,2020-06-09 08:00:00,2148,2020,DUFFERIN ST,BLOOR ST W,Major Arterial,Toronto and East York,43.659812,-79.435321,626162.3309,4835278.5287,Intersection Related,No Control,Clear,"Dark, artificial",Dry,83,Dufferin Grove,83,Dufferin Grove (83),Non-Fatal Injury,0,1,1,0,0,0,0,1,0,0,0,0,0,Cyclist Collisions,"['Driver', 'Cyclist', 'Passenger']",South,"['Automobile, Station Wagon', 'Bicycle']","['Making U Turn', 'Going Ahead']",['Improper Turn'],['Normal'],['Not Applicable'],['Not Applicable'],['Motorist makes u-turn in-front of cyclist.'],['Driving Properly'],['Normal'],False,"['20 to 24', '50 to 54']",3.0
1064337.0,2008-09-19 08:00:00,840,2008,SILVERSTONE DR,MARTIN GROVE RD,Minor Arterial,Etobicoke York,43.750845,-79.59859,612826.7108,4845153.6781,At Intersection,Traffic Signal,Clear,Daylight,Dry,1,West Humber-Clairville,1,West Humber-Clairville (1),Non-Fatal Injury,1,0,1,0,0,0,0,0,0,1,0,0,0,Pedestrian Collisions,"['Driver', 'Pedestrian']",East,"['Automobile, Station Wagon', 'Other']",['Turning Left'],['Failed to Yield Right of Way'],['Unknown'],['Crossing with right of way'],['Normal'],['Not Applicable'],['Not Applicable'],['Not Applicable'],False,"['unknown', '10 to 14']",3.0
1064349.0,2008-08-26 08:00:00,235,2008,CARLAW Aven,LAKE SHORE Boul E,Major Arterial,Toronto and East York,43.654945,-79.33739,634069.5657,4834891.5563,At Intersection,Traffic Signal,Clear,Dark,Dry,70,South Riverdale,70,South Riverdale (70),Non-Fatal Injury,0,0,1,0,0,0,0,1,0,1,1,1,0,Angle,"['Driver', 'Passenger']",South,"['Automobile, Station Wagon', 'Other']",['Going Ahead'],"['Disobeyed Traffic Control', 'Driving Properly']","['Ability Impaired, Alcohol', 'Normal']",['Not Applicable'],['Not Applicable'],['Not Applicable'],['Not Applicable'],['Not Applicable'],False,"['30 to 34', '25 to 29', '20 to 24']",3.0
1064375.0,2020-06-09 08:00:00,2201,2020,DANFORTH AV,BARRINGTON AV,Major Arterial,North York,43.688254,-79.301006,636927.7617,4838650.4095,Non Intersection,No Control,Clear,Dark,Dry,62,East End-Danforth,62,East End-Danforth (62),Non-Fatal Injury,0,0,1,1,0,0,0,0,0,0,0,0,0,Rear End,"['Motorcycle Driver', 'Driver', 'Other']",West,"['Motorcycle', 'Automobile, Station Wagon']","['Going Ahead', 'Stopped', 'Parked']","['Lost control', 'Driving Properly']","['Inattentive', 'Normal', 'Unknown']",['Not Applicable'],['Not Applicable'],['Not Applicable'],['Not Applicable'],['Not Applicable'],False,"['35 to 39', '25 to 29', 'unknown', '30 to 34']",3.0
1064422.0,2020-06-09 08:00:00,2211,2020,BRIMLEY RD,COMRIE TER,Minor Arterial,Scarborough,43.726,-79.243617,641464.1696,4842939.0152,At Intersection,No Control,Clear,"Dark, artificial",Dry,123,Cliffcrest,123,Cliffcrest (123),Fatal,0,0,1,1,0,0,0,1,1,1,0,0,0,Turning Movement,"['Motorcycle Driver', 'Motorcycle Passenger', 'Driver']",North,"['Motorcycle', 'Pick Up Truck']","['Going Ahead', 'Turning Left']","['Exceeding Speed Limit', 'Driving Properly']",['Unknown'],['Not Applicable'],['Not Applicable'],['Not Applicable'],['Not Applicable'],['Not Applicable'],True,['20 to 24'],4.0
1064434.0,2008-09-27 08:00:00,2025,2008,BIRCHMOUNT RD,LAWRENCE AVE E,Major Arterial,Scarborough,43.747545,-79.28479,638098.3994,4845262.444,At Intersection,Traffic Signal,Rain,Dark,Wet,126,Dorset Park,126,Dorset Park (126),Non-Fatal Injury,1,0,1,0,0,0,0,1,1,1,0,0,0,Pedestrian Collisions,"['Passenger', 'Vehicle Owner', 'Driver', 'Pedestrian']",East,"['Other', 'Automobile, Station Wagon']",['Going Ahead'],['Speed too Fast For Condition'],['Unknown'],['Crossing without right of way'],['Normal'],['Not Applicable'],['Not Applicable'],['Not Applicable'],False,"['20 to 24', 'unknown', '40 to 44']",3.0
1064595.0,2008-10-05 08:00:00,1445,2008,KIPLING Aven,BROOKMERE Road,Major Arterial,Etobicoke York,43.728145,-79.57469,614794.2691,4842665.3494,At Intersection,Traffic Signal,Clear,Daylight,Dry,1,West Humber-Clairville,1,West Humber-Clairville (1),Non-Fatal Injury,0,1,1,0,0,0,0,0,0,0,0,0,0,Cyclist Collisions,"['Driver', 'Cyclist']",East,"['Automobile, Station Wagon', 'Bicycle']",['Going Ahead'],[],[],['Not Applicable'],['Not Applicable'],['Not Applicable'],['Not Applicable'],['Not Applicable'],False,"['unknown', '35 to 39']",3.0
1064702.0,2008-10-16 08:00:00,1150,2008,LAWRENCE AVE E,MIDLAND AVE,Major Arterial,Scarborough,43.751545,-79.26509,639675.2383,4845739.7369,At Intersection,Traffic Signal,Other,Daylight,Dry,126,Dorset Park,126,Dorset Park (126),Non-Fatal Injury,1,0,0,0,1,0,0,0,0,1,0,0,0,Pedestrian Collisions,"['Vehicle Owner', 'Truck Driver', 'Pedestrian']",South,"['Other', 'Truck - Open']",['Turning Right'],['Failed to Yield Right of Way'],['Normal'],['Crossing with right of way'],['Normal'],['Not Applicable'],['Not Applicable'],['Not Applicable'],False,"['unknown', '45 to 49', '35 to 39']",3.0
1064720.0,2008-09-30 08:00:00,1150,2008,BLOOR ST W,OLD MILL DR,Major Arterial,Toronto and East York,43.647945,-79.48659,622052.437,4833883.8653,Unknown,No Control,Rain,Daylight,Wet,87,High Park-Swansea,87,High Park-Swansea (87),Non-Fatal Injury,0,0,1,0,0,0,0,0,0,1,0,0,0,Rear End,"['Driver', 'Vehicle Owner']",West,"['Automobile, Station Wagon', 'Other']","['Stopped', 'Going Ahead']","['Driving Properly', 'Following too Close']",['Normal'],['Not Applicable'],['Not Applicable'],['Not Applicable'],['Not Applicable'],['Not Applicable'],False,"['60 to 64', 'unknown', '15 to 19']",3.0
1064784.0,2008-09-28 08:00:00,1517,2008,EASTERN AVE,CARLAW AVE,Major Arterial,Toronto and East York,43.658345,-79.33899,633932.9841,4835266.5876,At Intersection,Traffic Signal,Clear,Daylight,Dry,70,South Riverdale,70,South Riverdale (70),Non-Fatal Injury,0,0,0,1,0,0,0,1,0,0,0,0,0,SMV Other,"['Motorcycle Passenger', 'Motorcycle Driver']",East,"['Other', 'Motorcycle']",['Slowing or Stopping'],['Lost control'],['Normal'],['Not Applicable'],['Not Applicable'],['Not Applicable'],['Not Applicable'],['Not Applicable'],False,"['30 to 34', '35 to 39']",3.0
1064977.0,2008-10-17 08:00:00,1755,2008,LUMSDEN AVE,GLEDHILL AVE,Minor Arterial,Toronto and East York,43.693645,-79.31159,636062.5595,4839231.7333,At Intersection,Pedestrian Crossover,Clear,Daylight,Dry,60,Woodbine-Lumsden,60,Woodbine-Lumsden (60),Fatal,1,0,1,0,0,0,0,0,0,1,0,0,0,Pedestrian Collisions,"['Driver', 'Pedestrian']",South,"['Automobile, Station Wagon', 'Other']",['Going Ahead'],['Failed to Yield Right of Way'],['Had Been Drinking'],"['Crossing, Pedestrian Crossover']",['Normal'],['Not Applicable'],['Not Applicable'],['Not Applicable'],True,"['80 to 84', '70 to 74']",4.0
1064978.0,2008-10-17 08:00:00,1956,2008,KEELE ST,VICTORY DR,Major Arterial,North York,43.728545,-79.48249,622219.2886,4842841.6248,Unknown,No Control,Clear,Dark,Dry,155,Downsview,26,Downsview-Roding-CFB (26),Non-Fatal Injury,1,0,1,0,0,0,0,0,0,0,0,0,0,Pedestrian Collisions,"['Pedestrian', 'Driver']",North,"['Other', 'Automobile, Station Wagon']",['Going Ahead'],['Driving Properly'],['Normal'],"['Crossing, no Traffic Control']",['Normal'],['Not Applicable'],['Not Applicable'],['Not Applicable'],False,"['40 to 44', '25 to 29']",3.0
1065056.0,2008-10-18 08:00:00,915,2008,STEELES AVE E,WILLOWDALE AVE,Major Arterial,North York,43.799245,-79.41449,627545.6781,4850796.4647,Unknown,Traffic Signal,Clear,Daylight,Other,50,Newtonbrook East,NSA,NSA,Non-Fatal Injury,1,0,1,0,0,0,0,0,0,1,0,0,0,Pedestrian Collisions,"['Vehicle Owner', 'Driver', 'Pedestrian']",North,"['Other', 'Automobile, Station Wagon']",['Turning Left'],['Failed to Yield Right of Way'],['Inattentive'],['Crossing with right of way'],['Normal'],['Not Applicable'],['Not Applicable'],['Not Applicable'],False,"['unknown', '50 to 54', '75 to 79']",3.0
1065135.0,2008-10-18 08:00:00,1315,2008,BAYVIEW BLOOR S RAMP N,BLOOR RAMP,Unknown,Toronto and East York,43.678245,-79.36889,631478.5607,4837428.9199,Unknown,No Control,Clear,Daylight,Dry,98,Rosedale-Moore Park,98,Rosedale-Moore Park (98),Fatal,0,0,1,1,0,0,0,1,0,0,0,0,0,Approaching,"['Passenger', 'Driver', 'Motorcycle Driver']",West,"['Other', 'Automobile, Station Wagon', 'Motorcycle']",['Going Ahead'],"['Driving Properly', 'Lost control']","['Normal', 'Unknown']",['Not Applicable'],['Not Applicable'],['Not Applicable'],['Not Applicable'],['Not Applicable'],True,"['50 to 54', '25 to 29', '30 to 34', '20 to 24']",4.0
1065141.0,2008-10-19 08:00:00,850,2008,MCCOWAN RD,401 C E MCCOWAN RD RAMP,Major Arterial,Scarborough,43.779545,-79.25419,640487.2281,4848868.0101,At Intersection,Traffic Signal,Clear,Daylight,Dry,142,Woburn North,137,Woburn (137),Non-Fatal Injury,1,0,0,0,1,0,0,0,1,1,0,0,0,Pedestrian Collisions,"['Truck Driver', 'Other', 'Pedestrian']",South,"['Truck - Open', 'Other']","['Going Ahead', 'Parked']",['Speed too Fast For Condition'],['Inattentive'],['Pushing/Working on Vehicle'],['Unknown'],['Not Applicable'],['Not Applicable'],['Not Applicable'],False,"['55 to 59', '60 to 64']",3.0
1065143.0,2008-10-19 08:00:00,220,2008,BATHURST ST,MELROSE AVE,Major Arterial,North York,43.727345,-79.43159,626321.3009,4842784.6779,Unknown,No Control,Clear,Dark,Dry,39,Bedford Park-Nortown,39,Bedford Park-Nortown (39),Non-Fatal Injury,1,0,0,0,0,0,0,0,0,0,0,0,0,Pedestrian Collisions,['Pedestrian'],East,['Other'],[],[],[],"['Crossing, no Traffic Control']",['Had Been Drinking'],['Not Applicable'],['Not Applicable'],['Not Applicable'],False,['30 to 34'],3.0
1065334.0,2008-10-14 08:00:00,2207,2008,KIPLING AVE,BURNHAMTHORPE RD,Major Arterial,Etobicoke York,43.650945,-79.53939,617788.36,4834140.7564,At Intersection,Traffic Signal,Clear,Dark,Dry,158,Islington,14,Islington-City Centre West (14),Non-Fatal Injury,1,0,1,0,0,0,0,0,0,1,0,0,0,Pedestrian Collisions,"['Driver', 'Pedestrian']",East,"['Automobile, Station Wagon', 'Other']",['Turning Right'],['Failed to Yield Right of Way'],['Unknown'],['Crossing with right of way'],['Normal'],['Not Applicable'],['Not Applicable'],['Not Applicable'],False,"['unknown', '80 to 84']",3.0
1065436.0,2008-09-21 08:00:00,2021,2008,BATHURST ST,BRIAR HILL AVE,Major Arterial,North York,43.707945,-79.42709,626724.628,4840636.9017,Unknown,Traffic Signal,Clear,Dark,Dry,102,Forest Hill North,102,Forest Hill North (102),Non-Fatal Injury,0,0,1,0,0,0,0,0,0,0,0,1,0,Turning Movement,['Driver'],South,"['Automobile, Station Wagon']","['Going Ahead', 'Turning Right']","['Driving Properly', 'Improper Turn']","['Normal', 'Ability Impaired, Alcohol']",['Not Applicable'],['Not Applicable'],['Not Applicable'],['Not Applicable'],['Not Applicable'],False,"['65 to 69', '80 to 84']",3.0
1065481.0,2008-09-22 08:00:00,1305,2008,ROWATSON RD,FAREHAM CRES,Local,Scarborough,43.748245,-79.20289,644690.8896,4845479.9937,Unknown,No Control,Clear,Daylight,Dry,140,Guildwood,140,Guildwood (140),Non-Fatal Injury,1,0,1,0,0,0,0,0,0,1,0,0,0,Pedestrian Collisions,"['Driver', 'Pedestrian']",South,"['Automobile, Station Wagon', 'Other']",['Going Ahead'],['Failed to Yield Right of Way'],['Inattentive'],['Other'],['Normal'],['Not Applicable'],['Not Applicable'],['Not Applicable'],False,"['75 to 79', '65 to 69']",3.0
1065571.0,2008-10-22 08:00:00,231,2008,BLOOR ST W,WILLARD AVE,Major Arterial,Toronto and East York,43.649945,-79.48179,622435.4839,4834113.0614,At Intersection,No Control,Clear,Dark,Dry,89,Runnymede-Bloor West Village,89,Runnymede-Bloor West Village (89),Non-Fatal Injury,0,0,1,0,0,0,0,1,0,0,0,0,1,SMV Other,"['Passenger', 'Driver']",East,"['Other', 'Automobile, Station Wagon']",['Going Ahead'],['Lost control'],['Medical or Physical Disability'],['Not Applicable'],['Not Applicable'],['Not Applicable'],['Not Applicable'],['Not Applicable'],False,"['70 to 74', '75 to 79']",3.0
1065595.0,2008-10-21 08:00:00,545,2008,HIGHWAY 27 Ramp S,27 S DIXON W RAMP,Major Arterial,Etobicoke York,43.690045,-79.58279,614214.2309,4838422.6345,Unknown,No Control,Clear,Dark,Dry,1,West Humber-Clairville,1,West Humber-Clairville (1),Fatal,0,0,0,0,1,0,0,0,1,1,0,0,0,SMV Other,"['Vehicle Owner', 'Truck Driver']",South,"['Other', 'Truck - Open']",['Going Ahead'],['Exceeding Speed Limit'],['Normal'],['Not Applicable'],['Not Applicable'],['Not Applicable'],['Not Applicable'],['Not Applicable'],True,"['unknown', '20 to 24']",4.0
1065860.0,2008-10-03 08:00:00,641,2008,BLOOR ST W,WINDERMERE AVE,Major Arterial,Toronto and East York,43.650245,-79.48049,622539.7128,4834148.2991,At Intersection,Traffic Signal,Clear,Dawn,Dry,89,Runnymede-Bloor West Village,89,Runnymede-Bloor West Village (89),Non-Fatal Injury,1,0,1,0,0,0,0,0,0,0,0,0,0,Pedestrian Collisions,"['Driver', 'Pedestrian']",North,"['Automobile, Station Wagon', 'Other']",['Turning Right'],['Driving Properly'],['Normal'],['Crossing without right of way'],['Normal'],['Not Applicable'],['Not Applicable'],['Not Applicable'],False,"['40 to 44', '55 to 59']",3.0
1066104.0,2008-10-23 08:00:00,1940,2008,BRENTCLIFFE RD,WICKSTEED AVE,Minor Arterial,North York,43.711445,-79.35849,632243.8819,4841132.7826,At Intersection,Traffic Signal,Clear,Dark,Dry,55,Thorncliffe Park,55,Thorncliffe Park (55),Non-Fatal Injury,1,0,0,0,0,0,0,0,0,0,0,0,0,Pedestrian Collisions,['Pedestrian'],North,['Other'],['Going Ahead'],[],[],['Pushing/Working on Vehicle'],['Inattentive'],['Not Applicable'],['Not Applicable'],['Not Applicable'],False,['65 to 69'],3.0
1066274.0,2008-10-24 08:00:00,2235,2008,EGLINTON AVE E,SWIFT DR,Major Arterial,North York,43.726145,-79.31829,635449.3949,4842830.352,At Intersection,Traffic Signal,Rain,Dark,Wet,43,Victoria Village,43,Victoria Village (43),Fatal,1,0,1,0,0,0,0,0,0,0,0,0,0,Pedestrian Collisions,"['Driver', 'Pedestrian']",North,"['Automobile, Station Wagon', 'Other']",['Going Ahead'],['Driving Properly'],['Normal'],['Crossing without right of way'],['Unknown'],['Not Applicable'],['Not Applicable'],['Not Applicable'],True,"['60 to 64', '75 to 79']",4.0
1066390.0,2008-10-25 08:00:00,2329,2008,DENISON RD E,JANE ST,Collector,Etobicoke York,43.696745,-79.50589,620398.3118,4839275.5462,Unknown,Traffic Gate,Clear,Dark,Dry,113,Weston,113,Weston (113),Fatal,1,0,1,0,0,0,0,0,0,0,0,0,0,Pedestrian Collisions,"['Other', 'Vehicle Owner', 'Pedestrian']",East,"['Automobile, Station Wagon', 'Other']",['Going Ahead'],[],[],['Other'],['Unknown'],['Not Applicable'],['Not Applicable'],['Not Applicable'],True,"['35 to 39', 'unknown', '20 to 24']",4.0
1066713.0,2008-10-27 08:00:00,707,2008,BRIMLEY RD,SHEDIAC RD,Major Arterial,Scarborough,43.748845,-79.25339,640623.5238,4845459.6576,Unknown,Traffic Signal,Clear,Daylight,Dry,157,Bendale South,127,Bendale (127),Non-Fatal Injury,1,0,1,0,0,0,0,0,0,1,0,0,0,Pedestrian Collisions,"['Driver', 'Pedestrian']",East,"['Automobile, Station Wagon', 'Other']",['Turning Left'],['Failed to Yield Right of Way'],['Normal'],['Crossing with right of way'],['Normal'],['Not Applicable'],['Not Applicable'],['Not Applicable'],False,['50 to 54'],3.0
1066823.0,2008-10-10 08:00:00,1013,2008,DIXON RD,KIPLING AVE,Major Arterial,Etobicoke York,43.694245,-79.55859,616156.4368,4838922.7152,Unknown,Traffic Signal,Clear,Daylight,Dry,6,Kingsview Village-The Westway,6,Kingsview Village-The Westway (6),Non-Fatal Injury,0,0,1,0,0,0,0,0,0,1,0,0,0,Turning Movement,"['Driver', 'Vehicle Owner']",North,"['Automobile, Station Wagon', 'Other', 'Pick Up Truck']","['Turning Left', 'Going Ahead']","['Improper Turn', 'Failed to Yield Right of Way']",['Normal'],['Not Applicable'],['Not Applicable'],['Not Applicable'],['Not Applicable'],['Not Applicable'],False,"['60 to 64', 'unknown', '50 to 54']",3.0
1067165.0,2008-10-29 08:00:00,1836,2008,BAY ST,DUNDAS ST W,Major Arterial,Toronto and East York,43.655745,-79.38379,630326.1909,4834906.4816,At Intersection,Traffic Signal,Clear,Dark,Dry,170,Yonge-Bay Corridor,76,Bay Street Corridor (76),Non-Fatal Injury,1,0,1,0,0,0,0,1,1,1,0,0,0,Pedestrian Collisions,"['Passenger', 'Vehicle Owner', 'Driver', 'Pedestrian']",North,"['Other', 'Automobile, Station Wagon']","['Turning Left', 'Changing Lanes']","['Improper Turn', 'Lost control']","['Normal', 'Unknown']",['On Sidewalk or Shoulder'],['Normal'],['Not Applicable'],['Not Applicable'],['Not Applicable'],False,"['50 to 54', 'unknown', '65 to 69', '20 to 24']",3.0
1067167.0,2008-10-29 08:00:00,2144,2008,MARTIN GROVE RD,LAVINGTON DR,Major Arterial,Etobicoke York,43.688245,-79.56939,615297.6054,4838241.263,Unknown,Traffic Signal,Clear,Dark,Dry,7,Willowridge-Martingrove-Richview,7,Willowridge-Martingrove-Richview (7),Non-Fatal Injury,1,0,1,0,0,0,0,0,0,1,1,0,0,Pedestrian Collisions,"['Driver', 'Pedestrian']",East,"['Automobile, Station Wagon', 'Other']",['Going Ahead'],['Disobeyed Traffic Control'],['Normal'],['Crossing with right of way'],['Unknown'],['Not Applicable'],['Not Applicable'],['Not Applicable'],False,"['50 to 54', '85 to 89']",3.0
1067364.0,2008-10-31 08:00:00,817,2008,HIGHWAY 2A  E,LAWSON RD,Expressway,Scarborough,43.788645,-79.15869,648149.8314,4850045.2131,Unknown,No Control,Clear,Daylight,Dry,133,Centennial Scarborough,133,Centennial Scarborough (133),Fatal,0,0,1,0,0,0,0,0,0,0,0,0,1,SMV Other,"['Vehicle Owner', 'Driver']",East,"['Automobile, Station Wagon']",['Going Ahead'],['Driving Properly'],['Medical or Physical Disability'],['Not Applicable'],['Not Applicable'],['Not Applicable'],['Not Applicable'],['Not Applicable'],True,"['unknown', '55 to 59']",4.0
1067454.0,2008-10-31 08:00:00,1137,2008,VALERMO DR,BROWNS LINE Driv,Major Arterial,Etobicoke York,43.606045,-79.54709,617254.6706,4829143.159,At Intersection,Traffic Signal,Clear,Daylight,Dry,20,Alderwood,20,Alderwood (20),Non-Fatal Injury,1,0,1,0,0,0,0,0,0,0,0,0,0,Pedestrian Collisions,"['Vehicle Owner', 'Driver', 'Pedestrian']",West,"['Other', 'Automobile, Station Wagon']",['Going Ahead'],['Driving Properly'],['Normal'],['Crossing without right of way'],['Normal'],['Not Applicable'],['Not Applicable'],['Not Applicable'],False,"['unknown', '40 to 44', '10 to 14']",3.0
1067680.0,2008-11-01 08:00:00,1145,2008,1168 QUEEN ST E,Not Applicable,Minor Arterial,Toronto and East York,43.662845,-79.33219,634471.2512,4835777.3723,Unknown,No Control,Clear,Daylight,Dry,70,South Riverdale,70,South Riverdale (70),Non-Fatal Injury,1,0,1,0,0,0,0,0,0,0,0,0,0,Pedestrian Collisions,"['Driver', 'Pedestrian']",East,"['Automobile, Station Wagon', 'Other']",['Making U Turn'],['Improper Turn'],['Unknown'],['On Sidewalk or Shoulder'],['Normal'],['Not Applicable'],['Not Applicable'],['Not Applicable'],False,"['50 to 54', '55 to 59']",3.0
1067813.0,2008-09-11 08:00:00,1529,2008,CARLTON ST,MUTUAL ST,Major Arterial,Toronto and East York,43.662145,-79.37789,630788.0573,4835626.5704,Unknown,No Control,Clear,Daylight,Dry,168,Downtown Yonge East,75,Church-Yonge Corridor (75),Non-Fatal Injury,1,0,1,0,0,0,0,0,0,0,0,0,0,Pedestrian Collisions,"['Driver', 'Wheelchair']",North,"['Automobile, Station Wagon', 'Other']",['Going Ahead'],['Driving Properly'],['Normal'],"['Crossing, no Traffic Control']",['Medical or Physical Disability'],['Not Applicable'],['Not Applicable'],['Not Applicable'],False,"['30 to 34', '45 to 49']",3.0
1067883.0,2008-11-03 10:00:00,930,2008,1491 LAKE SHORE BLVD W,Not Applicable,Major Arterial,Toronto and East York,43.636445,-79.44399,625511.9889,4832670.1764,Unknown,No Control,Clear,Daylight,Dry,85,South Parkdale,85,South Parkdale (85),Fatal,0,0,1,0,0,0,0,1,0,0,0,0,0,SMV Other,"['Passenger', 'Vehicle Owner', 'Driver']",East,"['Other', 'Automobile, Station Wagon']",['Going Ahead'],['Lost control'],['Unknown'],['Not Applicable'],['Not Applicable'],['Not Applicable'],['Not Applicable'],['Not Applicable'],True,"['90 to 94', 'unknown', '40 to 44']",4.0
1068386.0,2008-10-16 08:00:00,1905,2008,BIRCHMOUNT RD,ALLANFORD RD,Major Arterial,Scarborough,43.774245,-79.29509,637208.0464,4848210.7677,At Intersection,Traffic Signal,Clear,Dark,Dry,118,Tam O'Shanter-Sullivan,118,Tam O'Shanter-Sullivan (118),Non-Fatal Injury,1,0,1,0,0,0,0,0,0,1,0,0,0,Pedestrian Collisions,"['Driver', 'Pedestrian']",North,"['Automobile, Station Wagon', 'Other']",['Turning Left'],['Failed to Yield Right of Way'],['Inattentive'],['Crossing with right of way'],['Normal'],['Not Applicable'],['Not Applicable'],['Not Applicable'],False,"['50 to 54', '45 to 49']",3.0
1068403.0,2008-10-29 08:00:00,1705,2008,IAN MACDONALD BLVD,FOUNDERS RD,Other,Etobicoke York,43.777845,-79.50319,620453.1659,4848286.7918,Unknown,No Control,Clear,Daylight,Dry,27,York University Heights,27,York University Heights (27),Non-Fatal Injury,0,0,1,0,0,0,0,1,0,0,0,0,0,Sideswipe,"['Vehicle Owner', 'Driver', 'Passenger']",East,"['Other', 'Automobile, Station Wagon']","['Going Ahead', 'Other']",[],[],['Not Applicable'],['Not Applicable'],['Not Applicable'],['Not Applicable'],['Not Applicable'],False,"['unknown', '25 to 29']",3.0
1068411.0,2008-10-16 08:00:00,1748,2008,YONGE ST,CHURCHILL AVE,Major Arterial,North York,43.774145,-79.41409,627631.2647,4848009.3375,At Intersection,No Control,Clear,Daylight,Dry,151,Yonge-Doris,51,Willowdale East (51),Non-Fatal Injury,0,1,1,0,0,0,0,0,0,0,0,0,0,Cyclist Collisions,"['Driver', 'Cyclist']",South,"['Automobile, Station Wagon', 'Bicycle']","['Changing Lanes', 'Going Ahead']",['Improper Lane Change'],['Normal'],['Not Applicable'],['Not Applicable'],['Cyclist and Driver travelling in same direction. One vehicle sideswipes the other.'],['Driving Properly'],['Normal'],False,"['45 to 49', '30 to 34']",3.0
1068648.0,2008-10-17 08:00:00,1219,2008,KINGSTON RD,GALLOWAY RD,Major Arterial,Scarborough,43.762045,-79.19469,645317.6958,4847027.0541,At Intersection,Traffic Signal,Clear,Daylight,Dry,136,West Hill,136,West Hill (136),Non-Fatal Injury,0,0,1,0,0,0,0,1,0,1,1,0,0,Angle,"['Passenger', 'Driver', 'Other Property Owner']",East,"['Other', 'Automobile, Station Wagon']",['Going Ahead'],"['Driving Properly', 'Disobeyed Traffic Control']",['Normal'],['Not Applicable'],['Not Applicable'],['Not Applicable'],['Not Applicable'],['Not Applicable'],False,"['20 to 24', '50 to 54', 'unknown']",3.0
1069132.0,2008-10-18 08:00:00,1500,2008,STEELES AVE E,FENTON RD,Major Arterial,Scarborough,43.827245,-79.29169,637360.1596,4854102.9077,At Intersection,Traffic Signal,Clear,Daylight,Dry,130,Milliken,130,Milliken (130),Non-Fatal Injury,0,1,1,0,0,0,0,0,0,1,0,0,0,Cyclist Collisions,"['Vehicle Owner', 'Driver', 'Cyclist']",South,"['Other', 'Automobile, Station Wagon', 'Bicycle']","['Turning Right', 'Going Ahead']",['Failed to Yield Right of Way'],['Inattentive'],['Not Applicable'],['Not Applicable'],['Motorist turning right on red at signalized intersection strikes cyclist.'],['Driving Properly'],['Normal'],False,"['unknown', '45 to 49', '65 to 69']",3.0
1069209.0,2008-10-21 08:00:00,400,2008,JANE ST,SHEPPARD AVE W,Major Arterial,Etobicoke York,43.739345,-79.51319,619725.1876,4843996.2991,At Intersection,Traffic Signal,Rain,Dark,Wet,25,Glenfield-Jane Heights,25,Glenfield-Jane Heights (25),Non-Fatal Injury,0,0,1,0,0,0,0,0,0,0,0,0,1,SMV Other,"['Vehicle Owner', 'Driver']",South,"['Taxi', 'Other']",['Reversing'],['Lost control'],['Medical or Physical Disability'],['Not Applicable'],['Not Applicable'],['Not Applicable'],['Not Applicable'],['Not Applicable'],False,"['unknown', '60 to 64']",3.0
1069312.0,2008-05-09 08:00:00,2240,2008,31 MOORE PARK AVE,Not Applicable,Local,North York,43.793245,-79.42169,626979.1802,4850118.9997,Unknown,No Control,Clear,Dark,Dry,36,Newtonbrook West,36,Newtonbrook West (36),Non-Fatal Injury,1,0,0,0,0,0,0,0,0,0,0,0,0,Pedestrian Collisions,"['Vehicle Owner', 'Driver', 'Pedestrian']",South,['Other'],['Reversing'],['Other'],['Normal'],['Person Getting on/off Vehicle'],['Normal'],['Not Applicable'],['Not Applicable'],['Not Applicable'],False,"['unknown', '50 to 54']",3.0
1069315.0,2008-11-11 10:00:00,720,2008,PHARMACY AVE,STEELES AVE E,Major Arterial,Scarborough,43.816847,-79.336452,633784.1678,4852874.6799,At Intersection,Traffic Signal,Clear,Daylight,Dry,116,Steeles,116,Steeles (116),Fatal,1,0,0,0,0,1,0,0,0,1,0,0,0,Pedestrian Collisions,"['Pedestrian', 'Vehicle Owner', 'Driver']",North,"['Other', 'Municipal Transit Bus (TTC)']",['Turning Right'],['Failed to Yield Right of Way'],['Unknown'],['Crossing with right of way'],['Unknown'],['Not Applicable'],['Not Applicable'],['Not Applicable'],True,"['55 to 59', 'unknown', '65 to 69']",4.0