accident_number,date,time,year,street1,street2,road_class,district,latitude,longitude,x,y,accident_location,traffctl,visibility,light,road_surface_condition,hood_158,neighbourhood_new,hood_140,neighbourhood_old,accident_class,pedestrian,cyclist,automobile,motorcycle,truck,trsn_city_veh,emerg_veh,passenger,speeding,aggressive_driving,redlight,alcohol,disability,impact_type,involvement_type,initial_direction,vehicle_type,manoeuver,driver_action,driver_condition,pedestrian_action,pedestrian_condition,cyclist_type,cyclist_action,cyclist_condition,injury,involvement_age,injury_severity_score
1076080.0,2008-11-25 10:00:00,1814,2008,324 EASTERN AVE,Not Applicable,Major Arterial,Toronto and East York,43.656645,-79.34669,633315.8617,4835065.3792,Unknown,No Control,Rain,Dark,Wet,70,South Riverdale,70,South Riverdale (70),Non-Fatal Injury,0,1,1,0,0,0,0,0,0,1,0,0,0,Cyclist Collisions,"['Driver', 'Cyclist']",East,"['Automobile, Station Wagon', 'Bicycle']","['Turning Right', 'Going Ahead']",['Failed to Yield Right of Way'],['Normal'],['Not Applicable'],['Not Applicable'],"['Motorist turns right at non-signal Inter.(stop, yield, no cont.,and dwy) and strikes cyclist.']",['Driving Properly'],['Normal'],False,"['40 to 44', '35 to 39']",3.0
1076123.0,2008-11-24 10:00:00,1754,2008,RIVER ST,SHUTER ST,Minor Arterial,Toronto and East York,43.659545,-79.35749,632438.6102,4835370.1668,At Intersection,Traffic Signal,Rain,Dark,Wet,72,Regent Park,72,Regent Park (72),Non-Fatal Injury,1,0,1,0,0,0,0,0,0,0,0,0,0,Pedestrian Collisions,"['Pedestrian', 'Driver']",North,"['Other', 'Automobile, Station Wagon']",['Turning Left'],['Improper Turn'],['Normal'],['Crossing with right of way'],['Normal'],['Not Applicable'],['Not Applicable'],['Not Applicable'],False,"['50 to 54', '45 to 49']",3.0
1076502.0,2008-11-27 10:00:00,946,2008,MIDLAND AVE,HAVENDALE RD,Major Arterial,Scarborough,43.793245,-79.28189,638226.5714,4850342.9772,At Intersection,Traffic Signal,Clear,Daylight,Dry,128,Agincourt South-Malvern West,128,Agincourt South-Malvern West (128),Non-Fatal Injury,1,0,1,0,0,0,0,0,0,1,0,0,0,Pedestrian Collisions,"['Driver', 'Pedestrian']",East,"['Automobile, Station Wagon', 'Other']",['Turning Left'],['Failed to Yield Right of Way'],['Inattentive'],['Crossing with right of way'],['Normal'],['Not Applicable'],['Not Applicable'],['Not Applicable'],False,"['90 to 94', '55 to 59']",3.0
1077611.0,2008-12-24 10:00:00,1650,2008,YONGE ST,FINCH AVE W,Major Arterial,North York,43.779745,-79.41559,627498.6438,4848628.9921,At Intersection,Missing Control,Other,Daylight,Other,37,Willowdale West,37,Willowdale West (37),Non-Fatal Injury,1,0,1,0,0,0,0,0,0,1,0,0,0,Pedestrian Collisions,"['Driver', 'Pedestrian']",North,"['Automobile, Station Wagon', 'Other']","['Unknown', 'Other']",['Failed to Yield Right of Way'],[],['Not Applicable'],['Not Applicable'],['Not Applicable'],['Not Applicable'],['Not Applicable'],False,"['55 to 59', 'unknown']",3.0
1078367.0,2008-12-31 10:00:00,52,2008,DON VALLEY PARKWAY  S,GERRARD ST E,Expressway,Toronto and East York,43.665345,-79.35619,632530.6697,4836016.4105,Unknown,No Control,Snow,Dark,Loose Snow,68,North Riverdale,68,North Riverdale (68),Non-Fatal Injury,0,0,1,0,0,0,0,1,1,1,0,0,0,SMV Other,"['Vehicle Owner', 'Driver', 'Passenger', 'Other']",South,"['Other', 'Automobile, Station Wagon']",['Going Ahead'],"['Driving Properly', 'Speed too Fast For Condition']",['Normal'],['Not Applicable'],['Not Applicable'],['Not Applicable'],['Not Applicable'],['Not Applicable'],False,"['unknown', '30 to 34', '20 to 24', '45 to 49', '40 to 44']",3.0
1078551.0,2009-01-01 10:00:00,259,2009,EGLINTON AVE E,DANFORTH RD,Major Arterial,Scarborough,43.737045,-79.24619,641230.965,4844161.3379,At Intersection,Traffic Signal,Clear,Dark,Wet,138,Eglinton East,138,Eglinton East (138),Fatal,1,0,1,0,0,0,0,0,0,0,0,0,0,Pedestrian Collisions,"['Driver', 'Pedestrian']",North,"['Automobile, Station Wagon', 'Other']",['Going Ahead'],['Driving Properly'],['Normal'],['Crossing without right of way'],"['Ability Impaired, Alcohol Over .80']",['Not Applicable'],['Not Applicable'],['Not Applicable'],True,"['20 to 24', '50 to 54']",4.0
1078711.0,2008-12-01 10:00:00,1330,2008,BATHURST Stre,ULSTER Stre,Major Arterial,Toronto and East York,43.659745,-79.40909,628277.538,4835311.3078,At Intersection,Traffic Signal,Freezing Rain,Daylight,Wet,80,Palmerston-Little Italy,80,Palmerston-Little Italy (80),Non-Fatal Injury,0,0,1,1,0,0,0,0,0,0,0,0,0,Sideswipe,"['Motorcycle Driver', 'Driver']",North,"['Motorcycle', 'Automobile, Station Wagon']","['Changing Lanes', 'Going Ahead']","['Improper Lane Change', 'Driving Properly']","['Inattentive', 'Normal']",['Not Applicable'],['Not Applicable'],['Not Applicable'],['Not Applicable'],['Not Applicable'],False,"['35 to 39', '20 to 24']",3.0
1078876.0,2009-01-02 10:00:00,2011,2009,BRIDLETOWNE CRCL,FINCH AVE E,Minor Arterial,Scarborough,43.797945,-79.31249,635754.0495,4850814.3367,Unknown,No Control,Snow,Dark,Other,148,East L'Amoreaux,117,L'Amoreaux (117),Non-Fatal Injury,0,0,1,0,0,0,0,1,0,0,0,0,0,SMV Other,"['Passenger', 'Driver']",North,"['Other', 'Automobile, Station Wagon']",['Going Ahead'],['Lost control'],['Normal'],['Not Applicable'],['Not Applicable'],['Not Applicable'],['Not Applicable'],['Not Applicable'],False,"['70 to 74', '80 to 84']",3.0
1078881.0,2009-01-03 10:00:00,339,2009,JANE St,CHURCH St,Major Arterial,Etobicoke York,43.709245,-79.50559,620397.4627,4840664.2787,Unknown,Traffic Controller,Clear,Dark,Wet,113,Weston,113,Weston (113),Non-Fatal Injury,0,0,1,0,0,0,0,0,0,1,0,0,0,Rear End,['Driver'],South,"['Automobile, Station Wagon']","['Stopped', 'Going Ahead']","['Driving Properly', 'Following too Close']",['Normal'],['Not Applicable'],['Not Applicable'],['Not Applicable'],['Not Applicable'],['Not Applicable'],False,"['25 to 29', '20 to 24']",3.0
1078999.0,2009-01-03 10:00:00,1937,2009,330 UNIVERSITY AVE,Not Applicable,Major Arterial,Toronto and East York,43.651351,-79.386829,630090.6199,4834413.7013,Non Intersection,No Control,Clear,"Dark, artificial",Other,170,Yonge-Bay Corridor,76,Bay Street Corridor (76),Non-Fatal Injury,0,0,1,0,0,0,0,0,0,0,0,0,0,SMV Other,"['Vehicle Owner', 'Driver', 'Other Property Owner']",South,"['Automobile, Station Wagon']",['Unknown'],['Lost control'],['Unknown'],['Not Applicable'],['Not Applicable'],['Not Applicable'],['Not Applicable'],['Not Applicable'],False,"['unknown', '40 to 44']",3.0
1079383.0,2009-01-05 10:00:00,1247,2009,VICTORIA PARK AVE,CONSUMERS RD,Major Arterial,North York,43.771945,-79.32149,635088.5787,4847911.9052,Unknown,Traffic Signal,Clear,Daylight,Dry,118,Tam O'Shanter-Sullivan,118,Tam O'Shanter-Sullivan (118),Non-Fatal Injury,1,0,1,0,0,0,0,0,0,0,0,0,0,Pedestrian Collisions,"['Driver', 'Other Property Owner', 'Pedestrian']",South,"['Automobile, Station Wagon', 'Other']",['Changing Lanes'],['Lost control'],['Normal'],['Other'],['Normal'],['Not Applicable'],['Not Applicable'],['Not Applicable'],False,"['70 to 74', 'unknown', '40 to 44', '25 to 29']",3.0
1079532.0,2008-12-03 10:00:00,1134,2008,EGLINTON AVE E,ST DENNIS EGLINTON E RAMP,Major Arterial,North York,43.724945,-79.32319,635057.4284,4842689.0769,Unknown,No Control,Clear,Daylight,Dry,44,Flemingdon Park,44,Flemingdon Park (44),Non-Fatal Injury,1,0,0,0,1,0,0,0,0,0,0,0,0,Pedestrian Collisions,"['Vehicle Owner', 'Truck Driver', 'Other', 'Pedestrian']",East,"['Other', 'Truck - Open']","['Going Ahead', 'Unknown']",['Driving Properly'],['Normal'],['Running onto Roadway'],['Inattentive'],['Not Applicable'],['Not Applicable'],['Not Applicable'],False,"['unknown', '40 to 44', '50 to 54']",3.0
1079597.0,2008-12-04 10:00:00,706,2008,WILSON AVE,LEXFIELD AVE,Major Arterial,North York,43.723345,-79.49679,621078.0421,4842243.0998,Unknown,No Control,Clear,Daylight,Wet,154,Oakdale-Beverley Heights,26,Downsview-Roding-CFB (26),Non-Fatal Injury,1,0,1,0,0,0,0,0,0,0,0,0,0,Pedestrian Collisions,"['Driver', 'Pedestrian']",South,"['Automobile, Station Wagon', 'Other']",['Going Ahead'],['Driving Properly'],['Normal'],['Running onto Roadway'],['Normal'],['Not Applicable'],['Not Applicable'],['Not Applicable'],False,"['50 to 54', '40 to 44']",3.0
1079671.0,2009-01-06 10:00:00,1349,2009,SHEPPARD AVE E,REAN DR,Major Arterial,North York,43.767745,-79.38309,630139.9942,4847346.7733,At Intersection,Traffic Signal,Clear,Daylight,Dry,52,Bayview Village,52,Bayview Village (52),Fatal,1,0,1,0,0,0,0,0,0,1,0,0,0,Pedestrian Collisions,"['Driver', 'Pedestrian']",North,"['Automobile, Station Wagon', 'Other']",['Turning Left'],['Failed to Yield Right of Way'],['Inattentive'],['Crossing with right of way'],['Unknown'],['Not Applicable'],['Not Applicable'],['Not Applicable'],True,"['50 to 54', '65 to 69']",4.0
1079815.0,2008-12-03 10:00:00,1905,2008,40 CLUNY DR,CRESCENT Road,Local,Toronto and East York,43.676945,-79.38629,630078.7969,4837257.1019,Unknown,No Control,Clear,Dark,Dry,98,Rosedale-Moore Park,98,Rosedale-Moore Park (98),Non-Fatal Injury,1,0,1,0,0,0,0,0,0,0,0,0,0,Pedestrian Collisions,"['Vehicle Owner', 'Driver', 'Pedestrian']",East,"['Other', 'Automobile, Station Wagon']",['Going Ahead'],['Driving Properly'],['Normal'],"['Crossing, no Traffic Control']",['Inattentive'],['Not Applicable'],['Not Applicable'],['Not Applicable'],False,"['unknown', '40 to 44', '55 to 59']",3.0
1079931.0,2009-01-07 10:00:00,1640,2009,2160 EGLINTON AVE W,CALEDONIA Road,Major Arterial,North York,43.693445,-79.46029,624079.6867,4838976.2597,Unknown,No Control,Snow,Daylight,Slush,109,Caledonia-Fairbank,109,Caledonia-Fairbank (109),Non-Fatal Injury,1,0,0,0,0,1,0,0,0,0,0,0,0,Pedestrian Collisions,"['Vehicle Owner', 'Driver', 'Pedestrian']",West,"['Other', 'Municipal Transit Bus (TTC)']",['Going Ahead'],['Driving Properly'],['Normal'],"['Crossing, no Traffic Control']",['Medical or Physical Disability'],['Not Applicable'],['Not Applicable'],['Not Applicable'],False,"['unknown', '50 to 54', '55 to 59']",3.0
1080111.0,2008-12-08 10:00:00,555,2008,FINCH Ave W,OAKDALE Rd,Major Arterial,Etobicoke York,43.755945,-79.52429,618798.5119,4845823.9901,At Intersection,Traffic Signal,Clear,Dark,Wet,24,Black Creek,24,Black Creek (24),Non-Fatal Injury,0,0,1,0,0,0,0,1,0,1,1,0,0,Rear End,"['Driver', 'Passenger', 'Vehicle Owner']",East,"['Automobile, Station Wagon', 'Other']",['Going Ahead'],"['Driving Properly', 'Disobeyed Traffic Control']","['Normal', 'Inattentive']",['Not Applicable'],['Not Applicable'],['Not Applicable'],['Not Applicable'],['Not Applicable'],False,"['60 to 64', '45 to 49', 'unknown', '25 to 29']",3.0
1080314.0,2009-01-08 10:00:00,1430,2009,BATHURST ST,COLLEGE ST,Major Arterial,Toronto and East York,43.656445,-79.40769,628397.4569,4834946.9648,Unknown,Traffic Signal,Clear,Daylight,Slush,78,Kensington-Chinatown,78,Kensington-Chinatown (78),Non-Fatal Injury,0,0,1,0,0,0,0,1,0,1,0,0,0,Rear End,"['Passenger', 'Driver']",South,"['Other', 'Automobile, Station Wagon']","['Stopped', 'Going Ahead']","['Driving Properly', 'Following too Close']",['Normal'],['Not Applicable'],['Not Applicable'],['Not Applicable'],['Not Applicable'],['Not Applicable'],False,"['unknown', '45 to 49', '25 to 29']",3.0
1080448.0,2009-01-08 10:00:00,1445,2009,STEELES AVE W,TANGREEN CRT,Major Arterial,North York,43.796614,-79.426364,626596.0271,4850486.0198,Unknown,Stop Sign,Clear,Daylight,Slush,36,Newtonbrook West,36,Newtonbrook West (36),Non-Fatal Injury,1,0,1,0,0,0,0,0,0,0,0,0,0,Pedestrian Collisions,"['Vehicle Owner', 'Driver', 'Pedestrian']",South,"['Other', 'Automobile, Station Wagon']",['Turning Left'],['Improper Turn'],['Normal'],"['Crossing, no Traffic Control']",['Normal'],['Not Applicable'],['Not Applicable'],['Not Applicable'],False,"['unknown', '20 to 24', '70 to 74']",3.0
1080485.0,2009-01-10 10:00:00,1848,2009,KEELE ST,NASHVILLE AVE,Major Arterial,Etobicoke York,43.683745,-79.47229,623132.4876,4837881.0566,At Intersection,No Control,Clear,Dark,Dry,110,Keelesdale-Eglinton West,110,Keelesdale-Eglinton West (110),Non-Fatal Injury,0,0,1,0,0,0,0,0,0,0,0,0,1,Sideswipe,"['Vehicle Owner', 'Driver']",South,"['Other', 'Automobile, Station Wagon']",['Going Ahead'],"['Driving Properly', 'Lost control']","['Normal', 'Medical or Physical Disability']",['Not Applicable'],['Not Applicable'],['Not Applicable'],['Not Applicable'],['Not Applicable'],False,"['unknown', '25 to 29', '65 to 69']",3.0
1080622.0,2008-12-09 10:00:00,1830,2008,MACPHERSON AVE,SPADINA RD,Minor Arterial,Toronto and East York,43.675845,-79.40749,628372.2243,4837101.9029,At Intersection,No Control,Rain,Dark,Wet,96,Casa Loma,96,Casa Loma (96),Non-Fatal Injury,1,0,1,0,0,0,0,0,0,0,0,0,0,Pedestrian Collisions,"['Vehicle Owner', 'Driver', 'Pedestrian']",North,"['Other', 'Automobile, Station Wagon']",['Turning Left'],['Driving Properly'],['Normal'],['Crossing without right of way'],['Normal'],['Not Applicable'],['Not Applicable'],['Not Applicable'],False,"['unknown', '50 to 54', '55 to 59']",3.0
1081003.0,2008-12-10 10:00:00,1215,2008,LAKE SHORE BLVD E,LOWER JARVIS ST,Major Arterial,Toronto and East York,43.645645,-79.36989,631469.0911,4833806.6699,Unknown,Traffic Signal,Clear,Daylight,Wet,166,St Lawrence-East Bayfront-The Islands,77,Waterfront Communities-The Island (77),Non-Fatal Injury,0,0,1,0,0,0,0,1,0,0,0,0,0,Turning Movement,"['Driver', 'Passenger']",East,"['Automobile, Station Wagon', 'Other']","['Turning Left', 'Going Ahead']","['Improper Turn', 'Driving Properly']","['Inattentive', 'Normal']",['Not Applicable'],['Not Applicable'],['Not Applicable'],['Not Applicable'],['Not Applicable'],False,"['55 to 59', '70 to 74']",3.0
1081341.0,2008-12-11 10:00:00,2350,2008,RICHMOND ST W,JOHN ST,Major Arterial,Toronto and East York,43.649145,-79.39079,629775.9415,4834162.4942,At Intersection,Traffic Signal,Clear,Dark,Dry,164,Wellington Place,77,Waterfront Communities-The Island (77),Non-Fatal Injury,1,0,1,0,0,0,0,0,0,0,0,0,0,Pedestrian Collisions,"['Vehicle Owner', 'Driver', 'Pedestrian']",North,"['Other', 'Automobile, Station Wagon']",['Turning Left'],['Improper Turn'],['Inattentive'],['Crossing with right of way'],['Normal'],['Not Applicable'],['Not Applicable'],['Not Applicable'],False,"['unknown', '30 to 34', '20 to 24']",3.0
1081545.0,2009-01-14 10:00:00,1108,2009,PASSMORE AVE,MIDLAND AVE,Major Arterial,Scarborough,43.820745,-79.29489,637117.7356,4853375.6667,At Intersection,Traffic Signal,Clear,Daylight,Dry,130,Milliken,130,Milliken (130),Non-Fatal Injury,0,0,1,0,0,0,0,0,0,0,0,0,1,SMV Other,['Driver'],East,"['Automobile, Station Wagon']",['Going Ahead'],['Lost control'],['Medical or Physical Disability'],['Not Applicable'],['Not Applicable'],['Not Applicable'],['Not Applicable'],['Not Applicable'],False,['80 to 84'],3.0
1081583.0,2009-01-14 10:00:00,1355,2009,TAPSCOTT RD,FINCH AVE E,Minor Arterial,Scarborough,43.814245,-79.23709,641781.2028,4852751.1653,At Intersection,Traffic Signal,Snow,Daylight,Wet,144,Morningside Heights,131,Rouge (131),Non-Fatal Injury,1,0,1,0,0,0,0,0,0,1,0,0,0,Pedestrian Collisions,"['Vehicle Owner', 'Driver', 'Pedestrian']",North,"['Other', 'Automobile, Station Wagon']",['Turning Left'],['Failed to Yield Right of Way'],['Normal'],['Crossing with right of way'],['Normal'],['Not Applicable'],['Not Applicable'],['Not Applicable'],False,"['unknown', '35 to 39', '60 to 64']",3.0
1081813.0,2008-12-15 10:00:00,925,2008,EGLINTON AVE W,CHAPLIN CRES,Major Arterial,North York,43.702745,-79.41739,627517.1604,4840074.2428,At Intersection,Traffic Signal,Rain,Daylight,Wet,102,Forest Hill North,102,Forest Hill North (102),Non-Fatal Injury,1,0,1,0,0,0,0,0,0,0,0,0,0,Pedestrian Collisions,"['Driver', 'Pedestrian']",South,"['Automobile, Station Wagon', 'Other']",['Turning Left'],['Driving Properly'],['Normal'],['Running onto Roadway'],['Normal'],['Not Applicable'],['Not Applicable'],['Not Applicable'],False,"['25 to 29', '30 to 34']",3.0
1082425.0,2008-12-14 10:00:00,305,2008,FINCH AVE W,JANE ST,Major Arterial,Etobicoke York,43.757245,-79.51769,619327.2492,4845977.8617,At Intersection,Traffic Signal,Freezing Rain,Dark,Wet,24,Black Creek,24,Black Creek (24),Non-Fatal Injury,1,0,1,0,0,0,0,0,0,1,0,0,0,Pedestrian Collisions,"['Driver', 'Pedestrian']",South,"['Automobile, Station Wagon', 'Other']",['Going Ahead'],['Failed to Yield Right of Way'],['Normal'],['Crossing with right of way'],['Normal'],['Not Applicable'],['Not Applicable'],['Not Applicable'],False,"['25 to 29', '30 to 34']",3.0
1083156.0,2008-12-17 10:00:00,2205,2008,QUEEN ST W,BAY ST,Major Arterial,Toronto and East York,43.651845,-79.38169,630503.9776,4834476.6357,Unknown,Traffic Signal,Clear,Dark,Dry,170,Yonge-Bay Corridor,76,Bay Street Corridor (76),Non-Fatal Injury,1,0,1,0,0,0,0,0,0,0,0,0,0,Pedestrian Collisions,"['Driver', 'Pedestrian']",West,"['Automobile, Station Wagon', 'Other']",['Going Ahead'],['Driving Properly'],['Normal'],['Crossing without right of way'],"['Ability Impaired, Alcohol']",['Not Applicable'],['Not Applicable'],['Not Applicable'],False,"['40 to 44', '55 to 59']",3.0
1083196.0,2009-01-21 10:00:00,1532,2009,1317 PAPE Ave,Not Applicable,Major Arterial,Toronto and East York,43.695323,-79.351032,632880.3372,4839354.132,Unknown,No Control,Clear,Dusk,Loose Snow,58,Old East York,58,Old East York (58),Non-Fatal Injury,0,0,1,0,0,0,0,1,0,0,0,0,0,Approaching,"['Passenger', 'Driver']",North,"['Other', 'Taxi', 'Automobile, Station Wagon']",['Going Ahead'],"['Driving Properly', 'Lost control']",['Normal'],['Not Applicable'],['Not Applicable'],['Not Applicable'],['Not Applicable'],['Not Applicable'],False,"['50 to 54', '65 to 69', '70 to 74']",3.0
1083356.0,2008-11-28 10:00:00,950,2008,MCCOWAN RD,TOWN CENTRE CRT,Major Arterial,Scarborough,43.774545,-79.25219,640659.896,4848316.0775,At Intersection,Traffic Signal,Clear,Daylight,Wet,142,Woburn North,137,Woburn (137),Non-Fatal Injury,0,0,1,0,0,0,0,0,0,1,1,0,0,Angle,['Driver'],East,"['Automobile, Station Wagon']","['Going Ahead', 'Stopped']","['Disobeyed Traffic Control', 'Driving Properly']",['Normal'],['Not Applicable'],['Not Applicable'],['Not Applicable'],['Not Applicable'],['Not Applicable'],False,"['70 to 74', '35 to 39']",3.0
1083673.0,2008-12-22 10:00:00,1710,2008,SPADINA AVE,SULLIVAN ST,Major Arterial,Toronto and East York,43.650845,-79.39719,629256.1566,4834341.3128,At Intersection,Traffic Signal,Snow,Dark,Loose Snow,78,Kensington-Chinatown,78,Kensington-Chinatown (78),Non-Fatal Injury,1,0,0,0,0,1,0,0,0,0,0,0,0,Pedestrian Collisions,"['Vehicle Owner', 'Driver', 'Pedestrian']",North,"['Other', 'Municipal Transit Bus (TTC)']",['Going Ahead'],['Driving Properly'],['Normal'],['Crossing without right of way'],['Inattentive'],['Not Applicable'],['Not Applicable'],['Not Applicable'],False,"['unknown', '45 to 49']",3.0
1083896.0,2009-01-24 10:00:00,1420,2009,COMMISSIONERS Stre,DON ROADWAY,Collector,Toronto and East York,43.648545,-79.34499,633470.8864,4834168.4997,Unknown,No Control,Clear,Daylight,Dry,70,South Riverdale,70,South Riverdale (70),Non-Fatal Injury,0,0,1,0,0,0,0,1,0,0,0,0,0,SMV Other,"['Driver', 'Passenger']",West,"['Automobile, Station Wagon', 'Other']","['Going Ahead', 'Other']",[],[],['Not Applicable'],['Not Applicable'],['Not Applicable'],['Not Applicable'],['Not Applicable'],False,['25 to 29'],3.0
1084533.0,2008-12-26 10:00:00,1205,2008,VICTORIA PARK AVE,CASSANDRA BLVD,Major Arterial,North York,43.754345,-79.31399,635731.9922,4845969.4197,At Intersection,Traffic Signal,Snow,Daylight,Slush,119,Wexford/Maryvale,119,Wexford/Maryvale (119),Non-Fatal Injury,0,0,1,0,0,0,0,0,0,1,0,0,0,Rear End,['Driver'],North,"['Automobile, Station Wagon']","['Going Ahead', 'Turning Left']","['Following too Close', 'Driving Properly']",['Normal'],['Not Applicable'],['Not Applicable'],['Not Applicable'],['Not Applicable'],['Not Applicable'],False,"['20 to 24', '35 to 39']",3.0
1084803.0,2008-12-29 10:00:00,920,2008,FINCH AVE W,VIRGILWOOD DR,Major Arterial,North York,43.772845,-79.44819,624889.6388,4847812.9534,At Intersection,Traffic Signal,Clear,Daylight,Dry,35,Westminster-Branson,35,Westminster-Branson (35),Non-Fatal Injury,1,0,1,0,0,0,0,0,0,1,0,0,0,Pedestrian Collisions,"['Vehicle Owner', 'Driver', 'Pedestrian']",North,"['Other', 'Automobile, Station Wagon']",['Turning Left'],['Failed to Yield Right of Way'],['Normal'],['Crossing with right of way'],['Normal'],['Not Applicable'],['Not Applicable'],['Not Applicable'],False,"['unknown', '40 to 44', '50 to 54']",3.0
1084902.0,2009-01-28 10:00:00,2119,2009,THE EAST MALL,EVANS Aven,Major Arterial,Etobicoke York,43.611845,-79.54379,617509.6992,4829791.9824,Unknown,No Control,Clear,Dark,Loose Snow,20,Alderwood,20,Alderwood (20),Non-Fatal Injury,0,0,1,0,0,0,0,1,0,0,0,0,0,SMV Other,"['Passenger', 'Driver']",South,"['Automobile, Station Wagon']","['Going Ahead', 'Other']",[],[],['Not Applicable'],['Not Applicable'],['Not Applicable'],['Not Applicable'],['Not Applicable'],False,"['unknown', '75 to 79']",3.0
1085413.0,2009-01-02 10:00:00,2140,2009,MCLEVIN Aven,FAWCETT Trai,Collector,Scarborough,43.808345,-79.20649,644256.4273,4852148.7694,At Intersection,Stop Sign,Other,Dark,Wet,146,Malvern East,132,Malvern (132),Non-Fatal Injury,0,0,1,0,0,0,0,0,0,1,0,0,0,Angle,['Driver'],North,"['Automobile, Station Wagon']",['Going Ahead'],"['Driving Properly', 'Failed to Yield Right of Way']",['Normal'],['Not Applicable'],['Not Applicable'],['Not Applicable'],['Not Applicable'],['Not Applicable'],False,['20 to 24'],3.0
1085958.0,2009-02-02 10:00:00,1430,2009,KINGSTON Road,SHARPE Stre,Major Arterial,Scarborough,43.706345,-79.25129,640892.2152,4840742.9692,At Intersection,Traffic Signal,Clear,Daylight,Dry,122,Birchcliffe-Cliffside,122,Birchcliffe-Cliffside (122),Non-Fatal Injury,1,0,1,0,0,0,0,0,0,1,0,0,0,Pedestrian Collisions,"['Driver', 'Pedestrian']",North,"['Automobile, Station Wagon', 'Other']",['Turning Left'],['Failed to Yield Right of Way'],['Inattentive'],['Crossing with right of way'],['Normal'],['Not Applicable'],['Not Applicable'],['Not Applicable'],False,"['50 to 54', '80 to 84']",3.0
1085959.0,2009-02-02 10:00:00,1610,2009,FINCH AVE W,WESTON RD,Major Arterial,Etobicoke York,43.752045,-79.54239,617349.0263,4845365.037,At Intersection,Traffic Signal,Clear,Daylight,Dry,22,Humbermede,22,Humbermede (22),Fatal,1,0,0,0,1,0,0,0,0,1,0,0,0,Pedestrian Collisions,"['Vehicle Owner', 'Truck Driver', 'Pedestrian']",North,"['Other', 'Truck - Open']",['Turning Left'],['Failed to Yield Right of Way'],['Normal'],['Crossing with right of way'],['Medical or Physical Disability'],['Not Applicable'],['Not Applicable'],['Not Applicable'],True,"['unknown', '55 to 59', '90 to 94']",4.0
1086335.0,2009-01-05 10:00:00,831,2009,380 CARLINGVIEW DR,Not Applicable,Major Arterial,Etobicoke York,43.695345,-79.59939,612866.4708,4838988.5418,Unknown,No Control,Clear,Daylight,Dry,1,West Humber-Clairville,1,West Humber-Clairville (1),Non-Fatal Injury,0,0,1,0,0,0,0,0,0,1,0,0,0,Turning Movement,"['Vehicle Owner', 'Driver']",North,"['Other', 'Automobile, Station Wagon']","['Turning Left', 'Going Ahead']","['Improper Turn', 'Driving Properly']","['Inattentive', 'Normal']",['Not Applicable'],['Not Applicable'],['Not Applicable'],['Not Applicable'],['Not Applicable'],False,"['unknown', '45 to 49', '55 to 59']",3.0
1086605.0,2009-01-06 10:00:00,715,2009,MIDDLEFIELD RD,COMPASS CRT,Minor Arterial,Scarborough,43.806645,-79.25519,640343.3031,4851876.2019,At Intersection,No Control,Clear,Daylight,Wet,129,Agincourt North,129,Agincourt North (129),Non-Fatal Injury,0,0,1,0,0,0,0,1,0,0,0,0,0,Angle,"['Passenger', 'Driver']",East,"['Automobile, Station Wagon']",['Going Ahead'],"['Driving Properly', 'Lost control']",['Normal'],['Not Applicable'],['Not Applicable'],['Not Applicable'],['Not Applicable'],['Not Applicable'],False,"['45 to 49', '60 to 64', '35 to 39']",3.0
1086962.0,2020-06-13 08:00:00,1040,2020,SHERBOURNE ST,QUEEN ST E,Major Arterial,Toronto and East York,43.654452,-79.369418,631487.939,4834785.5508,At Intersection,Traffic Signal,Clear,Daylight,Dry,73,Moss Park,73,Moss Park (73),Non-Fatal Injury,0,1,1,0,0,0,0,0,0,0,0,0,0,Cyclist Collisions,"['Cyclist', 'Driver']",East,"['Bicycle', 'Pick Up Truck']",['Going Ahead'],['Driving Properly'],['Normal'],['Not Applicable'],['Not Applicable'],"['Cyclist without ROW rides into path of motorist at inter, lnwy, dwy-Cyclist not turn.']",['Disobeyed Traffic Control'],['Normal'],False,"['55 to 59', '50 to 54']",3.0
1087565.0,2009-02-09 10:00:00,2,2009,PAPE Aven,LIPTON Aven,Major Arterial,Toronto and East York,43.679945,-79.34529,633377.1351,4837655.4099,Unknown,No Control,Clear,Dark,Dry,67,Playter Estates-Danforth,67,Playter Estates-Danforth (67),Non-Fatal Injury,1,0,1,0,0,0,0,0,0,0,0,0,0,Pedestrian Collisions,"['Driver', 'Pedestrian']",North,"['Automobile, Station Wagon', 'Other']",['Going Ahead'],['Driving Properly'],['Normal'],"['Crossing, no Traffic Control']",['Unknown'],['Not Applicable'],['Not Applicable'],['Not Applicable'],False,"['35 to 39', '70 to 74']",3.0
1087632.0,2009-01-09 10:00:00,1640,2009,GERRARD ST E,PAPE AVE,Minor Arterial,Toronto and East York,43.668145,-79.34039,633798.3232,4836352.7505,At Intersection,Traffic Signal,Clear,Daylight,Wet,70,South Riverdale,70,South Riverdale (70),Non-Fatal Injury,1,0,1,0,0,0,0,0,0,1,0,0,0,Pedestrian Collisions,"['Driver', 'Pedestrian']",East,"['Automobile, Station Wagon', 'Other']",['Turning Left'],['Failed to Yield Right of Way'],['Normal'],['Crossing with right of way'],['Normal'],['Not Applicable'],['Not Applicable'],['Not Applicable'],False,"['65 to 69', '50 to 54']",3.0