accident_number,date,time,year,street1,street2,road_class,district,latitude,longitude,x,y,accident_location,traffctl,visibility,light,road_surface_condition,hood_158,neighbourhood_new,hood_140,neighbourhood_old,accident_class,pedestrian,cyclist,automobile,motorcycle,truck,trsn_city_veh,emerg_veh,passenger,speeding,aggressive_driving,redlight,alcohol,disability,impact_type,involvement_type,initial_direction,vehicle_type,manoeuver,driver_action,driver_condition,pedestrian_action,pedestrian_condition,cyclist_type,cyclist_action,cyclist_condition,injury,involvement_age,injury_severity_score
1088222.0,2009-01-12 10:00:00,1116,2009,EGLINTON AVE E,SLOANE AVE,Major Arterial,North York,43.726045,-79.31349,635836.23,4842827.1025,Unknown,Traffic Signal,Clear,Daylight,Dry,43,Victoria Village,43,Victoria Village (43),Non-Fatal Injury,1,0,1,0,0,0,0,0,0,1,0,0,0,Pedestrian Collisions,"['Driver', 'Pedestrian']",North,"['Automobile, Station Wagon', 'Other']",['Turning Left'],['Failed to Yield Right of Way'],['Inattentive'],['Crossing with right of way'],['Normal'],['Not Applicable'],['Not Applicable'],['Not Applicable'],False,"['50 to 54', '40 to 44']",3.0
1088236.0,2009-01-12 10:00:00,850,2009,MILNER AVE,CINEMART DR,Minor Arterial,Scarborough,43.797445,-79.20479,644419.4283,4850941.1121,Unknown,Stop Sign,Clear,Daylight,Dry,146,Malvern East,132,Malvern (132),Non-Fatal Injury,0,0,1,0,0,0,0,1,0,0,0,0,0,Turning Movement,"['Driver', 'Passenger']",East,"['Automobile, Station Wagon', 'Other']","['Turning Left', 'Going Ahead']","['Improper Turn', 'Driving Properly']",['Normal'],['Not Applicable'],['Not Applicable'],['Not Applicable'],['Not Applicable'],['Not Applicable'],False,"['45 to 49', 'unknown', '15 to 19']",3.0
1088275.0,2009-01-14 10:00:00,1315,2009,ISLINGTON Aven,SUMMITCREST Driv,Major Arterial,Etobicoke York,43.683145,-79.54049,617636.7378,4837715.4249,At Intersection,Traffic Signal,Clear,Daylight,Dry,7,Willowridge-Martingrove-Richview,7,Willowridge-Martingrove-Richview (7),Non-Fatal Injury,1,0,1,0,0,0,0,0,0,1,0,0,0,Pedestrian Collisions,"['Driver', 'Pedestrian']",East,"['Automobile, Station Wagon', 'Other']",['Turning Left'],['Failed to Yield Right of Way'],['Inattentive'],['Crossing with right of way'],['Normal'],['Not Applicable'],['Not Applicable'],['Not Applicable'],False,"['40 to 44', '15 to 19']",3.0
1088989.0,2009-02-13 10:00:00,125,2009,423 BRIMORTON DR,Not Applicable,Collector,Scarborough,43.768945,-79.23769,641840.0762,4847718.8469,Unknown,No Control,Clear,Dark,Dry,142,Woburn North,137,Woburn (137),Fatal,0,0,1,0,0,0,0,1,0,0,0,1,0,SMV Other,"['Passenger', 'Driver']",West,"['Other', 'Automobile, Station Wagon']",['Going Ahead'],['Lost control'],"['Ability Impaired, Alcohol']",['Not Applicable'],['Not Applicable'],['Not Applicable'],['Not Applicable'],['Not Applicable'],True,['20 to 24'],4.0
1089504.0,2009-02-16 10:00:00,1621,2009,HOVE St,SHEPPARD Ave W,Local,North York,43.755245,-79.44149,625465.6463,4845868.3368,Unknown,No Control,Clear,Daylight,Dry,34,Bathurst Manor,34,Bathurst Manor (34),Non-Fatal Injury,1,0,1,0,0,0,0,0,0,0,0,0,0,Pedestrian Collisions,"['Driver', 'Pedestrian']",East,"['Automobile, Station Wagon', 'Other']",['Reversing'],['Other'],['Normal'],['Other'],['Normal'],['Not Applicable'],['Not Applicable'],['Not Applicable'],False,"['55 to 59', '85 to 89']",3.0
1089526.0,2009-02-17 10:00:00,613,2009,MCNICOLL Aven,MIDLAND Aven,Major Arterial,Scarborough,43.814645,-79.29219,637348.8465,4852702.6409,At Intersection,Traffic Controller,Clear,Dark,Dry,130,Milliken,130,Milliken (130),Non-Fatal Injury,1,0,1,0,0,0,0,0,0,0,0,0,0,Pedestrian Collisions,"['Pedestrian', 'Driver']",Unknown,"['Other', 'Automobile, Station Wagon']","['Other', 'Going Ahead']",[],[],['Not Applicable'],['Not Applicable'],['Not Applicable'],['Not Applicable'],['Not Applicable'],False,"['50 to 54', 'unknown']",3.0
1089527.0,2009-02-17 10:00:00,613,2009,MCNICOLL AVE,MIDLAND AVE,Major Arterial,Scarborough,43.814545,-79.29219,637349.0758,4852691.5343,At Intersection,Traffic Signal,Clear,Dark,Dry,130,Milliken,130,Milliken (130),Non-Fatal Injury,1,0,1,0,0,0,0,0,0,1,0,0,0,Pedestrian Collisions,"['Driver', 'Pedestrian']",Unknown,"['Automobile, Station Wagon', 'Other']",['Turning Left'],['Failed to Yield Right of Way'],['Unknown'],['Crossing with right of way'],['Unknown'],['Not Applicable'],['Not Applicable'],['Not Applicable'],False,"['55 to 59', '60 to 64']",3.0
1089553.0,2009-01-13 10:00:00,938,2009,LAWRENCE Aven E,MOSSBANK Driv,Major Arterial,Scarborough,43.762645,-79.21169,643947.8314,4847064.0015,At Intersection,No Control,Snow,Daylight,Loose Snow,141,Golfdale-Cedarbrae-Woburn,137,Woburn (137),Non-Fatal Injury,1,0,1,0,0,0,0,0,0,0,0,0,0,Pedestrian Collisions,"['Driver', 'Pedestrian']",West,"['Automobile, Station Wagon', 'Other']","['Going Ahead', 'Other']",['Driving Properly'],['Normal'],['Running onto Roadway'],['Inattentive'],['Not Applicable'],['Not Applicable'],['Not Applicable'],False,"['80 to 84', '10 to 14']",3.0
1090371.0,2009-02-21 10:00:00,1105,2009,BROADWAY Aven,MOUNT PLEASANT Road,Major Arterial,North York,43.711145,-79.39119,629610.1136,4841047.8135,At Intersection,Traffic Signal,Clear,Daylight,Dry,99,Mount Pleasant East,99,Mount Pleasant East (99),Non-Fatal Injury,0,0,1,0,0,0,0,0,0,0,0,0,1,SMV Other,['Driver'],West,"['Automobile, Station Wagon']",['Going Ahead'],['Lost control'],['Medical or Physical Disability'],['Not Applicable'],['Not Applicable'],['Not Applicable'],['Not Applicable'],['Not Applicable'],False,['80 to 84'],3.0
1090380.0,2009-02-17 10:00:00,955,2009,DON MILLS RD,OVERLEA BLVD,Major Arterial,North York,43.709445,-79.334186,634206.3539,4840949.7159,Unknown,No Control,Clear,Daylight,Dry,44,Flemingdon Park,44,Flemingdon Park (44),Non-Fatal Injury,0,0,1,0,0,0,0,1,0,0,0,0,0,Other,"['Driver', 'Passenger']",South,"['Automobile, Station Wagon', 'Other']",['Slowing or Stopping'],['Driving Properly'],['Normal'],['Not Applicable'],['Not Applicable'],['Not Applicable'],['Not Applicable'],['Not Applicable'],False,"['50 to 54', '75 to 79']",3.0
1090381.0,2009-02-21 10:00:00,2001,2009,YORK MILLS RD,DON MILLS RD,Major Arterial,North York,43.755845,-79.34699,633071.9794,4846082.4667,At Intersection,Traffic Signal,Snow,Dark,Loose Snow,40,St.Andrew-Windfields,40,St.Andrew-Windfields (40),Non-Fatal Injury,0,0,1,0,0,0,0,0,0,0,0,0,1,Approaching,['Driver'],East,"['Automobile, Station Wagon']","['Going Ahead', 'Slowing or Stopping']","['Lost control', 'Driving Properly']","['Medical or Physical Disability', 'Normal']",['Not Applicable'],['Not Applicable'],['Not Applicable'],['Not Applicable'],['Not Applicable'],False,"['85 to 89', '35 to 39']",3.0
1090599.0,2009-01-20 10:00:00,1320,2009,LAKE SHORE Boul E,LOWER SHERBOURNE Stre,Major Arterial,Toronto and East York,43.646245,-79.36609,631774.2542,4833879.3345,At Intersection,Traffic Signal,Clear,Daylight,Wet,166,St Lawrence-East Bayfront-The Islands,77,Waterfront Communities-The Island (77),Non-Fatal Injury,0,0,1,0,1,0,0,1,0,0,0,0,0,Sideswipe,"['Passenger', 'Vehicle Owner', 'Truck Driver', 'Driver']",West,"['Other', 'Truck - Open', 'Automobile, Station Wagon']","['Going Ahead', 'Turning Left']","['Driving Properly', 'Improper Turn']",['Normal'],['Not Applicable'],['Not Applicable'],['Not Applicable'],['Not Applicable'],['Not Applicable'],False,"['30 to 34', 'unknown', '50 to 54', '25 to 29']",3.0
1090810.0,2009-02-23 10:00:00,1635,2009,F G GARDINER XY  E,YONGE ST,Major Arterial,Toronto and East York,43.644645,-79.37469,631084.1399,4833688.0141,Unknown,No Control,Clear,Daylight,Dry,166,St Lawrence-East Bayfront-The Islands,77,Waterfront Communities-The Island (77),Non-Fatal Injury,0,0,1,0,0,0,0,0,0,1,0,0,0,Rear End,"['Vehicle Owner', 'Driver']",East,"['Other', 'Automobile, Station Wagon']","['Stopped', 'Going Ahead']","['Driving Properly', 'Following too Close']","['Normal', 'Had Been Drinking']",['Not Applicable'],['Not Applicable'],['Not Applicable'],['Not Applicable'],['Not Applicable'],False,"['unknown', '25 to 29', '55 to 59', '60 to 64']",3.0
1090872.0,2009-01-18 10:00:00,1528,2009,DUFFERIN ST,WINGOLD AVE,Major Arterial,North York,43.703845,-79.45249,624686.708,4840143.0245,Unknown,Traffic Signal,Snow,Daylight,Slush,31,Yorkdale-Glen Park,31,Yorkdale-Glen Park (31),Non-Fatal Injury,0,0,1,0,0,1,0,0,0,1,1,0,0,Angle,"['Vehicle Owner', 'Driver']",East,"['Other', 'Municipal Transit Bus (TTC)', 'Automobile, Station Wagon']",['Going Ahead'],"['Driving Properly', 'Disobeyed Traffic Control']","['Normal', 'Inattentive']",['Not Applicable'],['Not Applicable'],['Not Applicable'],['Not Applicable'],['Not Applicable'],False,"['unknown', '45 to 49']",3.0
1091289.0,2009-02-25 10:00:00,1930,2009,HUMBER COLLEGE Boul,WINDWOOD Driv,Minor Arterial,Etobicoke York,43.730745,-79.60669,612212.1216,4842910.2868,Unknown,Pedestrian Crossover,Rain,Dark,Wet,1,West Humber-Clairville,1,West Humber-Clairville (1),Non-Fatal Injury,1,0,1,0,0,0,0,0,0,0,0,0,0,Pedestrian Collisions,"['Driver', 'Pedestrian']",East,"['Automobile, Station Wagon', 'Other']",['Going Ahead'],['Driving Properly'],['Normal'],"['Crossing, Pedestrian Crossover']",['Normal'],['Not Applicable'],['Not Applicable'],['Not Applicable'],False,"['60 to 64', '20 to 24']",3.0
1092227.0,2009-01-31 10:00:00,1700,2009,BLACK CREEK DR,EGLINTON AVE W,Major Arterial,Etobicoke York,43.688345,-79.48289,622268.7809,4838376.2658,At Intersection,Traffic Signal,Clear,Dusk,Dry,110,Keelesdale-Eglinton West,110,Keelesdale-Eglinton West (110),Non-Fatal Injury,0,0,1,0,0,0,0,0,0,1,0,0,0,Rear End,"['Driver', 'Vehicle Owner']",North,"['Automobile, Station Wagon', 'Other']","['Stopped', 'Going Ahead']","['Driving Properly', 'Failed to Yield Right of Way']","['Normal', 'Inattentive']",['Not Applicable'],['Not Applicable'],['Not Applicable'],['Not Applicable'],['Not Applicable'],False,"['40 to 44', 'unknown', '35 to 39']",3.0
1092352.0,2009-03-03 10:00:00,1042,2009,RELMAR RD,LONSDALE RD,Local,Toronto and East York,43.688345,-79.41389,627829.7652,4838480.3128,At Intersection,Stop Sign,Clear,Daylight,Dry,101,Forest Hill South,101,Forest Hill South (101),Non-Fatal Injury,1,0,1,0,0,0,0,0,0,1,0,0,0,Pedestrian Collisions,"['Vehicle Owner', 'Driver', 'Pedestrian']",South,"['Other', 'Automobile, Station Wagon']","['Turning Left', 'Other']",['Disobeyed Traffic Control'],['Inattentive'],['Crossing with right of way'],['Normal'],['Not Applicable'],['Not Applicable'],['Not Applicable'],False,"['unknown', '45 to 49', '85 to 89']",3.0
1092623.0,2009-03-04 10:00:00,804,2009,NEILSON Rd,MCLEVIN Ave,Minor Arterial,Scarborough,43.808645,-79.22069,643113.5563,4852157.4297,At Intersection,No Control,Clear,Daylight,Dry,145,Malvern West,132,Malvern (132),Non-Fatal Injury,1,0,1,0,0,0,0,0,0,0,0,0,0,Pedestrian Collisions,"['Driver', 'Pedestrian']",South,"['Automobile, Station Wagon', 'Other']",['Slowing or Stopping'],['Driving Properly'],['Normal'],"['Crossing, no Traffic Control']",['Normal'],['Not Applicable'],['Not Applicable'],['Not Applicable'],False,"['35 to 39', '75 to 79']",3.0
1092716.0,2009-01-28 10:00:00,1352,2009,GERRARD St E,YONGE St,Major Arterial,Toronto and East York,43.659045,-79.38209,630456.1285,4835275.6618,Unknown,No Control,Snow,Daylight,Packed Snow,168,Downtown Yonge East,75,Church-Yonge Corridor (75),Non-Fatal Injury,0,0,1,0,0,0,0,0,0,0,0,0,0,Rear End,"['Vehicle Owner', 'Driver']",East,"['Other', 'Automobile, Station Wagon']","['Stopped', 'Slowing or Stopping']","['Driving Properly', 'Lost control']",['Normal'],['Not Applicable'],['Not Applicable'],['Not Applicable'],['Not Applicable'],['Not Applicable'],False,"['unknown', '45 to 49', '20 to 24']",3.0
1092784.0,2009-02-02 10:00:00,930,2009,GREENWOOD Aven,DUNDAS Stre E,Minor Arterial,Toronto and East York,43.667545,-79.32659,634912.2407,4836308.4629,At Intersection,Traffic Signal,Clear,Daylight,Dry,65,Greenwood-Coxwell,65,Greenwood-Coxwell (65),Non-Fatal Injury,1,0,1,0,0,0,0,0,0,1,0,0,0,Pedestrian Collisions,"['Driver', 'Pedestrian']",South,"['Automobile, Station Wagon', 'Other']",['Turning Left'],['Failed to Yield Right of Way'],['Normal'],['Crossing with right of way'],['Normal'],['Not Applicable'],['Not Applicable'],['Not Applicable'],False,"['50 to 54', '35 to 39']",3.0
1092795.0,2009-02-02 10:00:00,1345,2009,3372 KEELE ST,Not Applicable,Major Arterial,North York,43.747545,-79.48709,621810.2721,4844945.075,Unknown,No Control,Clear,Daylight,Dry,27,York University Heights,27,York University Heights (27),Non-Fatal Injury,0,0,1,0,0,0,0,1,0,0,0,0,0,Turning Movement,"['Vehicle Owner', 'Driver', 'Passenger']",East,"['Other', 'Automobile, Station Wagon']","['Going Ahead', 'Stopped', 'Turning Left']","['Driving Properly', 'Improper Turn']",['Normal'],['Not Applicable'],['Not Applicable'],['Not Applicable'],['Not Applicable'],['Not Applicable'],False,"['unknown', '20 to 24', '0 to 4', '45 to 49', '30 to 34']",3.0
1092879.0,2009-02-05 10:00:00,905,2009,YORK MILLS RD,HARRISON RD,Major Arterial,North York,43.749745,-79.37879,630525.2248,4845354.369,At Intersection,Traffic Signal,Clear,Daylight,Dry,40,St.Andrew-Windfields,40,St.Andrew-Windfields (40),Non-Fatal Injury,1,0,1,0,0,0,0,0,0,0,0,0,0,Pedestrian Collisions,"['Vehicle Owner', 'Driver', 'Pedestrian']",North,"['Other', 'Automobile, Station Wagon']",['Turning Left'],['Improper Turn'],['Normal'],['Crossing with right of way'],['Normal'],['Not Applicable'],['Not Applicable'],['Not Applicable'],False,"['unknown', '35 to 39', '20 to 24']",3.0
1092885.0,2009-03-04 10:00:00,2141,2009,MAIN Stre,DANFORTH Aven,Major Arterial,Toronto and East York,43.688145,-79.30179,636864.8236,4838637.0092,Unknown,Missing Control,Other,Dark,Other,62,East End-Danforth,62,East End-Danforth (62),Non-Fatal Injury,0,0,1,0,0,0,0,1,0,0,0,0,0,Other,"['Vehicle Owner', 'Driver', 'Passenger']",Unknown,"['Other', 'Automobile, Station Wagon']","['Other', 'Unknown']",[],[],['Not Applicable'],['Not Applicable'],['Not Applicable'],['Not Applicable'],['Not Applicable'],False,"['unknown', '50 to 54']",3.0
1092886.0,2009-03-04 10:00:00,2141,2009,DANFORTH Aven,MAIN Stre,Major Arterial,Toronto and East York,43.688145,-79.30179,636864.8236,4838637.0092,Unknown,Missing Control,Other,Dark,Other,62,East End-Danforth,62,East End-Danforth (62),Non-Fatal Injury,0,0,1,0,0,0,0,1,0,0,0,0,0,Other,"['Vehicle Owner', 'Driver', 'Passenger', 'Other Property Owner']",Unknown,"['Other', 'Automobile, Station Wagon']","['Other', 'Unknown']",[],[],['Not Applicable'],['Not Applicable'],['Not Applicable'],['Not Applicable'],['Not Applicable'],False,"['unknown', '50 to 54']",3.0
1093141.0,2009-03-07 10:00:00,440,2009,WILLIAM R ALLEN RD,TRANSIT RD,Major Arterial,North York,43.741845,-79.45429,624462.9619,4844360.76,At Intersection,Traffic Signal,Clear,Dark,Wet,33,Clanton Park,33,Clanton Park (33),Fatal,0,0,1,0,0,0,0,0,0,0,0,0,0,SMV Other,"['Vehicle Owner', 'Driver']",North,"['Other', 'Automobile, Station Wagon']",['Going Ahead'],['Lost control'],['Unknown'],['Not Applicable'],['Not Applicable'],['Not Applicable'],['Not Applicable'],['Not Applicable'],True,"['unknown', '20 to 24']",4.0
1093202.0,2009-03-08 09:00:00,12,2009,BROWNS LINE Line,HORNER AVE,Major Arterial,Etobicoke York,43.601645,-79.54519,617416.5674,4828657.171,Unknown,Traffic Signal,Rain,Dark,Wet,20,Alderwood,20,Alderwood (20),Non-Fatal Injury,0,0,1,0,0,1,0,1,0,1,0,1,0,Rear End,"['Driver', 'Vehicle Owner', 'Passenger']",South,"['Automobile, Station Wagon', 'Other', 'Municipal Transit Bus (TTC)']","['Going Ahead', 'Stopped']","['Following too Close', 'Driving Properly']","['Ability Impaired, Alcohol', 'Normal']",['Not Applicable'],['Not Applicable'],['Not Applicable'],['Not Applicable'],['Not Applicable'],False,"['50 to 54', 'unknown', '35 to 39']",3.0
1093203.0,2009-03-08 09:00:00,350,2009,HILL CRES,HEATHFIELD DR,Collector,Scarborough,43.737845,-79.21059,644095.8818,4844311.4935,Unknown,No Control,Rain,Dark,Wet,139,Scarborough Village,139,Scarborough Village (139),Fatal,0,0,1,0,0,0,0,1,1,1,0,1,0,SMV Other,"['Other', 'Passenger', 'Driver']",East,"['Other', 'Automobile, Station Wagon']","['Parked', 'Going Ahead']",['Exceeding Speed Limit'],"['Ability Impaired, Alcohol Over .08']",['Not Applicable'],['Not Applicable'],['Not Applicable'],['Not Applicable'],['Not Applicable'],True,"['unknown', '20 to 24']",4.0
1093205.0,2009-03-07 10:00:00,420,2009,F G GARDINER XY Expr W,PARKSIDE DR,Major Arterial,Toronto and East York,43.636345,-79.44239,625641.259,4832661.4907,Unknown,No Control,Clear,Dark,Dry,85,South Parkdale,85,South Parkdale (85),Non-Fatal Injury,0,0,1,0,0,0,0,1,0,1,0,0,0,Rear End,"['Vehicle Owner', 'Passenger', 'Driver']",West,"['Other', 'Automobile, Station Wagon']","['Stopped', 'Going Ahead']","['Driving Properly', 'Following too Close']",['Normal'],['Not Applicable'],['Not Applicable'],['Not Applicable'],['Not Applicable'],['Not Applicable'],False,"['unknown', '30 to 34', '25 to 29', '45 to 49']",3.0
1093260.0,2009-02-08 10:00:00,1856,2009,DUNDAS ST W,BERESFORD AVE,Major Arterial,Toronto and East York,43.665545,-79.48289,622315.096,4835844.0217,Unknown,No Control,Clear,Dark,Dry,89,Runnymede-Bloor West Village,89,Runnymede-Bloor West Village (89),Non-Fatal Injury,0,1,1,0,0,0,0,0,0,0,0,0,0,Cyclist Collisions,"['Driver', 'Cyclist']",East,"['Automobile, Station Wagon', 'Bicycle']","['Going Ahead', 'Changing Lanes']",['Driving Properly'],['Normal'],['Not Applicable'],['Not Applicable'],['Insufficient information (to determine cyclist crash type).'],['Failed to Yield Right of Way'],['Had Been Drinking'],False,"['50 to 54', '45 to 49']",3.0
1093334.0,2009-02-19 10:00:00,1945,2009,WESTON RD,CLOUSTON AVE,Minor Arterial,Etobicoke York,43.694745,-79.50639,620362.0217,4839052.693,Unknown,Pedestrian Crossover,Clear,Dark,Dry,113,Weston,113,Weston (113),Non-Fatal Injury,1,0,1,0,0,0,0,0,0,1,0,0,0,Pedestrian Collisions,"['Driver', 'Wheelchair']",East,"['Automobile, Station Wagon', 'Other']",['Going Ahead'],['Failed to Yield Right of Way'],['Unknown'],"['Crossing, Pedestrian Crossover']",['Normal'],['Not Applicable'],['Not Applicable'],['Not Applicable'],False,"['unknown', '40 to 44']",3.0
1093819.0,2009-03-11 08:00:00,652,2009,STEELES AVE W,PINE VALLEY  DR,Major Arterial,Etobicoke York,43.766535,-79.564769,615519.4416,4846942.9034,At Intersection,Traffic Signal,Rain,Dark,Wet,21,Humber Summit,21,Humber Summit (21),Fatal,1,0,0,0,1,0,0,0,0,0,0,0,0,Pedestrian Collisions,"['Vehicle Owner', 'Truck Driver', 'Pedestrian']",South,"['Other', 'Truck - Open']",['Turning Left'],['Driving Properly'],['Inattentive'],"['Crossing, no Traffic Control']",['Inattentive'],['Not Applicable'],['Not Applicable'],['Not Applicable'],True,"['unknown', '45 to 49', '55 to 59']",4.0
1093852.0,2009-02-12 10:00:00,1444,2009,DUFFERIN ST,BANK ST,Minor Arterial,Toronto and East York,43.647745,-79.43069,626561.0842,4833945.383,Unknown,No Control,Clear,Daylight,Dry,84,Little Portugal,84,Little Portugal (84),Non-Fatal Injury,0,0,1,0,0,1,0,0,0,0,0,0,0,Approaching,"['Driver', 'Vehicle Owner']",North,"['Automobile, Station Wagon', 'Other', 'Municipal Transit Bus (TTC)']",['Going Ahead'],"['Lost control', 'Driving Properly']","['Inattentive', 'Normal']",['Not Applicable'],['Not Applicable'],['Not Applicable'],['Not Applicable'],['Not Applicable'],False,"['35 to 39', 'unknown', '45 to 49']",3.0
1093891.0,2009-02-12 10:00:00,1,2009,MIDDLEFIELD Road,PASSMORE Aven,Minor Arterial,Scarborough,43.827345,-79.26519,639490.7361,4854158.3636,Unknown,No Control,Rain,Dark,Wet,130,Milliken,130,Milliken (130),Non-Fatal Injury,0,0,0,0,0,0,0,0,0,0,0,0,0,SMV Other,"['Driver', 'Other Property Owner']",South,['Other'],['Going Ahead'],['Lost control'],['Normal'],['Not Applicable'],['Not Applicable'],['Not Applicable'],['Not Applicable'],['Not Applicable'],False,['unknown'],3.0
1094001.0,2009-02-13 10:00:00,1725,2009,YONGE ST,HARLANDALE AVE W,Major Arterial,North York,43.762345,-79.41119,627889.7996,4846703.243,Unknown,No Control,Clear,Daylight,Dry,38,Lansing-Westgate,38,Lansing-Westgate (38),Non-Fatal Injury,1,0,1,0,0,0,0,0,0,0,0,0,0,Pedestrian Collisions,"['Driver', 'Pedestrian']",East,"['Automobile, Station Wagon', 'Other']",['Going Ahead'],['Driving Properly'],['Normal'],['Running onto Roadway'],['Normal'],['Not Applicable'],['Not Applicable'],['Not Applicable'],False,"['30 to 34', '25 to 29']",3.0
1094026.0,2009-03-11 08:00:00,828,2009,LESMILL Road,DUNCAN MILL Road,Collector,North York,43.760645,-79.35849,632135.6212,4846597.1664,At Intersection,No Control,Clear,Daylight,Dry,40,St.Andrew-Windfields,40,St.Andrew-Windfields (40),Non-Fatal Injury,1,0,0,0,0,1,0,0,0,1,0,0,0,Pedestrian Collisions,"['Vehicle Owner', 'Pedestrian', 'Driver']",North,"['Other', 'Municipal Transit Bus (TTC)']",['Turning Right'],['Failed to Yield Right of Way'],['Normal'],['Crossing with right of way'],['Normal'],['Not Applicable'],['Not Applicable'],['Not Applicable'],False,"['unknown', '20 to 24', '45 to 49']",3.0
1094123.0,2009-03-12 08:00:00,1535,2009,FIRGROVE CRES,NEEDLE FIRWAY,Local,Etobicoke York,43.753745,-79.51859,619261.7503,4845587.8391,Unknown,No Control,Clear,Daylight,Dry,25,Glenfield-Jane Heights,25,Glenfield-Jane Heights (25),Non-Fatal Injury,1,0,1,0,0,0,0,0,0,0,0,0,1,Pedestrian Collisions,"['Driver', 'Pedestrian']",North,"['Automobile, Station Wagon', 'Other']",['Going Ahead'],['Driving Properly'],['Medical or Physical Disability'],['Running onto Roadway'],['Inattentive'],['Not Applicable'],['Not Applicable'],['Not Applicable'],False,"['80 to 84', '5 to 9']",3.0
1094299.0,2009-03-13 08:00:00,914,2009,GERRARD ST E,DE GRASSI ST,Minor Arterial,Toronto and East York,43.666346,-79.348491,633149.1882,4836139.9131,At Intersection,Pedestrian Crossover,Other,Daylight,Other,70,South Riverdale,70,South Riverdale (70),Fatal,1,0,0,0,0,1,0,0,0,1,0,0,0,Pedestrian Collisions,"['Pedestrian', 'Driver']",South,"['Other', 'Municipal Transit Bus (TTC)']",['Going Ahead'],['Failed to Yield Right of Way'],['Normal'],"['Crossing, Pedestrian Crossover']",['Normal'],['Not Applicable'],['Not Applicable'],['Not Applicable'],True,"['85 to 89', '40 to 44']",4.0
1094623.0,2009-01-19 10:00:00,1805,2009,EGLINTON AVE E,RUMSEY RD,Major Arterial,North York,43.712545,-79.36969,631339.1715,4841237.1457,At Intersection,Traffic Signal,Snow,Dark,Ice,56,Leaside-Bennington,56,Leaside-Bennington (56),Non-Fatal Injury,0,0,1,0,0,0,0,1,0,0,0,0,0,Turning Movement,"['Passenger', 'Driver']",East,"['Other', 'Automobile, Station Wagon']","['Going Ahead', 'Turning Left']","['Driving Properly', 'Improper Turn']","['Normal', 'Inattentive']",['Not Applicable'],['Not Applicable'],['Not Applicable'],['Not Applicable'],['Not Applicable'],False,"['65 to 69', '55 to 59', '35 to 39']",3.0
1094875.0,2009-01-26 10:00:00,17,2009,LAKE SHORE Boul E,CARLAW Aven,Major Arterial,Toronto and East York,43.654945,-79.33739,634069.5657,4834891.5563,At Intersection,Traffic Signal,Clear,Dark,Dry,70,South Riverdale,70,South Riverdale (70),Non-Fatal Injury,0,0,1,0,0,0,0,0,0,1,0,0,0,Turning Movement,['Driver'],East,"['Automobile, Station Wagon']","['Going Ahead', 'Turning Left']","['Driving Properly', 'Failed to Yield Right of Way']","['Normal', 'Inattentive']",['Not Applicable'],['Not Applicable'],['Not Applicable'],['Not Applicable'],['Not Applicable'],False,"['55 to 59', '20 to 24']",3.0
1095072.0,2009-02-21 10:00:00,255,2009,STADACONA DR,WILSON AVE,Major Arterial,North York,43.736845,-79.43669,625890.6319,4843832.0285,Unknown,Stop Sign,Clear,Dark,Wet,33,Clanton Park,33,Clanton Park (33),Non-Fatal Injury,1,0,1,0,0,0,0,0,0,1,0,1,0,Pedestrian Collisions,"['Driver', 'Pedestrian']",North,"['Automobile, Station Wagon', 'Other']","['Going Ahead', 'Other']",['Failed to Yield Right of Way'],"['Ability Impaired, Alcohol Over .08']",['Crossing without right of way'],['Had Been Drinking'],['Not Applicable'],['Not Applicable'],['Not Applicable'],False,"['35 to 39', '30 to 34']",3.0
1095081.0,2009-02-17 10:00:00,1438,2009,VICTORIA PARK AVE,MUSGRAVE ST,Major Arterial,Toronto and East York,43.687945,-79.28699,638058.0816,4838639.3301,Unknown,Traffic Signal,Clear,Daylight,Dry,122,Birchcliffe-Cliffside,122,Birchcliffe-Cliffside (122),Non-Fatal Injury,1,0,1,0,0,0,0,0,0,0,0,0,0,Pedestrian Collisions,"['Driver', 'Pedestrian']",South,"['Automobile, Station Wagon', 'Other']","['Going Ahead', 'Other']",['Driving Properly'],['Normal'],['Crossing without right of way'],['Fatigue'],['Not Applicable'],['Not Applicable'],['Not Applicable'],False,"['60 to 64', '40 to 44']",3.0
1095383.0,2009-02-23 10:00:00,1925,2009,KING ST W,BAY ST,Major Arterial,Toronto and East York,43.648638,-79.380267,630625.6847,4834122.6952,At Intersection,Traffic Signal,Clear,"Dark, artificial",Dry,170,Yonge-Bay Corridor,76,Bay Street Corridor (76),Non-Fatal Injury,1,0,0,0,0,1,0,0,0,0,0,0,0,Pedestrian Collisions,"['Vehicle Owner', 'Driver', 'Pedestrian']",East,"['Other', 'Municipal Transit Bus (TTC)']",['Turning Right'],['Improper Turn'],['Inattentive'],['On Sidewalk or Shoulder'],['Unknown'],['Not Applicable'],['Not Applicable'],['Not Applicable'],False,"['unknown', '60 to 64', '30 to 34']",3.0
1095466.0,2009-02-26 10:00:00,730,2009,KENNEDY RD,401 C W KENNEDY S RAMP RD,Major Arterial,Scarborough,43.776305,-79.285159,638002.545,4848456.0687,At Intersection,Traffic Signal,Clear,Daylight,Dry,128,Agincourt South-Malvern West,128,Agincourt South-Malvern West (128),Non-Fatal Injury,0,0,1,0,0,0,0,1,0,0,0,0,0,Angle,"['Passenger', 'Driver', 'Vehicle Owner']",North,"['Other', 'Automobile, Station Wagon']",['Going Ahead'],"['Driving Properly', 'Lost control']","['Normal', 'Unknown']",['Not Applicable'],['Not Applicable'],['Not Applicable'],['Not Applicable'],['Not Applicable'],False,"['45 to 49', 'unknown', '55 to 59']",3.0