accident_number,date,time,year,street1,street2,road_class,district,latitude,longitude,x,y,accident_location,traffctl,visibility,light,road_surface_condition,hood_158,neighbourhood_new,hood_140,neighbourhood_old,accident_class,pedestrian,cyclist,automobile,motorcycle,truck,trsn_city_veh,emerg_veh,passenger,speeding,aggressive_driving,redlight,alcohol,disability,impact_type,involvement_type,initial_direction,vehicle_type,manoeuver,driver_action,driver_condition,pedestrian_action,pedestrian_condition,cyclist_type,cyclist_action,cyclist_condition,injury,involvement_age,injury_severity_score
1109820.0,2009-06-17 08:00:00,1708,2009,KEELE ST,DUNDAS ST W,Major Arterial,Toronto and East York,43.664945,-79.46439,623807.8822,4835804.8252,Unknown,No Control,Rain,Daylight,Wet,90,Junction Area,90,Junction Area (90),Fatal,1,0,0,0,1,0,0,0,0,0,0,0,0,Pedestrian Collisions,"['Vehicle Owner', 'Truck Driver', 'Pedestrian']",North,"['Other', 'Truck - Open']",['Going Ahead'],['Driving Properly'],['Normal'],['Other'],['Normal'],['Not Applicable'],['Not Applicable'],['Not Applicable'],True,"['unknown', '60 to 64', '85 to 89']",4.0
1109990.0,2020-06-16 08:00:00,2107,2020,DUNDAS ST W,ROYAL YORK RD,Major Arterial,Etobicoke York,43.658034,-79.51675,619600.0656,4834960.4644,Overpass or Bridge,No Control,Clear,Dark,Dry,15,Kingsway South,15,Kingsway South (15),Non-Fatal Injury,0,0,1,0,0,0,0,0,0,0,0,0,1,Rear End,['Driver'],West,"['Automobile, Station Wagon']","['Reversing', 'Going Ahead']",['Other'],"['Medical or Physical Disability', 'Normal']",['Not Applicable'],['Not Applicable'],['Not Applicable'],['Not Applicable'],['Not Applicable'],False,"['25 to 29', '50 to 54']",3.0
1110013.0,2009-06-18 08:00:00,2213,2009,EGLINTON AVE W,MARTIN GROVE RD,Major Arterial,Etobicoke York,43.674445,-79.56319,615823.8381,4836717.2289,Unknown,Traffic Controller,Clear,Dark,Dry,11,Eringate-Centennial-West Deane,11,Eringate-Centennial-West Deane (11),Non-Fatal Injury,0,0,1,0,0,0,0,0,0,1,0,0,0,Turning Movement,['Driver'],East,"['Automobile, Station Wagon']","['Turning Left', 'Going Ahead']","['Failed to Yield Right of Way', 'Driving Properly']",['Normal'],['Not Applicable'],['Not Applicable'],['Not Applicable'],['Not Applicable'],['Not Applicable'],False,"['40 to 44', '20 to 24']",3.0
1110059.0,2009-05-21 08:00:00,2159,2009,KING ST W,SHAW ST,Major Arterial,Toronto and East York,43.641345,-79.41519,627824.7076,4833258.3352,Unknown,No Control,Clear,Dark,Dry,162,West Queen West,82,Niagara (82),Non-Fatal Injury,0,0,1,0,0,0,0,0,0,0,0,0,1,SMV Unattended Vehicle,"['Driver', 'Other']",West,"['Automobile, Station Wagon', 'Other']","['Going Ahead', 'Parked']",['Lost control'],['Medical or Physical Disability'],['Not Applicable'],['Not Applicable'],['Not Applicable'],['Not Applicable'],['Not Applicable'],False,"['40 to 44', 'unknown']",3.0
1110181.0,2009-06-19 08:00:00,1844,2009,PARLIAMENT ST,OAK ST,Minor Arterial,Toronto and East York,43.660645,-79.36649,631710.5104,4835478.0097,At Intersection,Pedestrian Crossover,Clear,Daylight,Dry,72,Regent Park,72,Regent Park (72),Non-Fatal Injury,0,1,1,0,0,0,0,1,0,1,0,0,0,Cyclist Collisions,"['Passenger', 'Driver', 'Cyclist']",South,"['Other', 'Automobile, Station Wagon', 'Bicycle']",['Going Ahead'],['Disobeyed Traffic Control'],['Inattentive'],['Not Applicable'],['Not Applicable'],['Cyclist struck at PXO(cyclist either travel in same dir. as veh. or ride across xwalk)'],['Other'],['Normal'],False,"['30 to 34', '25 to 29', '5 to 9']",3.0
1110376.0,2009-06-21 08:00:00,1600,2009,WARDEN AVE,KINGSTON RD,Major Arterial,Scarborough,43.687745,-79.27089,639356.1216,4838644.0479,At Intersection,Traffic Signal,Clear,Daylight,Dry,122,Birchcliffe-Cliffside,122,Birchcliffe-Cliffside (122),Non-Fatal Injury,0,1,1,0,0,0,0,0,0,1,0,0,0,Cyclist Collisions,"['Driver', 'Cyclist']",South,"['Automobile, Station Wagon', 'Bicycle']","['Going Ahead', 'Turning Right']",['Following too Close'],['Unknown'],['Not Applicable'],['Not Applicable'],['Cyclist and Driver travelling in same direction. One vehicle rear-ended the other.'],['Driving Properly'],['Had Been Drinking'],False,"['unknown', '45 to 49']",3.0
1110532.0,2009-06-22 08:00:00,802,2009,22 ELINOR AVE,Not Applicable,Local,Scarborough,43.746045,-79.30139,636765.2685,4845068.3053,Unknown,No Control,Clear,Daylight,Dry,119,Wexford/Maryvale,119,Wexford/Maryvale (119),Non-Fatal Injury,0,0,1,0,0,0,0,1,0,1,0,0,0,Rear End,"['Passenger', 'Driver', 'Vehicle Owner']",South,"['Other', 'Automobile, Station Wagon']",['Going Ahead'],['Following too Close'],['Normal'],['Not Applicable'],['Not Applicable'],['Not Applicable'],['Not Applicable'],['Not Applicable'],False,"['0 to 4', '25 to 29', 'unknown']",3.0
1110560.0,2009-06-22 08:00:00,2350,2009,F G GARDINER Expr W,DUFFERIN Stre,Major Arterial,Toronto and East York,43.634945,-79.42139,627338.1526,4832538.0034,Unknown,No Control,Clear,Dark,Dry,163,Fort York-Liberty Village,82,Niagara (82),Non-Fatal Injury,0,0,1,0,0,0,0,0,0,1,0,0,0,Rear End,"['Vehicle Owner', 'Driver']",West,"['Automobile, Station Wagon']","['Stopped', 'Going Ahead']","['Driving Properly', 'Following too Close']","['Normal', 'Unknown']",['Not Applicable'],['Not Applicable'],['Not Applicable'],['Not Applicable'],['Not Applicable'],False,"['unknown', '45 to 49', '35 to 39', '25 to 29']",3.0
1110609.0,2009-05-22 08:00:00,1845,2009,JANE Stre,ALLIANCE Aven,Major Arterial,Etobicoke York,43.676145,-79.49569,621261.7548,4837002.4999,At Intersection,Traffic Signal,Clear,Daylight,Dry,111,Rockcliffe-Smythe,111,Rockcliffe-Smythe (111),Non-Fatal Injury,0,0,1,0,0,0,0,1,0,1,0,0,0,Rear End,"['Vehicle Owner', 'Driver', 'Passenger']",North,"['Other', 'Automobile, Station Wagon']","['Stopped', 'Going Ahead']","['Driving Properly', 'Following too Close']","['Normal', 'Inattentive']",['Not Applicable'],['Not Applicable'],['Not Applicable'],['Not Applicable'],['Not Applicable'],False,"['unknown', '40 to 44', '65 to 69', '45 to 49', '50 to 54']",3.0
1110667.0,2009-05-22 08:00:00,2135,2009,675 ANNETTE Stre,Not Applicable,Minor Arterial,Toronto and East York,43.659045,-79.48429,622215.4099,4835120.0487,Unknown,No Control,Clear,Dark,Dry,89,Runnymede-Bloor West Village,89,Runnymede-Bloor West Village (89),Non-Fatal Injury,0,1,1,0,0,0,0,0,0,1,0,0,0,Cyclist Collisions,"['Driver', 'Cyclist']",East,"['Automobile, Station Wagon', 'Bicycle']","['Going Ahead', 'Turning Left']",['Following too Close'],['Normal'],['Not Applicable'],['Not Applicable'],['Cyclist and Driver travelling in same direction. One vehicle rear-ended the other.'],['Other'],['Normal'],False,"['35 to 39', '15 to 19']",3.0
1110725.0,2009-06-23 08:00:00,1449,2009,BLOOR ST W,ST HELENS AVE,Major Arterial,Toronto and East York,43.658045,-79.44399,625467.0105,4835069.1349,At Intersection,Stop Sign,Clear,Daylight,Dry,83,Dufferin Grove,83,Dufferin Grove (83),Fatal,1,0,0,0,1,0,0,0,0,1,0,0,0,Pedestrian Collisions,"['Vehicle Owner', 'Truck Driver', 'Pedestrian']",North,"['Other', 'Truck - Open']",['Turning Left'],['Failed to Yield Right of Way'],['Normal'],['Crossing with right of way'],['Normal'],['Not Applicable'],['Not Applicable'],['Not Applicable'],True,"['unknown', '30 to 34', '75 to 79']",4.0
1110888.0,2009-06-11 08:00:00,835,2009,WELLINGTON ST W,YORK ST,Minor Arterial,Toronto and East York,43.646545,-79.38299,630410.6115,4833885.9577,At Intersection,Traffic Signal,Clear,Daylight,Dry,170,Yonge-Bay Corridor,76,Bay Street Corridor (76),Non-Fatal Injury,0,1,1,0,0,0,0,0,0,0,0,0,0,Cyclist Collisions,"['Driver', 'Cyclist']",West,"['Automobile, Station Wagon', 'Bicycle']","['Going Ahead', 'Slowing or Stopping']",['Driving Properly'],['Normal'],['Not Applicable'],['Not Applicable'],['Cyclist and Driver travelling in same direction. One vehicle sideswipes the other.'],['Lost control'],['Normal'],False,"['unknown', '40 to 44']",3.0
1110977.0,2009-06-24 08:00:00,2144,2009,WILLIAM R ALLEN RD S,RIDELLE AVE,Expressway,North York,43.705745,-79.43909,625762.4158,4840374.2867,Unknown,No Control,Clear,Dark,Dry,31,Yorkdale-Glen Park,31,Yorkdale-Glen Park (31),Non-Fatal Injury,0,0,1,1,0,0,0,0,0,1,0,0,0,Rear End,"['Motorcycle Driver', 'Driver']",South,"['Motorcycle', 'Automobile, Station Wagon']","['Slowing or Stopping', 'Going Ahead']","['Driving Properly', 'Following too Close']",['Normal'],['Not Applicable'],['Not Applicable'],['Not Applicable'],['Not Applicable'],['Not Applicable'],False,"['35 to 39', '25 to 29']",3.0
1111004.0,2009-06-17 08:00:00,1915,2009,ST CLAIR AVE W,TWEEDSMUIR AVE,Major Arterial,Toronto and East York,43.684145,-79.41339,627878.9865,4838014.6162,Unknown,Traffic Signal,Rain,Dark,Wet,96,Casa Loma,96,Casa Loma (96),Non-Fatal Injury,1,0,1,0,0,0,0,0,0,0,0,0,0,Pedestrian Collisions,"['Driver', 'Pedestrian']",East,"['Automobile, Station Wagon', 'Other']",['Reversing'],['Other'],['Unknown'],['Crossing with right of way'],['Normal'],['Not Applicable'],['Not Applicable'],['Not Applicable'],False,"['unknown', '80 to 84']",3.0
1111047.0,2009-05-15 08:00:00,1205,2009,KENNEDY RD,ANTRIM CRES,Major Arterial,Scarborough,43.771745,-79.28329,638163.4564,4847952.7268,At Intersection,Traffic Signal,Clear,Daylight,Dry,126,Dorset Park,126,Dorset Park (126),Non-Fatal Injury,1,0,1,0,0,0,0,0,0,1,0,0,0,Pedestrian Collisions,"['Driver', 'Pedestrian']",East,"['Automobile, Station Wagon', 'Other']",['Turning Left'],['Failed to Yield Right of Way'],['Inattentive'],['Crossing with right of way'],['Normal'],['Not Applicable'],['Not Applicable'],['Not Applicable'],False,"['55 to 59', '20 to 24']",3.0
1111516.0,2009-05-22 08:00:00,252,2009,BARTON Ave,CHRISTIE St,Minor Arterial,Toronto and East York,43.666545,-79.41959,627416.5121,4836050.3578,Unknown,No Control,Clear,Dark,Dry,95,Annex,95,Annex (95),Non-Fatal Injury,0,0,1,0,0,0,0,0,0,0,0,0,0,SMV Other,"['Vehicle Owner', 'Driver', 'Other Property Owner']",West,"['Other', 'Taxi']",['Pulling Onto Shoulder or towardCurb'],['Lost control'],['Normal'],['Not Applicable'],['Not Applicable'],['Not Applicable'],['Not Applicable'],['Not Applicable'],False,"['unknown', '30 to 34']",3.0
1111585.0,2009-05-24 08:00:00,1345,2009,BRIMLEY RD,ELLESMERE RD,Major Arterial,Scarborough,43.770045,-79.26129,639938.0352,4847800.862,At Intersection,Traffic Signal,Clear,Daylight,Dry,156,Bendale-Glen Andrew,127,Bendale (127),Non-Fatal Injury,0,0,1,0,0,0,0,1,0,1,1,0,0,Angle,"['Passenger', 'Driver']",East,"['Other', 'Automobile, Station Wagon']",['Going Ahead'],"['Driving Properly', 'Disobeyed Traffic Control']",['Normal'],['Not Applicable'],['Not Applicable'],['Not Applicable'],['Not Applicable'],['Not Applicable'],False,"['80 to 84', '15 to 19', '40 to 44', '45 to 49', '55 to 59', '60 to 64']",3.0
1111668.0,2009-06-29 08:00:00,1011,2009,SHEPPARD AVE W,YEOMANS RD,Major Arterial,North York,43.754545,-79.44319,625330.2503,4845788.0176,Unknown,No Control,Clear,Daylight,Dry,33,Clanton Park,33,Clanton Park (33),Non-Fatal Injury,1,0,1,0,0,0,0,0,0,0,0,0,0,Pedestrian Collisions,"['Vehicle Owner', 'Driver', 'Pedestrian']",East,"['Other', 'Automobile, Station Wagon']",['Going Ahead'],['Driving Properly'],['Normal'],"['Crossing, no Traffic Control']",['Inattentive'],['Not Applicable'],['Not Applicable'],['Not Applicable'],False,"['unknown', '20 to 24', '80 to 84']",3.0
1111784.0,2009-05-25 08:00:00,1720,2009,FINCH Aven W,ALNESS Stre,Major Arterial,North York,43.768145,-79.46959,623177.0008,4847258.8921,Unknown,No Control,Clear,Daylight,Dry,27,York University Heights,27,York University Heights (27),Non-Fatal Injury,0,0,1,1,0,0,0,0,0,1,0,0,0,Turning Movement,"['Motorcycle Driver', 'Driver']",East,"['Motorcycle', 'Automobile, Station Wagon']","['Going Ahead', 'Turning Left']","['Improper Passing', 'Driving Properly']","['Inattentive', 'Normal']",['Not Applicable'],['Not Applicable'],['Not Applicable'],['Not Applicable'],['Not Applicable'],False,"['35 to 39', '25 to 29']",3.0
1111945.0,2009-06-30 08:00:00,1930,2009,5050 SHEPPARD AVE E,Not Applicable,Major Arterial,Scarborough,43.793045,-79.24249,641396.9151,4850387.3216,Unknown,No Control,Clear,Daylight,Dry,128,Agincourt South-Malvern West,128,Agincourt South-Malvern West (128),Fatal,1,0,0,0,0,1,0,0,0,1,0,0,0,Pedestrian Collisions,"['Vehicle Owner', 'Driver', 'Pedestrian']",East,"['Other', 'Municipal Transit Bus (TTC)']",['Turning Left'],['Failed to Yield Right of Way'],['Inattentive'],['On Sidewalk or Shoulder'],['Normal'],['Not Applicable'],['Not Applicable'],['Not Applicable'],True,"['unknown', '50 to 54', '70 to 74']",4.0
1112065.0,2009-05-28 08:00:00,1500,2009,EGLINTON Aven E,BERMONDSEY Road,Major Arterial,North York,43.726045,-79.31349,635836.23,4842827.1025,At Intersection,Traffic Signal,Rain,Daylight,Wet,43,Victoria Village,43,Victoria Village (43),Non-Fatal Injury,0,0,1,0,0,0,0,0,0,1,0,0,0,Rear End,['Driver'],East,"['Automobile, Station Wagon']","['Going Ahead', 'Stopped']","['Following too Close', 'Driving Properly']","['Inattentive', 'Normal']",['Not Applicable'],['Not Applicable'],['Not Applicable'],['Not Applicable'],['Not Applicable'],False,"['40 to 44', '50 to 54', '30 to 34']",3.0
1112152.0,2009-05-27 08:00:00,1352,2009,COXWELL Aven,QUEEN Stre E,Minor Arterial,Toronto and East York,43.666345,-79.31659,635721.1661,4836191.4984,At Intersection,Traffic Signal,Clear,Daylight,Dry,65,Greenwood-Coxwell,65,Greenwood-Coxwell (65),Non-Fatal Injury,0,0,1,0,0,0,0,0,0,0,0,0,1,Turning Movement,"['Vehicle Owner', 'Driver']",North,"['Other', 'Automobile, Station Wagon']","['Going Ahead', 'Stopped', 'Turning Left']","['Driving Properly', 'Improper Turn']","['Normal', 'Medical or Physical Disability']",['Not Applicable'],['Not Applicable'],['Not Applicable'],['Not Applicable'],['Not Applicable'],False,"['unknown', '35 to 39', '45 to 49']",3.0
1112683.0,2009-07-06 08:00:00,2030,2009,DON VALLEY PARKWAY  N,ST DENNIS DR,Expressway,North York,43.718745,-79.32799,634684.7043,4841992.6651,Unknown,No Control,Clear,Daylight,Dry,44,Flemingdon Park,44,Flemingdon Park (44),Fatal,0,0,1,0,0,0,0,1,1,1,0,0,0,SMV Other,"['Passenger', 'Vehicle Owner', 'Driver']",North,"['Other', 'Automobile, Station Wagon']",['Changing Lanes'],['Exceeding Speed Limit'],['Unknown'],['Not Applicable'],['Not Applicable'],['Not Applicable'],['Not Applicable'],['Not Applicable'],True,"['20 to 24', 'unknown']",4.0
1112907.0,2009-06-01 08:00:00,1641,2009,EASTERN AVE,QUEEN ST E,Minor Arterial,Toronto and East York,43.666745,-79.31479,635865.3863,4836238.8702,At Intersection,Stop Sign,Clear,Daylight,Dry,63,The Beaches,63,The Beaches (63),Non-Fatal Injury,1,0,1,0,0,0,0,0,0,1,0,0,0,Pedestrian Collisions,"['Driver', 'Pedestrian']",North,"['Automobile, Station Wagon', 'Other']",['Turning Right'],['Failed to Yield Right of Way'],['Inattentive'],['Crossing with right of way'],['Normal'],['Not Applicable'],['Not Applicable'],['Not Applicable'],False,['35 to 39'],3.0
1113026.0,2009-05-27 08:00:00,2353,2009,MCCOWAN Road,LAWRENCE Aven E,Major Arterial,Scarborough,43.755545,-79.24539,641251.8657,4846217.408,At Intersection,Traffic Signal,Rain,Dark,Wet,157,Bendale South,127,Bendale (127),Non-Fatal Injury,1,0,1,0,0,0,0,0,0,1,0,0,0,Pedestrian Collisions,"['Vehicle Owner', 'Driver', 'Pedestrian']",North,"['Other', 'Automobile, Station Wagon']",['Turning Left'],['Failed to Yield Right of Way'],['Normal'],['Crossing with right of way'],['Normal'],['Not Applicable'],['Not Applicable'],['Not Applicable'],False,"['unknown', '30 to 34', '40 to 44']",3.0
1113047.0,2009-06-02 08:00:00,1256,2009,PRITCHARD Aven,MOULD Aven,Local,Etobicoke York,43.670545,-79.48809,621885.7285,4836391.6842,At Intersection,Stop Sign,Clear,Daylight,Dry,111,Rockcliffe-Smythe,111,Rockcliffe-Smythe (111),Non-Fatal Injury,1,0,0,0,0,0,0,0,0,0,0,0,0,Pedestrian Collisions,['In-Line Skater'],West,['Other'],['Going Ahead'],[],[],['Crossing with right of way'],['Normal'],['Not Applicable'],['Not Applicable'],['Not Applicable'],False,['15 to 19'],3.0
1113420.0,2009-06-04 08:00:00,1258,2009,FINCH Aven W,CLARKHILL Stre,Major Arterial,North York,43.775445,-79.43499,625946.5255,4848121.7176,At Intersection,Stop Sign,Clear,Daylight,Dry,37,Willowdale West,37,Willowdale West (37),Non-Fatal Injury,0,0,1,1,0,0,0,0,0,0,0,0,0,Turning Movement,"['Motorcycle Driver', 'Vehicle Owner', 'Driver']",East,"['Motorcycle', 'Other', 'Automobile, Station Wagon']","['Going Ahead', 'Making U Turn']","['Driving Properly', 'Improper Turn']",['Normal'],['Not Applicable'],['Not Applicable'],['Not Applicable'],['Not Applicable'],['Not Applicable'],False,"['45 to 49', 'unknown', '65 to 69']",3.0
1113423.0,2009-06-05 08:00:00,1830,2009,1183 FINCH Ave W,Not Applicable,Major Arterial,North York,43.765245,-79.48289,622112.4254,4846917.106,Unknown,Traffic Signal,Clear,Daylight,Dry,27,York University Heights,27,York University Heights (27),Non-Fatal Injury,0,0,1,0,0,0,0,0,0,1,0,0,0,Rear End,"['Vehicle Owner', 'Driver']",East,"['Other', 'Automobile, Station Wagon']","['Going Ahead', 'Stopped']","['Following too Close', 'Driving Properly']",['Normal'],['Not Applicable'],['Not Applicable'],['Not Applicable'],['Not Applicable'],['Not Applicable'],False,"['unknown', '20 to 24', '65 to 69']",3.0
1113455.0,2009-06-05 08:00:00,1206,2009,THE QUEENSWAY,CHARTWELL Road,Major Arterial,Etobicoke York,43.624545,-79.51049,620171.5835,4831250.1304,At Intersection,No Control,Clear,Daylight,Dry,16,Stonegate-Queensway,16,Stonegate-Queensway (16),Non-Fatal Injury,0,0,1,1,0,0,0,0,0,0,0,0,0,Turning Movement,"['Driver', 'Motorcycle Driver']",East,"['Automobile, Station Wagon', 'Motorcycle']","['Turning Left', 'Going Ahead']","['Improper Turn', 'Driving Properly']",['Normal'],['Not Applicable'],['Not Applicable'],['Not Applicable'],['Not Applicable'],['Not Applicable'],False,"['80 to 84', '20 to 24']",3.0
1113557.0,2009-07-10 08:00:00,1900,2009,KEELE ST,VICTORY DR,Major Arterial,North York,43.728545,-79.48249,622219.2886,4842841.6248,Unknown,No Control,Clear,Daylight,Dry,155,Downsview,26,Downsview-Roding-CFB (26),Non-Fatal Injury,1,0,1,0,0,0,0,0,0,1,0,0,0,Pedestrian Collisions,"['Vehicle Owner', 'Driver', 'Pedestrian']",East,"['Other', 'Automobile, Station Wagon']",['Going Ahead'],['Failed to Yield Right of Way'],['Inattentive'],['Crossing with right of way'],['Inattentive'],['Not Applicable'],['Not Applicable'],['Not Applicable'],False,"['unknown', '40 to 44', '15 to 19']",3.0
1113770.0,2009-06-06 08:00:00,2009,2009,COXWELL Ave,ROBBINS Ave,Minor Arterial,Toronto and East York,43.670645,-79.31829,635574.4241,4836666.292,Unknown,No Control,Clear,Daylight,Dry,64,Woodbine Corridor,64,Woodbine Corridor (64),Non-Fatal Injury,0,1,1,0,0,0,0,0,0,0,0,0,0,Cyclist Collisions,"['Driver', 'Cyclist']",South,"['Automobile, Station Wagon', 'Bicycle']","['Parked', 'Going Ahead']",['Other'],['Inattentive'],['Not Applicable'],['Not Applicable'],['Cyclist struck opened vehicle door'],['Driving Properly'],['Normal'],False,"['40 to 44', '50 to 54']",3.0
1113871.0,2009-07-04 08:00:00,300,2009,EGLINTON AVE W,DUFFERIN ST,Major Arterial,North York,43.695945,-79.44909,624977.0693,4839270.7394,Unknown,No Control,Clear,Dark,Dry,107,Oakwood Village,108,Briar Hill-Belgravia (108),Non-Fatal Injury,1,0,1,0,0,0,0,0,0,1,0,0,0,Pedestrian Collisions,"['Driver', 'Pedestrian']",North,"['Automobile, Station Wagon', 'Other']",['Going Ahead'],['Failed to Yield Right of Way'],['Unknown'],"['Crossing, no Traffic Control']",['Normal'],['Not Applicable'],['Not Applicable'],['Not Applicable'],False,"['unknown', '45 to 49']",3.0
1113959.0,2009-07-13 08:00:00,1825,2009,FRONT ST W,SPADINA AVE,Major Arterial,Toronto and East York,43.642745,-79.39389,629539.693,4833446.8477,At Intersection,Traffic Signal,Clear,Daylight,Dry,165,Harbourfront-CityPlace,77,Waterfront Communities-The Island (77),Non-Fatal Injury,0,1,1,0,0,0,0,0,0,0,0,0,0,Cyclist Collisions,"['Driver', 'Cyclist']",North,"['Automobile, Station Wagon', 'Bicycle']",['Going Ahead'],['Driving Properly'],['Normal'],['Not Applicable'],['Not Applicable'],"['Cyclist without ROW rides into path of motorist at inter, lnwy, dwy-Cyclist not turn.']",['Disobeyed Traffic Control'],['Normal'],False,['30 to 34'],3.0
1113980.0,2009-06-07 08:00:00,1631,2009,ISLINGTON Ave,ABERLADY Rd,Major Arterial,Etobicoke York,43.630045,-79.51739,619603.9881,4831851.0095,Unknown,No Control,Clear,Daylight,Dry,16,Stonegate-Queensway,16,Stonegate-Queensway (16),Non-Fatal Injury,0,0,0,1,0,0,0,0,0,0,0,0,0,SMV Other,['Motorcycle Driver'],North,['Motorcycle'],['Going Ahead'],['Lost control'],['Normal'],['Not Applicable'],['Not Applicable'],['Not Applicable'],['Not Applicable'],['Not Applicable'],False,['35 to 39'],3.0
1114016.0,2009-04-17 08:00:00,1859,2009,MCCULLOCH AVE,1 AUTUMN AVE,Local,Etobicoke York,43.701445,-79.57249,615022.5263,4839702.9953,Unknown,No Control,Clear,Daylight,Dry,1,West Humber-Clairville,1,West Humber-Clairville (1),Non-Fatal Injury,0,0,0,1,1,0,0,1,0,1,0,0,0,Sideswipe,"['Passenger', 'Motorcycle Driver', 'Vehicle Owner', 'Truck Driver']",South,"['Other', 'Motorcycle', 'Truck - Open']","['Overtaking', 'Turning Left']","['Improper Passing', 'Driving Properly']",['Normal'],['Not Applicable'],['Not Applicable'],['Not Applicable'],['Not Applicable'],['Not Applicable'],False,"['20 to 24', '35 to 39', 'unknown', '40 to 44']",3.0
1114459.0,2009-07-16 08:00:00,8,2009,SHEPPARD AVE E,MCCOWAN RD,Major Arterial,Scarborough,43.791045,-79.25189,640645.3401,4850149.1732,Unknown,No Control,Clear,Dark,Dry,128,Agincourt South-Malvern West,128,Agincourt South-Malvern West (128),Non-Fatal Injury,0,0,1,1,0,0,0,0,1,1,0,0,0,Turning Movement,"['Vehicle Owner', 'Driver', 'Motorcycle Driver']",East,"['Other', 'Automobile, Station Wagon', 'Motorcycle']","['Turning Left', 'Going Ahead']","['Improper Turn', 'Exceeding Speed Limit']","['Had Been Drinking', 'Normal']",['Not Applicable'],['Not Applicable'],['Not Applicable'],['Not Applicable'],['Not Applicable'],False,"['unknown', '35 to 39']",3.0
1114683.0,2009-06-12 08:00:00,1725,2009,AMSTERDAM AVE,O CONNOR DR,Major Arterial,Toronto and East York,43.714245,-79.30599,636467.0958,4841528.8621,Unknown,No Control,Clear,Daylight,Dry,54,O'Connor-Parkview,54,O'Connor-Parkview (54),Non-Fatal Injury,0,0,1,1,0,0,0,0,0,0,0,0,0,Approaching,"['Motorcycle Driver', 'Driver']",North,"['Motorcycle', 'Automobile, Station Wagon']",['Going Ahead'],"['Improper Turn', 'Driving Properly']",['Normal'],['Not Applicable'],['Not Applicable'],['Not Applicable'],['Not Applicable'],['Not Applicable'],False,"['35 to 39', '45 to 49']",3.0
1114902.0,2009-07-18 08:00:00,1137,2009,WOODBINE AVE,MORTIMER AVE,Major Arterial,Toronto and East York,43.692745,-79.31589,635718.065,4839124.7285,At Intersection,Traffic Signal,Clear,Daylight,Dry,59,Danforth East York,59,Danforth East York (59),Fatal,1,0,1,0,0,0,0,1,0,0,0,0,0,Pedestrian Collisions,"['Passenger', 'Vehicle Owner', 'Driver', 'Pedestrian']",South,"['Other', 'Automobile, Station Wagon']",['Going Ahead'],['Driving Properly'],['Unknown'],['Crossing without right of way'],['Inattentive'],['Not Applicable'],['Not Applicable'],['Not Applicable'],True,"['20 to 24', 'unknown', '40 to 44', '85 to 89']",4.0
1114984.0,2009-06-13 08:00:00,1818,2009,DUPONT ST,SHAW ST,Major Arterial,Toronto and East York,43.670545,-79.42659,626843.7236,4836483.8838,Unknown,No Control,Clear,Daylight,Dry,172,Dovercourt Village,93,Dovercourt-Wallace Emerson-Junction (93),Non-Fatal Injury,0,0,1,1,0,0,0,0,0,0,0,0,0,Turning Movement,"['Motorcycle Driver', 'Vehicle Owner', 'Driver']",East,"['Motorcycle', 'Other', 'Automobile, Station Wagon']","['Slowing or Stopping', 'Making U Turn']","['Driving Properly', 'Improper Turn']","['Normal', 'Inattentive']",['Not Applicable'],['Not Applicable'],['Not Applicable'],['Not Applicable'],['Not Applicable'],False,"['35 to 39', 'unknown', '15 to 19']",3.0
1115566.0,2009-07-21 08:00:00,1720,2009,BENTWORTH AVE,DUFFERIN ST,Major Arterial,North York,43.721845,-79.45649,624327.1894,4842136.1693,At Intersection,Traffic Signal,Rain,Daylight,Wet,31,Yorkdale-Glen Park,31,Yorkdale-Glen Park (31),Non-Fatal Injury,1,0,1,0,0,0,0,0,0,1,0,0,0,Pedestrian Collisions,"['Driver', 'Pedestrian']",East,"['Automobile, Station Wagon', 'Other']",['Turning Left'],['Failed to Yield Right of Way'],['Normal'],['Crossing with right of way'],['Normal'],['Not Applicable'],['Not Applicable'],['Not Applicable'],False,"['45 to 49', '80 to 84']",3.0
1115921.0,2009-06-19 08:00:00,1030,2009,MANNING AVE,BLOOR ST W,Major Arterial,Toronto and East York,43.664245,-79.41609,627703.5703,4835800.2937,Unknown,Traffic Signal,Clear,Daylight,Dry,95,Annex,95,Annex (95),Non-Fatal Injury,1,0,1,0,0,0,0,0,0,0,0,0,0,Pedestrian Collisions,"['Other', 'Driver', 'Pedestrian']",South,"['Other', 'Automobile, Station Wagon']","['Parked', 'Reversing']",['Other'],['Normal'],['Playing or Working on Highway'],['Normal'],['Not Applicable'],['Not Applicable'],['Not Applicable'],False,"['unknown', '70 to 74', '40 to 44']",3.0
1115922.0,2009-06-19 08:00:00,1430,2009,COLLINGSBROOK BLVD,SOLWAY CRT,Collector,Scarborough,43.790845,-79.31619,635472.4379,4850019.7064,At Intersection,Stop Sign,Clear,Daylight,Dry,147,L'Amoreaux West,117,L'Amoreaux (117),Non-Fatal Injury,0,0,1,0,0,0,0,0,0,0,0,1,0,Approaching,"['Driver', 'Vehicle Owner']",North,"['Automobile, Station Wagon', 'Other']",['Going Ahead'],"['Driving Properly', 'Improper Lane Change']","['Normal', 'Ability Impaired, Alcohol Over .08']",['Not Applicable'],['Not Applicable'],['Not Applicable'],['Not Applicable'],['Not Applicable'],False,"['60 to 64', 'unknown', '35 to 39']",3.0