accident_number,date,time,year,street1,street2,road_class,district,latitude,longitude,x,y,accident_location,traffctl,visibility,light,road_surface_condition,hood_158,neighbourhood_new,hood_140,neighbourhood_old,accident_class,pedestrian,cyclist,automobile,motorcycle,truck,trsn_city_veh,emerg_veh,passenger,speeding,aggressive_driving,redlight,alcohol,disability,impact_type,involvement_type,initial_direction,vehicle_type,manoeuver,driver_action,driver_condition,pedestrian_action,pedestrian_condition,cyclist_type,cyclist_action,cyclist_condition,injury,involvement_age,injury_severity_score
1132676.0,2009-10-23 08:00:00,715,2009,FINCH AVE E,BLACKBIRD GT,Minor Arterial,Scarborough,43.816945,-79.22429,642804.2121,4853073.0604,At Intersection,No Control,Rain,Dark,Wet,144,Morningside Heights,132,Malvern (132),Fatal,1,0,1,0,0,0,0,0,0,0,0,0,0,Pedestrian Collisions,"['Driver', 'Pedestrian']",North,"['Automobile, Station Wagon', 'Other']",['Going Ahead'],['Driving Properly'],['Normal'],"['Crossing, no Traffic Control']",['Inattentive'],['Not Applicable'],['Not Applicable'],['Not Applicable'],True,"['45 to 49', '60 to 64']",4.0
1132677.0,2009-10-23 08:00:00,755,2009,1251 KENNEDY Rd,Not Applicable,Major Arterial,Scarborough,43.756345,-79.27739,638673.8828,4846252.1816,Unknown,No Control,Rain,Daylight,Wet,126,Dorset Park,126,Dorset Park (126),Non-Fatal Injury,0,0,1,0,0,0,0,0,0,0,0,0,0,SMV Other,['Driver'],North,"['Automobile, Station Wagon']",['Going Ahead'],['Lost control'],['Unknown'],['Not Applicable'],['Not Applicable'],['Not Applicable'],['Not Applicable'],['Not Applicable'],False,['30 to 34'],3.0
1132688.0,2009-10-23 08:00:00,1708,2009,STEELES AVE W,TURBINE DR,Major Arterial,Etobicoke York,43.767945,-79.55779,616078.4466,4847109.2638,At Intersection,No Control,Rain,Daylight,Wet,21,Humber Summit,21,Humber Summit (21),Non-Fatal Injury,1,0,1,0,0,0,0,0,0,0,0,0,0,Pedestrian Collisions,"['Vehicle Owner', 'Driver', 'Pedestrian']",South,"['Other', 'Automobile, Station Wagon']",['Going Ahead'],['Driving Properly'],['Normal'],"['Crossing, no Traffic Control']",['Normal'],['Not Applicable'],['Not Applicable'],['Not Applicable'],False,"['unknown', '40 to 44', '35 to 39']",3.0
1132715.0,2009-10-23 08:00:00,2015,2009,BAY ST,WELLESLEY ST W,Major Arterial,Toronto and East York,43.664345,-79.38719,630033.4559,4835856.2911,At Intersection,Traffic Signal,Rain,Dark,Wet,169,Bay-Cloverhill,76,Bay Street Corridor (76),Non-Fatal Injury,1,0,1,0,0,0,0,0,0,1,0,0,0,Pedestrian Collisions,"['Driver', 'Pedestrian']",East,"['Automobile, Station Wagon', 'Other']",['Turning Left'],['Failed to Yield Right of Way'],['Normal'],['Crossing with right of way'],['Normal'],['Not Applicable'],['Not Applicable'],['Not Applicable'],False,"['20 to 24', '35 to 39']",3.0
1132987.0,2009-09-30 08:00:00,1527,2009,MARKHAM RD,ELLESMERE RD,Major Arterial,Scarborough,43.777245,-79.23199,642279.1627,4848650.4724,Unknown,No Control,Clear,Daylight,Dry,142,Woburn North,137,Woburn (137),Non-Fatal Injury,1,0,1,0,0,0,0,0,0,0,0,0,0,Pedestrian Collisions,"['Vehicle Owner', 'Driver', 'Pedestrian']",West,"['Other', 'Automobile, Station Wagon']",['Turning Left'],['Improper Turn'],['Normal'],"['Crossing, no Traffic Control']",['Normal'],['Not Applicable'],['Not Applicable'],['Not Applicable'],False,"['unknown', '25 to 29', '55 to 59']",3.0
1133034.0,2009-10-02 08:00:00,1400,2009,BLOOR ST E,SHERBOURNE ST N,Major Arterial,Toronto and East York,43.672345,-79.37689,630846.5221,4836760.9943,Unknown,Traffic Signal,Rain,Daylight,Wet,74,North St.James Town,98,Rosedale-Moore Park (98),Fatal,1,0,1,0,0,0,0,0,0,0,0,0,0,Pedestrian Collisions,"['Driver', 'Pedestrian']",North,"['Automobile, Station Wagon', 'Other']",['Turning Left'],['Driving Properly'],['Normal'],"['Crossing, no Traffic Control']",['Inattentive'],['Not Applicable'],['Not Applicable'],['Not Applicable'],True,"['60 to 64', '40 to 44']",4.0
1133302.0,2009-09-24 08:00:00,2115,2009,MARTIN GROVE Road,EGLINTON Aven W,Major Arterial,Etobicoke York,43.674445,-79.56319,615823.8381,4836717.2289,At Intersection,Traffic Signal,Clear,Dark,Dry,11,Eringate-Centennial-West Deane,11,Eringate-Centennial-West Deane (11),Non-Fatal Injury,0,0,1,1,0,0,0,1,0,0,0,0,0,Turning Movement,"['Driver', 'Passenger', 'Motorcycle Driver']",North,"['Automobile, Station Wagon', 'Other', 'Motorcycle']","['Going Ahead', 'Turning Left']","['Driving Properly', 'Improper Turn']","['Normal', 'Inattentive']",['Not Applicable'],['Not Applicable'],['Not Applicable'],['Not Applicable'],['Not Applicable'],False,"['25 to 29', '30 to 34']",3.0
1133393.0,2009-10-02 08:00:00,1240,2009,1255 THE QUEENSWAY,Not Applicable,Major Arterial,Etobicoke York,43.621345,-79.52509,618999.9791,4830873.7029,Unknown,Stop Sign,Rain,Daylight,Wet,159,Etobicoke City Centre,14,Islington-City Centre West (14),Non-Fatal Injury,0,0,1,0,0,0,0,0,0,0,0,0,0,Turning Movement,['Driver'],East,"['Automobile, Station Wagon']","['Turning Left', 'Going Ahead']","['Improper Turn', 'Driving Properly']",['Normal'],['Not Applicable'],['Not Applicable'],['Not Applicable'],['Not Applicable'],['Not Applicable'],False,"['55 to 59', '25 to 29']",3.0
1133411.0,2009-10-03 08:00:00,1710,2009,MCNICOLL Ave,BIRCHMOUNT Rd,Major Arterial,Scarborough,43.808627,-79.31116,635836.8313,4852002.9266,At Intersection,Traffic Signal,Clear,Daylight,Dry,116,Steeles,116,Steeles (116),Non-Fatal Injury,0,0,1,0,0,0,0,0,0,0,0,0,0,Turning Movement,['Driver'],West,"['Automobile, Station Wagon']","['Stopped', 'Turning Left', 'Going Ahead']","['Driving Properly', 'Improper Turn']",['Normal'],['Not Applicable'],['Not Applicable'],['Not Applicable'],['Not Applicable'],['Not Applicable'],False,"['40 to 44', '50 to 54', '35 to 39']",3.0
1133419.0,2009-10-03 08:00:00,1018,2009,STEELES AVE E,STRAWBERRY HILLS DR,Major Arterial,Scarborough,43.829845,-79.28039,638262.7651,4854410.5084,At Intersection,Traffic Signal,Rain,Dusk,Wet,130,Milliken,NSA,NSA,Non-Fatal Injury,1,0,1,0,0,0,0,0,0,1,0,0,0,Pedestrian Collisions,"['Driver', 'Pedestrian']",East,"['Automobile, Station Wagon', 'Other']",['Turning Left'],['Failed to Yield Right of Way'],['Inattentive'],['Crossing with right of way'],['Normal'],['Not Applicable'],['Not Applicable'],['Not Applicable'],False,"['45 to 49', '60 to 64']",3.0
1133515.0,2009-10-04 08:00:00,348,2009,LAWRENCE Aven E,MOUNT PLEASANT Road,Major Arterial,North York,43.726145,-79.39719,629094.5151,4842704.4139,Unknown,Traffic Signal,Clear,Dark,Dry,103,Lawrence Park South,103,Lawrence Park South (103),Non-Fatal Injury,0,0,1,0,0,0,0,1,1,1,0,0,0,Rear End,"['Vehicle Owner', 'Driver', 'Passenger']",East,"['Other', 'Automobile, Station Wagon']","['Going Ahead', 'Stopped']","['Following too Close', 'Driving Properly']","['Inattentive', 'Normal']",['Not Applicable'],['Not Applicable'],['Not Applicable'],['Not Applicable'],['Not Applicable'],False,"['unknown', '25 to 29', '20 to 24']",3.0
1133570.0,2009-10-02 08:00:00,1626,2009,FINCH AVE W,KEELE ST,Major Arterial,Etobicoke York,43.763445,-79.49099,621464.0928,4846705.2771,At Intersection,Traffic Signal,Rain,Daylight,Wet,27,York University Heights,27,York University Heights (27),Non-Fatal Injury,1,0,0,0,1,0,0,0,0,0,0,0,0,Pedestrian Collisions,"['Vehicle Owner', 'Truck Driver', 'Other', 'Pedestrian']",South,"['Other', 'Truck - Open']",['Turning Right'],['Driving Properly'],['Normal'],['Crossing without right of way'],['Unknown'],['Not Applicable'],['Not Applicable'],['Not Applicable'],False,"['unknown', '40 to 44', '60 to 64']",3.0
1133576.0,2009-10-04 08:00:00,1520,2009,OAKWOOD AVE,EGLINTON AVE W,Major Arterial,North York,43.697291,-79.442783,625482.5037,4839429.7569,Unknown,Traffic Signal,Clear,Daylight,Wet,107,Oakwood Village,107,Oakwood Village (107),Non-Fatal Injury,0,0,1,0,0,0,0,1,0,0,0,0,0,Turning Movement,"['Driver', 'Passenger']",North,"['Automobile, Station Wagon', 'Other']","['Turning Left', 'Going Ahead']","['Lost control', 'Driving Properly']","['Inattentive', 'Normal']",['Not Applicable'],['Not Applicable'],['Not Applicable'],['Not Applicable'],['Not Applicable'],False,"['50 to 54', '25 to 29', '35 to 39']",3.0
1133583.0,2009-10-04 08:00:00,1400,2009,UNIVERSITY Ave,RICHMOND St W,Major Arterial,Toronto and East York,43.650045,-79.38629,630136.9074,4834269.4981,At Intersection,Traffic Signal,Rain,Daylight,Wet,170,Yonge-Bay Corridor,76,Bay Street Corridor (76),Non-Fatal Injury,0,0,1,0,0,0,0,1,0,1,1,0,0,Angle,"['Driver', 'Passenger', 'Vehicle Owner']",North,"['Automobile, Station Wagon', 'Other', 'Taxi']",['Going Ahead'],"['Disobeyed Traffic Control', 'Driving Properly']","['Inattentive', 'Normal']",['Not Applicable'],['Not Applicable'],['Not Applicable'],['Not Applicable'],['Not Applicable'],False,"['55 to 59', '35 to 39', 'unknown']",3.0
1133598.0,2009-10-28 08:00:00,707,2009,BIRMINGHAM ST,NINETEENTH ST,Collector,Etobicoke York,43.600444,-79.519092,619525.3125,4828561.0088,Unknown,No Control,Rain,"Dawn, artificial",Wet,18,New Toronto,18,New Toronto (18),Non-Fatal Injury,1,0,0,0,0,1,0,0,0,0,0,0,0,Pedestrian Collisions,"['Pedestrian', 'Vehicle Owner', 'Driver']",North,"['Other', 'Municipal Transit Bus (TTC)']",['Going Ahead'],['Driving Properly'],['Unknown'],"['Crossing, no Traffic Control']",['Inattentive'],['Not Applicable'],['Not Applicable'],['Not Applicable'],False,"['5 to 9', '30 to 34', 'unknown', '35 to 39']",3.0
1133727.0,2009-10-05 08:00:00,1654,2009,LESLIE Stre,LESMILL Road,Major Arterial,North York,43.762345,-79.36189,631858.196,4846780.558,At Intersection,No Control,Clear,Daylight,Dry,40,St.Andrew-Windfields,40,St.Andrew-Windfields (40),Non-Fatal Injury,0,0,1,0,0,0,0,0,0,1,0,0,0,Rear End,"['Driver', 'Vehicle Owner']",North,"['Automobile, Station Wagon', 'Other']","['Stopped', 'Going Ahead']","['Driving Properly', 'Following too Close']",['Normal'],['Not Applicable'],['Not Applicable'],['Not Applicable'],['Not Applicable'],['Not Applicable'],False,"['25 to 29', 'unknown', '30 to 34', '40 to 44']",3.0
1133805.0,2009-10-06 08:00:00,701,2009,OLD WESTON RD,ST CLAIR AVE W,Major Arterial,Toronto and East York,43.673745,-79.46309,623894.5882,4836784.1226,Unknown,No Control,Clear,Daylight,Dry,91,Weston-Pelham Park,91,Weston-Pellam Park (91),Non-Fatal Injury,1,0,0,0,0,1,0,0,0,0,0,0,0,Pedestrian Collisions,"['Vehicle Owner', 'Driver', 'Pedestrian']",North,"['Other', 'Municipal Transit Bus (TTC)']",['Pulling Away from Shoulder or Curb'],['Driving Properly'],['Normal'],['Running onto Roadway'],['Inattentive'],['Not Applicable'],['Not Applicable'],['Not Applicable'],False,"['unknown', '20 to 24', '65 to 69']",3.0
1133909.0,2009-10-08 08:00:00,1915,2009,EGLINTON Aven E,MIDLAND Aven,Major Arterial,Scarborough,43.734545,-79.25809,640278.507,4843863.4585,At Intersection,Traffic Signal,Clear,Dark,Dry,138,Eglinton East,138,Eglinton East (138),Non-Fatal Injury,0,0,1,0,0,0,0,1,0,1,0,0,0,Turning Movement,"['Driver', 'Passenger']",East,"['Automobile, Station Wagon', 'Other']","['Turning Left', 'Going Ahead']","['Failed to Yield Right of Way', 'Other']",['Normal'],['Not Applicable'],['Not Applicable'],['Not Applicable'],['Not Applicable'],['Not Applicable'],False,"['20 to 24', '5 to 9', '0 to 4', '35 to 39', '40 to 44']",3.0
1134244.0,2009-10-31 08:00:00,901,2009,KEELE ST,STEELES AVE W,Major Arterial,Etobicoke York,43.781545,-79.49449,621145.8159,4848710.4269,At Intersection,Traffic Signal,Rain,Daylight,Wet,27,York University Heights,27,York University Heights (27),Fatal,0,0,1,0,0,0,0,1,0,1,1,0,0,Turning Movement,"['Passenger', 'Driver']",East,"['Other', 'Automobile, Station Wagon']","['Going Ahead', 'Turning Left', 'Stopped']","['Disobeyed Traffic Control', 'Driving Properly']","['Inattentive', 'Normal']",['Not Applicable'],['Not Applicable'],['Not Applicable'],['Not Applicable'],['Not Applicable'],True,"['20 to 24', '15 to 19', '50 to 54', '55 to 59']",4.0
1134481.0,2009-11-02 10:00:00,1045,2009,YONGE Stre,DAVISVILLE Aven,Minor Arterial,Toronto and East York,43.698445,-79.39609,629242.6415,4839629.65,At Intersection,No Control,Clear,Daylight,Dry,174,South Eglinton-Davisville,104,Mount Pleasant West (104),Non-Fatal Injury,0,0,1,0,0,0,0,0,1,1,0,0,1,SMV Unattended Vehicle,"['Driver', 'Vehicle Owner']",East,"['Automobile, Station Wagon', 'Other']",['Going Ahead'],['Lost control'],['Medical or Physical Disability'],['Not Applicable'],['Not Applicable'],['Not Applicable'],['Not Applicable'],['Not Applicable'],False,"['70 to 74', 'unknown']",3.0
1134547.0,2009-10-05 08:00:00,1234,2009,KINGSTON RD,LAWRENCE AVE E,Major Arterial,Scarborough,43.767645,-79.18959,645714.6251,4847657.9843,At Intersection,Traffic Signal,Clear,Daylight,Dry,136,West Hill,136,West Hill (136),Non-Fatal Injury,1,0,0,0,0,0,0,0,0,0,0,0,0,Pedestrian Collisions,"['Driver', 'Pedestrian']",East,['Other'],['Going Ahead'],['Driving Properly'],['Normal'],['Crossing marked crosswalk without ROW'],['Inattentive'],['Not Applicable'],['Not Applicable'],['Not Applicable'],False,"['85 to 89', '15 to 19']",3.0
1134663.0,2009-11-03 10:00:00,1445,2009,GILDER DR,MIDLAND AVE,Major Arterial,Scarborough,43.736045,-79.25879,640218.6331,4844028.871,At Intersection,Traffic Signal,Clear,Daylight,Dry,138,Eglinton East,138,Eglinton East (138),Fatal,1,0,1,0,0,0,0,0,0,1,0,0,0,Pedestrian Collisions,"['Vehicle Owner', 'Driver', 'Pedestrian']",East,"['Other', 'Automobile, Station Wagon']",['Turning Left'],['Failed to Yield Right of Way'],['Unknown'],['Crossing with right of way'],['Unknown'],['Not Applicable'],['Not Applicable'],['Not Applicable'],True,"['unknown', '50 to 54', '85 to 89']",4.0
1134719.0,2009-10-09 08:00:00,815,2009,REDCLIFF BLVD,COOLHURST DR,Local,Etobicoke York,43.718945,-79.56899,615270.992,4841651.4723,At Intersection,No Control,Rain,Daylight,Wet,4,Rexdale-Kipling,4,Rexdale-Kipling (4),Non-Fatal Injury,1,0,1,0,0,0,0,0,0,1,0,0,0,Pedestrian Collisions,"['Driver', 'Pedestrian']",North,"['Automobile, Station Wagon', 'Other']",['Turning Left'],['Failed to Yield Right of Way'],['Normal'],['Crossing with right of way'],['Normal'],['Not Applicable'],['Not Applicable'],['Not Applicable'],False,"['35 to 39', '75 to 79']",3.0
1134906.0,2009-10-14 08:00:00,1047,2009,JARVIS ST,ISABELLA ST,Major Arterial,Toronto and East York,43.668845,-79.37949,630644.5154,4836368.1741,At Intersection,Traffic Signal,Clear,Daylight,Dry,167,Church-Wellesley,75,Church-Yonge Corridor (75),Non-Fatal Injury,0,1,1,0,0,0,0,0,0,0,0,0,0,Turning Movement,"['Moped Driver', 'Driver']",North,"['Automobile, Station Wagon']","['Going Ahead', 'Turning Left']","['Driving Properly', 'Improper Turn']","['Normal', 'Inattentive']",['Not Applicable'],['Not Applicable'],['Not Applicable'],['Not Applicable'],['Not Applicable'],False,"['35 to 39', '40 to 44']",3.0
1135071.0,2009-11-05 10:00:00,1655,2009,STEELES Ave W,HIGHWAY 27  N,Major Arterial,Etobicoke York,43.755245,-79.61509,611490.1268,4845620.0205,Unknown,No Control,Clear,Daylight,Dry,1,West Humber-Clairville,NSA,NSA,Non-Fatal Injury,0,0,1,0,0,0,0,1,0,0,0,0,0,Approaching,"['Driver', 'Vehicle Owner', 'Passenger', 'Other Property Owner']",East,"['Automobile, Station Wagon', 'Other']",['Going Ahead'],"['Driving Properly', 'Lost control']","['Normal', 'Unknown']",['Not Applicable'],['Not Applicable'],['Not Applicable'],['Not Applicable'],['Not Applicable'],False,"['40 to 44', '35 to 39', 'unknown', '0 to 4', '20 to 24']",3.0
1135192.0,2009-11-07 10:00:00,755,2009,STEELES Aven E,BRIMLEY Road,Major Arterial,Scarborough,43.828245,-79.28719,637719.6951,4854221.4571,At Intersection,Traffic Signal,Clear,Daylight,Dry,130,Milliken,130,Milliken (130),Non-Fatal Injury,1,0,1,0,0,0,0,0,0,1,0,0,0,Pedestrian Collisions,"['Vehicle Owner', 'Driver', 'Pedestrian']",North,"['Other', 'Automobile, Station Wagon']",['Turning Left'],['Failed to Yield Right of Way'],['Unknown'],['Crossing with right of way'],['Normal'],['Not Applicable'],['Not Applicable'],['Not Applicable'],False,"['unknown', '25 to 29', '75 to 79', '80 to 84', '45 to 49']",3.0
1135255.0,2009-11-08 10:00:00,1035,2009,LOWER SIMCOE ST,BREMNER BLVD,Collector,Toronto and East York,43.643545,-79.38439,630304.1875,4833550.5696,Unknown,No Control,Clear,Daylight,Dry,165,Harbourfront-CityPlace,77,Waterfront Communities-The Island (77),Non-Fatal Injury,1,0,1,0,0,0,0,0,0,0,0,0,0,Pedestrian Collisions,"['Driver', 'Pedestrian']",South,"['Automobile, Station Wagon', 'Other']",['Going Ahead'],['Driving Properly'],['Normal'],"['Crossing, no Traffic Control']",['Normal'],['Not Applicable'],['Not Applicable'],['Not Applicable'],False,['25 to 29'],3.0
1135676.0,2009-10-18 08:00:00,250,2009,BLOOR Stre W,BRUNSWICK Aven,Major Arterial,Toronto and East York,43.665745,-79.40799,628353.4467,4835979.3887,Unknown,No Control,Clear,Dark,Dry,79,University,79,University (79),Non-Fatal Injury,0,0,1,0,0,0,0,0,0,1,0,0,0,Rear End,"['Vehicle Owner', 'Driver', 'Other']",West,"['Other', 'Automobile, Station Wagon']","['Going Ahead', 'Parked']","['Following too Close', 'Driving Properly']","['Fatigue', 'Normal']",['Not Applicable'],['Not Applicable'],['Not Applicable'],['Not Applicable'],['Not Applicable'],False,"['unknown', '45 to 49', '20 to 24']",3.0
1135839.0,2009-10-20 08:00:00,1230,2009,ALBION RD,ARMEL CRT,Major Arterial,Etobicoke York,43.721345,-79.54559,617151.2496,4841950.8353,At Intersection,Traffic Signal,Clear,"Daylight, artificial",Dry,5,Elms-Old Rexdale,5,Elms-Old Rexdale (5),Non-Fatal Injury,1,0,1,0,0,0,0,0,0,1,0,0,0,Pedestrian Collisions,"['Driver', 'Pedestrian']",North,"['Automobile, Station Wagon', 'Other']",['Turning Left'],['Failed to Yield Right of Way'],['Inattentive'],['Crossing with right of way'],['Normal'],['Not Applicable'],['Not Applicable'],['Not Applicable'],False,"['20 to 24', '50 to 54']",3.0
1135987.0,2009-10-20 08:00:00,1142,2009,ST CLAIR Aven W,OLD WESTON Road,Major Arterial,Toronto and East York,43.673045,-79.46499,623742.8612,4836703.5422,Unknown,Traffic Controller,Clear,Daylight,Dry,91,Weston-Pelham Park,91,Weston-Pellam Park (91),Non-Fatal Injury,0,1,0,0,1,0,0,0,0,0,0,0,0,Cyclist Collisions,"['Vehicle Owner', 'Truck Driver', 'Cyclist']",North,"['Other', 'Truck - Open', 'Bicycle']","['Stopped', 'Going Ahead']",['Driving Properly'],['Normal'],['Not Applicable'],['Not Applicable'],"['Cyclist loses control and strikes object (pole, ttc track)']",['Lost control'],['Normal'],False,"['unknown', '40 to 44', '35 to 39']",3.0
1136012.0,2009-10-20 08:00:00,1850,2009,OAKWOOD AVE,EARLSDALE AVE,Minor Arterial,Toronto and East York,43.685045,-79.43789,625902.4125,4838077.0875,Unknown,No Control,Clear,Dusk,Dry,107,Oakwood Village,107,Oakwood Village (107),Non-Fatal Injury,1,0,1,0,0,0,0,0,0,0,0,0,0,Pedestrian Collisions,"['Driver', 'Pedestrian']",South,"['Automobile, Station Wagon', 'Other']",['Going Ahead'],['Driving Properly'],['Normal'],"['Crossing, no Traffic Control']",['Inattentive'],['Not Applicable'],['Not Applicable'],['Not Applicable'],False,"['15 to 19', '20 to 24']",3.0
1136056.0,2009-10-21 08:00:00,1819,2009,ROYAL YORK Road,ALLANHURST Driv,Minor Arterial,Etobicoke York,43.679245,-79.52529,618869.5713,4837303.9495,Unknown,Traffic Signal,Clear,Dark,Wet,9,Edenbridge-Humber Valley,9,Edenbridge-Humber Valley (9),Non-Fatal Injury,0,0,1,0,1,0,0,0,1,1,0,0,0,Rear End,"['Truck Driver', 'Driver']",South,"['Truck - Open', 'Automobile, Station Wagon']","['Slowing or Stopping', 'Going Ahead']","['Driving Properly', 'Following too Close']","['Normal', 'Inattentive']",['Not Applicable'],['Not Applicable'],['Not Applicable'],['Not Applicable'],['Not Applicable'],False,"['70 to 74', '35 to 39', '30 to 34']",3.0
1136099.0,2009-10-22 08:00:00,710,2009,LANSDOWNE Aven,DUNDAS Stre W,Minor Arterial,Toronto and East York,43.650145,-79.43969,625830.2372,4834198.2481,At Intersection,Traffic Signal,Clear,Daylight,Dry,84,Little Portugal,84,Little Portugal (84),Non-Fatal Injury,0,0,1,0,0,0,0,1,0,0,0,0,0,Turning Movement,"['Driver', 'Passenger']",North,"['Automobile, Station Wagon', 'Other']","['Going Ahead', 'Turning Left']","['Driving Properly', 'Improper Turn']",['Normal'],['Not Applicable'],['Not Applicable'],['Not Applicable'],['Not Applicable'],['Not Applicable'],False,"['45 to 49', '30 to 34']",3.0
1136272.0,2009-11-12 10:00:00,1759,2009,BIRCHMOUNT RD,ROLARK DR,Major Arterial,Scarborough,43.767645,-79.29229,637448.5062,4847482.3794,Unknown,No Control,Clear,Dusk,Dry,119,Wexford/Maryvale,119,Wexford/Maryvale (119),Fatal,1,0,1,0,0,0,0,0,0,0,0,0,0,Pedestrian Collisions,"['Vehicle Owner', 'Driver', 'Pedestrian']",North,"['Other', 'Automobile, Station Wagon']",['Going Ahead'],['Driving Properly'],['Normal'],"['Crossing, no Traffic Control']",['Inattentive'],['Not Applicable'],['Not Applicable'],['Not Applicable'],True,"['unknown', '35 to 39', '45 to 49']",4.0
1136343.0,2009-11-10 10:00:00,1452,2009,MACDONELL AVE,PEARSON AVE,Local,Toronto and East York,43.643545,-79.43919,625884.3455,4833465.9913,Unknown,Stop Sign,Clear,Daylight,Dry,86,Roncesvalles,86,Roncesvalles (86),Non-Fatal Injury,0,1,1,0,0,0,0,0,0,1,0,0,0,Cyclist Collisions,"['Vehicle Owner', 'Driver', 'Cyclist']",East,"['Other', 'Automobile, Station Wagon', 'Bicycle']",['Going Ahead'],['Failed to Yield Right of Way'],['Unknown'],['Not Applicable'],['Not Applicable'],"['Motorist without ROW drives into path of cyclist at inter, lnwy, dwy-Driver not turn.']",['Driving Properly'],['Normal'],False,"['unknown', '50 to 54', '25 to 29']",3.0
1136780.0,2009-11-14 10:00:00,2348,2009,1421 MILITARY TRL,Not Applicable,Minor Arterial,Scarborough,43.782545,-79.17659,646724.5227,4849335.8259,Unknown,No Control,Clear,Dark,Dry,134,Highland Creek,134,Highland Creek (134),Non-Fatal Injury,0,0,1,0,0,0,0,0,0,0,0,0,0,SMV Other,"['Vehicle Owner', 'Driver']",West,"['Other', 'Automobile, Station Wagon']",['Going Ahead'],['Lost control'],['Normal'],['Not Applicable'],['Not Applicable'],['Not Applicable'],['Not Applicable'],['Not Applicable'],False,"['unknown', '30 to 34']",3.0
1137133.0,2009-11-16 10:00:00,1127,2009,F G GARDINER XY  W,CHERRY ST,Major Arterial,Toronto and East York,43.649045,-79.35249,632864.9279,4834211.9959,Unknown,No Control,Clear,Daylight,Dry,166,St Lawrence-East Bayfront-The Islands,77,Waterfront Communities-The Island (77),Non-Fatal Injury,0,0,1,1,0,0,0,0,1,1,0,0,0,Rear End,"['Motorcycle Driver', 'Driver']",West,"['Motorcycle', 'Automobile, Station Wagon']","['Going Ahead', 'Changing Lanes']","['Speed too Fast For Condition', 'Driving Properly']",['Normal'],['Not Applicable'],['Not Applicable'],['Not Applicable'],['Not Applicable'],['Not Applicable'],False,['40 to 44'],3.0
1137184.0,2009-11-16 10:00:00,1700,2009,BATHURST ST,MARMION AVE,Major Arterial,North York,43.726645,-79.43139,626338.8808,4842707.2377,At Intersection,No Control,Clear,Dusk,Dry,39,Bedford Park-Nortown,39,Bedford Park-Nortown (39),Non-Fatal Injury,1,0,1,0,0,0,0,0,0,0,0,0,0,Pedestrian Collisions,"['Driver', 'Pedestrian']",South,"['Automobile, Station Wagon', 'Other']",['Slowing or Stopping'],['Driving Properly'],['Normal'],['Running onto Roadway'],['Inattentive'],['Not Applicable'],['Not Applicable'],['Not Applicable'],False,"['45 to 49', '10 to 14']",3.0
1137250.0,2009-11-17 10:00:00,845,2009,GREENWIN VILLAGE RD,VILLAGE GT,Collector,North York,43.792445,-79.44049,625468.3321,4850001.4772,At Intersection,Stop Sign,Clear,Daylight,Dry,36,Newtonbrook West,36,Newtonbrook West (36),Fatal,1,0,1,0,0,0,0,0,0,0,0,0,0,Pedestrian Collisions,"['Vehicle Owner', 'Driver', 'Pedestrian']",North,"['Other', 'Automobile, Station Wagon']",['Turning Left'],['Driving Properly'],['Normal'],"['Crossing, no Traffic Control']",['Normal'],['Not Applicable'],['Not Applicable'],['Not Applicable'],True,"['unknown', '40 to 44', '65 to 69']",4.0
1137408.0,2009-11-16 10:00:00,1450,2009,STEELES Aven W,WESTON Road,Major Arterial,Etobicoke York,43.770245,-79.54649,616983.4667,4847380.6147,Unknown,Traffic Signal,Clear,Daylight,Dry,21,Humber Summit,21,Humber Summit (21),Non-Fatal Injury,1,0,1,0,0,0,0,0,0,1,0,0,0,Pedestrian Collisions,"['Pedestrian', 'Driver']",East,"['Other', 'Automobile, Station Wagon']",['Turning Left'],['Failed to Yield Right of Way'],['Unknown'],['Crossing with right of way'],['Normal'],['Not Applicable'],['Not Applicable'],['Not Applicable'],False,"['35 to 39', 'unknown']",3.0
1137440.0,2009-10-25 08:00:00,1722,2009,ALBION RD,FINCH AVE W,Major Arterial,Etobicoke York,43.741045,-79.58919,613602.0397,4844078.0934,At Intersection,Traffic Signal,Clear,Daylight,Dry,2,Mount Olive-Silverstone-Jamestown,2,Mount Olive-Silverstone-Jamestown (2),Non-Fatal Injury,0,0,1,0,0,0,0,0,0,1,0,0,0,Turning Movement,['Driver'],East,"['Taxi', 'Automobile, Station Wagon']","['Turning Left', 'Going Ahead']","['Improper Turn', 'Driving Properly']",['Normal'],['Not Applicable'],['Not Applicable'],['Not Applicable'],['Not Applicable'],['Not Applicable'],False,"['20 to 24', '25 to 29']",3.0
1137499.0,2009-10-25 08:00:00,116,2009,DUFFERIN ST,ASCOT AVE,Major Arterial,Toronto and East York,43.680645,-79.44419,625403.8096,4837578.863,Unknown,Stop Sign,Clear,Dark,Dry,92,Corso Italia-Davenport,92,Corso Italia-Davenport (92),Non-Fatal Injury,0,0,1,0,0,0,0,1,0,1,0,0,0,Approaching,"['Driver', 'Passenger', 'Vehicle Owner']",North,"['Automobile, Station Wagon', 'Other']","['Going Ahead', 'Stopped']","['Driving Properly', 'Following too Close', 'Lost control']","['Normal', 'Unknown']",['Not Applicable'],['Not Applicable'],['Not Applicable'],['Not Applicable'],['Not Applicable'],False,"['45 to 49', '15 to 19', '25 to 29', '40 to 44', 'unknown', '55 to 59', '20 to 24']",3.0
1137502.0,2009-11-17 10:00:00,1607,2009,RONALD AVE,SCHELL AVE,Collector,North York,43.698145,-79.45909,624166.6906,4839500.0556,Unknown,No Control,Clear,Daylight,Dry,108,Briar Hill-Belgravia,108,Briar Hill-Belgravia (108),Non-Fatal Injury,1,0,1,0,0,0,0,0,0,1,0,0,0,Pedestrian Collisions,"['Driver', 'Wheelchair']",South,"['Automobile, Station Wagon', 'Other']",['Going Ahead'],['Failed to Yield Right of Way'],['Unknown'],['Crossing with right of way'],['Normal'],['Not Applicable'],['Not Applicable'],['Not Applicable'],False,['75 to 79'],3.0