accident_number,date,time,year,street1,street2,road_class,district,latitude,longitude,x,y,accident_location,traffctl,visibility,light,road_surface_condition,hood_158,neighbourhood_new,hood_140,neighbourhood_old,accident_class,pedestrian,cyclist,automobile,motorcycle,truck,trsn_city_veh,emerg_veh,passenger,speeding,aggressive_driving,redlight,alcohol,disability,impact_type,involvement_type,initial_direction,vehicle_type,manoeuver,driver_action,driver_condition,pedestrian_action,pedestrian_condition,cyclist_type,cyclist_action,cyclist_condition,injury,involvement_age,injury_severity_score
1143968.0,2009-12-01 10:00:00,1510,2009,ALBION RD,CLAIREPORT CRES,Major Arterial,Etobicoke York,43.747745,-79.63249,610103.1085,4844763.7647,At Intersection,Traffic Signal,Clear,Daylight,Dry,1,West Humber-Clairville,1,West Humber-Clairville (1),Non-Fatal Injury,0,0,1,0,0,0,0,0,0,1,0,0,0,Rear End,"['Vehicle Owner', 'Driver']",East,"['Other', 'Automobile, Station Wagon']","['Going Ahead', 'Stopped']","['Following too Close', 'Driving Properly']",['Normal'],['Not Applicable'],['Not Applicable'],['Not Applicable'],['Not Applicable'],['Not Applicable'],False,"['unknown', '55 to 59', '35 to 39']",3.0
1143969.0,2009-12-01 10:00:00,1920,2009,HIGHWAY 27  S,QUEENS PLATE DR,Major Arterial,Etobicoke York,43.722745,-79.59819,612911.7142,4842033.32,At Intersection,Traffic Signal,Clear,Dark,Dry,1,West Humber-Clairville,1,West Humber-Clairville (1),Non-Fatal Injury,0,0,1,0,0,0,0,1,0,1,0,0,0,Rear End,"['Driver', 'Passenger']",South,"['Automobile, Station Wagon', 'Other']",['Turning Left'],"['Following too Close', 'Driving Properly']",['Normal'],['Not Applicable'],['Not Applicable'],['Not Applicable'],['Not Applicable'],['Not Applicable'],False,"['20 to 24', '15 to 19', '30 to 34']",3.0
1143989.0,2009-12-23 10:00:00,935,2009,KINGSTON RD,MARKHAM RD,Major Arterial,Scarborough,43.738145,-79.21779,643515.363,4844332.3151,At Intersection,No Control,Clear,Daylight,Dry,139,Scarborough Village,139,Scarborough Village (139),Fatal,0,0,1,0,0,0,0,0,0,0,0,0,1,Sideswipe,"['Driver', 'Vehicle Owner', 'Other Property Owner']",East,"['Automobile, Station Wagon', 'Other']","['Changing Lanes', 'Going Ahead']","['Lost control', 'Driving Properly']","['Medical or Physical Disability', 'Normal']",['Not Applicable'],['Not Applicable'],['Not Applicable'],['Not Applicable'],['Not Applicable'],True,"['80 to 84', '55 to 59', 'unknown', '50 to 54']",4.0
1144058.0,2009-08-05 08:00:00,820,2009,3 DUFFIELD Rd,Not Applicable,Local,Etobicoke York,43.690545,-79.53199,618307.2965,4838549.3853,Unknown,No Control,Clear,Daylight,Dry,7,Willowridge-Martingrove-Richview,7,Willowridge-Martingrove-Richview (7),Non-Fatal Injury,0,0,1,0,0,0,0,0,0,1,0,0,0,SMV Unattended Vehicle,"['Vehicle Owner', 'Driver', 'Other']",South,"['Other', 'Automobile, Station Wagon']","['Going Ahead', 'Parked']",['Lost control'],['Normal'],['Not Applicable'],['Not Applicable'],['Not Applicable'],['Not Applicable'],['Not Applicable'],False,"['unknown', '40 to 44']",3.0
1144154.0,2009-12-24 10:00:00,640,2009,MARWILL ST,ALMORE AVE,Local,North York,43.746845,-79.44449,625241.6529,4844930.8527,Unknown,No Control,Clear,Dark,Dry,33,Clanton Park,33,Clanton Park (33),Fatal,1,0,1,0,0,0,0,0,0,0,0,0,0,Pedestrian Collisions,"['Vehicle Owner', 'Driver', 'Pedestrian']",South,"['Other', 'Automobile, Station Wagon']",['Going Ahead'],['Driving Properly'],['Normal'],['Walking on Roadway with Traffic'],['Normal'],['Not Applicable'],['Not Applicable'],['Not Applicable'],True,"['unknown', '60 to 64', '85 to 89']",4.0
1144189.0,2009-12-24 10:00:00,1517,2009,BAYVIEW AVE,BAYVIEW S BLOOR E RAMP,Major Arterial,Toronto and East York,43.678245,-79.36769,631575.2899,4837430.8229,Unknown,No Control,Drifting Snow,Daylight,Ice,98,Rosedale-Moore Park,98,Rosedale-Moore Park (98),Non-Fatal Injury,0,0,1,0,0,0,0,1,1,1,0,0,0,Approaching,"['Passenger', 'Driver']",North,"['Other', 'Automobile, Station Wagon']",['Going Ahead'],"['Driving Properly', 'Speed too Fast For Condition']",['Normal'],['Not Applicable'],['Not Applicable'],['Not Applicable'],['Not Applicable'],['Not Applicable'],False,"['55 to 59', '50 to 54', '60 to 64', '20 to 24', '25 to 29']",3.0
1144191.0,2009-12-26 10:00:00,132,2009,1340 DANFORTH Rd,Not Applicable,Major Arterial,Scarborough,43.743645,-79.24489,641320.1231,4844896.5844,Unknown,No Control,Rain,Dark,Wet,138,Eglinton East,138,Eglinton East (138),Non-Fatal Injury,1,0,1,0,0,0,0,0,0,0,0,0,0,Pedestrian Collisions,"['Driver', 'Pedestrian']",South,"['Automobile, Station Wagon', 'Other']",['Going Ahead'],['Other'],['Unknown'],"['Crossing, no Traffic Control']",['Unknown'],['Not Applicable'],['Not Applicable'],['Not Applicable'],False,"['unknown', '25 to 29']",3.0
1144503.0,2009-12-29 10:00:00,1420,2009,SHUTER ST,SUMACH ST,Minor Arterial,Toronto and East York,43.658145,-79.35969,632264.2921,4835211.1688,At Intersection,Pedestrian Crossover,Clear,Daylight,Dry,72,Regent Park,72,Regent Park (72),Non-Fatal Injury,1,0,1,0,0,0,0,0,0,1,0,0,0,Pedestrian Collisions,"['Vehicle Owner', 'Driver', 'Pedestrian']",North,"['Other', 'Automobile, Station Wagon']",['Going Ahead'],['Failed to Yield Right of Way'],['Normal'],"['Crossing, Pedestrian Crossover']",['Unknown'],['Not Applicable'],['Not Applicable'],['Not Applicable'],False,"['unknown', '45 to 49', '0 to 4']",3.0
1144508.0,2009-12-29 10:00:00,1700,2009,SAMMON AVE,DONLANDS AVE,Minor Arterial,Toronto and East York,43.685845,-79.33939,633839.5863,4838320.1915,At Intersection,No Control,Clear,Daylight,Dry,59,Danforth East York,59,Danforth East York (59),Non-Fatal Injury,0,1,0,0,0,0,0,0,0,0,0,0,0,Cyclist Collisions,['Cyclist'],West,['Bicycle'],['Stopped'],[],[],['Not Applicable'],['Not Applicable'],['Insufficient information (to determine cyclist crash type).'],['Driving Properly'],['Medical or Physical Disability'],False,['75 to 79'],3.0
1144593.0,2009-12-10 10:00:00,1545,2009,DUNDAS Stre W,ELIZABETH Stre,Major Arterial,Toronto and East York,43.655445,-79.38519,630213.9464,4834870.9647,At Intersection,Stop Sign,Clear,Daylight,Dry,170,Yonge-Bay Corridor,76,Bay Street Corridor (76),Non-Fatal Injury,1,0,1,0,0,0,0,0,0,1,0,0,0,Pedestrian Collisions,"['Vehicle Owner', 'Driver', 'Pedestrian']",South,"['Other', 'Automobile, Station Wagon']",['Going Ahead'],['Failed to Yield Right of Way'],['Inattentive'],['Crossing with right of way'],['Normal'],['Not Applicable'],['Not Applicable'],['Not Applicable'],False,"['unknown', '30 to 34', '55 to 59']",3.0
1144668.0,2009-11-21 10:00:00,1740,2009,KENNEDY Rd,PARK St,Collector,Scarborough,43.710345,-79.25899,640262.4937,4841174.1687,Unknown,No Control,Clear,Dark,Dry,122,Birchcliffe-Cliffside,122,Birchcliffe-Cliffside (122),Non-Fatal Injury,0,1,1,0,0,0,0,0,1,1,0,0,0,Rear End,"['Moped Driver', 'Driver']",North,"['Moped', 'Automobile, Station Wagon']",['Going Ahead'],"['Driving Properly', 'Following too Close']",['Normal'],['Not Applicable'],['Not Applicable'],['Not Applicable'],['Not Applicable'],['Not Applicable'],False,"['65 to 69', '35 to 39']",3.0
1144896.0,2009-11-26 10:00:00,1543,2009,BROOKMILL BLVD,LA PEER BLVD,Collector,Scarborough,43.801945,-79.31369,635648.4602,4851256.6329,Unknown,Stop Sign,Clear,Daylight,Dry,148,East L'Amoreaux,117,L'Amoreaux (117),Non-Fatal Injury,0,0,1,0,0,0,0,1,0,1,0,0,0,Turning Movement,"['Passenger', 'Vehicle Owner', 'Driver']",East,"['Other', 'Automobile, Station Wagon']","['Making U Turn', 'Going Ahead']","['Improper Turn', 'Following too Close']",['Normal'],['Not Applicable'],['Not Applicable'],['Not Applicable'],['Not Applicable'],['Not Applicable'],False,"['5 to 9', 'unknown', '40 to 44', '35 to 39']",3.0
1144951.0,2009-12-06 10:00:00,750,2009,EGLINTON AVE W,EXPLORER DR,Major Arterial,Etobicoke York,43.659745,-79.59409,613360.5821,4835041.9236,At Intersection,Traffic Signal,Clear,Daylight,Dry,11,Eringate-Centennial-West Deane,NSA,NSA,Non-Fatal Injury,0,0,1,0,0,0,0,0,0,1,0,0,0,Rear End,"['Driver', 'Vehicle Owner', 'Other Property Owner']",West,"['Automobile, Station Wagon', 'Other']","['Stopped', 'Going Ahead']","['Driving Properly', 'Following too Close']","['Normal', 'Fatigue']",['Not Applicable'],['Not Applicable'],['Not Applicable'],['Not Applicable'],['Not Applicable'],False,"['55 to 59', 'unknown', '15 to 19']",3.0
1145050.0,2009-12-31 10:00:00,1059,2009,LAWRENCE AVE E,CENTENNIAL RD,Minor Arterial,Scarborough,43.777545,-79.14569,649223.4284,4848835.7308,Unknown,No Control,Rain,Daylight,Wet,133,Centennial Scarborough,133,Centennial Scarborough (133),Non-Fatal Injury,0,0,1,0,0,0,0,0,0,0,0,0,0,SMV Other,['Driver'],West,"['Automobile, Station Wagon']",['Going Ahead'],['Lost control'],['Normal'],['Not Applicable'],['Not Applicable'],['Not Applicable'],['Not Applicable'],['Not Applicable'],False,['80 to 84'],3.0
1145082.0,2009-12-31 10:00:00,1903,2009,BATHURST ST,GLENGROVE AVE,Major Arterial,North York,43.714145,-79.42859,626590.7227,4841323.2071,Unknown,No Control,Rain,Dark,Wet,32,Englemount-Lawrence,32,Englemount-Lawrence (32),Non-Fatal Injury,1,0,1,0,0,0,0,0,0,0,0,0,0,Pedestrian Collisions,"['Driver', 'Pedestrian']",East,"['Automobile, Station Wagon', 'Other']",['Going Ahead'],['Driving Properly'],['Normal'],"['Crossing, no Traffic Control']",['Normal'],['Not Applicable'],['Not Applicable'],['Not Applicable'],False,"['40 to 44', '35 to 39']",3.0
1145801.0,2009-12-08 10:00:00,1405,2009,110 CARRIER Dr,Not Applicable,Collector,Etobicoke York,43.739445,-79.61289,611696.6178,4843868.1677,Unknown,No Control,Clear,Daylight,Dry,1,West Humber-Clairville,1,West Humber-Clairville (1),Non-Fatal Injury,1,0,1,0,0,0,0,0,0,0,0,0,0,Pedestrian Collisions,"['Pedestrian', 'Vehicle Owner', 'Driver']",North,"['Other', 'Automobile, Station Wagon']",['Going Ahead'],['Driving Properly'],['Normal'],['Running onto Roadway'],['Inattentive'],['Not Applicable'],['Not Applicable'],['Not Applicable'],False,"['25 to 29', 'unknown']",3.0
1146000.0,2010-01-05 10:00:00,2034,2010,ST CLAIR AVE W,YONGE ST,Major Arterial,Toronto and East York,43.687945,-79.39459,629386.0905,4838465.8188,Unknown,No Control,Clear,Dark,Wet,97,Yonge-St.Clair,97,Yonge-St.Clair (97),Non-Fatal Injury,0,0,1,0,0,0,0,0,0,0,0,0,1,SMV Unattended Vehicle,"['Driver', 'Other']",East,"['Automobile, Station Wagon', 'Other']","['Going Ahead', 'Parked']",['Lost control'],['Medical or Physical Disability'],['Not Applicable'],['Not Applicable'],['Not Applicable'],['Not Applicable'],['Not Applicable'],False,"['55 to 59', 'unknown']",3.0
1146005.0,2010-01-05 10:00:00,2044,2010,MOUNT PLEASANT RD,ST CLAIR AVE E,Major Arterial,Toronto and East York,43.690345,-79.38329,630291.6131,4838750.0648,At Intersection,No Control,Clear,Dark,Wet,98,Rosedale-Moore Park,98,Rosedale-Moore Park (98),Non-Fatal Injury,0,0,1,0,0,0,0,0,0,0,0,0,1,Turning Movement,['Driver'],East,"['Automobile, Station Wagon']","['Turning Right', 'Stopped']","['Lost control', 'Driving Properly']","['Medical or Physical Disability', 'Normal']",['Not Applicable'],['Not Applicable'],['Not Applicable'],['Not Applicable'],['Not Applicable'],False,"['55 to 59', '50 to 54']",3.0
1146015.0,2009-12-09 10:00:00,1754,2009,LEDUC DR,TORBOLTON DR,Local,Etobicoke York,43.717945,-79.55859,616110.6722,4841554.9246,At Intersection,No Control,Clear,Dark,Wet,4,Rexdale-Kipling,4,Rexdale-Kipling (4),Non-Fatal Injury,1,0,1,0,0,0,0,0,0,0,0,0,0,Pedestrian Collisions,"['Driver', 'Pedestrian']",East,"['Automobile, Station Wagon', 'Other']",['Going Ahead'],['Other'],['Normal'],['Walking on Roadway with Traffic'],['Normal'],['Not Applicable'],['Not Applicable'],['Not Applicable'],False,['25 to 29'],3.0
1146277.0,2009-12-10 10:00:00,617,2009,6 QUEENS PARK CRES E,Not Applicable,Major Arterial,Toronto and East York,43.661145,-79.39009,629806.5362,4835496.3472,Unknown,No Control,Snow,Dark,Ice,169,Bay-Cloverhill,76,Bay Street Corridor (76),Non-Fatal Injury,0,0,1,0,0,0,0,1,1,1,0,0,0,SMV Other,"['Passenger', 'Vehicle Owner', 'Driver', 'Other Property Owner']",South,"['Other', 'Automobile, Station Wagon']",['Going Ahead'],['Speed too Fast For Condition'],['Normal'],['Not Applicable'],['Not Applicable'],['Not Applicable'],['Not Applicable'],['Not Applicable'],False,"['40 to 44', 'unknown', '55 to 59']",3.0
1146660.0,2010-01-08 10:00:00,1810,2010,FINCH AVE W,YORK GATE BLVD,Major Arterial,Etobicoke York,43.756945,-79.51989,619150.7414,4845941.3751,At Intersection,No Control,Clear,Dark,Dry,24,Black Creek,24,Black Creek (24),Fatal,1,0,1,0,0,0,0,0,0,0,0,0,0,Pedestrian Collisions,"['Driver', 'Pedestrian']",North,"['Automobile, Station Wagon', 'Other']",['Going Ahead'],['Driving Properly'],['Normal'],"['Crossing, no Traffic Control']",['Normal'],['Not Applicable'],['Not Applicable'],['Not Applicable'],True,"['50 to 54', '85 to 89']",4.0
1146740.0,2010-01-09 10:00:00,1119,2010,MARLEE AVE,VIEWMOUNT AVE,Minor Arterial,North York,43.707145,-79.44309,625437.213,4840523.7159,Unknown,Pedestrian Crossover,Clear,Daylight,Other,31,Yorkdale-Glen Park,31,Yorkdale-Glen Park (31),Non-Fatal Injury,1,0,1,0,0,0,0,0,0,1,0,0,0,Pedestrian Collisions,"['Driver', 'Pedestrian']",East,"['Automobile, Station Wagon', 'Other']",['Going Ahead'],['Failed to Yield Right of Way'],['Unknown'],"['Crossing, Pedestrian Crossover']",['Unknown'],['Not Applicable'],['Not Applicable'],['Not Applicable'],False,"['65 to 69', '90 to 94']",3.0
1146741.0,2010-01-09 10:00:00,1012,2010,DANFORTH AVE,DAWES RD,Major Arterial,Toronto and East York,43.689345,-79.29679,637265.0588,4838778.5507,At Intersection,Traffic Signal,Clear,Daylight,Dry,62,East End-Danforth,62,East End-Danforth (62),Non-Fatal Injury,1,0,1,0,0,0,0,0,0,1,0,0,0,Pedestrian Collisions,"['Vehicle Owner', 'Driver', 'Pedestrian']",North,"['Other', 'Automobile, Station Wagon']",['Turning Left'],['Failed to Yield Right of Way'],['Inattentive'],['Crossing with right of way'],['Normal'],['Not Applicable'],['Not Applicable'],['Not Applicable'],False,"['unknown', '55 to 59', '80 to 84']",3.0
1146815.0,2010-01-09 10:00:00,2308,2010,TED ROGERS  WAY,MOUNT PLEASANT RD,Major Arterial,Toronto and East York,43.669963,-79.379894,630609.5198,4836491.7069,At Intersection,Traffic Signal,Clear,"Dark, artificial",Wet,74,North St.James Town,74,North St.James Town (74),Non-Fatal Injury,0,0,1,0,0,0,0,1,1,1,0,0,0,Sideswipe,"['Passenger', 'Driver']",South,"['Other', 'Automobile, Station Wagon']","['Going Ahead', 'Stopped']","['Exceeding Speed Limit', 'Driving Properly']","['Had Been Drinking', 'Normal']",['Not Applicable'],['Not Applicable'],['Not Applicable'],['Not Applicable'],['Not Applicable'],False,"['20 to 24', '25 to 29', '45 to 49']",3.0
1146864.0,2010-01-10 10:00:00,329,2010,KING ST E,PARLIAMENT ST,Major Arterial,Toronto and East York,43.652745,-79.36319,631993.9017,4834605.8538,At Intersection,Traffic Signal,Clear,Dark,Dry,73,Moss Park,73,Moss Park (73),Fatal,0,0,1,0,0,0,0,0,1,1,0,0,0,Approaching,"['Driver', 'Vehicle Owner']",East,"['Automobile, Station Wagon', 'Other']",['Going Ahead'],"['Lost control', 'Driving Properly']","['Had Been Drinking', 'Normal']",['Not Applicable'],['Not Applicable'],['Not Applicable'],['Not Applicable'],['Not Applicable'],True,"['35 to 39', 'unknown']",4.0
1146935.0,2009-11-30 10:00:00,1430,2009,DANFORTH Rd,BIRCHMOUNT Rd,Minor Arterial,Scarborough,43.707445,-79.26779,639560.2538,4840837.2283,Unknown,No Control,Clear,Daylight,Dry,120,Clairlea-Birchmount,120,Clairlea-Birchmount (120),Non-Fatal Injury,0,1,0,0,0,0,0,0,0,0,0,0,0,Cyclist Collisions,['Cyclist'],North,['Bicycle'],['Going Ahead'],[],[],['Not Applicable'],['Not Applicable'],"['Cyclist loses control and strikes object (pole, ttc track)']",['Lost control'],['Unknown'],False,['55 to 59'],3.0
1146948.0,2009-12-14 10:00:00,1618,2009,GERRARD Stre E,MARJORY Aven,Minor Arterial,Toronto and East York,43.668745,-79.33759,634022.7272,4836423.9086,At Intersection,Traffic Signal,Rain,Daylight,Wet,70,South Riverdale,70,South Riverdale (70),Non-Fatal Injury,1,0,1,0,0,0,0,0,0,0,0,0,0,Pedestrian Collisions,"['Vehicle Owner', 'Driver', 'Pedestrian']",South,"['Other', 'Automobile, Station Wagon']",['Going Ahead'],['Driving Properly'],['Normal'],['Crossing without right of way'],['Inattentive'],['Not Applicable'],['Not Applicable'],['Not Applicable'],False,"['unknown', '40 to 44']",3.0
1146990.0,2009-12-14 10:00:00,1724,2009,KENNETH Aven,FINCH Aven E,Major Arterial,North York,43.780445,-79.41229,627762.7087,4848711.8253,At Intersection,Traffic Signal,Rain,Daylight,Wet,152,East Willowdale,51,Willowdale East (51),Non-Fatal Injury,1,0,1,0,0,0,0,0,0,1,0,0,0,Pedestrian Collisions,"['Driver', 'Pedestrian']",East,"['Automobile, Station Wagon', 'Other']",['Turning Right'],['Failed to Yield Right of Way'],['Normal'],['Crossing with right of way'],['Normal'],['Not Applicable'],['Not Applicable'],['Not Applicable'],False,"['30 to 34', '50 to 54']",3.0
1147258.0,2009-12-08 10:00:00,1732,2009,PITFIELD Road,BRIMLEY Road,Major Arterial,Scarborough,43.783445,-79.26639,639496.3986,4849280.5352,At Intersection,Traffic Signal,Clear,Dark,Dry,128,Agincourt South-Malvern West,128,Agincourt South-Malvern West (128),Non-Fatal Injury,0,0,1,0,0,0,0,1,0,0,0,0,0,Turning Movement,"['Passenger', 'Driver']",East,"['Other', 'Automobile, Station Wagon']","['Going Ahead', 'Turning Left']","['Driving Properly', 'Improper Turn']",['Normal'],['Not Applicable'],['Not Applicable'],['Not Applicable'],['Not Applicable'],['Not Applicable'],False,"['40 to 44', '60 to 64', '45 to 49']",3.0
1147341.0,2010-01-12 10:00:00,1240,2010,MARTIN GROVE RD,EGLINTON AVE W,Major Arterial,Etobicoke York,43.674445,-79.56319,615823.8381,4836717.2289,At Intersection,Traffic Signal,Clear,Daylight,Dry,11,Eringate-Centennial-West Deane,11,Eringate-Centennial-West Deane (11),Fatal,1,0,1,0,0,0,0,1,0,1,1,0,0,Pedestrian Collisions,"['Passenger', 'Driver', 'Pedestrian']",East,"['Other', 'Automobile, Station Wagon']",['Going Ahead'],['Disobeyed Traffic Control'],['Unknown'],['Crossing with right of way'],['Normal'],['Not Applicable'],['Not Applicable'],['Not Applicable'],True,"['85 to 89', '80 to 84', '0 to 4', '30 to 34']",4.0
1147342.0,2010-01-12 10:00:00,1317,2010,DUNDAS ST W,RONCESVALLES AVE,Minor Arterial,Toronto and East York,43.653845,-79.45179,624846.7642,4834590.9052,At Intersection,Traffic Signal,Clear,Daylight,Dry,86,Roncesvalles,86,Roncesvalles (86),Fatal,1,0,1,0,0,0,0,0,0,0,0,0,0,Pedestrian Collisions,"['Vehicle Owner', 'Driver', 'Pedestrian']",East,"['Other', 'Automobile, Station Wagon']",['Going Ahead'],['Driving Properly'],['Normal'],['Crossing without right of way'],['Inattentive'],['Not Applicable'],['Not Applicable'],['Not Applicable'],True,"['unknown', '20 to 24', '40 to 44', '80 to 84']",4.0
1147486.0,2010-01-13 10:00:00,1224,2010,EASTERN AVE,CHERRY ST,Minor Arterial,Toronto and East York,43.653945,-79.35849,632370.2818,4834746.6166,At Intersection,Traffic Signal,Clear,Daylight,Dry,73,Moss Park,73,Moss Park (73),Non-Fatal Injury,0,0,1,0,0,0,0,1,0,1,1,0,0,Angle,"['Vehicle Owner', 'Driver', 'Passenger']",East,"['Other', 'Automobile, Station Wagon']",['Going Ahead'],"['Disobeyed Traffic Control', 'Driving Properly']",['Normal'],['Not Applicable'],['Not Applicable'],['Not Applicable'],['Not Applicable'],['Not Applicable'],False,"['unknown', '55 to 59', '20 to 24', '25 to 29']",3.0
1147555.0,2010-01-14 10:00:00,148,2010,BURNHAMTHORPE RD,PRENNAN AVE,Major Arterial,Etobicoke York,43.650745,-79.54079,617675.8491,4834116.5577,At Intersection,No Control,Clear,Dark,Wet,158,Islington,14,Islington-City Centre West (14),Non-Fatal Injury,0,0,1,0,0,0,0,0,1,1,0,0,0,SMV Other,['Driver'],West,"['Automobile, Station Wagon']",['Going Ahead'],['Lost control'],['Had Been Drinking'],['Not Applicable'],['Not Applicable'],['Not Applicable'],['Not Applicable'],['Not Applicable'],False,['20 to 24'],3.0
1147865.0,2009-12-28 10:00:00,2317,2009,FINCH AVE E,BRIDLETOWNE CRCL,Major Arterial,Scarborough,43.797445,-79.31229,635771.2714,4850759.1319,At Intersection,Traffic Signal,Clear,Dark,Wet,148,East L'Amoreaux,117,L'Amoreaux (117),Non-Fatal Injury,1,0,1,0,0,0,0,0,0,1,0,0,0,Pedestrian Collisions,"['Driver', 'Pedestrian']",North,"['Automobile, Station Wagon', 'Other']",['Turning Left'],['Failed to Yield Right of Way'],['Unknown'],['Crossing with right of way'],['Normal'],['Not Applicable'],['Not Applicable'],['Not Applicable'],False,"['unknown', '50 to 54']",3.0
1147870.0,2010-01-15 10:00:00,655,2010,KIPLING AVE,STEVENSON RD,Major Arterial,Etobicoke York,43.744945,-79.58289,614101.9263,4844519.9018,Unknown,No Control,Clear,Dusk,Wet,2,Mount Olive-Silverstone-Jamestown,2,Mount Olive-Silverstone-Jamestown (2),Non-Fatal Injury,1,0,1,0,0,0,0,0,0,0,0,0,0,Pedestrian Collisions,"['Vehicle Owner', 'Driver', 'Pedestrian']",North,"['Other', 'Automobile, Station Wagon']",['Going Ahead'],['Driving Properly'],['Normal'],"['Crossing, no Traffic Control']",['Unknown'],['Not Applicable'],['Not Applicable'],['Not Applicable'],False,"['unknown', '45 to 49', '75 to 79']",3.0
1148052.0,2009-12-15 10:00:00,745,2009,MIDLAND Aven,HUNTINGWOOD Driv,Major Arterial,Scarborough,43.797045,-79.28339,638097.1372,4850762.5238,At Intersection,Traffic Signal,Clear,Daylight,Wet,128,Agincourt South-Malvern West,128,Agincourt South-Malvern West (128),Non-Fatal Injury,0,0,1,0,0,0,0,0,0,0,0,0,0,Turning Movement,['Driver'],North,"['Automobile, Station Wagon']","['Going Ahead', 'Turning Left']","['Driving Properly', 'Improper Turn']","['Normal', 'Inattentive']",['Not Applicable'],['Not Applicable'],['Not Applicable'],['Not Applicable'],['Not Applicable'],False,"['50 to 54', '40 to 44']",3.0
1148132.0,2009-12-17 10:00:00,2100,2009,SPADINA Road,BLOOR Stre W,Minor Arterial,Toronto and East York,43.667845,-79.40429,628647.2706,4836218.3529,Unknown,No Control,Clear,Dark,Dry,95,Annex,95,Annex (95),Non-Fatal Injury,1,0,1,0,0,0,0,0,0,0,0,0,0,Pedestrian Collisions,"['Driver', 'Pedestrian']",East,"['Automobile, Station Wagon', 'Other']",['Going Ahead'],['Driving Properly'],['Normal'],['Running onto Roadway'],['Medical or Physical Disability'],['Not Applicable'],['Not Applicable'],['Not Applicable'],False,"['25 to 29', '20 to 24']",3.0
1148238.0,2009-12-19 10:00:00,2120,2009,FINCH Aven E,MIDLAND Aven,Major Arterial,Scarborough,43.803745,-79.28629,637848.4268,4851501.8312,At Intersection,Traffic Signal,Clear,Dark,Dry,128,Agincourt South-Malvern West,128,Agincourt South-Malvern West (128),Non-Fatal Injury,1,0,1,0,0,0,0,0,0,1,0,0,0,Pedestrian Collisions,"['Vehicle Owner', 'Driver', 'Pedestrian']",South,"['Other', 'Automobile, Station Wagon']",['Turning Left'],['Failed to Yield Right of Way'],['Normal'],['Crossing with right of way'],['Normal'],['Not Applicable'],['Not Applicable'],['Not Applicable'],False,"['unknown', '30 to 34', '45 to 49']",3.0
1148377.0,2010-01-18 10:00:00,1339,2010,FINCH Aven E,ALEXMUIR Boul,Major Arterial,Scarborough,43.804745,-79.28149,638232.2296,4851620.9047,At Intersection,No Control,Clear,Daylight,Dry,129,Agincourt North,129,Agincourt North (129),Non-Fatal Injury,0,0,1,0,0,0,0,0,0,0,0,0,1,SMV Other,"['Vehicle Owner', 'Driver', 'Other Property Owner']",West,"['Other', 'Automobile, Station Wagon']",['Going Ahead'],['Lost control'],['Medical or Physical Disability'],['Not Applicable'],['Not Applicable'],['Not Applicable'],['Not Applicable'],['Not Applicable'],False,"['unknown', '45 to 49']",3.0
1148390.0,2010-01-18 10:00:00,655,2010,MOUNT PLEASANT RD,EGLINTON AVE E,Major Arterial,North York,43.708445,-79.39019,629696.5006,4840749.5043,At Intersection,Traffic Signal,Clear,Dark,Dry,99,Mount Pleasant East,99,Mount Pleasant East (99),Fatal,1,0,0,0,0,1,0,0,0,1,0,0,0,Pedestrian Collisions,"['Vehicle Owner', 'Driver', 'Pedestrian']",South,"['Other', 'Municipal Transit Bus (TTC)']",['Turning Right'],['Failed to Yield Right of Way'],['Normal'],['Crossing with right of way'],['Normal'],['Not Applicable'],['Not Applicable'],['Not Applicable'],True,"['unknown', '50 to 54', '60 to 64']",4.0
1148424.0,2009-12-21 10:00:00,1933,2009,LIVINGSTON RD,EARSWICK DR,Collector,Scarborough,43.746245,-79.19879,645025.8278,4845265.0332,At Intersection,No Control,Clear,Dark,Dry,140,Guildwood,140,Guildwood (140),Non-Fatal Injury,1,0,1,0,0,0,0,0,0,1,0,1,0,Pedestrian Collisions,"['Driver', 'Pedestrian']",South,"['Automobile, Station Wagon', 'Other']",['Turning Right'],['Failed to Yield Right of Way'],"['Ability Impaired, Alcohol']",['Crossing with right of way'],['Normal'],['Not Applicable'],['Not Applicable'],['Not Applicable'],False,"['70 to 74', '65 to 69']",3.0
1148477.0,2009-12-25 10:00:00,1845,2009,LAWRENCE AVE W,BATHURST ST,Major Arterial,North York,43.719245,-79.42979,626483.3208,4841887.8024,At Intersection,Traffic Signal,Rain,Dark,Wet,39,Bedford Park-Nortown,39,Bedford Park-Nortown (39),Non-Fatal Injury,1,0,1,0,0,0,0,0,0,1,0,0,0,Pedestrian Collisions,"['Driver', 'Pedestrian']",South,"['Automobile, Station Wagon', 'Other']",['Turning Left'],['Failed to Yield Right of Way'],['Normal'],['Crossing with right of way'],['Normal'],['Not Applicable'],['Not Applicable'],['Not Applicable'],False,"['20 to 24', '55 to 59', '30 to 34']",3.0
1148504.0,2009-12-22 10:00:00,1525,2009,DUNDAS ST W,ROYALAVON CRES,Major Arterial,Etobicoke York,43.645245,-79.53199,618396.3228,4833518.229,At Intersection,Traffic Signal,Clear,Daylight,Dry,158,Islington,14,Islington-City Centre West (14),Non-Fatal Injury,1,0,1,0,0,0,0,0,0,1,1,0,0,Pedestrian Collisions,"['Vehicle Owner', 'Driver', 'Pedestrian']",Unknown,"['Other', 'Automobile, Station Wagon']",['Going Ahead'],['Disobeyed Traffic Control'],['Inattentive'],['Crossing with right of way'],['Normal'],['Not Applicable'],['Not Applicable'],['Not Applicable'],False,"['unknown', '15 to 19', '20 to 24']",3.0