accident_number,date,time,year,street1,street2,road_class,district,latitude,longitude,x,y,accident_location,traffctl,visibility,light,road_surface_condition,hood_158,neighbourhood_new,hood_140,neighbourhood_old,accident_class,pedestrian,cyclist,automobile,motorcycle,truck,trsn_city_veh,emerg_veh,passenger,speeding,aggressive_driving,redlight,alcohol,disability,impact_type,involvement_type,initial_direction,vehicle_type,manoeuver,driver_action,driver_condition,pedestrian_action,pedestrian_condition,cyclist_type,cyclist_action,cyclist_condition,injury,involvement_age,injury_severity_score
1148593.0,2010-01-19 10:00:00,1150,2010,ST CLAIR GDNS,NORTON AVE,Local,Toronto and East York,43.678345,-79.44539,625311.8724,4837321.6033,Unknown,No Control,Clear,Daylight,Dry,92,Corso Italia-Davenport,92,Corso Italia-Davenport (92),Non-Fatal Injury,1,0,1,0,0,0,0,0,0,0,0,0,0,Pedestrian Collisions,"['Vehicle Owner', 'Driver', 'Pedestrian']",South,"['Other', 'Automobile, Station Wagon']",['Reversing'],['Other'],['Normal'],"['Crossing, no Traffic Control']",['Normal'],['Not Applicable'],['Not Applicable'],['Not Applicable'],False,"['unknown', '65 to 69', '70 to 74']",3.0
1148773.0,2010-01-20 10:00:00,700,2010,DUFFERIN ST,PRESTON RD,Major Arterial,Toronto and East York,43.691345,-79.44849,625034.9787,4838760.7508,At Intersection,No Control,Clear,Dark,Dry,109,Caledonia-Fairbank,109,Caledonia-Fairbank (109),Fatal,1,0,1,0,0,0,0,1,0,0,0,0,0,Pedestrian Collisions,"['Passenger', 'Driver', 'Pedestrian']",East,"['Other', 'Automobile, Station Wagon']",['Going Ahead'],['Driving Properly'],['Normal'],['Running onto Roadway'],['Unknown'],['Not Applicable'],['Not Applicable'],['Not Applicable'],True,"['15 to 19', '40 to 44', '50 to 54']",4.0
1149291.0,2010-01-22 10:00:00,1132,2010,DANFORTH AVE,BROADVIEW AVE,Major Arterial,Toronto and East York,43.676145,-79.35889,632289.2521,4837211.5869,At Intersection,Traffic Signal,Clear,Daylight,Dry,68,North Riverdale,68,North Riverdale (68),Fatal,1,0,0,0,1,0,0,0,0,1,0,0,0,Pedestrian Collisions,"['Vehicle Owner', 'Pedestrian', 'Truck Driver']",East,"['Other', 'Truck - Open']",['Turning Right'],['Failed to Yield Right of Way'],['Normal'],['Crossing with right of way'],['Normal'],['Not Applicable'],['Not Applicable'],['Not Applicable'],True,"['unknown', '55 to 59', '35 to 39']",4.0
1149557.0,2010-01-24 10:00:00,32,2010,QUEEN ST E,MUNRO ST,Major Arterial,Toronto and East York,43.658545,-79.35139,632932.6767,4835268.8586,At Intersection,No Control,Clear,Dark,Dry,70,South Riverdale,70,South Riverdale (70),Fatal,1,0,0,0,0,1,0,0,0,0,0,0,0,Pedestrian Collisions,"['Vehicle Owner', 'Driver', 'Pedestrian']",East,"['Other', 'Municipal Transit Bus (TTC)']",['Going Ahead'],['Driving Properly'],['Normal'],"['Crossing, no Traffic Control']",['Inattentive'],['Not Applicable'],['Not Applicable'],['Not Applicable'],True,"['unknown', '50 to 54', '35 to 39']",4.0
1149558.0,2010-01-24 10:00:00,1503,2010,ST CLAIR Aven W,HENDRICK Aven,Major Arterial,Toronto and East York,43.680545,-79.43129,626443.8153,4837587.3423,Unknown,No Control,Rain,Daylight,Wet,94,Wychwood,94,Wychwood (94),Non-Fatal Injury,0,0,1,0,0,1,0,0,0,1,0,0,0,Turning Movement,"['Vehicle Owner', 'Driver']",West,"['Other', 'Municipal Transit Bus (TTC)', 'Automobile, Station Wagon']","['Going Ahead', 'Turning Left']","['Driving Properly', 'Disobeyed Traffic Control']","['Normal', 'Fatigue']",['Not Applicable'],['Not Applicable'],['Not Applicable'],['Not Applicable'],['Not Applicable'],False,"['unknown', '45 to 49', '35 to 39']",3.0
1149559.0,2010-01-24 10:00:00,1741,2010,CARLINGVIEW DR,DIXON RD,Major Arterial,Etobicoke York,43.686745,-79.59559,613188.8669,4838038.5765,At Intersection,Traffic Signal,Rain,Dark,Wet,1,West Humber-Clairville,1,West Humber-Clairville (1),Non-Fatal Injury,1,0,1,0,0,0,0,0,0,1,0,0,0,Pedestrian Collisions,"['Driver', 'Pedestrian']",West,"['Automobile, Station Wagon', 'Other']",['Turning Left'],['Failed to Yield Right of Way'],['Inattentive'],['Crossing with right of way'],['Normal'],['Not Applicable'],['Not Applicable'],['Not Applicable'],False,"['40 to 44', '45 to 49']",3.0
1149753.0,2010-01-25 10:00:00,1825,2010,SYMINGTON AVE,DAVENPORT RD,Minor Arterial,Toronto and East York,43.670745,-79.45329,624690.8132,4836465.6166,At Intersection,Traffic Signal,Clear,Dark,Wet,91,Weston-Pelham Park,91,Weston-Pellam Park (91),Fatal,1,0,1,0,0,0,0,0,0,0,0,0,0,Pedestrian Collisions,"['Driver', 'Pedestrian']",North,"['Automobile, Station Wagon', 'Other']",['Turning Left'],['Driving Properly'],['Normal'],"['Crossing, no Traffic Control']",['Unknown'],['Not Applicable'],['Not Applicable'],['Not Applicable'],True,"['25 to 29', '35 to 39']",4.0
1149839.0,2009-12-31 10:00:00,322,2009,TWYN RIVERS DR,SHEPPARD AVE E,Collector,Scarborough,43.811645,-79.15649,648269.9344,4852603.68,Unknown,No Control,Snow,Dark,Wet,144,Morningside Heights,131,Rouge (131),Non-Fatal Injury,0,0,1,0,0,0,0,1,1,1,0,1,0,SMV Other,"['Passenger', 'Driver', 'Other Property Owner']",South,"['Other', 'Automobile, Station Wagon']",['Going Ahead'],['Speed too Fast For Condition'],"['Ability Impaired, Alcohol Over .08']",['Not Applicable'],['Not Applicable'],['Not Applicable'],['Not Applicable'],['Not Applicable'],False,"['45 to 49', '35 to 39', 'unknown']",3.0
1149845.0,2009-12-31 10:00:00,1947,2009,WESTON RD,JANE ST,Major Arterial,Etobicoke York,43.691245,-79.50089,620812.2683,4838671.9687,At Intersection,Traffic Signal,Rain,Dark,Wet,115,Mount Dennis,115,Mount Dennis (115),Non-Fatal Injury,1,0,1,0,0,0,0,0,0,1,0,0,0,Pedestrian Collisions,"['Vehicle Owner', 'Driver', 'Pedestrian']",North,"['Other', 'Automobile, Station Wagon']",['Turning Left'],['Failed to Yield Right of Way'],['Inattentive'],['Crossing with right of way'],['Normal'],['Not Applicable'],['Not Applicable'],['Not Applicable'],False,"['unknown', '40 to 44']",3.0
1149846.0,2010-01-01 10:00:00,350,2010,SPADINA AVE,WILLCOCKS ST,Major Arterial,Toronto and East York,43.661245,-79.40139,628895.1974,4835489.8363,At Intersection,Traffic Signal,Clear,Dark,Wet,79,University,79,University (79),Non-Fatal Injury,0,0,1,0,0,0,0,1,0,0,0,0,0,Sideswipe,"['Driver', 'Passenger', 'Vehicle Owner', 'Other Property Owner']",North,"['Automobile, Station Wagon', 'Other']","['Changing Lanes', 'Going Ahead']","['Improper Lane Change', 'Driving Properly']","['Inattentive', 'Normal']",['Not Applicable'],['Not Applicable'],['Not Applicable'],['Not Applicable'],['Not Applicable'],False,"['25 to 29', '20 to 24', 'unknown', '40 to 44']",3.0
1150084.0,2010-01-03 10:00:00,1250,2010,MCCOWAN RD,ALTON TOWERS CRCL,Major Arterial,Scarborough,43.825545,-79.27529,638682.786,4853941.4604,Unknown,No Control,Snow,Daylight,Loose Snow,130,Milliken,130,Milliken (130),Non-Fatal Injury,0,0,1,0,0,0,0,1,0,0,0,0,0,Approaching,"['Driver', 'Vehicle Owner', 'Passenger', 'Other Property Owner']",North,"['Automobile, Station Wagon', 'Other']",['Going Ahead'],"['Driving Properly', 'Lost control']",['Normal'],['Not Applicable'],['Not Applicable'],['Not Applicable'],['Not Applicable'],['Not Applicable'],False,"['30 to 34', 'unknown', '70 to 74', '60 to 64', '65 to 69']",3.0
1150406.0,2010-01-07 10:00:00,2108,2010,DANFORTH Road,MACKINAC Cres,Major Arterial,Scarborough,43.749545,-79.24449,641338.4438,4845552.5516,Unknown,No Control,Clear,Dark,Dry,157,Bendale South,127,Bendale (127),Non-Fatal Injury,0,1,1,0,0,0,0,0,0,1,0,0,0,Cyclist Collisions,"['Vehicle Owner', 'Driver', 'Cyclist']",North,"['Other', 'Automobile, Station Wagon', 'Bicycle']","['Overtaking', 'Going Ahead']",['Failed to Yield Right of Way'],['Inattentive'],['Not Applicable'],['Not Applicable'],['Cyclist and Driver travelling in same direction. One vehicle rear-ended the other.'],['Driving Properly'],['Normal'],False,"['unknown', '20 to 24', '40 to 44']",3.0
1150609.0,2010-01-29 10:00:00,1635,2010,OLD KINGSTON RD,MANSE RD,Collector,Scarborough,43.776645,-79.18059,646417.0521,4848673.4545,Unknown,No Control,Clear,Dusk,Dry,136,West Hill,136,West Hill (136),Non-Fatal Injury,0,0,1,0,0,0,0,0,0,0,0,0,0,Rear End,['Driver'],South,"['Automobile, Station Wagon']","['Slowing or Stopping', 'Going Ahead']","['Driving Properly', 'Lost control']",['Normal'],['Not Applicable'],['Not Applicable'],['Not Applicable'],['Not Applicable'],['Not Applicable'],False,"['60 to 64', '80 to 84']",3.0
1150610.0,2010-01-29 10:00:00,1636,2010,OLD KINGSTON RD,MANSE RD,Collector,Scarborough,43.776545,-79.18069,646409.2486,4848662.1711,Unknown,No Control,Clear,Dusk,Dry,136,West Hill,136,West Hill (136),Non-Fatal Injury,0,0,1,0,0,0,0,0,0,0,0,0,0,Rear End,['Driver'],South,"['Automobile, Station Wagon']","['Other', 'Stopped']","['Lost control', 'Driving Properly']",['Normal'],['Not Applicable'],['Not Applicable'],['Not Applicable'],['Not Applicable'],['Not Applicable'],False,"['80 to 84', '45 to 49']",3.0
1150809.0,2010-01-30 10:00:00,1629,2010,EUCLID AVE,BLOOR ST W,Major Arterial,Toronto and East York,43.664345,-79.41489,627800.1097,4835813.2479,At Intersection,Stop Sign,Clear,Daylight,Dry,95,Annex,95,Annex (95),Non-Fatal Injury,1,0,1,0,0,0,0,0,0,0,0,0,0,Pedestrian Collisions,"['Driver', 'Pedestrian']",North,"['Automobile, Station Wagon', 'Other']",['Turning Right'],['Driving Properly'],['Unknown'],['Running onto Roadway'],['Normal'],['Not Applicable'],['Not Applicable'],['Not Applicable'],False,"['unknown', '65 to 69']",3.0
1150854.0,2010-01-06 10:00:00,257,2010,665 LAWRENCE AVE W,Not Applicable,Major Arterial,North York,43.716245,-79.44369,625369.8963,4841533.4912,Unknown,No Control,Clear,Dark,Dry,32,Englemount-Lawrence,32,Englemount-Lawrence (32),Non-Fatal Injury,1,0,0,0,0,0,0,0,0,0,0,0,0,Pedestrian Collisions,['Pedestrian'],Unknown,['Other'],[],[],[],['Playing or Working on Highway'],"['Normal', 'Inattentive']",['Not Applicable'],['Not Applicable'],['Not Applicable'],False,"['50 to 54', '40 to 44']",3.0
1150954.0,2010-01-08 10:00:00,302,2010,UNIVERSITY Ave,DUNDAS St W,Major Arterial,Toronto and East York,43.654745,-79.38829,629965.4782,4834788.3603,Unknown,No Control,Clear,Dark,Wet,170,Yonge-Bay Corridor,76,Bay Street Corridor (76),Non-Fatal Injury,1,0,1,0,0,0,0,0,0,0,0,0,0,Pedestrian Collisions,"['Driver', 'Pedestrian']",East,"['Automobile, Station Wagon', 'Other']",['Going Ahead'],['Driving Properly'],['Normal'],"['Crossing, no Traffic Control']",['Inattentive'],['Not Applicable'],['Not Applicable'],['Not Applicable'],False,"['30 to 34', '60 to 64']",3.0
1151467.0,2010-01-10 10:00:00,933,2010,SENTINEL Road,STILECROFT Driv,Collector,North York,43.750445,-79.49419,621232.7641,4845256.7468,At Intersection,Stop Sign,Clear,Daylight,Dry,27,York University Heights,27,York University Heights (27),Non-Fatal Injury,1,0,0,0,1,0,0,0,0,1,0,0,0,Pedestrian Collisions,"['Truck Driver', 'Pedestrian']",East,"['Truck - Open', 'Other']",['Going Ahead'],['Failed to Yield Right of Way'],['Inattentive'],['Crossing with right of way'],['Normal'],['Not Applicable'],['Not Applicable'],['Not Applicable'],False,"['35 to 39', '65 to 69']",3.0
1151614.0,2010-01-12 10:00:00,1153,2010,EGLINTON Aven E,CEDAR Driv,Major Arterial,Scarborough,43.743945,-79.21559,643678.6484,4844980.3066,At Intersection,Traffic Signal,Clear,Daylight,Dry,139,Scarborough Village,139,Scarborough Village (139),Non-Fatal Injury,1,0,1,0,0,0,0,1,0,1,0,0,0,Pedestrian Collisions,"['Passenger', 'Driver', 'Other Property Owner', 'Pedestrian']",West,"['Other', 'Automobile, Station Wagon']","['Going Ahead', 'Turning Left']","['Driving Properly', 'Failed to Yield Right of Way']","['Normal', 'Inattentive']",['Crossing with right of way'],['Normal'],['Not Applicable'],['Not Applicable'],['Not Applicable'],False,"['20 to 24', '50 to 54', 'unknown', '60 to 64']",3.0
1151934.0,2010-01-12 10:00:00,1401,2010,JANE Stre,HARDING Aven,Major Arterial,Etobicoke York,43.699545,-79.50289,620634.4447,4839590.8849,At Intersection,Traffic Signal,Clear,Daylight,Dry,30,Brookhaven-Amesbury,30,Brookhaven-Amesbury (30),Non-Fatal Injury,1,0,1,0,0,0,0,0,0,1,0,0,0,Pedestrian Collisions,"['Vehicle Owner', 'Driver', 'Pedestrian']",East,"['Other', 'Automobile, Station Wagon']",['Turning Left'],['Failed to Yield Right of Way'],['Inattentive'],['Crossing with right of way'],['Normal'],['Not Applicable'],['Not Applicable'],['Not Applicable'],False,"['unknown', '45 to 49', '50 to 54']",3.0
1152152.0,2010-01-14 10:00:00,2150,2010,DON MILLS RD,SHEPPARD AVE E,Major Arterial,North York,43.775145,-79.34699,633029.1904,4848226.0264,At Intersection,Traffic Signal,Clear,Dark,Wet,47,Don Valley Village,47,Don Valley Village (47),Non-Fatal Injury,0,0,1,0,0,0,0,1,1,1,0,0,0,Angle,"['Driver', 'Passenger', 'Vehicle Owner']",East,"['Automobile, Station Wagon', 'Other']",['Going Ahead'],"['Driving Properly', 'Failed to Yield Right of Way']","['Normal', 'Inattentive']",['Not Applicable'],['Not Applicable'],['Not Applicable'],['Not Applicable'],['Not Applicable'],False,"['50 to 54', '20 to 24', 'unknown', '25 to 29']",3.0
1152191.0,2010-01-14 10:00:00,1743,2010,PASSMORE AVE,SILVER STAR BLVD,Collector,Scarborough,43.819945,-79.29809,636862.2305,4853281.5145,At Intersection,Traffic Signal,Clear,Dark,Wet,130,Milliken,130,Milliken (130),Non-Fatal Injury,1,0,1,0,0,0,0,0,0,1,0,0,0,Pedestrian Collisions,"['Vehicle Owner', 'Driver', 'Pedestrian']",East,"['Other', 'Automobile, Station Wagon']",['Turning Left'],['Failed to Yield Right of Way'],['Inattentive'],['Crossing with right of way'],['Normal'],['Not Applicable'],['Not Applicable'],['Not Applicable'],False,"['unknown', '25 to 29']",3.0
1152788.0,2010-02-12 10:00:00,2303,2010,ADDINGTON AVE,SHEPPARD AVE W,Major Arterial,North York,43.758445,-79.42459,626819.4088,4846249.4835,At Intersection,No Control,Clear,Dark,Dry,38,Lansing-Westgate,38,Lansing-Westgate (38),Non-Fatal Injury,1,0,1,0,0,0,0,0,0,1,0,0,0,Pedestrian Collisions,"['Vehicle Owner', 'Driver', 'Pedestrian']",East,"['Other', 'Automobile, Station Wagon']",['Turning Left'],['Failed to Yield Right of Way'],['Unknown'],['Crossing with right of way'],['Had Been Drinking'],['Not Applicable'],['Not Applicable'],['Not Applicable'],False,"['unknown', '70 to 74', '55 to 59']",3.0
1152926.0,2010-02-13 10:00:00,144,2010,BLOOR ST W,LAUREL AVE,Major Arterial,Etobicoke York,43.638145,-79.55149,616837.3791,4832702.0523,Unknown,Stop Sign,Clear,Dark,Dry,158,Islington,14,Islington-City Centre West (14),Non-Fatal Injury,0,0,1,1,0,0,0,0,0,1,0,0,0,Angle,"['Vehicle Owner', 'Driver', 'Motorcycle Driver']",South,"['Other', 'Taxi', 'Motorcycle']",['Going Ahead'],"['Driving Properly', 'Disobeyed Traffic Control']","['Normal', 'Had Been Drinking']",['Not Applicable'],['Not Applicable'],['Not Applicable'],['Not Applicable'],['Not Applicable'],False,"['unknown', '40 to 44', '15 to 19']",3.0
1153073.0,2010-02-15 10:00:00,9,2010,LAWRENCE AVE E,PHARMACY AVE,Major Arterial,Scarborough,43.743245,-79.30459,636513.9791,4844752.045,Unknown,Traffic Signal,Clear,Dark,Dry,119,Wexford/Maryvale,119,Wexford/Maryvale (119),Fatal,0,0,1,0,0,0,0,1,0,0,0,0,0,Turning Movement,"['Vehicle Owner', 'Driver', 'Passenger']",West,"['Other', 'Automobile, Station Wagon']","['Going Ahead', 'Turning Left']","['Other', 'Driving Properly']","['Unknown', 'Normal']",['Not Applicable'],['Not Applicable'],['Not Applicable'],['Not Applicable'],['Not Applicable'],True,"['unknown', '40 to 44', '15 to 19', '45 to 49', '30 to 34', '35 to 39', '25 to 29']",4.0
1153216.0,2010-01-25 10:00:00,1845,2010,GRACEDALE BLVD,FINCH AVE W,Major Arterial,Etobicoke York,43.748545,-79.55879,616035.4516,4844953.2085,At Intersection,No Control,Clear,Dusk,Wet,22,Humbermede,22,Humbermede (22),Non-Fatal Injury,1,0,1,0,0,0,0,0,0,1,0,0,0,Pedestrian Collisions,"['Driver', 'Pedestrian']",East,"['Automobile, Station Wagon', 'Other']",['Turning Left'],['Failed to Yield Right of Way'],['Unknown'],['Crossing with right of way'],['Normal'],['Not Applicable'],['Not Applicable'],['Not Applicable'],False,"['unknown', '50 to 54']",3.0
1153227.0,2020-06-23 08:00:00,611,2020,LAWRENCE AVE W,DUPLEX AVE,Major Arterial,North York,43.724314,-79.405566,628423.7962,4842488.0409,At Intersection,Traffic Signal,Clear,Daylight,Dry,103,Lawrence Park South,103,Lawrence Park South (103),Non-Fatal Injury,0,1,1,0,0,0,0,0,0,0,0,0,0,Cyclist Collisions,"['Cyclist', 'Driver']",East,"['Bicycle', 'Automobile, Station Wagon']",['Going Ahead'],['Driving Properly'],['Normal'],['Not Applicable'],['Not Applicable'],"['Cyclist without ROW rides into path of motorist at inter, lnwy, dwy-Cyclist not turn.']",['Disobeyed Traffic Control'],['Normal'],False,"['20 to 24', '35 to 39']",3.0
1153339.0,2010-02-17 10:00:00,833,2010,BAYVIEW AVE,EGLINTON AVE E,Major Arterial,North York,43.711045,-79.37719,630738.2205,4841058.6928,At Intersection,Traffic Signal,Snow,Daylight,Wet,99,Mount Pleasant East,99,Mount Pleasant East (99),Non-Fatal Injury,1,0,1,0,0,0,0,0,0,1,1,0,0,Pedestrian Collisions,"['Driver', 'Pedestrian']",South,"['Automobile, Station Wagon', 'Other']",['Going Ahead'],['Disobeyed Traffic Control'],['Inattentive'],['Crossing with right of way'],['Normal'],['Not Applicable'],['Not Applicable'],['Not Applicable'],False,"['40 to 44', '50 to 54', '60 to 64']",3.0
1153473.0,2010-02-18 10:00:00,18,2010,PHARMACY AVE,ST BEDES RD,Minor Arterial,Scarborough,43.704645,-79.28869,637882.7879,4840491.2731,At Intersection,No Control,Clear,Dark,Wet,120,Clairlea-Birchmount,120,Clairlea-Birchmount (120),Fatal,0,0,1,0,0,0,0,1,1,1,0,0,0,SMV Other,"['Vehicle Owner', 'Passenger', 'Driver', 'Other Property Owner']",South,"['Other', 'Automobile, Station Wagon']",['Going Ahead'],['Exceeding Speed Limit'],['Unknown'],['Not Applicable'],['Not Applicable'],['Not Applicable'],['Not Applicable'],['Not Applicable'],True,"['unknown', '15 to 19']",4.0
1153514.0,2010-02-18 10:00:00,1108,2010,JETHRO RD,MINNIE AVE,Local,Etobicoke York,43.723545,-79.52129,619104.2453,4842229.8112,Unknown,No Control,Clear,Daylight,Dry,154,Oakdale-Beverley Heights,26,Downsview-Roding-CFB (26),Non-Fatal Injury,0,0,1,0,0,0,0,0,0,0,0,0,0,SMV Other,"['Driver', 'Other Property Owner']",North,"['Automobile, Station Wagon', 'Other']",['Going Ahead'],['Lost control'],['Unknown'],['Not Applicable'],['Not Applicable'],['Not Applicable'],['Not Applicable'],['Not Applicable'],False,"['75 to 79', 'unknown']",3.0
1153608.0,2020-06-23 08:00:00,752,2020,COLLEGE ST,DUFFERIN ST,Minor Arterial,North York,43.652495,-79.432521,626403.4525,4834470.1415,At Intersection,Traffic Signal,Clear,Daylight,Dry,84,Little Portugal,84,Little Portugal (84),Non-Fatal Injury,0,0,1,0,1,0,0,1,0,0,0,0,0,Angle,"['Driver', 'Truck Driver', 'Passenger']",East,"['Automobile, Station Wagon', 'Truck - Closed (Blazer, etc)']",['Going Ahead'],['Driving Properly'],['Normal'],['Not Applicable'],['Not Applicable'],['Not Applicable'],['Not Applicable'],['Not Applicable'],False,"['30 to 34', '35 to 39']",3.0
1153821.0,2010-02-04 10:00:00,1546,2010,SHEPPARD AVE W,LAURA RD,Major Arterial,Etobicoke York,43.739045,-79.51449,619621.1018,4843961.102,At Intersection,No Control,Clear,Daylight,Dry,154,Oakdale-Beverley Heights,26,Downsview-Roding-CFB (26),Non-Fatal Injury,1,0,1,0,0,0,0,0,0,1,0,0,0,Pedestrian Collisions,"['Pedestrian', 'Driver']",South,"['Other', 'Automobile, Station Wagon']",['Going Ahead'],['Failed to Yield Right of Way'],['Normal'],"['Crossing, no Traffic Control']",['Normal'],['Not Applicable'],['Not Applicable'],['Not Applicable'],False,"['70 to 74', '65 to 69']",3.0
1154258.0,2010-01-15 10:00:00,1810,2010,DIXON RD,ST PHILLIPS RD,Major Arterial,Etobicoke York,43.699845,-79.53429,618103.68,4839578.9975,Unknown,Traffic Signal,Clear,Dark,Dry,6,Kingsview Village-The Westway,6,Kingsview Village-The Westway (6),Non-Fatal Injury,0,0,1,0,0,0,0,0,0,1,0,0,0,Turning Movement,['Driver'],East,"['Automobile, Station Wagon']","['Going Ahead', 'Turning Left']","['Failed to Yield Right of Way', 'Driving Properly']",['Normal'],['Not Applicable'],['Not Applicable'],['Not Applicable'],['Not Applicable'],['Not Applicable'],False,['25 to 29'],3.0
1154355.0,2009-06-02 08:00:00,820,2009,MANOR RD E,MOUNT PLEASANT RD,Major Arterial,North York,43.704245,-79.38859,629834.4753,4840285.5397,Unknown,Traffic Signal,Clear,Daylight,Dry,174,South Eglinton-Davisville,104,Mount Pleasant West (104),Non-Fatal Injury,0,1,1,0,0,0,0,0,0,0,0,0,0,Cyclist Collisions,"['Driver', 'Cyclist']",West,"['Automobile, Station Wagon', 'Bicycle']","['Stopped', 'Going Ahead']",['Driving Properly'],['Inattentive'],['Not Applicable'],['Not Applicable'],['Cyclist struck opened vehicle door'],['Driving Properly'],['Normal'],False,"['45 to 49', '20 to 24']",3.0
1154795.0,2010-02-27 10:00:00,2320,2010,THE QUEENSWAY,HIGH ST,Major Arterial,Etobicoke York,43.630845,-79.48209,622450.0837,4831991.3217,Unknown,Traffic Signal,Clear,Dark,Dry,16,Stonegate-Queensway,16,Stonegate-Queensway (16),Non-Fatal Injury,1,0,1,0,0,0,0,0,0,0,0,0,0,Pedestrian Collisions,"['Pedestrian', 'Driver']",South,"['Other', 'Automobile, Station Wagon']",['Going Ahead'],['Driving Properly'],['Normal'],['Crossing without right of way'],['Inattentive'],['Not Applicable'],['Not Applicable'],['Not Applicable'],False,"['50 to 54', '20 to 24']",3.0
1154990.0,2010-02-28 10:00:00,2300,2010,VILLIERS ST,MUNITION ST,Local,Toronto and East York,43.648545,-79.34989,633075.7138,4834160.6304,Unknown,No Control,Clear,Dark,Dry,70,South Riverdale,70,South Riverdale (70),Fatal,0,0,1,0,0,0,0,0,1,1,0,0,0,SMV Unattended Vehicle,"['Other', 'Driver']",East,"['Other', 'Automobile, Station Wagon']","['Parked', 'Going Ahead']",['Exceeding Speed Limit'],['Other'],['Not Applicable'],['Not Applicable'],['Not Applicable'],['Not Applicable'],['Not Applicable'],True,"['unknown', '50 to 54']",4.0
1155029.0,2010-02-10 10:00:00,1522,2010,DAVENPORT RD,PERTH AVE,Minor Arterial,Toronto and East York,43.670545,-79.45449,624594.486,4836441.6009,Unknown,No Control,Clear,Daylight,Dry,91,Weston-Pelham Park,91,Weston-Pellam Park (91),Non-Fatal Injury,0,0,1,0,0,0,0,1,0,1,0,0,0,Sideswipe,"['Passenger', 'Vehicle Owner', 'Driver']",West,"['Other', 'Automobile, Station Wagon']","['Pulling Away from Shoulder or Curb', 'Going Ahead']","['Failed to Yield Right of Way', 'Driving Properly']","['Inattentive', 'Normal']",['Not Applicable'],['Not Applicable'],['Not Applicable'],['Not Applicable'],['Not Applicable'],False,"['90 to 94', 'unknown', '55 to 59', '75 to 79']",3.0
1155324.0,2010-01-22 10:00:00,1520,2010,BATHGATE DR,FEAGAN DR,Local,Scarborough,43.779445,-79.15099,648792.1981,4849037.2163,Unknown,Stop Sign,Clear,Daylight,Dry,133,Centennial Scarborough,133,Centennial Scarborough (133),Non-Fatal Injury,0,0,1,0,0,0,0,0,0,0,0,0,0,SMV Other,"['Driver', 'Other Property Owner']",West,"['Automobile, Station Wagon', 'Other']",['Going Ahead'],['Lost control'],['Inattentive'],['Not Applicable'],['Not Applicable'],['Not Applicable'],['Not Applicable'],['Not Applicable'],False,"['75 to 79', 'unknown']",3.0
1155407.0,2010-03-02 10:00:00,1605,2010,HORNER AVE,EDILOU DR,Minor Arterial,Etobicoke York,43.604745,-79.53139,618524.2764,4829021.063,Unknown,No Control,Clear,Daylight,Dry,20,Alderwood,20,Alderwood (20),Fatal,1,0,0,0,1,0,0,0,0,0,0,0,0,Pedestrian Collisions,"['Vehicle Owner', 'Truck Driver', 'Pedestrian']",South,"['Other', 'Truck - Open']",['Going Ahead'],['Driving Properly'],['Normal'],"['Crossing, no Traffic Control']",['Unknown'],['Not Applicable'],['Not Applicable'],['Not Applicable'],True,"['unknown', '45 to 49', '55 to 59']",4.0
1155645.0,2010-01-24 10:00:00,2031,2010,MCCOWAN RD,SANDHURST CRCL,Major Arterial,Scarborough,43.811645,-79.26919,639205.588,4852407.8828,At Intersection,Traffic Signal,Rain,Daylight,Wet,129,Agincourt North,129,Agincourt North (129),Non-Fatal Injury,0,0,1,0,0,0,0,1,0,1,1,0,0,Angle,"['Passenger', 'Driver', 'Vehicle Owner']",North,"['Other', 'Automobile, Station Wagon']","['Slowing or Stopping', 'Going Ahead']","['Driving Properly', 'Disobeyed Traffic Control']","['Normal', 'Unknown']",['Not Applicable'],['Not Applicable'],['Not Applicable'],['Not Applicable'],['Not Applicable'],False,"['35 to 39', '30 to 34', 'unknown', '20 to 24', '40 to 44']",3.0
1155651.0,2010-01-24 10:00:00,242,2010,COLLEGE ST,BORDEN ST,Major Arterial,Toronto and East York,43.656945,-79.40539,628581.8543,4835006.058,Unknown,Traffic Signal,Clear,Dark,Wet,78,Kensington-Chinatown,79,University (79),Non-Fatal Injury,1,0,1,0,0,0,0,0,0,0,0,0,0,Pedestrian Collisions,"['Vehicle Owner', 'Driver', 'Pedestrian']",East,"['Other', 'Automobile, Station Wagon']",['Going Ahead'],['Driving Properly'],['Normal'],['Crossing without right of way'],['Had Been Drinking'],['Not Applicable'],['Not Applicable'],['Not Applicable'],False,"['unknown', '30 to 34', '15 to 19']",3.0
1155683.0,2010-01-23 10:00:00,834,2010,SHEPPARD AVE W,ARLETA AVE,Major Arterial,Etobicoke York,43.741445,-79.50149,620663.1175,4844246.5079,At Intersection,Traffic Signal,Clear,Daylight,Dry,25,Glenfield-Jane Heights,25,Glenfield-Jane Heights (25),Non-Fatal Injury,1,0,1,0,0,0,0,0,0,1,0,0,0,Pedestrian Collisions,"['Driver', 'Pedestrian']",North,"['Automobile, Station Wagon', 'Other']",['Turning Left'],['Failed to Yield Right of Way'],['Normal'],['Crossing with right of way'],['Normal'],['Not Applicable'],['Not Applicable'],['Not Applicable'],False,"['45 to 49', '60 to 64']",3.0
1155869.0,2010-03-04 10:00:00,1308,2010,SHEPPARD Ave E,BROWNSPRING Rd,Major Arterial,Scarborough,43.788845,-79.26249,639797.6298,4849886.8704,At Intersection,No Control,Clear,Daylight,Dry,128,Agincourt South-Malvern West,128,Agincourt South-Malvern West (128),Non-Fatal Injury,0,0,1,1,0,0,0,0,0,1,0,0,0,Turning Movement,"['Motorcycle Driver', 'Vehicle Owner', 'Driver']",East,"['Motorcycle', 'Other', 'Automobile, Station Wagon']","['Going Ahead', 'Unknown', 'Turning Left']","['Driving Properly', 'Improper Turn']",['Normal'],['Not Applicable'],['Not Applicable'],['Not Applicable'],['Not Applicable'],['Not Applicable'],False,"['20 to 24', 'unknown', '50 to 54']",3.0