accident_number,date,time,year,street1,street2,road_class,district,latitude,longitude,x,y,accident_location,traffctl,visibility,light,road_surface_condition,hood_158,neighbourhood_new,hood_140,neighbourhood_old,accident_class,pedestrian,cyclist,automobile,motorcycle,truck,trsn_city_veh,emerg_veh,passenger,speeding,aggressive_driving,redlight,alcohol,disability,impact_type,involvement_type,initial_direction,vehicle_type,manoeuver,driver_action,driver_condition,pedestrian_action,pedestrian_condition,cyclist_type,cyclist_action,cyclist_condition,injury,involvement_age,injury_severity_score
1163538.0,2010-03-23 08:00:00,2000,2010,RICHVIEW Road,SCARLETT Road,Major Arterial,Etobicoke York,43.685545,-79.51249,619888.7796,4838022.0724,At Intersection,Stop Sign,Rain,Dark,Wet,8,Humber Heights-Westmount,8,Humber Heights-Westmount (8),Non-Fatal Injury,1,0,1,0,0,0,0,0,0,0,0,0,0,Pedestrian Collisions,"['Driver', 'Pedestrian']",North,"['Automobile, Station Wagon', 'Other']",['Turning Left'],['Improper Turn'],['Unknown'],['Crossing with right of way'],['Normal'],['Not Applicable'],['Not Applicable'],['Not Applicable'],False,"['unknown', '45 to 49']",3.0
1163874.0,2010-03-27 08:00:00,2039,2010,QUEEN Stre E,SACKVILLE Stre,Major Arterial,Toronto and East York,43.656245,-79.36149,632123.317,4834997.2807,At Intersection,No Control,Clear,Dark,Dry,73,Moss Park,73,Moss Park (73),Non-Fatal Injury,1,0,1,0,0,0,0,0,0,0,0,0,0,Pedestrian Collisions,"['Driver', 'Pedestrian']",South,"['Automobile, Station Wagon', 'Other']",['Going Ahead'],['Driving Properly'],['Normal'],['Running onto Roadway'],['Inattentive'],['Not Applicable'],['Not Applicable'],['Not Applicable'],False,"['25 to 29', '5 to 9']",3.0
1163934.0,2010-04-22 08:00:00,21,2010,1181 FINCH AVE W,Not Applicable,Major Arterial,North York,43.765245,-79.48289,622112.4254,4846917.106,At Intersection,Traffic Signal,Clear,Dark,Dry,27,York University Heights,27,York University Heights (27),Non-Fatal Injury,0,0,1,0,0,0,0,1,1,1,0,1,0,SMV Other,"['Passenger', 'Driver']",East,"['Other', 'Automobile, Station Wagon']",['Going Ahead'],['Exceeding Speed Limit'],"['Ability Impaired, Alcohol']",['Not Applicable'],['Not Applicable'],['Not Applicable'],['Not Applicable'],['Not Applicable'],False,['25 to 29'],3.0
1164773.0,2010-04-07 08:00:00,1455,2010,2559 BLOOR St W,Not Applicable,Major Arterial,Toronto and East York,43.648045,-79.49079,621713.5134,4833888.8032,Unknown,No Control,Rain,Daylight,Wet,114,Lambton Baby Point,114,Lambton Baby Point (114),Non-Fatal Injury,0,0,1,0,0,0,0,1,0,1,0,0,0,Rear End,"['Driver', 'Vehicle Owner', 'Passenger']",East,"['Automobile, Station Wagon', 'Other']","['Stopped', 'Going Ahead']","['Driving Properly', 'Following too Close']",['Normal'],['Not Applicable'],['Not Applicable'],['Not Applicable'],['Not Applicable'],['Not Applicable'],False,"['35 to 39', 'unknown', '45 to 49', '50 to 54', '15 to 19']",3.0
1164945.0,2010-04-27 08:00:00,52,2010,SPADINA Aven,BALDWIN Stre,Major Arterial,Toronto and East York,43.654845,-79.39879,629118.5534,4834783.0743,Unknown,No Control,Clear,Dark,Dry,78,Kensington-Chinatown,78,Kensington-Chinatown (78),Non-Fatal Injury,1,0,0,0,0,1,0,1,0,0,0,0,0,Pedestrian Collisions,"['Passenger', 'Pedestrian', 'Driver']",North,"['Other', 'Municipal Transit Bus (TTC)']",['Going Ahead'],['Driving Properly'],['Normal'],['Running onto Roadway'],['Unknown'],['Not Applicable'],['Not Applicable'],['Not Applicable'],False,"['25 to 29', '15 to 19', '40 to 44']",3.0
1165188.0,2010-04-10 08:00:00,1635,2010,DUNDAS St W,YONGE St,Major Arterial,Toronto and East York,43.656345,-79.38089,630558.7401,4834977.6785,Unknown,Streetcar (Stop for),Clear,Daylight,Dry,168,Downtown Yonge East,75,Church-Yonge Corridor (75),Non-Fatal Injury,1,0,1,0,0,0,0,0,0,1,0,0,0,Pedestrian Collisions,"['Vehicle Owner', 'Driver', 'Pedestrian']",East,"['Other', 'Automobile, Station Wagon']",['Going Ahead'],['Disobeyed Traffic Control'],['Unknown'],['Person Getting on/off Vehicle'],['Inattentive'],['Not Applicable'],['Not Applicable'],['Not Applicable'],False,"['unknown', '15 to 19', '20 to 24']",3.0
1165190.0,2010-04-10 08:00:00,929,2010,QUEEN Stre E,BEECH Aven,Minor Arterial,Toronto and East York,43.672545,-79.28799,638012.7932,4836927.2816,At Intersection,No Control,Clear,Daylight,Dry,63,The Beaches,63,The Beaches (63),Non-Fatal Injury,1,0,1,0,0,0,0,0,0,0,0,0,0,Pedestrian Collisions,"['Driver', 'Pedestrian']",East,"['Automobile, Station Wagon', 'Other']",['Reversing'],['Driving Properly'],['Normal'],"['Crossing, no Traffic Control']",['Inattentive'],['Not Applicable'],['Not Applicable'],['Not Applicable'],False,"['60 to 64', '30 to 34']",3.0
1165384.0,2010-04-12 08:00:00,1455,2010,UNIVERSITY Aven,PEARL Stre,Major Arterial,Toronto and East York,43.648545,-79.38539,630212.7296,4834104.3152,Unknown,No Control,Clear,Daylight,Dry,170,Yonge-Bay Corridor,76,Bay Street Corridor (76),Non-Fatal Injury,1,0,1,0,0,0,0,0,0,0,0,0,0,Pedestrian Collisions,"['Vehicle Owner', 'Driver', 'Pedestrian']",South,"['Other', 'Automobile, Station Wagon']",['Changing Lanes'],['Improper Lane Change'],['Unknown'],['Playing or Working on Highway'],['Normal'],['Not Applicable'],['Not Applicable'],['Not Applicable'],False,"['unknown', '50 to 54', '25 to 29']",3.0
1165411.0,2010-04-28 08:00:00,630,2010,F G GARDINER XY Expr E,DOWLING AVE,Major Arterial,Toronto and East York,43.634145,-79.43759,626033.0434,4832424.4294,Unknown,No Control,Clear,Daylight,Spilled liquid,85,South Parkdale,85,South Parkdale (85),Non-Fatal Injury,0,0,0,1,0,0,0,0,0,0,0,0,0,Other,['Motorcycle Driver'],East,['Motorcycle'],['Going Ahead'],['Driving Properly'],['Normal'],['Not Applicable'],['Not Applicable'],['Not Applicable'],['Not Applicable'],['Not Applicable'],False,['50 to 54'],3.0
1165628.0,2010-04-15 08:00:00,1619,2010,RUNNYMEDE Rd,ST JOHNS Rd,Minor Arterial,Toronto and East York,43.663845,-79.48139,622439.4886,4835657.427,At Intersection,Traffic Signal,Clear,Daylight,Dry,90,Junction Area,90,Junction Area (90),Non-Fatal Injury,0,0,1,0,0,0,0,0,0,1,1,0,0,Angle,['Driver'],East,"['Automobile, Station Wagon']",['Going Ahead'],"['Driving Properly', 'Disobeyed Traffic Control']",['Normal'],['Not Applicable'],['Not Applicable'],['Not Applicable'],['Not Applicable'],['Not Applicable'],False,"['55 to 59', '30 to 34']",3.0
1165679.0,2010-04-29 08:00:00,916,2010,SANDHURST CRCL,MCCOWAN RD,Major Arterial,Scarborough,43.811645,-79.26919,639205.588,4852407.8828,At Intersection,Traffic Signal,Clear,Daylight,Dry,129,Agincourt North,129,Agincourt North (129),Non-Fatal Injury,0,1,1,0,0,0,0,0,0,1,0,0,0,Cyclist Collisions,"['Driver', 'Cyclist']",South,"['Automobile, Station Wagon', 'Bicycle']","['Turning Right', 'Going Ahead']",['Failed to Yield Right of Way'],['Normal'],['Not Applicable'],['Not Applicable'],['Motorist turning right on red at signalized intersection strikes cyclist.'],['Other'],['Normal'],False,"['60 to 64', '50 to 54']",3.0
1165924.0,2010-05-01 08:00:00,752,2010,MAPLE LEAF DR,CIRILLO CRT,Collector,Etobicoke York,43.713545,-79.48479,622064.5036,4841172.2732,Unknown,No Control,Clear,Daylight,Dry,29,Maple Leaf,29,Maple Leaf (29),Non-Fatal Injury,0,0,1,0,0,0,0,0,0,0,0,0,1,SMV Other,['Driver'],West,"['Automobile, Station Wagon']",['Going Ahead'],['Lost control'],['Medical or Physical Disability'],['Not Applicable'],['Not Applicable'],['Not Applicable'],['Not Applicable'],['Not Applicable'],False,['75 to 79'],3.0
1166313.0,2010-04-20 08:00:00,2030,2010,EGLINTON Ave W,BLACKTHORN Ave,Major Arterial,Etobicoke York,43.691745,-79.46659,623575.4793,4838778.0437,At Intersection,No Control,Clear,Dark,Dry,110,Keelesdale-Eglinton West,110,Keelesdale-Eglinton West (110),Non-Fatal Injury,0,0,1,0,0,0,0,0,0,0,0,0,0,Rear End,"['Vehicle Owner', 'Driver']",East,"['Other', 'Automobile, Station Wagon']","['Going Ahead', 'Stopped']","['Lost control', 'Driving Properly']","['Inattentive', 'Normal']",['Not Applicable'],['Not Applicable'],['Not Applicable'],['Not Applicable'],['Not Applicable'],False,"['unknown', '55 to 59', '25 to 29']",3.0
1167046.0,2010-04-25 08:00:00,2103,2010,WILLOWDALE AVE,ELMWOOD AVE,Minor Arterial,North York,43.768845,-79.40169,628640.5667,4847439.881,At Intersection,No Control,Clear,Dark,Dry,152,East Willowdale,51,Willowdale East (51),Non-Fatal Injury,0,0,1,0,0,0,0,1,0,0,0,0,0,Turning Movement,"['Passenger', 'Driver']",North,"['Other', 'Automobile, Station Wagon']","['Going Ahead', 'Turning Left']",['Driving Properly'],"['Inattentive', 'Normal']",['Not Applicable'],['Not Applicable'],['Not Applicable'],['Not Applicable'],['Not Applicable'],False,"['30 to 34', '40 to 44', '50 to 54', '20 to 24', '35 to 39']",3.0
1167187.0,2010-05-06 08:00:00,1630,2010,WELLINGTON ST W,SIMCOE ST,Minor Arterial,Toronto and East York,43.645845,-79.38629,630145.9779,4833803.0332,Unknown,No Control,Clear,Daylight,Dry,164,Wellington Place,77,Waterfront Communities-The Island (77),Fatal,0,0,1,0,0,0,0,1,0,1,0,0,0,Angle,"['Driver', 'Passenger', 'Other Property Owner']",East,"['Automobile, Station Wagon', 'Other']",['Going Ahead'],"['Driving Properly', 'Failed to Yield Right of Way']","['Normal', 'Inattentive']",['Not Applicable'],['Not Applicable'],['Not Applicable'],['Not Applicable'],['Not Applicable'],True,"['40 to 44', '80 to 84', '75 to 79', 'unknown']",4.0
1167297.0,2010-04-24 08:00:00,2302,2010,DUNDAS Stre W,COLLEGE Stre,Minor Arterial,Toronto and East York,43.650345,-79.44159,625676.5943,4834217.5815,Unknown,No Control,Clear,Dark,Dry,84,Little Portugal,84,Little Portugal (84),Non-Fatal Injury,0,1,1,0,0,0,0,0,1,1,0,0,0,Cyclist Collisions,"['Driver', 'Cyclist']",East,"['Automobile, Station Wagon', 'Bicycle']","['Going Ahead', 'Stopped']",['Exceeding Speed Limit'],['Inattentive'],['Not Applicable'],['Not Applicable'],['Cyclist and Driver travelling in same direction. One vehicle rear-ended the other.'],['Driving Properly'],['Normal'],False,"['80 to 84', '25 to 29']",3.0
1167934.0,2010-04-21 08:00:00,705,2010,STEELES AVE E,NINTH LINE,Minor Arterial,Scarborough,43.842545,-79.22589,642614.5481,4855913.6076,Unknown,No Control,Clear,Daylight,Dry,NSA,NSA,NSA,NSA,Non-Fatal Injury,0,0,1,0,0,0,0,0,0,1,0,0,0,Rear End,['Driver'],West,"['Automobile, Station Wagon']","['Going Ahead', 'Stopped']","['Following too Close', 'Driving Properly']",['Normal'],['Not Applicable'],['Not Applicable'],['Not Applicable'],['Not Applicable'],['Not Applicable'],False,"['55 to 59', '25 to 29']",3.0
1168069.0,2010-04-29 08:00:00,1720,2010,ROGERS RD,KANE AVE,Minor Arterial,Etobicoke York,43.682045,-79.46649,623603.4593,4837700.8762,Unknown,No Control,Clear,Daylight,Dry,110,Keelesdale-Eglinton West,110,Keelesdale-Eglinton West (110),Non-Fatal Injury,0,0,1,1,0,0,0,0,0,1,0,0,0,Sideswipe,"['Motorcycle Driver', 'Driver']",West,"['Motorcycle', 'Automobile, Station Wagon']","['Overtaking', 'Slowing or Stopping']","['Improper Passing', 'Driving Properly']","['Inattentive', 'Normal']",['Not Applicable'],['Not Applicable'],['Not Applicable'],['Not Applicable'],['Not Applicable'],False,"['30 to 34', '40 to 44']",3.0
1168213.0,2010-05-12 08:00:00,1415,2010,F G GARDINER XY Expr W,KIPLING AVE,Major Arterial,Etobicoke York,43.620345,-79.51379,619913.6913,4830778.8978,Unknown,No Control,Clear,Daylight,Dry,160,Mimico-Queensway,17,Mimico (includes Humber Bay Shores) (17),Non-Fatal Injury,0,0,1,0,0,0,0,0,0,1,0,0,0,Sideswipe,"['Vehicle Owner', 'Driver']",West,"['Other', 'Automobile, Station Wagon']","['Going Ahead', 'Changing Lanes']","['Driving Properly', 'Lost control']","['Normal', 'Had Been Drinking']",['Not Applicable'],['Not Applicable'],['Not Applicable'],['Not Applicable'],['Not Applicable'],False,"['unknown', '15 to 19', '35 to 39']",3.0
1168396.0,2010-05-13 08:00:00,1136,2010,DUNDAS ST W,COLLEGE ST,Minor Arterial,Toronto and East York,43.650445,-79.44189,625652.1923,4834228.2335,Unknown,No Control,Clear,Daylight,Dry,83,Dufferin Grove,83,Dufferin Grove (83),Fatal,1,0,1,0,0,0,0,0,0,0,0,0,0,Pedestrian Collisions,"['Vehicle Owner', 'Driver', 'Pedestrian']",North,"['Other', 'Automobile, Station Wagon']",['Going Ahead'],['Driving Properly'],['Normal'],"['Crossing, no Traffic Control']",['Normal'],['Not Applicable'],['Not Applicable'],['Not Applicable'],True,"['unknown', '25 to 29', '65 to 69']",4.0
1168399.0,2010-05-11 08:00:00,2240,2010,DUPONT ST,LANSDOWNE AVE,Major Arterial,Toronto and East York,43.666745,-79.44649,625247.3318,4836031.6072,At Intersection,Traffic Signal,Rain,Dark,Wet,171,Junction-Wallace Emerson,93,Dovercourt-Wallace Emerson-Junction (93),Non-Fatal Injury,1,0,1,0,0,0,0,0,0,1,0,0,0,Pedestrian Collisions,"['Driver', 'Pedestrian']",South,"['Automobile, Station Wagon', 'Other']",['Turning Left'],['Failed to Yield Right of Way'],['Normal'],['Crossing with right of way'],['Normal'],['Not Applicable'],['Not Applicable'],['Not Applicable'],False,"['40 to 44', '55 to 59']",3.0
1168520.0,2010-05-14 08:00:00,1312,2010,EVANS AVE,CREMORNE AVE,Minor Arterial,Etobicoke York,43.620845,-79.50099,620945.4559,4830852.9939,Unknown,No Control,Clear,Daylight,Dry,160,Mimico-Queensway,17,Mimico (includes Humber Bay Shores) (17),Non-Fatal Injury,1,0,1,0,0,0,0,0,0,0,0,0,0,Pedestrian Collisions,"['Driver', 'Pedestrian']",North,"['Automobile, Station Wagon', 'Other']",['Going Ahead'],['Driving Properly'],['Normal'],['Running onto Roadway'],['Inattentive'],['Not Applicable'],['Not Applicable'],['Not Applicable'],False,"['75 to 79', '65 to 69']",3.0
1169356.0,2010-05-20 08:00:00,2105,2010,TWYN RIVERS DR,SHEPPARD AVE E,Collector,Scarborough,43.810045,-79.16279,647767.1773,4852414.7023,Unknown,No Control,Clear,Dark,Dry,144,Morningside Heights,131,Rouge (131),Non-Fatal Injury,0,0,0,1,0,0,0,0,0,0,0,0,0,SMV Other,"['Motorcycle Driver', 'Other Property Owner']",East,"['Motorcycle', 'Other']",['Going Ahead'],['Lost control'],['Inattentive'],['Not Applicable'],['Not Applicable'],['Not Applicable'],['Not Applicable'],['Not Applicable'],False,"['20 to 24', 'unknown']",3.0
1169755.0,2010-04-26 08:00:00,1008,2010,ELLESMERE Road,BRIMLEY Road,Major Arterial,Scarborough,43.770045,-79.26129,639938.0352,4847800.862,At Intersection,Traffic Controller,Clear,Daylight,Dry,156,Bendale-Glen Andrew,127,Bendale (127),Non-Fatal Injury,0,0,1,0,0,0,0,1,0,1,0,0,0,Turning Movement,"['Passenger', 'Driver']",South,"['Other', 'Automobile, Station Wagon', 'Pick Up Truck']","['Turning Left', 'Going Ahead']",['Failed to Yield Right of Way'],['Inattentive'],['Not Applicable'],['Not Applicable'],['Not Applicable'],['Not Applicable'],['Not Applicable'],False,"['80 to 84', '35 to 39']",3.0
1169790.0,2010-05-25 08:00:00,1028,2010,ORTON PARK RD,AMBOY RD,Minor Arterial,Scarborough,43.767545,-79.20709,644306.324,4847616.2296,Unknown,No Control,Clear,Daylight,Dry,135,Morningside,135,Morningside (135),Fatal,0,0,1,1,0,0,0,0,0,0,0,0,0,Approaching,"['Motorcycle Driver', 'Driver']",North,"['Motorcycle', 'Automobile, Station Wagon']",['Going Ahead'],"['Driving Properly', 'Lost control']","['Unknown', 'Inattentive']",['Not Applicable'],['Not Applicable'],['Not Applicable'],['Not Applicable'],['Not Applicable'],True,"['50 to 54', '40 to 44']",4.0
1169892.0,2010-04-21 08:00:00,1013,2010,MOUNT PLEASANT Road,ELM Aven,Major Arterial,Toronto and East York,43.674545,-79.38019,630575.7194,4837000.1339,At Intersection,Traffic Signal,Clear,Daylight,Dry,98,Rosedale-Moore Park,98,Rosedale-Moore Park (98),Non-Fatal Injury,0,0,1,1,0,0,0,0,0,0,0,0,0,Rear End,"['Motorcycle Driver', 'Driver']",South,"['Motorcycle', 'Automobile, Station Wagon']","['Changing Lanes', 'Stopped']","['Lost control', 'Driving Properly']","['Inattentive', 'Normal']",['Not Applicable'],['Not Applicable'],['Not Applicable'],['Not Applicable'],['Not Applicable'],False,"['20 to 24', '55 to 59']",3.0
1169909.0,2010-05-02 08:00:00,1704,2010,KENHATCH BLVD,MARRAKESH DR,Collector,Scarborough,43.802745,-79.26219,639789.3507,4851431.1948,Unknown,No Control,Clear,Daylight,Dry,129,Agincourt North,129,Agincourt North (129),Non-Fatal Injury,0,0,1,0,0,0,0,0,0,0,0,0,1,SMV Other,['Driver'],North,"['Automobile, Station Wagon']",['Going Ahead'],['Lost control'],['Medical or Physical Disability'],['Not Applicable'],['Not Applicable'],['Not Applicable'],['Not Applicable'],['Not Applicable'],False,['50 to 54'],3.0
1170095.0,2010-05-05 08:00:00,1700,2010,DANFORTH Ave,SIBLEY Ave,Major Arterial,Toronto and East York,43.690045,-79.29319,637553.5931,4838862.2611,Unknown,No Control,Rain,Daylight,Wet,61,Taylor-Massey,61,Taylor-Massey (61),Non-Fatal Injury,0,0,1,0,0,0,0,1,0,0,0,0,0,Sideswipe,"['Driver', 'Passenger']",West,"['Automobile, Station Wagon', 'Other']","['Going Ahead', 'Changing Lanes']","['Driving Properly', 'Improper Lane Change']",['Normal'],['Not Applicable'],['Not Applicable'],['Not Applicable'],['Not Applicable'],['Not Applicable'],False,"['45 to 49', '40 to 44']",3.0
1170181.0,2010-05-27 08:00:00,1538,2010,PORT UNION Rd,HIGHWAY 401 C  E,Minor Arterial,Scarborough,43.797045,-79.14409,649303.6261,4851004.4068,Unknown,No Control,Clear,Daylight,Dry,143,West Rouge,131,Rouge (131),Non-Fatal Injury,0,1,0,0,0,0,0,0,0,0,0,0,0,Cyclist Collisions,"['Other', 'Cyclist']",North,"['Other', 'Bicycle']","['Parked', 'Going Ahead']",[],[],['Not Applicable'],['Not Applicable'],['Cyclist and Driver travelling in same direction. One vehicle rear-ended the other.'],['Other'],"['Ability Impaired, Drugs']",False,"['unknown', '35 to 39']",3.0
1171250.0,2010-06-03 08:00:00,120,2010,DUFFERIN ST,ST CLAIR AVE W,Major Arterial,Toronto and East York,43.677945,-79.44309,625498.1033,4837280.6554,At Intersection,Traffic Signal,Rain,Dark,Wet,92,Corso Italia-Davenport,92,Corso Italia-Davenport (92),Fatal,1,0,1,0,0,0,0,0,0,0,0,0,0,Pedestrian Collisions,"['Driver', 'Pedestrian']",North,"['Automobile, Station Wagon', 'Other']",['Going Ahead'],['Driving Properly'],['Normal'],['Crossing without right of way'],['Unknown'],['Not Applicable'],['Not Applicable'],['Not Applicable'],True,"['45 to 49', '50 to 54']",4.0
1171252.0,2010-06-02 08:00:00,2145,2010,UNIVERSITY AVE,GERRARD ST W,Major Arterial,Toronto and East York,43.657545,-79.38949,629862.6754,4835097.4584,At Intersection,Traffic Signal,Rain,Dark,Wet,170,Yonge-Bay Corridor,76,Bay Street Corridor (76),Non-Fatal Injury,1,0,1,0,0,0,0,0,0,0,0,0,0,Pedestrian Collisions,"['Driver', 'Pedestrian']",South,"['Automobile, Station Wagon', 'Other']",['Going Ahead'],['Driving Properly'],['Normal'],['Crossing without right of way'],['Had Been Drinking'],['Not Applicable'],['Not Applicable'],['Not Applicable'],False,['30 to 34'],3.0
1171570.0,2010-04-05 08:00:00,730,2010,BALDWIN ST,SPADINA AVE,Major Arterial,Toronto and East York,43.654945,-79.39879,629118.3391,4834794.1806,At Intersection,Stop Sign,Clear,Dawn,Dry,78,Kensington-Chinatown,78,Kensington-Chinatown (78),Non-Fatal Injury,0,1,1,0,0,0,0,0,0,0,0,0,0,Cyclist Collisions,"['Driver', 'Cyclist']",South,"['Automobile, Station Wagon', 'Bicycle']",['Going Ahead'],['Driving Properly'],['Normal'],['Not Applicable'],['Not Applicable'],"['Cyclist without ROW rides into path of motorist at inter, lnwy, dwy-Cyclist not turn.']",['Failed to Yield Right of Way'],['Normal'],False,"['55 to 59', '65 to 69']",3.0
1171639.0,2010-06-04 08:00:00,310,2010,KING ST W,JOE SHUSTER WAY,Major Arterial,Toronto and East York,43.639745,-79.42359,627150.564,4833067.7322,At Intersection,Traffic Signal,Clear,Dark,Dry,85,South Parkdale,85,South Parkdale (85),Non-Fatal Injury,0,1,1,0,0,0,0,0,0,0,0,0,0,Rear End,"['Driver', 'Moped Driver']",West,"['Automobile, Station Wagon']",['Going Ahead'],['Other'],"['Normal', 'Had Been Drinking']",['Not Applicable'],['Not Applicable'],['Not Applicable'],['Not Applicable'],['Not Applicable'],False,"['30 to 34', '35 to 39']",3.0
1171688.0,2010-04-30 08:00:00,1705,2010,DAWES RD,DENTONIA PARK AVE,Minor Arterial,Toronto and East York,43.692145,-79.29709,637234.4945,4839089.0335,At Intersection,Pedestrian Crossover,Clear,Daylight,Dry,61,Taylor-Massey,61,Taylor-Massey (61),Non-Fatal Injury,0,0,1,0,0,0,0,1,0,1,0,0,0,Rear End,"['Driver', 'Passenger']",South,"['Automobile, Station Wagon', 'Other']","['Going Ahead', 'Slowing or Stopping']","['Following too Close', 'Driving Properly']","['Unknown', 'Normal']",['Not Applicable'],['Not Applicable'],['Not Applicable'],['Not Applicable'],['Not Applicable'],False,"['65 to 69', '80 to 84', '75 to 79']",3.0
1171795.0,2010-05-13 08:00:00,2100,2010,DONLANDS AVE,O CONNOR DR,Major Arterial,Toronto and East York,43.694745,-79.34309,633521.6246,4839302.6957,At Intersection,Traffic Signal,Rain,Dark,Wet,58,Old East York,58,Old East York (58),Non-Fatal Injury,1,0,1,0,0,0,0,0,0,1,0,0,0,Pedestrian Collisions,"['Driver', 'Pedestrian']",North,"['Automobile, Station Wagon', 'Other']",['Turning Right'],['Failed to Yield Right of Way'],['Unknown'],['Crossing with right of way'],['Normal'],['Not Applicable'],['Not Applicable'],['Not Applicable'],False,"['75 to 79', '40 to 44']",3.0
1171865.0,2010-06-05 08:00:00,345,2010,EGLINTON AVE W,LOCKSLEY AVE,Major Arterial,North York,43.696345,-79.44729,625121.2882,4839317.8796,At Intersection,No Control,"Fog, Mist, Smoke, Dust",Dark,Dry,107,Oakwood Village,107,Oakwood Village (107),Non-Fatal Injury,1,0,1,0,0,0,0,0,0,1,0,0,0,Pedestrian Collisions,"['Vehicle Owner', 'Driver', 'Pedestrian']",East,"['Other', 'Automobile, Station Wagon']",['Going Ahead'],['Other'],['Had Been Drinking'],"['Crossing, no Traffic Control']",['Had Been Drinking'],['Not Applicable'],['Not Applicable'],['Not Applicable'],False,"['unknown', '20 to 24', '35 to 39']",3.0
1171946.0,2010-06-05 08:00:00,246,2010,BAYVIEW AVE,POTTERY RD,Major Arterial,North York,43.690745,-79.36219,631991.2149,4838827.8599,Unknown,No Control,Rain,Dark,Wet,56,Leaside-Bennington,56,Leaside-Bennington (56),Non-Fatal Injury,0,0,1,0,0,0,0,0,1,1,0,0,0,SMV Other,"['Driver', 'Other Property Owner']",South,"['Automobile, Station Wagon', 'Other']",['Going Ahead'],['Speed too Fast For Condition'],['Normal'],['Not Applicable'],['Not Applicable'],['Not Applicable'],['Not Applicable'],['Not Applicable'],False,"['30 to 34', 'unknown']",3.0
1171997.0,2010-06-06 08:00:00,822,2010,UNIVERSITY AVE,ORDE ST,Major Arterial,Toronto and East York,43.658744,-79.389987,629820.0157,4835229.8455,Unknown,No Control,Rain,Daylight,Wet,170,Yonge-Bay Corridor,76,Bay Street Corridor (76),Fatal,1,0,0,0,0,1,0,0,0,0,0,0,0,Pedestrian Collisions,"['Vehicle Owner', 'Driver', 'Pedestrian']",South,"['Other', 'Municipal Transit Bus (TTC)']",['Going Ahead'],['Driving Properly'],['Normal'],"['Crossing, no Traffic Control']",['Unknown'],['Not Applicable'],['Not Applicable'],['Not Applicable'],True,"['unknown', '30 to 34', '40 to 44']",4.0
1172452.0,2010-04-29 08:00:00,1333,2010,ELM ST,UNIVERSITY AVE,Collector,Toronto and East York,43.656545,-79.38799,629985.7861,4834988.744,At Intersection,No Control,Clear,Daylight,Dry,170,Yonge-Bay Corridor,76,Bay Street Corridor (76),Non-Fatal Injury,0,1,1,0,0,0,0,0,0,1,0,0,0,Cyclist Collisions,"['Driver', 'Cyclist']",West,"['Automobile, Station Wagon', 'Bicycle']","['Overtaking', 'Going Ahead']",['Improper Passing'],['Inattentive'],['Not Applicable'],['Not Applicable'],['Cyclist and Driver travelling in same direction. One vehicle rear-ended the other.'],['Driving Properly'],['Normal'],False,"['30 to 34', '25 to 29']",3.0
1172619.0,2010-05-11 08:00:00,1521,2010,18 HURNDALE AVE,Not Applicable,Local,Toronto and East York,43.677845,-79.35459,632632.1317,4837407.2623,Unknown,No Control,Clear,Daylight,Dry,67,Playter Estates-Danforth,67,Playter Estates-Danforth (67),Non-Fatal Injury,0,1,1,0,0,0,0,0,0,0,0,0,0,Cyclist Collisions,"['Vehicle Owner', 'Driver', 'Cyclist']",East,"['Other', 'Automobile, Station Wagon', 'Bicycle']","['Parked', 'Going Ahead']",['Other'],['Inattentive'],['Not Applicable'],['Not Applicable'],['Cyclist struck opened vehicle door'],['Driving Properly'],['Unknown'],False,"['unknown', '40 to 44', '35 to 39']",3.0
1172629.0,2010-05-13 08:00:00,812,2010,BLOOR ST W,SPADINA AVE,Major Arterial,Toronto and East York,43.666645,-79.40389,628682.0834,4836085.6972,At Intersection,Traffic Signal,Clear,Daylight,Dry,79,University,79,University (79),Non-Fatal Injury,0,1,1,0,0,0,0,0,0,1,0,0,0,Cyclist Collisions,"['Driver', 'Cyclist']",East,"['Automobile, Station Wagon', 'Bicycle']","['Turning Left', 'Going Ahead']",['Failed to Yield Right of Way'],['Inattentive'],['Not Applicable'],['Not Applicable'],['Motorist turned left across cyclists path.'],['Driving Properly'],['Normal'],False,"['50 to 54', '25 to 29']",3.0
1172906.0,2010-06-11 08:00:00,155,2010,WESTON RD,PORTER AVE,Major Arterial,Etobicoke York,43.682845,-79.47869,622618.4806,4837771.6175,At Intersection,No Control,Clear,Dark,Dry,111,Rockcliffe-Smythe,111,Rockcliffe-Smythe (111),Non-Fatal Injury,1,0,1,0,0,0,0,0,0,1,0,0,0,Pedestrian Collisions,"['Driver', 'Pedestrian']",North,"['Automobile, Station Wagon', 'Other']",['Going Ahead'],['Disobeyed Traffic Control'],['Normal'],"['Crossing, no Traffic Control']",['Had Been Drinking'],['Not Applicable'],['Not Applicable'],['Not Applicable'],False,"['55 to 59', '20 to 24']",3.0
1172992.0,2010-06-12 08:00:00,916,2010,ISLINGTON AVE,THE WESTWAY,Major Arterial,Etobicoke York,43.688645,-79.54289,617432.5637,4838322.8721,At Intersection,Traffic Signal,Clear,Daylight,Dry,6,Kingsview Village-The Westway,6,Kingsview Village-The Westway (6),Fatal,0,0,1,0,0,0,0,0,0,1,1,0,0,Angle,"['Driver', 'Vehicle Owner']",East,"['Automobile, Station Wagon', 'Other']","['Going Ahead', 'Stopped']","['Driving Properly', 'Disobeyed Traffic Control']","['Unknown', 'Normal']",['Not Applicable'],['Not Applicable'],['Not Applicable'],['Not Applicable'],['Not Applicable'],True,"['25 to 29', '40 to 44', 'unknown', '20 to 24']",4.0