accident_number,date,time,year,street1,street2,road_class,district,latitude,longitude,x,y,accident_location,traffctl,visibility,light,road_surface_condition,hood_158,neighbourhood_new,hood_140,neighbourhood_old,accident_class,pedestrian,cyclist,automobile,motorcycle,truck,trsn_city_veh,emerg_veh,passenger,speeding,aggressive_driving,redlight,alcohol,disability,impact_type,involvement_type,initial_direction,vehicle_type,manoeuver,driver_action,driver_condition,pedestrian_action,pedestrian_condition,cyclist_type,cyclist_action,cyclist_condition,injury,involvement_age,injury_severity_score
1184122.0,2020-06-27 08:00:00,1502,2020,DANFORTH RD,TRUDELLE ST,Major Arterial,Scarborough,43.739848,-79.245494,641280.4203,4844473.84,At Intersection,Traffic Signal,Clear,Daylight,Dry,138,Eglinton East,138,Eglinton East (138),Non-Fatal Injury,0,0,1,1,0,0,0,0,0,1,1,0,0,Turning Movement,"['Motorcycle Driver', 'Driver']",North,"['Motorcycle', 'Automobile, Station Wagon']","['Going Ahead', 'Turning Left']","['Disobeyed Traffic Control', 'Driving Properly']","['Unknown', 'Normal']",['Not Applicable'],['Not Applicable'],['Not Applicable'],['Not Applicable'],['Not Applicable'],False,"['35 to 39', '50 to 54']",3.0
1184180.0,2010-07-09 08:00:00,2115,2010,CARLAW Ave,COLGATE Ave,Minor Arterial,Toronto and East York,43.662745,-79.340793,633777.8276,4835752.3577,Unknown,No Control,Clear,Dark,Dry,70,South Riverdale,70,South Riverdale (70),Non-Fatal Injury,0,1,1,0,0,0,0,1,0,0,0,0,0,Sideswipe,"['Passenger', 'Driver', 'Vehicle Owner', 'Moped Driver']",North,"['Automobile, Station Wagon', 'Moped']",['Parked'],['Other'],['Normal'],['Not Applicable'],['Not Applicable'],['Not Applicable'],['Not Applicable'],['Not Applicable'],False,"['45 to 49', 'unknown', '15 to 19']",3.0
1184354.0,2010-07-12 08:00:00,1800,2010,93 BRIMWOOD Boul,Not Applicable,Collector,Scarborough,43.812945,-79.27509,638728.0475,4852542.359,Unknown,No Control,Clear,Daylight,Dry,129,Agincourt North,129,Agincourt North (129),Non-Fatal Injury,0,0,1,0,0,0,0,1,0,0,0,0,0,Other,"['Passenger', 'Vehicle Owner', 'Driver']",West,"['Other', 'Automobile, Station Wagon']",['Reversing'],['Other'],['Inattentive'],['Not Applicable'],['Not Applicable'],['Not Applicable'],['Not Applicable'],['Not Applicable'],False,"['55 to 59', 'unknown', '15 to 19']",3.0
1184369.0,2010-07-12 08:00:00,105,2010,ELLESMERE Road,MCCOWAN Road,Major Arterial,Scarborough,43.772045,-79.25149,640722.095,4848039.6029,At Intersection,Traffic Signal,Clear,Dark,Dry,156,Bendale-Glen Andrew,127,Bendale (127),Non-Fatal Injury,0,0,1,0,0,0,0,0,1,1,0,0,0,SMV Other,"['Driver', 'Other Property Owner']",East,"['Automobile, Station Wagon', 'Other']",['Going Ahead'],['Exceeding Speed Limit'],['Had Been Drinking'],['Not Applicable'],['Not Applicable'],['Not Applicable'],['Not Applicable'],['Not Applicable'],False,"['20 to 24', 'unknown']",3.0
1184434.0,2010-08-20 08:00:00,2215,2010,LAKE SHORE BLVD E,JOSEPH DUGGAN  RD,Major Arterial,Toronto and East York,43.664344,-79.306186,636564.5126,4835986.334,Unknown,Traffic Signal,Clear,Dark,Dry,70,South Riverdale,70,South Riverdale (70),Fatal,1,0,0,0,0,1,0,0,0,0,0,0,0,Pedestrian Collisions,"['Vehicle Owner', 'Driver', 'Pedestrian']",East,"['Other', 'Municipal Transit Bus (TTC)']",['Going Ahead'],['Driving Properly'],['Normal'],['Crossing without right of way'],['Unknown'],['Not Applicable'],['Not Applicable'],['Not Applicable'],True,"['unknown', '35 to 39', '15 to 19']",4.0
1184541.0,2010-08-21 08:00:00,1343,2010,230 ROSETHORN AVE,Not Applicable,Local,Etobicoke York,43.683045,-79.46459,623754.5477,4837814.773,Unknown,No Control,Rain,Daylight,Wet,110,Keelesdale-Eglinton West,110,Keelesdale-Eglinton West (110),Non-Fatal Injury,1,0,1,0,0,0,0,0,0,0,0,0,0,Pedestrian Collisions,"['Vehicle Owner', 'Driver', 'Pedestrian']",South,"['Other', 'Automobile, Station Wagon']",['Reversing'],['Other'],['Inattentive'],['On Sidewalk or Shoulder'],['Normal'],['Not Applicable'],['Not Applicable'],['Not Applicable'],False,"['unknown', '30 to 34', '75 to 79']",3.0
1184650.0,2010-07-13 08:00:00,1835,2010,EGLINTON Ave E,LAIRD Dr,Major Arterial,North York,43.713545,-79.36479,631731.7328,4841355.9858,Unknown,Traffic Signal,Clear,Daylight,Dry,55,Thorncliffe Park,55,Thorncliffe Park (55),Non-Fatal Injury,0,0,1,0,0,0,0,0,0,0,0,0,0,Rear End,"['Driver', 'Vehicle Owner']",East,"['Automobile, Station Wagon', 'Other']","['Stopped', 'Going Ahead']","['Driving Properly', 'Lost control']","['Normal', 'Inattentive']",['Not Applicable'],['Not Applicable'],['Not Applicable'],['Not Applicable'],['Not Applicable'],False,"['30 to 34', '35 to 39', 'unknown', '50 to 54', '20 to 24']",3.0
1184757.0,2010-02-03 10:00:00,800,2010,LAKE SHORE BLVD W,LOUISA ST,Major Arterial,Etobicoke York,43.618945,-79.48649,622119.2243,4830663.1987,At Intersection,Stop Sign,Clear,Daylight,Dry,160,Mimico-Queensway,17,Mimico (includes Humber Bay Shores) (17),Non-Fatal Injury,1,0,1,0,0,0,0,0,0,1,0,0,0,Pedestrian Collisions,"['Driver', 'Pedestrian']",Unknown,"['Automobile, Station Wagon', 'Other']",['Going Ahead'],['Failed to Yield Right of Way'],['Unknown'],"['Crossing, no Traffic Control']",['Medical or Physical Disability'],['Not Applicable'],['Not Applicable'],['Not Applicable'],False,"['unknown', '50 to 54']",3.0
1184792.0,2020-06-27 08:00:00,1643,2020,EGLINTON AVE W,SCARLETT RD,Major Arterial,Etobicoke York,43.68389,-79.511417,619978.56,4837839.8142,At Intersection,Traffic Signal,Clear,Daylight,Dry,9,Edenbridge-Humber Valley,9,Edenbridge-Humber Valley (9),Non-Fatal Injury,0,1,1,0,0,0,0,0,0,1,0,0,0,Cyclist Collisions,"['Driver', 'Cyclist']",East,"['Pick Up Truck', 'Bicycle']","['Turning Right', 'Going Ahead']",['Failed to Yield Right of Way'],['Normal'],['Not Applicable'],['Not Applicable'],['Motorist turning right on green or amber at signalized intersection strikes cyclist.'],['Driving Properly'],['Normal'],False,"['35 to 39', '10 to 14']",3.0
1185601.0,2010-08-21 08:00:00,1338,2010,GERRARD ST E,NASMITH AVE,Minor Arterial,Toronto and East York,43.662945,-79.36229,632044.1193,4835740.1315,Unknown,No Control,Rain,Daylight,Wet,72,Regent Park,72,Regent Park (72),Non-Fatal Injury,0,0,1,1,0,0,0,0,0,1,0,0,0,Rear End,"['Motorcycle Driver', 'Other', 'Driver']",East,"['Motorcycle', 'Other', 'Automobile, Station Wagon']","['Going Ahead', 'Parked']","['Driving Properly', 'Following too Close']","['Normal', 'Unknown']",['Not Applicable'],['Not Applicable'],['Not Applicable'],['Not Applicable'],['Not Applicable'],False,"['55 to 59', 'unknown']",3.0
1185727.0,2010-07-20 08:00:00,2141,2010,FLEET ST,FLEET LAKE SHORE BLVD RAMP ST,Major Arterial,Toronto and East York,43.636045,-79.40209,628892.6463,4832689.9606,Unknown,Traffic Signal,Clear,Dark,Dry,163,Fort York-Liberty Village,82,Niagara (82),Non-Fatal Injury,0,1,0,0,0,1,0,0,0,0,0,0,0,Cyclist Collisions,"['Vehicle Owner', 'Driver', 'Cyclist']",North,"['Other', 'Municipal Transit Bus (TTC)', 'Bicycle']",['Going Ahead'],['Driving Properly'],['Normal'],['Not Applicable'],['Not Applicable'],"['Cyclist without ROW rides into path of motorist at inter, lnwy, dwy-Cyclist not turn.']",['Disobeyed Traffic Control'],['Normal'],False,"['unknown', '50 to 54']",3.0
1185756.0,2010-07-22 08:00:00,1234,2010,KING ST W,UNIVERSITY AVE,Major Arterial,Toronto and East York,43.647643,-79.384792,630262.9066,4834005.0748,At Intersection,Traffic Signal,Clear,Daylight,Dry,170,Yonge-Bay Corridor,76,Bay Street Corridor (76),Non-Fatal Injury,0,1,1,0,0,0,0,0,0,0,0,0,0,Cyclist Collisions,"['Vehicle Owner', 'Driver', 'Cyclist']",East,"['Automobile, Station Wagon', 'Bicycle']","['Stopped', 'Going Ahead']",['Driving Properly'],['Normal'],['Not Applicable'],['Not Applicable'],['Cyclist and Driver travelling in same direction. One vehicle rear-ended the other.'],['Improper Passing'],['Inattentive'],False,"['unknown', '25 to 29', '15 to 19']",3.0
1185844.0,2010-08-27 08:00:00,128,2010,DUNDAS ST W,BURNHAMTHORPE RD,Major Arterial,Etobicoke York,43.648945,-79.52929,618606.8,4833933.0161,Unknown,No Control,Clear,Dark,Dry,158,Islington,14,Islington-City Centre West (14),Non-Fatal Injury,1,0,1,0,0,0,0,0,0,0,0,0,0,Pedestrian Collisions,"['Driver', 'Pedestrian']",East,"['Automobile, Station Wagon', 'Other']",['Going Ahead'],['Other'],['Had Been Drinking'],"['Crossing, no Traffic Control']",['Had Been Drinking'],['Not Applicable'],['Not Applicable'],['Not Applicable'],False,"['20 to 24', '85 to 89']",3.0
1185970.0,2010-07-22 08:00:00,823,2010,OAKWOOD AVE,ROGERS RD,Minor Arterial,Toronto and East York,43.687145,-79.43869,625833.5428,4838309.1069,At Intersection,Traffic Signal,Clear,Daylight,Dry,107,Oakwood Village,107,Oakwood Village (107),Non-Fatal Injury,1,0,1,0,0,0,0,0,0,1,0,0,0,Pedestrian Collisions,"['Driver', 'Pedestrian', 'Vehicle Owner']",East,"['Automobile, Station Wagon', 'Other']",['Turning Left'],['Failed to Yield Right of Way'],['Inattentive'],['Crossing with right of way'],['Normal'],['Not Applicable'],['Not Applicable'],['Not Applicable'],False,"['25 to 29', '20 to 24', 'unknown']",3.0
1186032.0,2010-07-24 08:00:00,309,2010,DUFFERIN ST,WALLACE AVE,Major Arterial,Toronto and East York,43.664245,-79.43719,626002.3554,4835768.0315,Unknown,No Control,Clear,Daylight,Dry,172,Dovercourt Village,93,Dovercourt-Wallace Emerson-Junction (93),Non-Fatal Injury,0,0,1,0,0,0,0,0,1,1,0,1,0,SMV Unattended Vehicle,"['Other', 'Vehicle Owner', 'Driver']",Unknown,"['Other', 'Automobile, Station Wagon']","['Parked', 'Going Ahead']",['Lost control'],"['Ability Impaired, Alcohol']",['Not Applicable'],['Not Applicable'],['Not Applicable'],['Not Applicable'],['Not Applicable'],False,"['unknown', '25 to 29']",3.0
1186269.0,2010-07-25 08:00:00,1340,2010,MAPLEBRANCH PATH,DIXON RD,Major Arterial,Etobicoke York,43.697445,-79.54519,617230.0522,4839296.9764,At Intersection,Stop Sign,Clear,Daylight,Dry,6,Kingsview Village-The Westway,6,Kingsview Village-The Westway (6),Non-Fatal Injury,0,1,1,0,0,0,0,0,0,1,0,0,0,Cyclist Collisions,"['Driver', 'Cyclist']",East,"['Automobile, Station Wagon', 'Bicycle']","['Turning Right', 'Going Ahead']",['Failed to Yield Right of Way'],['Inattentive'],['Not Applicable'],['Not Applicable'],"['Motorist turns right at non-signal Inter.(stop, yield, no cont.,and dwy) and strikes cyclist.']",['Failed to Yield Right of Way'],['Inattentive'],False,"['55 to 59', '15 to 19']",3.0
1186302.0,2010-07-26 08:00:00,1947,2010,YONGE ST,DUNDAS ST E,Major Arterial,Toronto and East York,43.656345,-79.38089,630558.7401,4834977.6785,Unknown,Traffic Signal,Clear,Daylight,Dry,168,Downtown Yonge East,75,Church-Yonge Corridor (75),Non-Fatal Injury,0,1,0,0,0,0,0,0,0,0,0,0,0,Cyclist Collisions,"['Driver', 'Vehicle Owner', 'Cyclist']",North,"['Other', 'Bicycle']","['Going Ahead', 'Turning Left']",['Driving Properly'],['Normal'],['Not Applicable'],['Not Applicable'],['Cyclist turned left across motorists path.'],['Improper Turn'],['Had Been Drinking'],False,"['30 to 34', 'unknown', '40 to 44']",3.0
1186370.0,2010-07-18 08:00:00,427,2010,QUEEN ST W,UNIVERSITY AVE,Major Arterial,Toronto and East York,43.650845,-79.38659,630110.9864,4834357.8781,Unknown,Traffic Signal,Clear,Dark,Dry,170,Yonge-Bay Corridor,76,Bay Street Corridor (76),Non-Fatal Injury,1,0,1,0,0,0,0,0,0,1,1,0,0,Pedestrian Collisions,"['Vehicle Owner', 'Driver', 'Pedestrian']",East,"['Other', 'Automobile, Station Wagon']",['Going Ahead'],['Disobeyed Traffic Control'],['Inattentive'],['Crossing with right of way'],['Had Been Drinking'],['Not Applicable'],['Not Applicable'],['Not Applicable'],False,"['unknown', '35 to 39', '25 to 29']",3.0
1186516.0,2010-07-23 08:00:00,1737,2010,DANFORTH AVE,GREENWOOD AVE,Major Arterial,Toronto and East York,43.681245,-79.33319,634349.5592,4837819.3228,Unknown,No Control,Clear,Daylight,Dry,69,Blake-Jones,69,Blake-Jones (69),Non-Fatal Injury,0,0,1,1,0,0,0,0,0,0,0,0,0,Turning Movement,"['Motorcycle Driver', 'Other', 'Vehicle Owner', 'Driver']",East,"['Motorcycle', 'Other', 'Automobile, Station Wagon']","['Going Ahead', 'Parked', 'Making U Turn']","['Driving Properly', 'Improper Turn']","['Normal', 'Inattentive']",['Not Applicable'],['Not Applicable'],['Not Applicable'],['Not Applicable'],['Not Applicable'],False,"['25 to 29', 'unknown', '35 to 39']",3.0
118659.0,2020-01-17 10:00:00,2140,2020,THE EAST MALL,CORONET RD,Minor Arterial,Etobicoke York,43.622786,-79.549739,617008.4153,4830998.7122,At Intersection,No Control,Clear,"Dark, artificial",Dry,159,Etobicoke City Centre,14,Islington-City Centre West (14),Non-Fatal Injury,0,0,1,0,0,0,0,0,0,0,0,1,0,Sideswipe,['Driver'],South,"['Automobile, Station Wagon']","['Changing Lanes', 'Going Ahead']","['Improper Lane Change', 'Driving Properly']","['Ability Impaired, Alcohol Over .08', 'Normal']",['Not Applicable'],['Not Applicable'],['Not Applicable'],['Not Applicable'],['Not Applicable'],False,"['30 to 34', '40 to 44']",3.0
1186795.0,2010-08-28 08:00:00,2030,2010,WESTMORE DR,COUNTRYMAN CRCL,Collector,Etobicoke York,43.733645,-79.600589,612698.0378,4843240.6521,At Intersection,Stop Sign,Clear,Dark,Dry,1,West Humber-Clairville,1,West Humber-Clairville (1),Non-Fatal Injury,1,0,1,0,0,0,0,0,0,0,0,0,0,Pedestrian Collisions,"['Driver', 'Pedestrian']",North,"['Automobile, Station Wagon', 'Other']",['Going Ahead'],['Driving Properly'],['Unknown'],"['Crossing, no Traffic Control']",['Inattentive'],['Not Applicable'],['Not Applicable'],['Not Applicable'],False,"['unknown', '15 to 19']",3.0
1186908.0,2010-09-02 08:00:00,1040,2010,MILLWOOD Rd,VILLAGE STATION Rd,Major Arterial,North York,43.701845,-79.35809,632297.2249,4840067.2046,At Intersection,No Control,Clear,Daylight,Dry,56,Leaside-Bennington,56,Leaside-Bennington (56),Non-Fatal Injury,0,0,1,0,0,0,0,0,0,0,0,0,0,Angle,['Driver'],East,"['Automobile, Station Wagon']",['Going Ahead'],"['Driving Properly', 'Lost control']","['Normal', 'Unknown']",['Not Applicable'],['Not Applicable'],['Not Applicable'],['Not Applicable'],['Not Applicable'],False,"['45 to 49', '85 to 89']",3.0
1186961.0,2010-07-29 08:00:00,1420,2010,AVENUE RD,PEARS AVE,Major Arterial,Toronto and East York,43.675545,-79.39689,629227.3429,4837085.0437,At Intersection,No Control,Clear,Daylight,Dry,95,Annex,95,Annex (95),Non-Fatal Injury,0,0,1,0,0,0,0,0,0,1,0,0,0,Rear End,"['Vehicle Owner', 'Driver']",North,"['Other', 'Automobile, Station Wagon']","['Going Ahead', 'Stopped']","['Following too Close', 'Driving Properly']","['Inattentive', 'Normal']",['Not Applicable'],['Not Applicable'],['Not Applicable'],['Not Applicable'],['Not Applicable'],False,"['unknown', '25 to 29', '40 to 44']",3.0
1186968.0,2020-06-27 08:00:00,2256,2020,DREWRY AVE,GRANTBROOK ST,Minor Arterial,North York,43.783492,-79.433727,626031.2599,4849017.3821,At Intersection,No Control,Rain,Dark,Wet,36,Newtonbrook West,36,Newtonbrook West (36),Non-Fatal Injury,0,0,1,0,0,0,0,0,0,0,0,0,0,Rear End,['Driver'],West,"['Automobile, Station Wagon']","['Going Ahead', 'Stopped']","['Lost control', 'Driving Properly']",['Normal'],['Not Applicable'],['Not Applicable'],['Not Applicable'],['Not Applicable'],['Not Applicable'],False,['35 to 39'],3.0
1187617.0,2010-07-30 08:00:00,505,2010,BATHURST ST,ARDMORE RD,Major Arterial,Toronto and East York,43.693745,-79.42259,627117.1886,4839066.683,At Intersection,Stop Sign,Clear,Dark,Dry,101,Forest Hill South,101,Forest Hill South (101),Non-Fatal Injury,0,0,1,0,0,0,0,0,0,1,0,0,0,Turning Movement,"['Vehicle Owner', 'Driver', 'Other Property Owner']",North,"['Other', 'Automobile, Station Wagon']","['Turning Right', 'Going Ahead']","['Failed to Yield Right of Way', 'Driving Properly']","['Inattentive', 'Normal']",['Not Applicable'],['Not Applicable'],['Not Applicable'],['Not Applicable'],['Not Applicable'],False,"['unknown', '55 to 59', '25 to 29']",3.0
1187629.0,2010-07-30 08:00:00,2015,2010,THE ESPLANADE,CHURCH ST,Collector,Toronto and East York,43.647245,-79.37329,631191.3935,4833978.9903,At Intersection,Traffic Signal,Clear,Daylight,Dry,166,St Lawrence-East Bayfront-The Islands,77,Waterfront Communities-The Island (77),Non-Fatal Injury,0,0,1,1,0,0,0,1,0,1,0,0,0,Turning Movement,"['Passenger', 'Motorcycle Driver', 'Driver']",East,"['Other', 'Motorcycle', 'Automobile, Station Wagon']","['Going Ahead', 'Turning Left']","['Other', 'Failed to Yield Right of Way']","['Had Been Drinking', 'Normal']",['Not Applicable'],['Not Applicable'],['Not Applicable'],['Not Applicable'],['Not Applicable'],False,"['15 to 19', '25 to 29']",3.0
1187759.0,2010-07-08 08:00:00,1429,2010,1048 BLOOR ST W,Not Applicable,Major Arterial,Toronto and East York,43.660545,-79.43229,626405.189,4835364.5513,Unknown,No Control,Clear,Daylight,Dry,172,Dovercourt Village,93,Dovercourt-Wallace Emerson-Junction (93),Non-Fatal Injury,1,0,1,0,0,0,0,0,0,0,0,0,0,Pedestrian Collisions,"['Driver', 'Pedestrian']",East,"['Automobile, Station Wagon', 'Other']",['Going Ahead'],['Driving Properly'],['Normal'],['Running onto Roadway'],['Not Applicable'],['Not Applicable'],['Not Applicable'],['Not Applicable'],False,"['20 to 24', '10 to 14']",3.0
1187943.0,2010-08-02 08:00:00,850,2010,SPADINA Rd,MACPHERSON Ave,Minor Arterial,Toronto and East York,43.675845,-79.40749,628372.2243,4837101.9029,At Intersection,Stop Sign,Clear,Daylight,Dry,96,Casa Loma,96,Casa Loma (96),Non-Fatal Injury,0,0,1,0,0,0,0,1,0,1,0,0,0,Angle,"['Passenger', 'Driver']",South,"['Other', 'Automobile, Station Wagon']",['Going Ahead'],"['Driving Properly', 'Failed to Yield Right of Way']","['Normal', 'Inattentive']",['Not Applicable'],['Not Applicable'],['Not Applicable'],['Not Applicable'],['Not Applicable'],False,"['55 to 59', '30 to 34', '25 to 29']",3.0
1188020.0,2010-08-17 08:00:00,1400,2010,MORNINGSIDE AVE,OLD FINCH AVE,Pending,Scarborough,43.819245,-79.21619,643450.1207,4853342.5276,Unknown,No Control,Clear,Daylight,Dry,146,Malvern East,132,Malvern (132),Non-Fatal Injury,1,0,1,0,0,0,0,0,0,0,0,0,0,Pedestrian Collisions,"['Driver', 'Pedestrian']",South,"['Automobile, Station Wagon', 'Other']",['Going Ahead'],['Other'],['Unknown'],['On Sidewalk or Shoulder'],"['Ability Impaired, Drugs']",['Not Applicable'],['Not Applicable'],['Not Applicable'],False,"['unknown', '40 to 44']",3.0
1188104.0,2010-07-17 08:00:00,240,2010,HARBORD ST,BATHURST ST,Major Arterial,Toronto and East York,43.661545,-79.40979,628217.2638,4835510.1396,At Intersection,Traffic Signal,Clear,Dark,Dry,80,Palmerston-Little Italy,80,Palmerston-Little Italy (80),Non-Fatal Injury,1,0,1,0,0,0,0,0,1,1,0,0,0,Pedestrian Collisions,"['Driver', 'Pedestrian']",Unknown,"['Automobile, Station Wagon', 'Other']","['Going Ahead', 'Turning Left']","['Exceeding Speed Limit', 'Failed to Yield Right of Way']","['Normal', 'Unknown']",['On Sidewalk or Shoulder'],"['Inattentive', 'Normal']",['Not Applicable'],['Not Applicable'],['Not Applicable'],False,"['25 to 29', '20 to 24', '50 to 54']",3.0
1188309.0,2010-07-24 08:00:00,200,2010,COLLEGE ST,BATHURST ST,Major Arterial,Toronto and East York,43.656445,-79.40769,628397.4569,4834946.9648,At Intersection,Traffic Signal,Clear,Dark,Dry,78,Kensington-Chinatown,78,Kensington-Chinatown (78),Non-Fatal Injury,1,0,1,0,0,0,0,0,0,0,0,0,0,Pedestrian Collisions,"['Vehicle Owner', 'Driver', 'Pedestrian']",North,"['Other', 'Taxi']",['Going Ahead'],['Driving Properly'],['Normal'],['Crossing without right of way'],['Inattentive'],['Not Applicable'],['Not Applicable'],['Not Applicable'],False,"['unknown', '50 to 54', '60 to 64']",3.0
1188456.0,2010-08-04 08:00:00,1530,2010,5785 YONGE ST,Not Applicable,Major Arterial,North York,43.783745,-79.41659,627409.6753,4849071.7141,Unknown,No Control,Clear,Daylight,Dry,36,Newtonbrook West,36,Newtonbrook West (36),Non-Fatal Injury,0,0,1,1,0,0,0,0,0,0,0,0,0,Turning Movement,"['Motorcycle Driver', 'Driver']",North,"['Motorcycle', 'Automobile, Station Wagon']","['Going Ahead', 'Turning Left']","['Driving Properly', 'Improper Turn']",['Normal'],['Not Applicable'],['Not Applicable'],['Not Applicable'],['Not Applicable'],['Not Applicable'],False,"['20 to 24', '35 to 39']",3.0
1188695.0,2010-08-06 08:00:00,1538,2010,AVENUE Rd,GLENVIEW Ave,Major Arterial,North York,43.717845,-79.41449,627718.7501,4841755.7755,Unknown,No Control,Rain,Daylight,Wet,103,Lawrence Park South,103,Lawrence Park South (103),Non-Fatal Injury,0,1,0,0,0,0,0,0,0,0,0,0,0,SMV Other,['Moped Driver'],South,['Moped'],['Going Ahead'],['Lost control'],['Normal'],['Not Applicable'],['Not Applicable'],['Not Applicable'],['Not Applicable'],['Not Applicable'],False,['45 to 49'],3.0
1188699.0,2010-08-06 08:00:00,1230,2010,LESLIE St,FARMSTEAD Rd,Major Arterial,North York,43.754845,-79.36039,631995.4293,4845949.9591,Unknown,No Control,Clear,Daylight,Dry,40,St.Andrew-Windfields,40,St.Andrew-Windfields (40),Non-Fatal Injury,1,0,1,0,0,0,0,0,0,0,0,0,0,Pedestrian Collisions,"['Driver', 'Pedestrian']",North,"['Automobile, Station Wagon', 'Other']","['Going Ahead', 'Unknown']",['Driving Properly'],['Normal'],"['Crossing, no Traffic Control']",['Inattentive'],['Not Applicable'],['Not Applicable'],['Not Applicable'],False,"['45 to 49', '20 to 24']",3.0
1188832.0,2010-09-13 08:00:00,639,2010,MARKHAM RD,ELLESMERE RD,Major Arterial,Scarborough,43.776445,-79.23179,642297.1555,4848561.9635,At Intersection,Traffic Signal,Rain,Dawn,Wet,142,Woburn North,137,Woburn (137),Non-Fatal Injury,1,0,1,0,0,0,0,0,0,0,0,0,0,Pedestrian Collisions,"['Driver', 'Pedestrian']",East,"['Automobile, Station Wagon', 'Other']",['Turning Left'],['Driving Properly'],['Normal'],['Crossing without right of way'],['Unknown'],['Not Applicable'],['Not Applicable'],['Not Applicable'],False,"['35 to 39', '20 to 24']",3.0
1188873.0,2010-08-07 08:00:00,1820,2010,BLOOR ST E,CASTLE FRANK RD,Major Arterial,Toronto and East York,43.674045,-79.36779,631576.4084,4836964.1971,Unknown,No Control,Clear,Daylight,Dry,71,Cabbagetown-South St.James Town,71,Cabbagetown-South St.James Town (71),Non-Fatal Injury,1,1,0,0,0,0,0,0,0,0,0,0,0,Pedestrian Collisions,"['Pedestrian', 'Cyclist']",East,"['Other', 'Bicycle']",['Going Ahead'],[],[],['Other'],"['Ability Impaired, Alcohol']",['Cyclist strikes pedestrian.'],['Driving Properly'],['Unknown'],False,"['20 to 24', '55 to 59']",3.0
1188927.0,2010-08-07 08:00:00,2000,2010,DANFORTH AVE,MOBERLY AVE,Major Arterial,Toronto and East York,43.685345,-79.31409,635879.8334,4838305.8028,Unknown,No Control,Clear,Dusk,Dry,64,Woodbine Corridor,64,Woodbine Corridor (64),Non-Fatal Injury,0,1,1,0,0,0,0,0,0,0,0,0,0,Cyclist Collisions,"['Driver', 'Cyclist']",East,"['Automobile, Station Wagon', 'Bicycle']",['Going Ahead'],['Lost control'],['Unknown'],['Not Applicable'],['Not Applicable'],['Motorist loses control and strikes cyclist.'],['Driving Properly'],['Normal'],False,"['70 to 74', '20 to 24']",3.0
1189019.0,2010-09-14 08:00:00,20,2010,LAKE SHORE Boul W,ISLINGTON Aven,Major Arterial,Etobicoke York,43.600845,-79.50469,620686.9184,4828626.3695,Unknown,No Control,Clear,Dark,Dry,18,New Toronto,18,New Toronto (18),Non-Fatal Injury,0,0,1,0,0,0,0,1,0,0,0,0,1,SMV Unattended Vehicle,"['Passenger', 'Driver', 'Vehicle Owner']",West,"['Other', 'Automobile, Station Wagon']",['Going Ahead'],['Lost control'],['Medical or Physical Disability'],['Not Applicable'],['Not Applicable'],['Not Applicable'],['Not Applicable'],['Not Applicable'],False,"['25 to 29', '60 to 64', 'unknown']",3.0
1189134.0,2010-09-14 08:00:00,1055,2010,SPADINA AVE,SULLIVAN ST,Major Arterial,Toronto and East York,43.650945,-79.39729,629247.8777,4834352.2633,Unknown,No Control,Clear,Daylight,Dry,78,Kensington-Chinatown,78,Kensington-Chinatown (78),Fatal,1,0,0,0,0,1,0,0,0,0,0,0,0,Pedestrian Collisions,"['Vehicle Owner', 'Driver', 'Pedestrian']",North,"['Other', 'Municipal Transit Bus (TTC)']",['Going Ahead'],['Driving Properly'],['Normal'],"['Crossing, no Traffic Control']",['Unknown'],['Not Applicable'],['Not Applicable'],['Not Applicable'],True,"['unknown', '35 to 39', '80 to 84']",4.0
1189140.0,2010-09-14 08:00:00,1100,2010,KINGSTON RD,LAKESIDE AVE,Major Arterial,Scarborough,43.690745,-79.26609,639736.0111,4838985.318,At Intersection,Stop Sign,Clear,Daylight,Dry,122,Birchcliffe-Cliffside,122,Birchcliffe-Cliffside (122),Non-Fatal Injury,0,0,1,1,0,0,0,0,0,1,0,0,0,Turning Movement,"['Motorcycle Driver', 'Driver']",East,"['Motorcycle', 'Automobile, Station Wagon']","['Turning Left', 'Going Ahead']","['Failed to Yield Right of Way', 'Driving Properly']",['Normal'],['Not Applicable'],['Not Applicable'],['Not Applicable'],['Not Applicable'],['Not Applicable'],False,['70 to 74'],3.0
1189375.0,2010-09-15 08:00:00,418,2010,WESTON RD,CHURCH ST,Minor Arterial,Etobicoke York,43.703245,-79.52599,618765.7675,4839968.4703,Unknown,No Control,Clear,Dark,Dry,113,Weston,113,Weston (113),Fatal,0,0,1,0,0,0,0,0,1,1,0,0,0,SMV Unattended Vehicle,"['Other', 'Vehicle Owner', 'Driver', 'Other Property Owner']",North,"['Other', 'Automobile, Station Wagon']","['Parked', 'Going Ahead']",['Lost control'],['Had Been Drinking'],['Not Applicable'],['Not Applicable'],['Not Applicable'],['Not Applicable'],['Not Applicable'],True,"['unknown', '25 to 29']",4.0
1189642.0,2010-08-12 08:00:00,1116,2010,EGLINTON Ave E,GILDER Dr,Major Arterial,Scarborough,43.735545,-79.25319,640670.7741,4843982.8314,At Intersection,Traffic Signal,Clear,Daylight,Dry,124,Kennedy Park,124,Kennedy Park (124),Non-Fatal Injury,0,0,1,0,0,1,0,1,0,1,0,0,0,Rear End,"['Passenger', 'Driver', 'Vehicle Owner']",West,"['Other', 'Automobile, Station Wagon', 'Municipal Transit Bus (TTC)']","['Stopped', 'Slowing or Stopping']","['Driving Properly', 'Following too Close']",['Normal'],['Not Applicable'],['Not Applicable'],['Not Applicable'],['Not Applicable'],['Not Applicable'],False,"['70 to 74', '55 to 59', '5 to 9', 'unknown']",3.0