accident_number,date,time,year,street1,street2,road_class,district,latitude,longitude,x,y,accident_location,traffctl,visibility,light,road_surface_condition,hood_158,neighbourhood_new,hood_140,neighbourhood_old,accident_class,pedestrian,cyclist,automobile,motorcycle,truck,trsn_city_veh,emerg_veh,passenger,speeding,aggressive_driving,redlight,alcohol,disability,impact_type,involvement_type,initial_direction,vehicle_type,manoeuver,driver_action,driver_condition,pedestrian_action,pedestrian_condition,cyclist_type,cyclist_action,cyclist_condition,injury,involvement_age,injury_severity_score
1189933.0,2010-08-13 08:00:00,904,2010,DUNCAN ST,NELSON ST,Collector,Toronto and East York,43.648845,-79.38889,629929.8169,4834132.1483,At Intersection,Stop Sign,Clear,Daylight,Dry,164,Wellington Place,77,Waterfront Communities-The Island (77),Non-Fatal Injury,0,0,1,0,0,0,0,0,0,1,0,0,0,Angle,['Driver'],East,"['Automobile, Station Wagon', 'Other']",['Going Ahead'],"['Disobeyed Traffic Control', 'Driving Properly']","['Inattentive', 'Unknown']",['Not Applicable'],['Not Applicable'],['Not Applicable'],['Not Applicable'],['Not Applicable'],False,"['35 to 39', '45 to 49']",3.0
1190214.0,2010-08-15 08:00:00,2035,2010,FINCH AVE E,MIDLAND AVE,Major Arterial,Scarborough,43.803745,-79.28629,637848.4268,4851501.8312,At Intersection,Traffic Signal,Rain,Dusk,Wet,128,Agincourt South-Malvern West,128,Agincourt South-Malvern West (128),Non-Fatal Injury,0,0,1,0,0,0,0,0,0,1,0,0,0,Turning Movement,"['Driver', 'Vehicle Owner']",East,"['Automobile, Station Wagon', 'Other']","['Going Ahead', 'Turning Left']","['Driving Properly', 'Failed to Yield Right of Way']","['Normal', 'Inattentive']",['Not Applicable'],['Not Applicable'],['Not Applicable'],['Not Applicable'],['Not Applicable'],False,"['35 to 39', 'unknown', '20 to 24']",3.0
1190299.0,2010-09-20 08:00:00,1008,2010,PINEWAY BLVD,FINCH AVE E,Major Arterial,North York,43.789145,-79.37329,630882.0723,4849739.0222,At Intersection,Traffic Signal,Clear,Daylight,Dry,52,Bayview Village,49,Bayview Woods-Steeles (49),Non-Fatal Injury,1,0,1,0,0,0,0,0,0,1,0,0,0,Pedestrian Collisions,"['Driver', 'Pedestrian']",North,"['Automobile, Station Wagon', 'Other']",['Turning Left'],['Failed to Yield Right of Way'],['Normal'],['Crossing with right of way'],['Normal'],['Not Applicable'],['Not Applicable'],['Not Applicable'],False,"['30 to 34', '70 to 74']",3.0
1191013.0,2010-09-23 08:00:00,902,2010,KENNEDY Road,BERTRAND Aven,Major Arterial,Scarborough,43.737445,-79.27009,639305.3933,4844165.2996,At Intersection,Traffic Signal,Clear,Daylight,Dry,125,Ionview,125,Ionview (125),Non-Fatal Injury,0,1,1,0,0,0,0,0,0,1,1,0,0,Cyclist Collisions,"['Driver', 'Cyclist']",North,"['Automobile, Station Wagon', 'Bicycle']","['Going Ahead', 'Turning Left']",['Disobeyed Traffic Control'],['Inattentive'],['Not Applicable'],['Not Applicable'],"['Motorist without ROW drives into path of cyclist at inter, lnwy, dwy-Driver not turn.']",['Driving Properly'],['Normal'],False,"['25 to 29', '50 to 54']",3.0
1191325.0,2010-09-24 08:00:00,2225,2010,ALBION RD,TODD BROOK DR,Major Arterial,Etobicoke York,43.738245,-79.57159,615024.6076,4843791.3962,Unknown,No Control,Clear,Dark,Dry,3,Thistletown-Beaumond Heights,3,Thistletown-Beaumond Heights (3),Non-Fatal Injury,0,0,1,1,0,0,0,0,1,1,0,0,0,Rear End,"['Motorcycle Driver', 'Driver']",East,"['Motorcycle', 'Automobile, Station Wagon']",['Going Ahead'],"['Exceeding Speed Limit', 'Driving Properly']",['Normal'],['Not Applicable'],['Not Applicable'],['Not Applicable'],['Not Applicable'],['Not Applicable'],False,"['20 to 24', '50 to 54']",3.0
1191508.0,2010-09-26 08:00:00,1550,2010,ROSEDALE VALLEY RD,BLOOR ST E,Minor Arterial,Toronto and East York,43.671045,-79.36419,631873.1869,4836636.7232,Unknown,No Control,Clear,Daylight,Dry,71,Cabbagetown-South St.James Town,71,Cabbagetown-South St.James Town (71),Non-Fatal Injury,0,0,0,1,0,0,0,1,0,1,0,0,0,SMV Other,"['Motorcycle Passenger', 'Motorcycle Driver']",West,"['Other', 'Motorcycle']",['Overtaking'],['Improper Passing'],['Unknown'],['Not Applicable'],['Not Applicable'],['Not Applicable'],['Not Applicable'],['Not Applicable'],False,"['20 to 24', '35 to 39']",3.0
1191546.0,2010-09-26 08:00:00,2235,2010,HIGHWAY 27  N,VICE REGENT BLVD,Major Arterial,Etobicoke York,43.711345,-79.59279,613368.1665,4840774.5634,At Intersection,Stop Sign,Clear,Dark,Dry,1,West Humber-Clairville,1,West Humber-Clairville (1),Fatal,0,0,1,0,0,0,0,1,1,1,0,1,0,Turning Movement,"['Vehicle Owner', 'Driver', 'Passenger']",North,"['Other', 'Automobile, Station Wagon']","['Going Ahead', 'Turning Left']","['Exceeding Speed Limit', 'Driving Properly']","['Ability Impaired, Alcohol Over .08', 'Normal']",['Not Applicable'],['Not Applicable'],['Not Applicable'],['Not Applicable'],['Not Applicable'],True,"['unknown', '45 to 49', '5 to 9', '25 to 29', '30 to 34']",4.0
1191582.0,2010-09-26 08:00:00,2309,2010,LAKE SHORE BLVD W,COLBORNE LODGE DR,Major Arterial,Toronto and East York,43.637945,-79.45899,624298.9439,4832814.1987,At Intersection,Traffic Signal,Clear,Dark,Dry,85,South Parkdale,85,South Parkdale (85),Fatal,0,1,1,0,0,0,0,0,0,0,0,0,0,Cyclist Collisions,"['Driver', 'Cyclist']",East,"['Automobile, Station Wagon', 'Bicycle']",['Going Ahead'],['Driving Properly'],['Normal'],['Not Applicable'],['Not Applicable'],"['Cyclist without ROW rides into path of motorist at inter, lnwy, dwy-Cyclist not turn.']",['Disobeyed Traffic Control'],['Had Been Drinking'],True,"['30 to 34', '60 to 64', '25 to 29']",4.0
1192115.0,2010-08-25 08:00:00,855,2010,BATHURST ST,SHEPPARD AVE W,Major Arterial,North York,43.755445,-79.43849,625706.7404,4845895.0985,At Intersection,Traffic Signal,Clear,Daylight,Dry,33,Clanton Park,33,Clanton Park (33),Non-Fatal Injury,0,0,1,0,0,0,0,1,0,1,1,0,0,Turning Movement,"['Vehicle Owner', 'Driver', 'Passenger']",East,"['Other', 'Automobile, Station Wagon']","['Turning Left', 'Stopped', 'Going Ahead']","['Driving Properly', 'Disobeyed Traffic Control']",['Normal'],['Not Applicable'],['Not Applicable'],['Not Applicable'],['Not Applicable'],['Not Applicable'],False,"['unknown', '20 to 24', '35 to 39', '5 to 9', '30 to 34']",3.0
1192130.0,2010-08-25 08:00:00,2344,2010,CHESSWOOD DR,CHAMPAGNE DR,Minor Arterial,North York,43.764345,-79.47659,622621.3563,4846826.4565,At Intersection,Stop Sign,Clear,Dark,Dry,27,York University Heights,27,York University Heights (27),Non-Fatal Injury,0,0,1,1,0,0,0,0,0,1,0,0,0,Angle,"['Vehicle Owner', 'Motorcycle Driver', 'Driver']",North,"['Other', 'Motorcycle', 'Automobile, Station Wagon']",['Going Ahead'],"['Disobeyed Traffic Control', 'Other']",['Had Been Drinking'],['Not Applicable'],['Not Applicable'],['Not Applicable'],['Not Applicable'],['Not Applicable'],False,"['unknown', '30 to 34', '50 to 54']",3.0
1192613.0,2010-10-01 08:00:00,1232,2010,KING ST W,FRASER AVE,Major Arterial,Toronto and East York,43.639445,-79.42479,627054.4054,4833032.5758,At Intersection,Stop Sign,Clear,Daylight,Dry,85,South Parkdale,85,South Parkdale (85),Non-Fatal Injury,0,0,1,1,0,0,0,0,0,0,0,0,0,Turning Movement,"['Motorcycle Driver', 'Driver']",East,"['Motorcycle', 'Automobile, Station Wagon']","['Going Ahead', 'Turning Left']","['Driving Properly', 'Improper Turn']","['Normal', 'Inattentive']",['Not Applicable'],['Not Applicable'],['Not Applicable'],['Not Applicable'],['Not Applicable'],False,"['30 to 34', '55 to 59']",3.0
1192618.0,2010-09-01 08:00:00,1810,2010,FINCH AVE W,PEARLDALE AVE,Major Arterial,Etobicoke York,43.747745,-79.56239,615747.1465,4844859.3207,At Intersection,Traffic Signal,Clear,Daylight,Dry,22,Humbermede,22,Humbermede (22),Non-Fatal Injury,1,0,1,0,0,0,0,0,0,1,0,0,0,Pedestrian Collisions,"['Pedestrian', 'Driver']",South,"['Other', 'Automobile, Station Wagon']",['Turning Left'],['Failed to Yield Right of Way'],['Normal'],['Crossing with right of way'],['Normal'],['Not Applicable'],['Not Applicable'],['Not Applicable'],False,"['0 to 4', '25 to 29', '35 to 39']",3.0
1192624.0,2010-09-01 08:00:00,1905,2010,SHAFTESBURY ST,CODSELL AVE,Local,North York,43.754843,-79.456088,624291.2771,4845801.6793,Unknown,Stop Sign,Clear,Dusk,Dry,34,Bathurst Manor,34,Bathurst Manor (34),Non-Fatal Injury,0,1,0,0,0,0,0,0,0,0,0,0,0,SMV Other,['Moped Driver'],South,['Moped'],['Going Ahead'],[],[],['Not Applicable'],['Not Applicable'],['Not Applicable'],['Not Applicable'],['Not Applicable'],False,['55 to 59'],3.0
1192726.0,2010-10-02 08:00:00,2017,2010,DANFORTH RD,BIRCHMOUNT RD,Minor Arterial,Scarborough,43.706445,-79.26849,639506.1756,4840724.9856,Unknown,No Control,Clear,Dark,Dry,120,Clairlea-Birchmount,120,Clairlea-Birchmount (120),Non-Fatal Injury,1,0,1,0,0,0,0,1,0,0,0,0,0,Pedestrian Collisions,"['Passenger', 'Driver', 'Pedestrian']",East,"['Other', 'Automobile, Station Wagon']",['Slowing or Stopping'],['Driving Properly'],['Normal'],"['Crossing, no Traffic Control']",['Unknown'],['Not Applicable'],['Not Applicable'],['Not Applicable'],False,"['0 to 4', '5 to 9', '10 to 14', '35 to 39', '75 to 79']",3.0
1193019.0,2010-10-04 08:00:00,1619,2010,FRONT ST W,BLUE JAYS WAY,Minor Arterial,Toronto and East York,43.643445,-79.39129,629747.8895,4833528.6532,At Intersection,Traffic Signal,Rain,Daylight,Wet,164,Wellington Place,77,Waterfront Communities-The Island (77),Non-Fatal Injury,0,0,1,0,0,0,0,0,0,1,0,0,0,Turning Movement,['Driver'],East,"['Automobile, Station Wagon']","['Going Ahead', 'Turning Left']","['Driving Properly', 'Failed to Yield Right of Way']",['Normal'],['Not Applicable'],['Not Applicable'],['Not Applicable'],['Not Applicable'],['Not Applicable'],False,"['30 to 34', '35 to 39']",3.0
1193206.0,2010-09-02 08:00:00,1715,2010,MCLEVIN AVE,HUPFIELD TRL,Minor Arterial,Scarborough,43.810045,-79.22049,643126.2987,4852313.2686,Unknown,No Control,Clear,Daylight,Dry,146,Malvern East,132,Malvern (132),Non-Fatal Injury,0,0,1,0,0,0,0,1,1,1,0,0,0,Rear End,"['Driver', 'Passenger']",West,"['Other', 'Automobile, Station Wagon']","['Parked', 'Going Ahead']","['Driving Properly', 'Speed too Fast For Condition']","['Unknown', 'Normal']",['Not Applicable'],['Not Applicable'],['Not Applicable'],['Not Applicable'],['Not Applicable'],False,"['45 to 49', '25 to 29', '20 to 24']",3.0
1193217.0,2010-09-02 08:00:00,1640,2010,COLLEGE ST,GLADSTONE AVE,Major Arterial,Toronto and East York,43.652845,-79.43109,626518.1163,4834511.1943,At Intersection,No Control,Clear,Daylight,Dry,84,Little Portugal,83,Dufferin Grove (83),Non-Fatal Injury,0,1,1,0,0,0,0,0,0,0,0,0,0,Cyclist Collisions,"['Driver', 'Cyclist']",North,"['Automobile, Station Wagon', 'Bicycle']",['Going Ahead'],['Driving Properly'],['Normal'],['Not Applicable'],['Not Applicable'],"['Cyclist without ROW rides into path of motorist at inter, lnwy, dwy-Cyclist not turn.']",['Other'],['Normal'],False,"['40 to 44', '45 to 49']",3.0
1193686.0,2010-08-27 08:00:00,1103,2010,EGLINTON AVE E,HOLLY ST,Major Arterial,Toronto and East York,43.707045,-79.39669,629175.8215,4840583.8654,Unknown,No Control,Clear,Daylight,Dry,174,South Eglinton-Davisville,104,Mount Pleasant West (104),Non-Fatal Injury,1,0,0,0,1,0,0,0,1,1,0,0,0,Pedestrian Collisions,"['Truck Driver', 'Other', 'Pedestrian']",Unknown,"['Truck - Open', 'Other']",['Going Ahead'],['Speed too Fast For Condition'],['Inattentive'],['Playing or Working on Highway'],['Normal'],['Not Applicable'],['Not Applicable'],['Not Applicable'],False,"['45 to 49', 'unknown', '40 to 44']",3.0
1193747.0,2010-10-07 08:00:00,2044,2010,DORIS AVE,HOLLYWOOD AVE,Minor Arterial,North York,43.765745,-79.40909,628051.5843,4847084.1095,Unknown,Pedestrian Crossover,Clear,Dark,Dry,151,Yonge-Doris,51,Willowdale East (51),Fatal,1,0,1,0,0,0,0,0,0,1,0,0,0,Pedestrian Collisions,"['Driver', 'Pedestrian']",South,"['Automobile, Station Wagon', 'Other']",['Going Ahead'],['Failed to Yield Right of Way'],['Normal'],"['Crossing, Pedestrian Crossover']",['Normal'],['Not Applicable'],['Not Applicable'],['Not Applicable'],True,['40 to 44'],4.0
1193861.0,2010-10-08 08:00:00,815,2010,ALBION RD,SANAGAN RD,Major Arterial,Etobicoke York,43.738945,-79.57619,614652.848,4843862.7655,At Intersection,Traffic Signal,Clear,Daylight,Dry,3,Thistletown-Beaumond Heights,3,Thistletown-Beaumond Heights (3),Non-Fatal Injury,1,0,1,0,0,0,0,0,0,1,1,0,0,Pedestrian Collisions,"['Driver', 'Pedestrian']",East,"['Automobile, Station Wagon', 'Other']",['Going Ahead'],['Disobeyed Traffic Control'],['Inattentive'],['Crossing with right of way'],['Unknown'],['Not Applicable'],['Not Applicable'],['Not Applicable'],False,"['45 to 49', '70 to 74']",3.0
1193897.0,2010-10-08 08:00:00,915,2010,SHEPPARD AVE E,KENNEDY RD,Major Arterial,Scarborough,43.783045,-79.289287,637654.87,4849197.7786,Unknown,No Control,Clear,Daylight,Dry,118,Tam O'Shanter-Sullivan,118,Tam O'Shanter-Sullivan (118),Non-Fatal Injury,1,0,0,0,0,1,0,0,0,1,0,0,0,Pedestrian Collisions,"['Vehicle Owner', 'Driver', 'Pedestrian']",Unknown,"['Other', 'Municipal Transit Bus (TTC)']",['Pulling Away from Shoulder or Curb'],['Failed to Yield Right of Way'],['Normal'],['Person Getting on/off Vehicle'],['Normal'],['Not Applicable'],['Not Applicable'],['Not Applicable'],False,"['unknown', '60 to 64', '85 to 89']",3.0
1193945.0,2010-10-09 08:00:00,203,2010,HIGHWAY 27  N,BETHRIDGE Rd,Major Arterial,Etobicoke York,43.708145,-79.59119,613503.1069,4840421.349,Unknown,No Control,Clear,Dark,Dry,1,West Humber-Clairville,1,West Humber-Clairville (1),Non-Fatal Injury,0,0,1,0,1,0,0,0,1,1,0,0,0,Rear End,"['Truck Driver', 'Vehicle Owner', 'Driver', 'Other']",North,"['Truck - Open', 'Other', 'Automobile, Station Wagon']","['Going Ahead', 'Unknown']","['Driving Properly', 'Exceeding Speed Limit']","['Normal', 'Unknown']",['Not Applicable'],['Not Applicable'],['Not Applicable'],['Not Applicable'],['Not Applicable'],False,"['30 to 34', 'unknown', '20 to 24']",3.0
1193990.0,2010-10-09 08:00:00,1123,2010,FINCH AVE E,SKYMARK DR,Major Arterial,North York,43.79309,-79.352252,632566.0447,4850210.6571,At Intersection,Traffic Signal,Clear,Daylight,Dry,47,Don Valley Village,47,Don Valley Village (47),Non-Fatal Injury,1,0,1,0,0,0,0,0,0,0,0,0,0,Pedestrian Collisions,"['Driver', 'Pedestrian']",East,"['Automobile, Station Wagon']",['Going Ahead'],['Driving Properly'],['Normal'],['Crossing without right of way'],['Normal'],['Not Applicable'],['Not Applicable'],['Not Applicable'],False,"['75 to 79', '80 to 84']",3.0
1194056.0,2010-10-09 08:00:00,2350,2010,KINGSTON RD,KALMAR AVE,Major Arterial,Scarborough,43.689745,-79.26789,639593.2671,4838871.2221,Unknown,No Control,Clear,Dark,Dry,122,Birchcliffe-Cliffside,122,Birchcliffe-Cliffside (122),Non-Fatal Injury,1,0,1,0,0,0,0,0,0,0,0,0,0,Pedestrian Collisions,"['Driver', 'Pedestrian']",South,"['Automobile, Station Wagon', 'Other']",['Going Ahead'],['Driving Properly'],['Unknown'],['Crossing without right of way'],['Unknown'],['Not Applicable'],['Not Applicable'],['Not Applicable'],False,"['unknown', '50 to 54']",3.0
1194057.0,2010-10-10 08:00:00,220,2010,YONGE ST,AVONDALE AVE,Major Arterial,North York,43.758045,-79.41009,627987.5122,4846227.3628,Unknown,No Control,Clear,Daylight,Dry,38,Lansing-Westgate,38,Lansing-Westgate (38),Non-Fatal Injury,0,0,1,0,0,0,0,0,1,1,0,0,0,Sideswipe,"['Vehicle Owner', 'Driver']",North,"['Other', 'Automobile, Station Wagon']",['Going Ahead'],"['Exceeding Speed Limit', 'Driving Properly']",['Unknown'],['Not Applicable'],['Not Applicable'],['Not Applicable'],['Not Applicable'],['Not Applicable'],False,"['unknown', '20 to 24']",3.0
1194376.0,2010-09-10 08:00:00,940,2010,2600 LESLIE St,Not Applicable,Major Arterial,North York,43.762645,-79.36199,631849.4875,4846813.7184,Unknown,No Control,Clear,Daylight,Dry,40,St.Andrew-Windfields,40,St.Andrew-Windfields (40),Non-Fatal Injury,0,1,0,0,0,0,0,0,0,0,0,0,0,Cyclist Collisions,['Cyclist'],South,['Bicycle'],['Going Ahead'],[],[],['Not Applicable'],['Not Applicable'],"['Cyclist loses control and strikes object (pole, ttc track)']",['Driving Properly'],['Normal'],False,['45 to 49'],3.0
1194386.0,2010-09-09 08:00:00,2158,2010,SQUIRES Aven,FERRIS Road,Collector,Toronto and East York,43.704745,-79.29889,637060.7213,4840485.4648,At Intersection,Stop Sign,Clear,Dark,Dry,54,O'Connor-Parkview,54,O'Connor-Parkview (54),Non-Fatal Injury,0,1,0,0,0,1,0,0,0,0,0,0,0,Cyclist Collisions,"['Vehicle Owner', 'Driver', 'Cyclist']",South,"['Other', 'Municipal Transit Bus (TTC)', 'Bicycle']","['Going Ahead', 'Turning Left']",['Driving Properly'],['Normal'],['Not Applicable'],['Not Applicable'],['Cyclist turned left across motorists path.'],['Failed to Yield Right of Way'],['Inattentive'],False,"['unknown', '50 to 54', '20 to 24']",3.0
1194416.0,2010-09-09 08:00:00,1120,2010,QUEEN ST W,BAY ST,Major Arterial,Toronto and East York,43.651645,-79.38309,630391.5103,4834452.2223,Unknown,No Control,Clear,Daylight,Dry,170,Yonge-Bay Corridor,76,Bay Street Corridor (76),Non-Fatal Injury,1,0,1,0,0,1,0,0,0,1,0,0,0,Pedestrian Collisions,"['Driver', 'Pedestrian', 'Vehicle Owner', 'Driver - Not Hit']",East,"['Automobile, Station Wagon', 'Other', 'Municipal Transit Bus (TTC)']",['Overtaking'],['Improper Passing'],['Inattentive'],['Person Getting on/off Vehicle'],['Unknown'],['Not Applicable'],['Not Applicable'],['Not Applicable'],False,"['20 to 24', 'unknown', '45 to 49']",3.0
1194692.0,2010-10-13 08:00:00,2224,2010,LANSDOWNE Aven,WALLACE Aven,Minor Arterial,Toronto and East York,43.663345,-79.44519,625359.2184,4835655.9557,Unknown,No Control,Rain,Dark,Wet,171,Junction-Wallace Emerson,93,Dovercourt-Wallace Emerson-Junction (93),Non-Fatal Injury,0,0,1,0,1,0,0,0,0,1,0,0,0,Sideswipe,"['Vehicle Owner', 'Truck Driver', 'Driver']",North,"['Other', 'Truck - Open', 'Automobile, Station Wagon']","['Stopped', 'Overtaking']","['Driving Properly', 'Improper Passing']","['Normal', 'Unknown']",['Not Applicable'],['Not Applicable'],['Not Applicable'],['Not Applicable'],['Not Applicable'],False,"['unknown', '35 to 39', '70 to 74']",3.0
1194863.0,2010-08-21 08:00:00,351,2010,WARDEN AVE,HOLLIS AVE,Minor Arterial,Scarborough,43.692845,-79.27299,639175.0747,4839206.9479,At Intersection,Traffic Signal,Clear,Dark,Dry,122,Birchcliffe-Cliffside,122,Birchcliffe-Cliffside (122),Non-Fatal Injury,0,0,1,0,0,0,0,1,0,0,0,1,0,SMV Other,"['Passenger', 'Driver', 'Other Property Owner']",East,"['Other', 'Automobile, Station Wagon']",['Unknown'],['Lost control'],"['Ability Impaired, Alcohol Over .08']",['Not Applicable'],['Not Applicable'],['Not Applicable'],['Not Applicable'],['Not Applicable'],False,"['25 to 29', 'unknown']",3.0
1195361.0,2010-09-11 08:00:00,2052,2010,DUFFERIN ST,SHANLY ST,Major Arterial,Toronto and East York,43.662945,-79.43669,626045.3891,4835624.4089,At Intersection,Traffic Signal,Clear,Dark,Dry,171,Junction-Wallace Emerson,93,Dovercourt-Wallace Emerson-Junction (93),Non-Fatal Injury,0,0,1,1,0,0,0,1,0,0,0,0,0,Turning Movement,"['Motorcycle Passenger', 'Motorcycle Driver', 'Vehicle Owner', 'Driver']",North,"['Other', 'Motorcycle', 'Automobile, Station Wagon']","['Going Ahead', 'Turning Left']","['Driving Properly', 'Improper Turn']",['Normal'],['Not Applicable'],['Not Applicable'],['Not Applicable'],['Not Applicable'],['Not Applicable'],False,"['25 to 29', '35 to 39', 'unknown', '40 to 44']",3.0
1195510.0,2010-09-12 08:00:00,14,2010,SPADINA AVE,OXFORD ST,Major Arterial,Toronto and East York,43.657445,-79.39979,629032.3456,4835070.2829,Unknown,No Control,Rain,Dark,Wet,78,Kensington-Chinatown,78,Kensington-Chinatown (78),Non-Fatal Injury,1,0,0,0,0,1,0,0,0,0,0,0,0,Pedestrian Collisions,"['Vehicle Owner', 'Driver', 'Pedestrian']",East,"['Other', 'Municipal Transit Bus (TTC)']",['Going Ahead'],['Driving Properly'],['Normal'],"['Crossing, no Traffic Control']",['Inattentive'],['Not Applicable'],['Not Applicable'],['Not Applicable'],False,"['unknown', '40 to 44', '55 to 59']",3.0
1196138.0,2010-09-14 08:00:00,35,2010,26 FIRENZA DR,Not Applicable,Local,Etobicoke York,43.751345,-79.56569,615474.5269,4845254.5472,Unknown,No Control,Clear,Dark,Dry,21,Humber Summit,21,Humber Summit (21),Non-Fatal Injury,1,0,1,0,0,0,0,0,0,0,0,0,0,Pedestrian Collisions,"['Other', 'Driver', 'Pedestrian']",West,"['Other', 'Automobile, Station Wagon']","['Parked', 'Going Ahead']",['Other'],['Unknown'],['Other'],['Had Been Drinking'],['Not Applicable'],['Not Applicable'],['Not Applicable'],False,"['unknown', '15 to 19']",3.0
1196331.0,2010-09-15 08:00:00,1128,2010,MAIN ST,DANFORTH AVE,Minor Arterial,Toronto and East York,43.688745,-79.30209,636839.2808,4838703.1525,Unknown,No Control,Clear,Daylight,Dry,62,East End-Danforth,62,East End-Danforth (62),Non-Fatal Injury,0,0,1,0,0,1,0,0,0,1,0,0,0,Turning Movement,"['Vehicle Owner', 'Driver']",North,"['Other', 'Automobile, Station Wagon', 'Municipal Transit Bus (TTC)']","['Going Ahead', 'Turning Right']","['Driving Properly', 'Failed to Yield Right of Way']","['Normal', 'Inattentive']",['Not Applicable'],['Not Applicable'],['Not Applicable'],['Not Applicable'],['Not Applicable'],False,"['unknown', '40 to 44', '45 to 49']",3.0
1196444.0,2010-10-21 08:00:00,1315,2010,STEELES AVE W,CARPENTER RD,Major Arterial,North York,43.792045,-79.44759,624897.9394,4849946.313,At Intersection,Traffic Signal,Clear,Daylight,Dry,NSA,NSA,NSA,NSA,Non-Fatal Injury,1,0,1,0,0,0,0,0,0,1,0,0,0,Pedestrian Collisions,"['Vehicle Owner', 'Driver', 'Pedestrian']",North,"['Other', 'Automobile, Station Wagon']",['Turning Left'],['Failed to Yield Right of Way'],['Normal'],['Crossing with right of way'],['Normal'],['Not Applicable'],['Not Applicable'],['Not Applicable'],False,"['unknown', '20 to 24', '60 to 64']",3.0
1196492.0,2010-10-21 08:00:00,2328,2010,120 MOUNT PLEASANT RD,Not Applicable,Major Arterial,Toronto and East York,43.675245,-79.38049,630550.0177,4837077.4062,Unknown,No Control,Clear,Dark,Dry,98,Rosedale-Moore Park,98,Rosedale-Moore Park (98),Non-Fatal Injury,1,0,1,0,0,0,0,0,0,0,0,0,0,Pedestrian Collisions,"['Driver', 'Pedestrian']",South,"['Automobile, Station Wagon', 'Other']",['Going Ahead'],['Driving Properly'],['Other'],"['Crossing, no Traffic Control']",['Had Been Drinking'],['Not Applicable'],['Not Applicable'],['Not Applicable'],False,"['45 to 49', '35 to 39']",3.0
1196563.0,2010-10-01 08:00:00,2230,2010,SILVER SPRINGS BLVD,BIRCHMOUNT RD,Collector,Scarborough,43.801845,-79.30269,636533.5482,4851263.6164,Unknown,Pedestrian Crossover,Clear,Dark,Dry,148,East L'Amoreaux,117,L'Amoreaux (117),Non-Fatal Injury,1,0,1,0,0,0,0,0,0,1,0,0,0,Pedestrian Collisions,"['Driver', 'Pedestrian']",South,"['Automobile, Station Wagon', 'Other']",['Going Ahead'],['Disobeyed Traffic Control'],['Unknown'],"['Crossing, Pedestrian Crossover']",['Normal'],['Not Applicable'],['Not Applicable'],['Not Applicable'],False,"['unknown', '45 to 49']",3.0
1196819.0,2010-10-22 08:00:00,817,2010,INTERNATIONAL BLVD,CARLINGVIEW DR,Major Arterial,Etobicoke York,43.676845,-79.59109,613570.2256,4836945.2025,At Intersection,Traffic Signal,Clear,Daylight,Dry,1,West Humber-Clairville,1,West Humber-Clairville (1),Non-Fatal Injury,1,0,1,0,0,0,0,0,0,1,0,0,0,Pedestrian Collisions,"['Driver', 'Pedestrian']",North,"['Automobile, Station Wagon', 'Other']",['Turning Left'],['Failed to Yield Right of Way'],['Normal'],['Crossing with right of way'],['Normal'],['Not Applicable'],['Not Applicable'],['Not Applicable'],False,['55 to 59'],3.0
1197199.0,2010-09-19 08:00:00,1550,2010,EGLINTON AVE E,VICTORIA PARK AVE,Major Arterial,North York,43.724745,-79.302593,636716.8721,4842700.6386,At Intersection,Traffic Signal,Clear,Daylight,Dry,119,Wexford/Maryvale,119,Wexford/Maryvale (119),Non-Fatal Injury,0,0,1,1,0,0,0,0,0,0,0,0,0,Turning Movement,"['Motorcycle Driver', 'Driver']",East,"['Motorcycle', 'Automobile, Station Wagon']","['Going Ahead', 'Turning Left']","['Driving Properly', 'Improper Turn']","['Normal', 'Inattentive']",['Not Applicable'],['Not Applicable'],['Not Applicable'],['Not Applicable'],['Not Applicable'],False,"['40 to 44', '60 to 64']",3.0
1197305.0,2010-09-20 08:00:00,2317,2010,PASSMORE AVE,TAPSCOTT RD,Minor Arterial,Scarborough,43.831645,-79.24569,641048.5586,4854669.0209,At Intersection,Stop Sign,Clear,Dark,Dry,144,Morningside Heights,131,Rouge (131),Non-Fatal Injury,0,0,1,0,0,0,0,0,0,1,0,1,0,Angle,['Driver'],East,"['Automobile, Station Wagon']",['Going Ahead'],"['Driving Properly', 'Disobeyed Traffic Control']","['Normal', 'Ability Impaired, Alcohol']",['Not Applicable'],['Not Applicable'],['Not Applicable'],['Not Applicable'],['Not Applicable'],False,['30 to 34'],3.0
1197308.0,2010-10-11 08:00:00,2050,2010,KINGSTON RD,SANDOWN AVE,Major Arterial,Scarborough,43.708245,-79.25009,640984.4447,4840956.032,Unknown,No Control,Clear,Dark,Dry,122,Birchcliffe-Cliffside,122,Birchcliffe-Cliffside (122),Non-Fatal Injury,0,0,1,1,0,0,0,0,0,1,0,1,0,Rear End,"['Motorcycle Driver', 'Driver']",East,"['Motorcycle', 'Automobile, Station Wagon']","['Going Ahead', 'Slowing or Stopping']","['Following too Close', 'Other']","['Had Been Drinking', 'Ability Impaired, Alcohol Over .08']",['Not Applicable'],['Not Applicable'],['Not Applicable'],['Not Applicable'],['Not Applicable'],False,"['30 to 34', '45 to 49']",3.0
1197349.0,2010-07-29 08:00:00,905,2010,UNIVERSITY AVE,QUEEN ST W,Major Arterial,Toronto and East York,43.650845,-79.38659,630110.9864,4834357.8781,At Intersection,Traffic Signal,Clear,Daylight,Dry,170,Yonge-Bay Corridor,76,Bay Street Corridor (76),Non-Fatal Injury,0,1,1,0,0,0,0,0,0,1,1,0,0,Cyclist Collisions,"['Driver', 'Cyclist']",North,"['Automobile, Station Wagon', 'Bicycle']",['Going Ahead'],['Disobeyed Traffic Control'],['Inattentive'],['Not Applicable'],['Not Applicable'],"['Motorist without ROW drives into path of cyclist at inter, lnwy, dwy-Driver not turn.']",['Disobeyed Traffic Control'],['Inattentive'],False,"['50 to 54', '35 to 39']",3.0