accident_number,date,time,year,street1,street2,road_class,district,latitude,longitude,x,y,accident_location,traffctl,visibility,light,road_surface_condition,hood_158,neighbourhood_new,hood_140,neighbourhood_old,accident_class,pedestrian,cyclist,automobile,motorcycle,truck,trsn_city_veh,emerg_veh,passenger,speeding,aggressive_driving,redlight,alcohol,disability,impact_type,involvement_type,initial_direction,vehicle_type,manoeuver,driver_action,driver_condition,pedestrian_action,pedestrian_condition,cyclist_type,cyclist_action,cyclist_condition,injury,involvement_age,injury_severity_score
1197847.0,2010-09-23 08:00:00,1755,2010,2110 KEELE ST,Not Applicable,Major Arterial,Etobicoke York,43.699945,-79.47609,622793.1425,4839674.6526,Unknown,No Control,Clear,Daylight,Dry,30,Brookhaven-Amesbury,30,Brookhaven-Amesbury (30),Non-Fatal Injury,0,0,1,0,0,0,0,1,0,0,0,0,0,Approaching,"['Passenger', 'Vehicle Owner', 'Driver']",North,"['Other', 'Pick Up Truck', 'Automobile, Station Wagon']",['Going Ahead'],"['Driving Properly', 'Lost control']","['Normal', 'Inattentive']",['Not Applicable'],['Not Applicable'],['Not Applicable'],['Not Applicable'],['Not Applicable'],False,"['50 to 54', '55 to 59', 'unknown', '25 to 29', '10 to 14', '45 to 49']",3.0
1197862.0,2010-10-23 08:00:00,2001,2010,6212 YONGE ST,Not Applicable,Major Arterial,North York,43.794745,-79.41919,627177.1316,4850289.4365,Unknown,No Control,Rain,Dark,Wet,50,Newtonbrook East,50,Newtonbrook East (50),Non-Fatal Injury,1,0,1,0,0,0,0,0,0,1,0,0,0,Pedestrian Collisions,"['Driver', 'Pedestrian']",East,"['Automobile, Station Wagon', 'Other']",['Going Ahead'],['Failed to Yield Right of Way'],['Normal'],['On Sidewalk or Shoulder'],['Unknown'],['Not Applicable'],['Not Applicable'],['Not Applicable'],False,"['70 to 74', '30 to 34']",3.0
1198068.0,2010-09-24 08:00:00,1713,2010,PAPE AVE,SELKIRK ST,Major Arterial,Toronto and East York,43.682145,-79.34609,633307.7782,4837898.464,Unknown,No Control,Clear,Daylight,Dry,67,Playter Estates-Danforth,67,Playter Estates-Danforth (67),Non-Fatal Injury,0,0,1,0,0,1,0,0,0,1,0,0,0,Rear End,"['Driver', 'Vehicle Owner']",South,"['Automobile, Station Wagon', 'Municipal Transit Bus (TTC)', 'Other']","['Slowing or Stopping', 'Going Ahead']","['Driving Properly', 'Following too Close']","['Normal', 'Inattentive']",['Not Applicable'],['Not Applicable'],['Not Applicable'],['Not Applicable'],['Not Applicable'],False,"['40 to 44', 'unknown']",3.0
1198247.0,2010-10-29 08:00:00,1834,2010,1000 GERRARD St E,Not Applicable,Minor Arterial,Toronto and East York,43.668645,-79.33859,633942.3292,4836411.1871,Unknown,No Control,Clear,Dusk,Dry,70,South Riverdale,70,South Riverdale (70),Non-Fatal Injury,1,0,1,0,0,0,0,0,0,0,0,0,0,Pedestrian Collisions,"['Driver', 'Other', 'Pedestrian']",Unknown,"['Automobile, Station Wagon', 'Other']","['Unknown', 'Going Ahead', 'Other']",[],[],['Not Applicable'],['Not Applicable'],['Not Applicable'],['Not Applicable'],['Not Applicable'],False,['unknown'],3.0
1198255.0,2010-09-22 08:00:00,1448,2010,YONGE ST,ELLERSLIE AVE,Major Arterial,North York,43.771945,-79.41359,627676.1858,4847765.7649,At Intersection,Stop Sign,Clear,Daylight,Dry,37,Willowdale West,37,Willowdale West (37),Non-Fatal Injury,0,0,1,1,0,0,0,0,0,1,0,0,0,Turning Movement,"['Motorcycle Driver', 'Driver']",East,"['Motorcycle', 'Automobile, Station Wagon']","['Going Ahead', 'Turning Left']","['Driving Properly', 'Failed to Yield Right of Way']","['Normal', 'Inattentive']",['Not Applicable'],['Not Applicable'],['Not Applicable'],['Not Applicable'],['Not Applicable'],False,"['30 to 34', '65 to 69']",3.0
1198314.0,2010-09-25 08:00:00,1704,2010,CALEDONIA RD,BOWIE AVE,Minor Arterial,North York,43.694945,-79.462787,623875.3723,4839139.1219,At Intersection,Stop Sign,Clear,Daylight,Dry,108,Briar Hill-Belgravia,108,Briar Hill-Belgravia (108),Non-Fatal Injury,0,1,1,0,0,0,0,0,0,0,0,0,0,Cyclist Collisions,"['Vehicle Owner', 'Driver', 'Cyclist']",East,"['Pick Up Truck', 'Bicycle']","['Turning Left', 'Going Ahead']",['Driving Properly'],['Normal'],['Not Applicable'],['Not Applicable'],['Motorist turned left across cyclists path.'],['Failed to Yield Right of Way'],['Had Been Drinking'],False,"['unknown', '20 to 24', '50 to 54']",3.0
1198624.0,2010-09-26 08:00:00,1937,2010,DUFFERIN ST,KEYWEST AVE,Major Arterial,Toronto and East York,43.692545,-79.44899,624992.1909,4838893.2734,At Intersection,No Control,Clear,Dark,Dry,109,Caledonia-Fairbank,109,Caledonia-Fairbank (109),Non-Fatal Injury,0,0,1,1,0,0,0,0,0,0,0,0,0,Turning Movement,"['Motorcycle Driver', 'Driver']",North,"['Motorcycle', 'Automobile, Station Wagon']","['Going Ahead', 'Turning Left']","['Driving Properly', 'Improper Turn']","['Normal', 'Inattentive']",['Not Applicable'],['Not Applicable'],['Not Applicable'],['Not Applicable'],['Not Applicable'],False,"['30 to 34', '40 to 44']",3.0
1198637.0,2010-09-27 08:00:00,2158,2010,BRIMLEY RD,FINCH AVE E,Major Arterial,Scarborough,43.805745,-79.27739,638559.7138,4851738.8282,At Intersection,Traffic Signal,Rain,Dark,Wet,129,Agincourt North,129,Agincourt North (129),Non-Fatal Injury,1,0,1,0,0,0,0,0,0,1,0,0,0,Pedestrian Collisions,"['Driver', 'Pedestrian']",North,"['Automobile, Station Wagon', 'Other']",['Turning Left'],['Failed to Yield Right of Way'],['Inattentive'],['Crossing with right of way'],['Normal'],['Not Applicable'],['Not Applicable'],['Not Applicable'],False,"['40 to 44', '50 to 54']",3.0
1198672.0,2010-11-01 08:00:00,1100,2010,LAWRENCE AVE E,MCCOWAN RD,Major Arterial,Scarborough,43.755545,-79.24529,641259.9161,4846217.5786,Unknown,No Control,Clear,Daylight,Dry,157,Bendale South,127,Bendale (127),Non-Fatal Injury,1,0,1,0,0,0,0,0,0,0,0,0,0,Pedestrian Collisions,"['Pedestrian', 'Driver']",South,"['Other', 'Automobile, Station Wagon']",['Going Ahead'],['Driving Properly'],['Normal'],"['Crossing, no Traffic Control']",['Unknown'],['Not Applicable'],['Not Applicable'],['Not Applicable'],False,"['45 to 49', '50 to 54']",3.0
1198891.0,2010-09-03 08:00:00,1140,2010,KENNEDY RD,MERRIAN RD,Major Arterial,Scarborough,43.727445,-79.26589,639666.8577,4843061.7213,At Intersection,Traffic Signal,Rain,Daylight,Wet,124,Kennedy Park,124,Kennedy Park (124),Non-Fatal Injury,0,0,1,0,0,0,0,0,0,1,1,0,0,Angle,"['Driver', 'Vehicle Owner']",South,"['Automobile, Station Wagon', 'Other']",['Going Ahead'],"['Disobeyed Traffic Control', 'Driving Properly']","['Inattentive', 'Normal']",['Not Applicable'],['Not Applicable'],['Not Applicable'],['Not Applicable'],['Not Applicable'],False,"['25 to 29', 'unknown', '45 to 49']",3.0
1198936.0,2010-11-02 08:00:00,956,2010,STEELES AVE E,PUTNAM  GT,Major Arterial,Scarborough,43.822445,-79.31229,635714.6348,4853535.7856,Unknown,Traffic Signal,Clear,Daylight,Dry,116,Steeles,116,Steeles (116),Non-Fatal Injury,1,0,1,0,0,0,0,0,0,0,0,0,0,Pedestrian Collisions,"['Driver', 'Pedestrian']",North,"['Automobile, Station Wagon', 'Other']",['Turning Left'],['Improper Turn'],['Inattentive'],['Crossing with right of way'],['Normal'],['Not Applicable'],['Not Applicable'],['Not Applicable'],False,"['55 to 59', '75 to 79']",3.0
1199022.0,2010-09-28 08:00:00,625,2010,JANE ST,EDDYSTONE AVE,Major Arterial,Etobicoke York,43.749145,-79.51569,619504.3729,4845081.1214,At Intersection,Traffic Signal,Clear,Dark,Dry,25,Glenfield-Jane Heights,25,Glenfield-Jane Heights (25),Non-Fatal Injury,1,0,1,0,0,0,0,0,0,1,0,0,0,Pedestrian Collisions,"['Driver', 'Pedestrian']",East,"['Automobile, Station Wagon', 'Other']",['Turning Left'],['Failed to Yield Right of Way'],['Normal'],['Crossing with right of way'],['Unknown'],['Not Applicable'],['Not Applicable'],['Not Applicable'],False,['55 to 59'],3.0
1199172.0,2010-09-28 08:00:00,1526,2010,1300 YONGE St,Not Applicable,Major Arterial,Toronto and East York,43.684345,-79.39259,629555.0295,4838069.1118,Unknown,No Control,Clear,Daylight,Dry,97,Yonge-St.Clair,97,Yonge-St.Clair (97),Non-Fatal Injury,0,1,0,0,0,0,0,0,0,0,0,0,0,Cyclist Collisions,"['Other', 'Cyclist']",South,"['Other', 'Bicycle']","['Parked', 'Going Ahead']",[],[],['Not Applicable'],['Not Applicable'],['Cyclist strikes a parked vehicle.'],['Speed too Fast For Condition'],['Normal'],False,"['unknown', '20 to 24']",3.0
1199237.0,2010-10-02 08:00:00,2245,2010,145 COURCELETTE RD,Not Applicable,Local,Scarborough,43.68035,-79.279674,638665.2117,4837808.0054,Non Intersection,No Control,Clear,Dark,Dry,122,Birchcliffe-Cliffside,122,Birchcliffe-Cliffside (122),Non-Fatal Injury,0,1,1,0,0,0,0,0,0,0,0,0,0,Cyclist Collisions,"['Driver', 'Cyclist']",North,"['Automobile, Station Wagon', 'Bicycle']","['Turning Left', 'Going Ahead']",['Improper Turn'],['Unknown'],['Not Applicable'],['Not Applicable'],['Cyclist falls off bike - no contact with motorist.'],['Lost control'],['Normal'],False,"['60 to 64', '55 to 59']",3.0
1199249.0,2010-11-03 08:00:00,858,2010,MOUNT PLEASANT RD,LAWRENCE AVE E,Major Arterial,North York,43.726345,-79.39639,629158.52,4842727.8733,At Intersection,Traffic Signal,Clear,Daylight,Dry,103,Lawrence Park South,105,Lawrence Park North (105),Non-Fatal Injury,1,0,1,0,0,0,0,1,0,1,0,0,0,Pedestrian Collisions,"['Pedestrian', 'Passenger', 'Driver']",North,"['Other', 'Automobile, Station Wagon']",['Turning Left'],['Failed to Yield Right of Way'],['Normal'],['Crossing with right of way'],['Normal'],['Not Applicable'],['Not Applicable'],['Not Applicable'],False,"['20 to 24', '0 to 4', '35 to 39']",3.0
1199427.0,2010-10-02 08:00:00,1810,2010,ADELAIDE ST E,SHERBOURNE ST,Major Arterial,Toronto and East York,43.652145,-79.36859,631559.746,4834530.6404,At Intersection,Traffic Signal,Clear,Daylight,Dry,73,Moss Park,73,Moss Park (73),Non-Fatal Injury,0,0,1,1,0,0,0,0,0,1,1,0,0,Angle,"['Motorcycle Driver', 'Vehicle Owner', 'Driver']",East,"['Motorcycle', 'Other', 'Automobile, Station Wagon']",['Going Ahead'],"['Disobeyed Traffic Control', 'Driving Properly']",['Normal'],['Not Applicable'],['Not Applicable'],['Not Applicable'],['Not Applicable'],['Not Applicable'],False,"['40 to 44', 'unknown', '20 to 24']",3.0
1199497.0,2010-09-11 08:00:00,1609,2010,QUEENS QUAY W,LOWER SIMCOE ST,Minor Arterial,Toronto and East York,43.638545,-79.38789,630032.6842,4832989.7658,Unknown,No Control,Clear,Daylight,Dry,165,Harbourfront-CityPlace,77,Waterfront Communities-The Island (77),Non-Fatal Injury,0,0,1,0,0,1,0,0,0,0,0,0,0,Sideswipe,"['Vehicle Owner', 'Driver']",West,"['Other', 'Automobile, Station Wagon', 'Municipal Transit Bus (TTC)']","['Turning Left', 'Going Ahead']","['Improper Lane Change', 'Driving Properly']","['Inattentive', 'Normal']",['Not Applicable'],['Not Applicable'],['Not Applicable'],['Not Applicable'],['Not Applicable'],False,"['unknown', '55 to 59', '40 to 44']",3.0
1199695.0,2010-10-04 08:00:00,1120,2010,BLOOR ST W,DUNDAS ST W,Major Arterial,Toronto and East York,43.656345,-79.45249,624785.138,4834867.5098,At Intersection,Traffic Signal,Clear,Daylight,Dry,88,High Park North,88,High Park North (88),Non-Fatal Injury,1,0,1,0,0,0,0,0,0,1,0,0,0,Pedestrian Collisions,"['Driver', 'Vehicle Owner', 'Pedestrian']",North,"['Automobile, Station Wagon', 'Other']","['Stopped', 'Turning Left']","['Driving Properly', 'Failed to Yield Right of Way']",['Normal'],['Running onto Roadway'],['Normal'],['Not Applicable'],['Not Applicable'],['Not Applicable'],False,"['55 to 59', 'unknown', '40 to 44', '15 to 19']",3.0
1199895.0,2010-11-07 09:00:00,443,2010,96 JAMESON Aven,Not Applicable,Minor Arterial,Toronto and East York,43.634945,-79.43529,626216.9017,4832516.7742,Unknown,No Control,Clear,Dark,Dry,85,South Parkdale,85,South Parkdale (85),Non-Fatal Injury,0,0,1,0,0,0,0,0,0,0,0,0,0,Other,['Driver'],Unknown,"['Automobile, Station Wagon']",['Unknown'],[],[],['Not Applicable'],['Not Applicable'],['Not Applicable'],['Not Applicable'],['Not Applicable'],False,['35 to 39'],3.0
1199899.0,2010-10-04 08:00:00,848,2010,CHETTA PL,WINCOTT DR,Local,Etobicoke York,43.696645,-79.55169,616707.8237,4839198.9562,Unknown,No Control,Clear,Daylight,Dry,6,Kingsview Village-The Westway,6,Kingsview Village-The Westway (6),Non-Fatal Injury,1,0,1,0,0,0,0,0,0,0,0,0,0,Pedestrian Collisions,"['Vehicle Owner', 'Driver', 'Pedestrian - Not Hit', 'Pedestrian']",North,"['Other', 'Automobile, Station Wagon']",['Going Ahead'],['Driving Properly'],['Normal'],['Running onto Roadway'],['Inattentive'],['Not Applicable'],['Not Applicable'],['Not Applicable'],False,"['unknown', '45 to 49', '35 to 39', '5 to 9']",3.0
1200079.0,2010-10-05 08:00:00,1730,2010,MILNER AVE,AUTO MALL DR,Minor Arterial,Scarborough,43.800445,-79.19069,645546.4613,4851299.0139,Unknown,No Control,Rain,Daylight,Wet,144,Morningside Heights,131,Rouge (131),Non-Fatal Injury,0,0,1,0,0,0,0,0,1,1,0,0,0,SMV Other,"['Driver', 'Other Property Owner']",East,"['Automobile, Station Wagon', 'Other']",['Going Ahead'],['Speed too Fast For Condition'],['Normal'],['Not Applicable'],['Not Applicable'],['Not Applicable'],['Not Applicable'],['Not Applicable'],False,"['30 to 34', 'unknown']",3.0
1200323.0,2010-10-08 08:00:00,1130,2010,WILSON AVE,PRIVET RD,Major Arterial,North York,43.722745,-79.49939,620869.8265,4842172.6662,Unknown,No Control,Clear,Daylight,Dry,154,Oakdale-Beverley Heights,26,Downsview-Roding-CFB (26),Non-Fatal Injury,0,0,1,1,0,0,0,0,0,1,0,0,0,Turning Movement,"['Motorcycle Driver', 'Driver']",East,"['Motorcycle', 'Automobile, Station Wagon']","['Going Ahead', 'Turning Left']","['Driving Properly', 'Improper Turn']","['Normal', 'Inattentive']",['Not Applicable'],['Not Applicable'],['Not Applicable'],['Not Applicable'],['Not Applicable'],False,"['25 to 29', '75 to 79']",3.0
1200416.0,2010-10-08 08:00:00,2255,2010,ST CLAIR AVE E,AVOCA AVE,Major Arterial,Toronto and East York,43.688945,-79.38989,629762.7288,4838584.2265,At Intersection,Traffic Signal,Clear,Dark,Dry,98,Rosedale-Moore Park,98,Rosedale-Moore Park (98),Non-Fatal Injury,0,0,1,0,0,0,0,1,0,1,0,0,0,Rear End,"['Passenger', 'Driver']",East,"['Other', 'Automobile, Station Wagon']","['Stopped', 'Going Ahead']","['Driving Properly', 'Following too Close']",['Normal'],['Not Applicable'],['Not Applicable'],['Not Applicable'],['Not Applicable'],['Not Applicable'],False,"['40 to 44', '45 to 49']",3.0
1200535.0,2010-11-09 10:00:00,2146,2010,KIPLING AVE,ALBION RD,Major Arterial,Etobicoke York,43.738545,-79.57979,614363.7162,4843813.3645,Unknown,No Control,Clear,Dark,Dry,3,Thistletown-Beaumond Heights,3,Thistletown-Beaumond Heights (3),Non-Fatal Injury,1,0,1,0,0,0,0,0,0,0,0,1,0,Pedestrian Collisions,"['Pedestrian', 'Driver']",East,"['Other', 'Automobile, Station Wagon']",['Going Ahead'],['Other'],"['Ability Impaired, Alcohol']","['Crossing, no Traffic Control']",['Inattentive'],['Not Applicable'],['Not Applicable'],['Not Applicable'],False,['65 to 69'],3.0
1200544.0,2010-10-12 08:00:00,955,2010,STEELES AVE E,OLD KENNEDY RD,Major Arterial,Scarborough,43.825345,-79.30009,636689.0703,4853877.9661,At Intersection,Traffic Signal,Clear,Daylight,Dry,NSA,NSA,NSA,NSA,Non-Fatal Injury,1,0,1,0,0,0,0,0,0,1,0,0,0,Pedestrian Collisions,"['Driver', 'Pedestrian']",North,"['Automobile, Station Wagon', 'Other']",['Turning Left'],['Failed to Yield Right of Way'],['Inattentive'],['Crossing with right of way'],['Normal'],['Not Applicable'],['Not Applicable'],['Not Applicable'],False,['75 to 79'],3.0
1200665.0,2010-09-28 08:00:00,1035,2010,DANFORTH AVE,MAIN ST,Major Arterial,Toronto and East York,43.688145,-79.30179,636864.8236,4838637.0092,At Intersection,Traffic Signal,Rain,Daylight,Wet,62,East End-Danforth,62,East End-Danforth (62),Non-Fatal Injury,1,0,1,0,0,0,0,0,0,0,0,0,0,Pedestrian Collisions,"['Vehicle Owner', 'Driver', 'Pedestrian']",North,"['Other', 'Automobile, Station Wagon']",['Turning Left'],['Improper Turn'],['Inattentive'],['Crossing with right of way'],['Normal'],['Not Applicable'],['Not Applicable'],['Not Applicable'],False,"['unknown', '60 to 64', '75 to 79']",3.0
1200768.0,2010-02-19 10:00:00,910,2010,BARTLETT AVE,DUPONT ST,Local,Toronto and East York,43.669545,-79.43659,626039.6382,4836357.5783,Unknown,Traffic Gate,Clear,Daylight,Dry,171,Junction-Wallace Emerson,93,Dovercourt-Wallace Emerson-Junction (93),Non-Fatal Injury,1,0,1,0,0,0,0,0,0,0,0,0,0,Pedestrian Collisions,"['Pedestrian', 'Other']",North,"['Other', 'Automobile, Station Wagon']","['Other', 'Going Ahead']",[],[],['Other'],['Unknown'],['Not Applicable'],['Not Applicable'],['Not Applicable'],False,"['75 to 79', '50 to 54']",3.0
1200876.0,2010-07-13 08:00:00,1030,2010,COMMISSIONERS Stre,SAULTER Stre S,Collector,Toronto and East York,43.649345,-79.34319,633614.278,4834260.2469,At Intersection,No Control,Clear,Daylight,Dry,70,South Riverdale,70,South Riverdale (70),Non-Fatal Injury,0,0,0,0,1,0,0,0,0,0,0,0,0,SMV Other,"['Vehicle Owner', 'Truck Driver']",West,"['Other', 'Truck - Open']",['Going Ahead'],['Lost control'],['Normal'],['Not Applicable'],['Not Applicable'],['Not Applicable'],['Not Applicable'],['Not Applicable'],False,"['unknown', '30 to 34']",3.0
1200931.0,2010-11-11 10:00:00,934,2010,F G GARDINER Expr W,DON VALLEY PARKWAY  N,Major Arterial,Toronto and East York,43.650745,-79.34899,633143.4353,4834406.413,Unknown,No Control,Clear,Daylight,Dry,166,St Lawrence-East Bayfront-The Islands,77,Waterfront Communities-The Island (77),Non-Fatal Injury,0,0,0,1,0,0,0,0,1,1,0,0,0,SMV Other,['Motorcycle Driver'],West,['Motorcycle'],['Going Ahead'],['Lost control'],['Normal'],['Not Applicable'],['Not Applicable'],['Not Applicable'],['Not Applicable'],['Not Applicable'],False,['25 to 29'],3.0
1200942.0,2010-10-14 08:00:00,622,2010,STEELES AVE W,GERRY FITZGERALD DR,Major Arterial,North York,43.786145,-79.47479,622721.641,4849250.3434,At Intersection,Traffic Signal,Rain,Dark,Wet,27,York University Heights,27,York University Heights (27),Non-Fatal Injury,1,0,1,0,0,0,0,0,0,0,0,0,0,Pedestrian Collisions,"['Driver', 'Pedestrian']",East,"['Automobile, Station Wagon', 'Other']",['Going Ahead'],['Driving Properly'],['Normal'],['Crossing without right of way'],['Inattentive'],['Not Applicable'],['Not Applicable'],['Not Applicable'],False,"['45 to 49', '60 to 64']",3.0
1201108.0,2010-10-25 08:00:00,1740,2010,SHEPPARD AVE E,REAN DR,Major Arterial,North York,43.767745,-79.38309,630139.9942,4847346.7733,At Intersection,Traffic Signal,Clear,Dark,Dry,52,Bayview Village,52,Bayview Village (52),Non-Fatal Injury,0,0,1,0,0,0,0,0,0,1,0,0,0,Turning Movement,"['Driver', 'Vehicle Owner']",East,"['Automobile, Station Wagon', 'Other']","['Going Ahead', 'Turning Left']","['Driving Properly', 'Failed to Yield Right of Way']","['Normal', 'Inattentive']",['Not Applicable'],['Not Applicable'],['Not Applicable'],['Not Applicable'],['Not Applicable'],False,"['45 to 49', 'unknown', '30 to 34']",3.0
1201223.0,2010-10-18 08:00:00,859,2010,VICTORIA PARK AVE,ROWENA DR,Major Arterial,North York,43.751445,-79.31299,635819.0581,4845648.9701,At Intersection,Traffic Signal,Clear,Daylight,Dry,119,Wexford/Maryvale,119,Wexford/Maryvale (119),Non-Fatal Injury,1,0,1,0,0,0,0,0,0,0,0,0,0,Pedestrian Collisions,"['Driver', 'Pedestrian']",West,"['Automobile, Station Wagon', 'Other']",['Going Ahead'],['Driving Properly'],['Normal'],['Crossing without right of way'],['Inattentive'],['Not Applicable'],['Not Applicable'],['Not Applicable'],False,"['30 to 34', '15 to 19']",3.0
1201760.0,2010-11-15 10:00:00,2303,2010,STEELES Aven W,HIGHWAY 400  N,Major Arterial,Etobicoke York,43.772045,-79.53789,617672.0991,4847592.717,At Intersection,Traffic Signal,Clear,Dark,Dry,21,Humber Summit,21,Humber Summit (21),Non-Fatal Injury,0,0,1,1,0,0,0,0,0,0,0,0,0,Turning Movement,"['Motorcycle Driver', 'Driver']",East,"['Motorcycle', 'Automobile, Station Wagon']","['Going Ahead', 'Turning Left']","['Driving Properly', 'Improper Turn']","['Normal', 'Inattentive']",['Not Applicable'],['Not Applicable'],['Not Applicable'],['Not Applicable'],['Not Applicable'],False,['20 to 24'],3.0
1201798.0,2010-10-16 08:00:00,1553,2010,CHURCH ST,MC GILL ST,Minor Arterial,Toronto and East York,43.660645,-79.37889,630710.6832,4835458.3995,Unknown,No Control,Clear,Daylight,Dry,168,Downtown Yonge East,75,Church-Yonge Corridor (75),Non-Fatal Injury,0,0,1,1,0,0,0,0,0,0,0,0,0,Turning Movement,"['Motorcycle Driver', 'Driver']",North,"['Motorcycle', 'Automobile, Station Wagon']","['Going Ahead', 'Turning Left']","['Driving Properly', 'Improper Turn']",['Normal'],['Not Applicable'],['Not Applicable'],['Not Applicable'],['Not Applicable'],['Not Applicable'],False,"['45 to 49', '20 to 24']",3.0
1201907.0,2010-10-20 08:00:00,1825,2010,QUEEN Stre E,KENILWORTH Aven,Minor Arterial,Toronto and East York,43.669645,-79.30189,636898.8321,4836582.1632,Unknown,No Control,Clear,Dark,Dry,63,The Beaches,63,The Beaches (63),Non-Fatal Injury,0,1,1,0,0,0,0,0,0,0,0,0,0,Cyclist Collisions,"['Driver', 'Cyclist']",West,"['Automobile, Station Wagon', 'Bicycle']","['Parked', 'Going Ahead']",['Other'],['Normal'],['Not Applicable'],['Not Applicable'],['Cyclist struck opened vehicle door'],['Other'],['Normal'],False,"['25 to 29', '50 to 54']",3.0
1201944.0,2010-10-21 08:00:00,2050,2010,EGLINTON AVE E,BIRCHMOUNT RD,Major Arterial,Scarborough,43.730145,-79.27709,638758.5535,4843342.7796,Unknown,No Control,Clear,Dark,Dry,125,Ionview,125,Ionview (125),Non-Fatal Injury,1,0,1,0,0,0,0,0,0,0,0,0,0,Pedestrian Collisions,"['Driver', 'Pedestrian']",East,"['Automobile, Station Wagon', 'Other']",['Going Ahead'],['Driving Properly'],['Normal'],"['Crossing, no Traffic Control']",['Inattentive'],['Not Applicable'],['Not Applicable'],['Not Applicable'],False,"['30 to 34', '40 to 44']",3.0
1202126.0,2010-10-24 08:00:00,2022,2010,KEELE ST,MURRAY ROSS PKWY,Major Arterial,Etobicoke York,43.767345,-79.49199,621375.712,4847136.9641,At Intersection,Traffic Signal,Rain,Dark,Wet,27,York University Heights,27,York University Heights (27),Non-Fatal Injury,0,0,1,0,0,0,0,0,0,1,1,0,0,Turning Movement,['Driver'],North,"['Automobile, Station Wagon']","['Going Ahead', 'Turning Left']","['Disobeyed Traffic Control', 'Driving Properly']","['Unknown', 'Normal']",['Not Applicable'],['Not Applicable'],['Not Applicable'],['Not Applicable'],['Not Applicable'],False,"['50 to 54', '20 to 24']",3.0
1202163.0,2010-10-23 08:00:00,2250,2010,DIXON RD,KIPLING AVE,Major Arterial,Etobicoke York,43.694245,-79.55859,616156.4368,4838922.7152,At Intersection,Traffic Signal,Rain,Dark,Wet,6,Kingsview Village-The Westway,6,Kingsview Village-The Westway (6),Non-Fatal Injury,1,0,1,0,0,0,0,0,0,0,0,0,0,Pedestrian Collisions,"['Vehicle Owner', 'Driver', 'Pedestrian']",East,"['Other', 'Automobile, Station Wagon']",['Turning Left'],['Lost control'],['Unknown'],['Crossing with right of way'],['Normal'],['Not Applicable'],['Not Applicable'],['Not Applicable'],False,"['unknown', '20 to 24', '45 to 49']",3.0
1202173.0,2010-11-17 10:00:00,818,2010,DUNDAS ST W,KENNETH AVE,Minor Arterial,Toronto and East York,43.662445,-79.45589,624498.3648,4835539.8871,Unknown,No Control,Rain,Daylight,Wet,88,High Park North,88,High Park North (88),Fatal,1,0,0,0,1,0,0,0,0,0,0,0,0,Pedestrian Collisions,"['Vehicle Owner', 'Truck Driver', 'Pedestrian']",North,"['Other', 'Truck - Open']",['Going Ahead'],['Driving Properly'],['Normal'],"['Crossing, no Traffic Control']",['Unknown'],['Not Applicable'],['Not Applicable'],['Not Applicable'],True,"['unknown', '30 to 34', '50 to 54']",4.0
1202192.0,2010-10-24 08:00:00,1945,2010,PARLIAMENT ST,GERRARD ST E,Minor Arterial,Toronto and East York,43.661945,-79.36699,631667.353,4835621.5984,At Intersection,Traffic Signal,Clear,Dark,Dry,72,Regent Park,72,Regent Park (72),Non-Fatal Injury,1,0,1,0,0,0,0,0,0,1,0,0,0,Pedestrian Collisions,"['Driver', 'Pedestrian']",North,"['Automobile, Station Wagon', 'Other']",['Turning Left'],['Failed to Yield Right of Way'],['Normal'],['Crossing with right of way'],['Normal'],['Not Applicable'],['Not Applicable'],['Not Applicable'],False,['50 to 54'],3.0
1202238.0,2010-10-23 08:00:00,232,2010,BEVERLEY ST,CECIL ST,Minor Arterial,Toronto and East York,43.656545,-79.39499,629421.3293,4834977.8018,Unknown,No Control,Clear,Dark,Dry,78,Kensington-Chinatown,78,Kensington-Chinatown (78),Non-Fatal Injury,1,0,1,0,0,0,0,0,1,1,0,1,0,Pedestrian Collisions,"['Other', 'Vehicle Owner', 'Driver', 'Pedestrian']",North,"['Other', 'Automobile, Station Wagon']","['Parked', 'Going Ahead']",['Other'],"['Ability Impaired, Alcohol Over .08']",['Coming From Behind Parked Vehicle'],['Normal'],['Not Applicable'],['Not Applicable'],['Not Applicable'],False,"['unknown', '20 to 24']",3.0
1202322.0,2010-11-17 10:00:00,1853,2010,FINCH Ave W,VIRGILWOOD Dr,Major Arterial,North York,43.772845,-79.44819,624889.6388,4847812.9534,At Intersection,Traffic Signal,Clear,Daylight,Dry,35,Westminster-Branson,35,Westminster-Branson (35),Non-Fatal Injury,1,0,1,0,0,0,0,1,0,0,0,0,0,Pedestrian Collisions,"['Passenger', 'Driver', 'Pedestrian']",East,"['Other', 'Automobile, Station Wagon']",['Going Ahead'],['Driving Properly'],['Normal'],['Crossing without right of way'],['Inattentive'],['Not Applicable'],['Not Applicable'],['Not Applicable'],False,"['10 to 14', '75 to 79', '20 to 24']",3.0
1202550.0,2010-10-25 08:00:00,2022,2010,SHEPPARD AVE E,BIRCHMOUNT RD,Major Arterial,Scarborough,43.781045,-79.29809,636951.0836,4848961.0465,At Intersection,Traffic Signal,Clear,Dark,Dry,118,Tam O'Shanter-Sullivan,118,Tam O'Shanter-Sullivan (118),Non-Fatal Injury,0,0,1,0,0,0,0,1,0,0,0,0,0,Turning Movement,"['Passenger', 'Driver']",East,"['Other', 'Automobile, Station Wagon']",['Turning Left'],['Improper Turn'],['Normal'],['Not Applicable'],['Not Applicable'],['Not Applicable'],['Not Applicable'],['Not Applicable'],False,"['45 to 49', 'unknown', '25 to 29']",3.0