accident_number,date,time,year,street1,street2,road_class,district,latitude,longitude,x,y,accident_location,traffctl,visibility,light,road_surface_condition,hood_158,neighbourhood_new,hood_140,neighbourhood_old,accident_class,pedestrian,cyclist,automobile,motorcycle,truck,trsn_city_veh,emerg_veh,passenger,speeding,aggressive_driving,redlight,alcohol,disability,impact_type,involvement_type,initial_direction,vehicle_type,manoeuver,driver_action,driver_condition,pedestrian_action,pedestrian_condition,cyclist_type,cyclist_action,cyclist_condition,injury,involvement_age,injury_severity_score
1202582.0,2010-10-27 08:00:00,910,2010,BLOOR ST W,MARKLAND DR,Major Arterial,Etobicoke York,43.633545,-79.57079,615289.4176,4832164.1805,At Intersection,Traffic Signal,Clear,Daylight,Dry,12,Markland Wood,12,Markland Wood (12),Non-Fatal Injury,1,0,1,0,0,0,0,0,0,1,0,0,0,Pedestrian Collisions,"['Driver', 'Pedestrian']",North,"['Automobile, Station Wagon', 'Other']",['Turning Left'],['Failed to Yield Right of Way'],['Normal'],['Crossing with right of way'],['Normal'],['Not Applicable'],['Not Applicable'],['Not Applicable'],False,"['70 to 74', '85 to 89']",3.0
1202672.0,2010-10-27 08:00:00,726,2010,DON MILLS RD,STEELES AVE E,Major Arterial,North York,43.811145,-79.36079,631839.4104,4852202.3121,At Intersection,Traffic Signal,Clear,Daylight,Wet,48,Hillcrest Village,48,Hillcrest Village (48),Non-Fatal Injury,0,0,1,1,0,0,0,0,0,1,1,0,0,Turning Movement,"['Motorcycle Driver', 'Driver']",North,"['Motorcycle', 'Automobile, Station Wagon']","['Going Ahead', 'Turning Left']","['Disobeyed Traffic Control', 'Driving Properly']",['Normal'],['Not Applicable'],['Not Applicable'],['Not Applicable'],['Not Applicable'],['Not Applicable'],False,"['35 to 39', '30 to 34']",3.0
1202989.0,2010-11-19 10:00:00,744,2010,LOWER SPADINA AVE,LAKE SHORE BLVD W,Major Arterial,Toronto and East York,43.638445,-79.39219,629686.0579,4832971.932,At Intersection,Traffic Signal,Clear,Daylight,Dry,165,Harbourfront-CityPlace,77,Waterfront Communities-The Island (77),Fatal,0,1,0,0,0,1,0,0,0,0,0,0,0,Cyclist Collisions,"['Vehicle Owner', 'Driver', 'Cyclist']",East,"['Other', 'Municipal Transit Bus (TTC)', 'Bicycle']","['Going Ahead', 'Pulling Away from Shoulder or Curb']",['Driving Properly'],['Normal'],['Not Applicable'],['Not Applicable'],"['Cyclist without ROW rides into path of motorist at inter, lnwy, dwy-Cyclist not turn.']",['Disobeyed Traffic Control'],['Normal'],True,"['unknown', '30 to 34', '60 to 64']",4.0
1203088.0,2010-11-01 08:00:00,1740,2010,AVENUE RD,ST CLAIR AVE W,Major Arterial,Toronto and East York,43.687545,-79.40189,628798.6061,4838410.0295,Unknown,No Control,Clear,Daylight,Dry,96,Casa Loma,96,Casa Loma (96),Non-Fatal Injury,0,0,1,0,0,0,0,1,0,0,0,0,1,Rear End,"['Driver', 'Passenger']",South,"['Automobile, Station Wagon', 'Other']","['Going Ahead', 'Stopped']","['Driving Properly', 'Lost control']","['Normal', 'Medical or Physical Disability']",['Not Applicable'],['Not Applicable'],['Not Applicable'],['Not Applicable'],['Not Applicable'],False,"['35 to 39', '55 to 59', '25 to 29', '40 to 44', '65 to 69', '20 to 24', '30 to 34']",3.0
1203098.0,2010-11-01 08:00:00,1410,2010,ROYAL YORK RD,NEWCASTLE ST,Minor Arterial,Etobicoke York,43.617445,-79.49889,621121.7193,4830478.4433,Unknown,Traffic Signal,Clear,Daylight,Dry,160,Mimico-Queensway,17,Mimico (includes Humber Bay Shores) (17),Non-Fatal Injury,1,0,1,0,0,0,0,0,0,1,0,0,0,Pedestrian Collisions,"['Driver', 'Pedestrian']",East,"['Automobile, Station Wagon', 'Other']",['Turning Left'],['Failed to Yield Right of Way'],['Normal'],['Crossing with right of way'],['Normal'],['Not Applicable'],['Not Applicable'],['Not Applicable'],False,"['85 to 89', '65 to 69']",3.0
1203435.0,2010-11-22 10:00:00,1818,2010,GLENCAIRN AVE,AVENUE RD,Major Arterial,North York,43.715945,-79.41229,627900.0123,4841548.1459,At Intersection,Stop Sign,Rain,Dark,Wet,103,Lawrence Park South,103,Lawrence Park South (103),Non-Fatal Injury,1,0,1,0,0,0,0,0,0,0,0,0,0,Pedestrian Collisions,"['Driver', 'Pedestrian']",North,"['Automobile, Station Wagon', 'Other']",['Going Ahead'],['Driving Properly'],['Normal'],['Crossing without right of way'],['Normal'],['Not Applicable'],['Not Applicable'],['Not Applicable'],False,"['45 to 49', '20 to 24']",3.0
1203535.0,2010-11-03 08:00:00,1050,2010,MIDLAND AVE,BENJAMIN BLVD,Minor Arterial,Scarborough,43.732245,-79.25709,640364.4129,4843609.7028,At Intersection,No Control,Clear,Daylight,Dry,124,Kennedy Park,124,Kennedy Park (124),Non-Fatal Injury,0,0,1,0,0,0,0,0,0,0,0,0,0,Rear End,"['Vehicle Owner', 'Driver']",North,"['Other', 'Automobile, Station Wagon']","['Going Ahead', 'Stopped']","['Lost control', 'Driving Properly']",['Normal'],['Not Applicable'],['Not Applicable'],['Not Applicable'],['Not Applicable'],['Not Applicable'],False,"['unknown', '70 to 74', '20 to 24']",3.0
1203754.0,2010-11-14 10:00:00,330,2010,SPADINA Rd,BLOOR St W,Major Arterial,Toronto and East York,43.666645,-79.40389,628682.0834,4836085.6972,At Intersection,Traffic Signal,Clear,Dark,Dry,79,University,79,University (79),Non-Fatal Injury,1,0,1,0,0,0,0,0,0,1,0,0,0,Pedestrian Collisions,"['Driver', 'Pedestrian']",North,"['Automobile, Station Wagon', 'Other']",['Going Ahead'],['Failed to Yield Right of Way'],['Unknown'],['Crossing with right of way'],['Had Been Drinking'],['Not Applicable'],['Not Applicable'],['Not Applicable'],False,"['unknown', '20 to 24']",3.0
1203769.0,2010-06-27 08:00:00,1710,2010,THE QUEENSWAY,GARDINER QUEENSWAY W RAMP,Major Arterial,Toronto and East York,43.635945,-79.47299,623173.7699,4832571.2038,At Intersection,Traffic Signal,Clear,Daylight,Wet,87,High Park-Swansea,87,High Park-Swansea (87),Non-Fatal Injury,0,0,0,0,0,1,0,1,0,1,0,0,0,Rear End,"['Vehicle Owner', 'Driver', 'Passenger']",West,"['Other', 'Municipal Transit Bus (TTC)']","['Going Ahead', 'Stopped']","['Following too Close', 'Driving Properly']","['Inattentive', 'Normal']",['Not Applicable'],['Not Applicable'],['Not Applicable'],['Not Applicable'],['Not Applicable'],False,"['unknown', '30 to 34', '65 to 69', '45 to 49', '50 to 54', '35 to 39']",3.0
1203855.0,2010-11-22 10:00:00,1542,2010,THORNCLIFFE PARK DR,OVERLEA BLVD,Major Arterial,North York,43.705045,-79.34989,632950.8746,4840435.7279,At Intersection,Traffic Signal,Rain,Daylight,Wet,55,Thorncliffe Park,55,Thorncliffe Park (55),Non-Fatal Injury,1,0,1,0,0,0,0,0,0,1,0,0,0,Pedestrian Collisions,"['Driver', 'Pedestrian']",North,"['Automobile, Station Wagon', 'Other']",['Turning Left'],['Failed to Yield Right of Way'],['Normal'],['Crossing with right of way'],['Normal'],['Not Applicable'],['Not Applicable'],['Not Applicable'],False,"['25 to 29', '65 to 69']",3.0
1204112.0,2010-11-25 10:00:00,1051,2010,KENNEDY RD,TROJAN GT,Major Arterial,Scarborough,43.803845,-79.29819,636890.9689,4851493.1829,At Intersection,Traffic Signal,Clear,Daylight,Dry,130,Milliken,130,Milliken (130),Non-Fatal Injury,0,0,1,0,0,1,0,1,0,1,0,0,0,Turning Movement,"['Vehicle Owner', 'Driver', 'Passenger']",North,"['Other', 'Automobile, Station Wagon', 'Municipal Transit Bus (TTC)']","['Turning Left', 'Going Ahead']","['Failed to Yield Right of Way', 'Driving Properly']","['Inattentive', 'Normal']",['Not Applicable'],['Not Applicable'],['Not Applicable'],['Not Applicable'],['Not Applicable'],False,"['unknown', '40 to 44', '30 to 34', '35 to 39', '90 to 94', '60 to 64']",3.0
1204248.0,2010-11-07 09:00:00,15,2010,AUGUSTA AVE,COLLEGE ST,Collector,Toronto and East York,43.656546,-79.402889,628784.3782,4834965.6225,Unknown,No Control,Clear,Dark,Dry,78,Kensington-Chinatown,78,Kensington-Chinatown (78),Non-Fatal Injury,1,0,1,0,0,0,0,0,1,1,0,0,0,Pedestrian Collisions,"['Vehicle Owner', 'Driver', 'Pedestrian']",East,"['Automobile, Station Wagon', 'Other']",['Going Ahead'],['Wrong Way on One Way Road'],['Unknown'],"['Crossing, no Traffic Control']",['Had Been Drinking'],['Not Applicable'],['Not Applicable'],['Not Applicable'],False,"['unknown', '15 to 19', '45 to 49']",3.0
1204296.0,2010-11-26 10:00:00,1719,2010,HUMEWOOD GDNS,RUSHTON RD,Local,Toronto and East York,43.682945,-79.42839,626672.5173,4837858.32,At Intersection,Stop Sign,Clear,Dark,Dry,106,Humewood-Cedarvale,106,Humewood-Cedarvale (106),Fatal,1,0,1,0,0,0,0,0,0,1,0,0,0,Pedestrian Collisions,"['Driver', 'Pedestrian']",North,"['Automobile, Station Wagon', 'Other']",['Going Ahead'],['Failed to Yield Right of Way'],['Normal'],['Crossing with right of way'],['Normal'],['Not Applicable'],['Not Applicable'],['Not Applicable'],True,"['70 to 74', '75 to 79']",4.0
1204298.0,2010-11-26 10:00:00,2026,2010,EGLINTON AVE E,SUTHERLAND DR,Major Arterial,North York,43.713045,-79.36719,631539.4818,4841296.6422,Unknown,Traffic Signal,Clear,Dark,Dry,56,Leaside-Bennington,56,Leaside-Bennington (56),Non-Fatal Injury,1,0,1,0,0,0,0,0,0,0,0,0,0,Pedestrian Collisions,"['Driver', 'Pedestrian']",East,"['Automobile, Station Wagon', 'Other']",['Going Ahead'],['Driving Properly'],['Normal'],['Crossing without right of way'],['Unknown'],['Not Applicable'],['Not Applicable'],['Not Applicable'],False,"['25 to 29', '75 to 79']",3.0
1204378.0,2010-11-28 10:00:00,545,2010,BLOOR RAMP,CASTLE FRANK RD,Major Arterial,Toronto and East York,43.676545,-79.36809,631546.7617,4837241.3802,Unknown,No Control,Clear,Dark,Dry,98,Rosedale-Moore Park,98,Rosedale-Moore Park (98),Non-Fatal Injury,0,0,1,0,0,0,0,1,0,0,0,1,0,SMV Other,"['Passenger', 'Driver', 'Other Property Owner']",South,"['Other', 'Automobile, Station Wagon']",['Going Ahead'],['Other'],"['Ability Impaired, Alcohol Over .08']",['Not Applicable'],['Not Applicable'],['Not Applicable'],['Not Applicable'],['Not Applicable'],False,"['0 to 4', '35 to 39', '25 to 29', 'unknown']",3.0
1204379.0,2010-11-28 10:00:00,1217,2010,HARBOUR ST,BAY ST,Major Arterial,Toronto and East York,43.642045,-79.37749,630863.9577,4833394.8316,At Intersection,Traffic Signal,Clear,Daylight,Dry,166,St Lawrence-East Bayfront-The Islands,77,Waterfront Communities-The Island (77),Non-Fatal Injury,1,0,1,0,0,0,0,0,0,0,0,0,0,Pedestrian Collisions,"['Driver', 'Pedestrian']",East,"['Automobile, Station Wagon', 'Other']","['Going Ahead', 'Turning Left']","['Driving Properly', 'Improper Turn']",['Normal'],['On Sidewalk or Shoulder'],['Normal'],['Not Applicable'],['Not Applicable'],['Not Applicable'],False,"['60 to 64', '25 to 29', '30 to 34', '0 to 4']",3.0
1204639.0,2010-11-29 10:00:00,1620,2010,LAKE SHORE BLVD W,PARKSIDE DR,Major Arterial,Toronto and East York,43.638251,-79.453464,624744.046,4832856.4739,At Intersection,Traffic Signal,Clear,Daylight,Dry,85,South Parkdale,85,South Parkdale (85),Non-Fatal Injury,0,1,1,0,0,0,0,0,0,0,0,0,0,Cyclist Collisions,"['Driver', 'Cyclist']",East,"['Automobile, Station Wagon', 'Bicycle']",['Going Ahead'],['Driving Properly'],['Normal'],['Not Applicable'],['Not Applicable'],"['Cyclist without ROW rides into path of motorist at inter, lnwy, dwy-Cyclist not turn.']",['Disobeyed Traffic Control'],['Inattentive'],False,"['45 to 49', '50 to 54']",3.0
1204643.0,2010-11-28 10:00:00,235,2010,DUNDAS ST W,YONGE ST,Major Arterial,Toronto and East York,43.656245,-79.38139,630518.6383,4834965.7856,Unknown,No Control,Clear,"Dark, artificial",Dry,170,Yonge-Bay Corridor,76,Bay Street Corridor (76),Non-Fatal Injury,1,0,1,0,0,0,0,0,0,1,0,0,0,Pedestrian Collisions,"['Driver', 'Pedestrian']",East,"['Taxi', 'Other']",['Pulling Away from Shoulder or Curb'],['Failed to Yield Right of Way'],['Unknown'],['Other'],['Had Been Drinking'],['Not Applicable'],['Not Applicable'],['Not Applicable'],False,"['unknown', '20 to 24']",3.0
1204660.0,2010-09-29 08:00:00,654,2010,MOUNT PLEASANT RD,DAVISVILLE AVE,Major Arterial,North York,43.700345,-79.38699,629971.8191,4839854.897,At Intersection,Traffic Signal,Clear,Daylight,Dry,174,South Eglinton-Davisville,104,Mount Pleasant West (104),Non-Fatal Injury,0,0,1,0,0,0,0,1,0,1,0,0,0,Turning Movement,"['Passenger', 'Driver', 'Vehicle Owner']",North,"['Other', 'Automobile, Station Wagon']","['Turning Left', 'Going Ahead']","['Failed to Yield Right of Way', 'Driving Properly']","['Inattentive', 'Normal']",['Not Applicable'],['Not Applicable'],['Not Applicable'],['Not Applicable'],['Not Applicable'],False,"['25 to 29', '50 to 54', 'unknown', '40 to 44']",3.0
1204889.0,2010-11-30 10:00:00,1812,2010,LAWRENCE AVE E,ELINOR AVE,Major Arterial,Scarborough,43.744045,-79.30059,636834.239,4844847.4964,At Intersection,Traffic Signal,Rain,Dark,Wet,119,Wexford/Maryvale,119,Wexford/Maryvale (119),Non-Fatal Injury,1,0,1,0,0,0,0,0,0,0,0,0,0,Pedestrian Collisions,"['Driver', 'Pedestrian']",North,"['Automobile, Station Wagon', 'Other']",['Going Ahead'],['Driving Properly'],['Normal'],['Crossing without right of way'],['Normal'],['Not Applicable'],['Not Applicable'],['Not Applicable'],False,"['20 to 24', '80 to 84']",3.0
1205176.0,2010-10-14 08:00:00,1703,2010,BLOOR ST E,CASTLE FRANK RD,Major Arterial,Toronto and East York,43.674045,-79.36769,631584.4697,4836964.3557,Unknown,No Control,Rain,Daylight,Wet,71,Cabbagetown-South St.James Town,71,Cabbagetown-South St.James Town (71),Non-Fatal Injury,0,0,1,0,0,0,0,0,1,1,0,0,0,Approaching,"['Vehicle Owner', 'Driver']",East,"['Other', 'Automobile, Station Wagon']",['Going Ahead'],"['Speed too Fast For Condition', 'Driving Properly']","['Inattentive', 'Normal']",['Not Applicable'],['Not Applicable'],['Not Applicable'],['Not Applicable'],['Not Applicable'],False,"['unknown', '15 to 19', '30 to 34']",3.0
1205226.0,2010-11-16 10:00:00,1820,2010,PARKSIDE DR,HOWARD PARK AVE,Major Arterial,Toronto and East York,43.648645,-79.45779,624373.656,4834004.3682,At Intersection,Traffic Signal,Rain,Dark,Wet,87,High Park-Swansea,87,High Park-Swansea (87),Non-Fatal Injury,1,0,1,0,0,0,0,0,0,1,0,0,0,Pedestrian Collisions,"['Driver', 'Pedestrian']",South,"['Automobile, Station Wagon', 'Other']",['Turning Left'],['Failed to Yield Right of Way'],['Normal'],['Crossing with right of way'],['Normal'],['Not Applicable'],['Not Applicable'],['Not Applicable'],False,"['35 to 39', '25 to 29', '60 to 64']",3.0
1205381.0,2010-09-15 08:00:00,1952,2010,QUEEN Stre W,SPADINA Aven,Major Arterial,Toronto and East York,43.648845,-79.39579,629373.3526,4834121.3682,Unknown,No Control,Clear,Dark,Dry,164,Wellington Place,77,Waterfront Communities-The Island (77),Non-Fatal Injury,1,0,1,0,0,0,0,0,0,0,0,0,0,Pedestrian Collisions,"['Driver', 'Pedestrian']",South,"['Automobile, Station Wagon', 'Other']",['Going Ahead'],['Driving Properly'],['Normal'],['Crossing without right of way'],"['Ability Impaired, Alcohol']",['Not Applicable'],['Not Applicable'],['Not Applicable'],False,"['35 to 39', '30 to 34']",3.0
1205411.0,2010-11-16 10:00:00,2001,2010,50 YORK GATE BLVD,Not Applicable,Minor Arterial,Etobicoke York,43.758445,-79.52149,619018.9645,4846105.6717,Unknown,No Control,Rain,Dark,Wet,24,Black Creek,24,Black Creek (24),Non-Fatal Injury,1,0,1,0,0,0,0,0,0,0,0,0,0,Pedestrian Collisions,"['Driver', 'Pedestrian']",East,"['Automobile, Station Wagon', 'Other']",['Going Ahead'],['Driving Properly'],['Normal'],"['Crossing, no Traffic Control']",['Had Been Drinking'],['Not Applicable'],['Not Applicable'],['Not Applicable'],False,"['40 to 44', '25 to 29']",3.0
1205539.0,2010-11-17 10:00:00,1534,2010,DANFORTH RD,MIDLAND AVE,Major Arterial,Scarborough,43.724845,-79.25399,640631.3909,4842793.0792,At Intersection,Traffic Signal,Clear,Daylight,Dry,124,Kennedy Park,124,Kennedy Park (124),Non-Fatal Injury,1,0,1,0,0,0,0,0,0,0,0,0,0,Pedestrian Collisions,"['Vehicle Owner', 'Driver', 'Pedestrian']",North,"['Other', 'Automobile, Station Wagon']","['Turning Right', 'Unknown']",['Driving Properly'],['Unknown'],['Running onto Roadway'],['Unknown'],['Not Applicable'],['Not Applicable'],['Not Applicable'],False,"['unknown', '50 to 54', '25 to 29']",3.0
1205835.0,2010-12-05 10:00:00,421,2010,422 BRIMORTON DR,Not Applicable,Collector,Scarborough,43.769045,-79.23759,641847.8884,4847730.1248,Unknown,No Control,Clear,Dark,Dry,142,Woburn North,137,Woburn (137),Fatal,0,0,1,0,0,0,0,1,0,0,0,0,0,SMV Other,"['Passenger', 'Driver', 'Other Property Owner']",West,"['Other', 'Automobile, Station Wagon']",['Going Ahead'],['Lost control'],['Had Been Drinking'],['Not Applicable'],['Not Applicable'],['Not Applicable'],['Not Applicable'],['Not Applicable'],True,"['25 to 29', 'unknown']",4.0
1205839.0,2010-11-13 10:00:00,1430,2010,LAKE SHORE Boul W,ONTARIO Driv,Major Arterial,Toronto and East York,43.630445,-79.41979,627476.7313,4832040.677,At Intersection,Traffic Signal,Clear,Daylight,Dry,163,Fort York-Liberty Village,82,Niagara (82),Non-Fatal Injury,0,0,1,1,0,0,0,0,0,0,0,0,0,Turning Movement,"['Motorcycle Driver', 'Driver']",East,"['Motorcycle', 'Automobile, Station Wagon']","['Going Ahead', 'Turning Left']","['Driving Properly', 'Improper Turn']",['Normal'],['Not Applicable'],['Not Applicable'],['Not Applicable'],['Not Applicable'],['Not Applicable'],False,"['25 to 29', '70 to 74']",3.0
1205980.0,2010-12-06 10:00:00,1855,2010,THE QUEENSWAY,COLBORNE LODGE DR,Major Arterial,Toronto and East York,43.639645,-79.45669,624480.9548,4833006.4521,Unknown,No Control,Snow,Dark,Dry,87,High Park-Swansea,87,High Park-Swansea (87),Non-Fatal Injury,1,0,1,0,0,0,0,0,0,0,0,0,0,Pedestrian Collisions,"['Driver', 'Pedestrian']",East,"['Automobile, Station Wagon', 'Other']",['Going Ahead'],['Driving Properly'],['Unknown'],"['Crossing, no Traffic Control']",['Had Been Drinking'],['Not Applicable'],['Not Applicable'],['Not Applicable'],False,"['35 to 39', '45 to 49']",3.0
1205981.0,2010-12-06 10:00:00,1445,2010,ANNETTE ST,RUNNYMEDE RD,Minor Arterial,Toronto and East York,43.660045,-79.47999,622560.0979,4835237.4544,At Intersection,Traffic Signal,Clear,Daylight,Loose Snow,88,High Park North,88,High Park North (88),Non-Fatal Injury,1,0,1,0,0,0,0,0,0,1,0,0,0,Pedestrian Collisions,"['Driver', 'Pedestrian']",East,"['Automobile, Station Wagon', 'Other']",['Turning Left'],['Failed to Yield Right of Way'],['Inattentive'],['Crossing with right of way'],['Normal'],['Not Applicable'],['Not Applicable'],['Not Applicable'],False,"['35 to 39', '80 to 84']",3.0
1206111.0,2010-11-18 10:00:00,2041,2010,PARLIAMENT St,FRONT St E,Minor Arterial,Toronto and East York,43.651545,-79.36269,632036.8523,4834473.3734,At Intersection,Traffic Signal,Clear,Dark,Dry,166,St Lawrence-East Bayfront-The Islands,77,Waterfront Communities-The Island (77),Non-Fatal Injury,0,0,1,0,0,0,0,1,0,1,1,0,0,Angle,"['Driver', 'Passenger']",East,"['Automobile, Station Wagon', 'Other']",['Going Ahead'],"['Disobeyed Traffic Control', 'Driving Properly']",['Unknown'],['Not Applicable'],['Not Applicable'],['Not Applicable'],['Not Applicable'],['Not Applicable'],False,"['75 to 79', 'unknown', '25 to 29']",3.0
1206537.0,2010-12-08 10:00:00,2055,2010,SHEPPARD Aven W,JANE Stre,Major Arterial,Etobicoke York,43.739445,-79.51179,619837.7238,4844009.4295,Unknown,No Control,Clear,Dark,Dry,25,Glenfield-Jane Heights,25,Glenfield-Jane Heights (25),Non-Fatal Injury,0,0,1,0,0,0,0,0,0,0,0,0,1,SMV Other,['Driver'],West,"['Automobile, Station Wagon']",['Going Ahead'],['Lost control'],['Medical or Physical Disability'],['Not Applicable'],['Not Applicable'],['Not Applicable'],['Not Applicable'],['Not Applicable'],False,['40 to 44'],3.0
1206538.0,2010-12-08 10:00:00,2055,2010,SHEPPARD Aven W,JANE Stre,Major Arterial,Etobicoke York,43.739345,-79.51319,619725.1876,4843996.2991,At Intersection,Traffic Signal,Clear,Dark,Dry,25,Glenfield-Jane Heights,25,Glenfield-Jane Heights (25),Non-Fatal Injury,0,0,1,0,0,0,0,0,0,0,0,0,1,Rear End,['Driver'],West,"['Automobile, Station Wagon']","['Going Ahead', 'Stopped']","['Lost control', 'Driving Properly']","['Medical or Physical Disability', 'Normal']",['Not Applicable'],['Not Applicable'],['Not Applicable'],['Not Applicable'],['Not Applicable'],False,"['40 to 44', '30 to 34']",3.0
1206992.0,2010-12-11 10:00:00,1935,2010,ST CLAIR AVE E,DANFORTH RD,Major Arterial,Scarborough,43.716845,-79.25989,640174.8292,4841894.5658,At Intersection,Traffic Signal,Clear,Dark,Dry,120,Clairlea-Birchmount,120,Clairlea-Birchmount (120),Fatal,1,0,0,0,0,1,0,0,0,0,0,0,0,Pedestrian Collisions,"['Vehicle Owner', 'Driver', 'Pedestrian']",East,"['Other', 'Municipal Transit Bus (TTC)']",['Going Ahead'],['Driving Properly'],['Normal'],['Crossing without right of way'],['Inattentive'],['Not Applicable'],['Not Applicable'],['Not Applicable'],True,"['unknown', '45 to 49', '65 to 69']",4.0
1207328.0,2010-11-14 10:00:00,1850,2010,JANE ST,EGLINTON AVE W,Major Arterial,Etobicoke York,43.684445,-79.49879,620995.1785,4837919.7985,At Intersection,Traffic Signal,Clear,Dark,Dry,115,Mount Dennis,115,Mount Dennis (115),Non-Fatal Injury,1,0,1,0,0,0,0,0,0,0,0,0,0,Pedestrian Collisions,"['Driver', 'Pedestrian']",East,"['Automobile, Station Wagon', 'Other']",['Going Ahead'],['Driving Properly'],['Normal'],['Crossing without right of way'],['Unknown'],['Not Applicable'],['Not Applicable'],['Not Applicable'],False,"['35 to 39', '40 to 44']",3.0
1207370.0,2010-12-14 10:00:00,216,2010,KINGSTON RD,ST QUENTIN AVE,Major Arterial,Scarborough,43.719145,-79.23929,641828.859,4842185.0621,Unknown,No Control,Snow,Dark,Packed Snow,123,Cliffcrest,123,Cliffcrest (123),Fatal,0,0,1,0,0,0,0,1,0,0,0,0,0,SMV Other,"['Passenger', 'Driver', 'Other Property Owner']",West,"['Other', 'Automobile, Station Wagon']",['Going Ahead'],['Lost control'],['Unknown'],['Not Applicable'],['Not Applicable'],['Not Applicable'],['Not Applicable'],['Not Applicable'],True,"['15 to 19', '20 to 24', 'unknown']",4.0
1207434.0,2010-11-14 10:00:00,1958,2010,FALMOUTH Aven,DANFORTH Road,Major Arterial,Scarborough,43.730545,-79.25099,640859.6649,4843431.2444,At Intersection,Stop Sign,Clear,Dark,Dry,124,Kennedy Park,124,Kennedy Park (124),Non-Fatal Injury,0,0,1,0,0,0,0,1,0,1,0,0,0,Turning Movement,"['Passenger', 'Driver']",East,"['Other', 'Automobile, Station Wagon']","['Going Ahead', 'Turning Left']","['Driving Properly', 'Failed to Yield Right of Way']","['Unknown', 'Normal', 'Inattentive']",['Not Applicable'],['Not Applicable'],['Not Applicable'],['Not Applicable'],['Not Applicable'],False,"['45 to 49', '50 to 54', '40 to 44', '85 to 89']",3.0
1207710.0,2010-11-11 10:00:00,1225,2010,KINGSTON RD,MARKHAM RD,Major Arterial,Scarborough,43.738745,-79.21699,643578.3509,4844400.3404,At Intersection,Traffic Signal,Clear,Daylight,Dry,139,Scarborough Village,139,Scarborough Village (139),Non-Fatal Injury,0,0,1,1,0,0,0,0,0,0,0,0,0,Turning Movement,"['Motorcycle Driver', 'Driver']",East,"['Motorcycle', 'Automobile, Station Wagon']","['Going Ahead', 'Turning Left']","['Driving Properly', 'Improper Turn']",['Normal'],['Not Applicable'],['Not Applicable'],['Not Applicable'],['Not Applicable'],['Not Applicable'],False,"['45 to 49', '20 to 24']",3.0
1207741.0,2010-11-12 10:00:00,1820,2010,322 THE WESTWAY,Not Applicable,Minor Arterial,Etobicoke York,43.685345,-79.55769,616246.1555,4837935.5121,Unknown,No Control,Clear,Dark,Dry,7,Willowridge-Martingrove-Richview,7,Willowridge-Martingrove-Richview (7),Non-Fatal Injury,1,0,1,0,0,0,0,0,0,0,0,0,0,Pedestrian Collisions,"['Vehicle Owner', 'Driver', 'Pedestrian']",South,"['Other', 'Automobile, Station Wagon']",['Going Ahead'],['Driving Properly'],['Normal'],"['Crossing, no Traffic Control']",['Had Been Drinking'],['Not Applicable'],['Not Applicable'],['Not Applicable'],False,"['unknown', '40 to 44', '45 to 49']",3.0
1207896.0,2010-12-15 10:00:00,1318,2010,DUNDAS ST W,CHELSEA AVE,Minor Arterial,Toronto and East York,43.658845,-79.45319,624723.5161,4835144.115,Unknown,No Control,Clear,Daylight,Wet,88,High Park North,88,High Park North (88),Non-Fatal Injury,1,0,1,0,0,0,0,0,0,0,0,0,0,Pedestrian Collisions,"['Driver', 'Pedestrian']",East,"['Automobile, Station Wagon', 'Other']",['Going Ahead'],['Driving Properly'],['Normal'],['Coming From Behind Parked Vehicle'],['Inattentive'],['Not Applicable'],['Not Applicable'],['Not Applicable'],False,"['75 to 79', '85 to 89']",3.0
1207898.0,2010-12-15 10:00:00,1602,2010,HORNER Aven,CONNELL Cour,Minor Arterial,Etobicoke York,43.614145,-79.51729,619643.5893,4830085.2637,Unknown,Stop Sign,Clear,Daylight,Dry,160,Mimico-Queensway,17,Mimico (includes Humber Bay Shores) (17),Non-Fatal Injury,0,0,1,0,0,0,0,0,0,1,0,0,0,Turning Movement,"['Driver', 'Vehicle Owner']",East,"['Automobile, Station Wagon', 'Other']","['Turning Left', 'Going Ahead']","['Failed to Yield Right of Way', 'Driving Properly']","['Inattentive', 'Normal']",['Not Applicable'],['Not Applicable'],['Not Applicable'],['Not Applicable'],['Not Applicable'],False,"['50 to 54', 'unknown', '20 to 24']",3.0
1208298.0,2010-12-01 10:00:00,620,2010,FINCH AVE W,ALBION RD,Major Arterial,Etobicoke York,43.743144,-79.587093,613766.921,4844314.0948,At Intersection,Traffic Signal,Rain,"Dark, artificial",Wet,2,Mount Olive-Silverstone-Jamestown,2,Mount Olive-Silverstone-Jamestown (2),Non-Fatal Injury,1,0,1,0,0,0,0,0,0,0,0,0,0,Pedestrian Collisions,"['Driver', 'Pedestrian']",South,"['Automobile, Station Wagon', 'Other']",['Going Ahead'],['Driving Properly'],['Normal'],['Crossing without right of way'],['Inattentive'],['Not Applicable'],['Not Applicable'],['Not Applicable'],False,"['30 to 34', '40 to 44']",3.0
1208694.0,2010-12-18 10:00:00,2256,2010,MCCOWAN RD,MELDAZY DR,Major Arterial,Scarborough,43.763845,-79.24839,640990.8552,4847134.1388,Unknown,No Control,Clear,Dark,Dry,156,Bendale-Glen Andrew,127,Bendale (127),Fatal,0,0,1,0,0,0,0,0,0,0,0,0,0,Approaching,"['Vehicle Owner', 'Driver']",North,"['Other', 'Automobile, Station Wagon']",['Going Ahead'],"['Other', 'Driving Properly']","['Other', 'Inattentive']",['Not Applicable'],['Not Applicable'],['Not Applicable'],['Not Applicable'],['Not Applicable'],True,"['unknown', '35 to 39', '55 to 59']",4.0