accident_number,date,time,year,street1,street2,road_class,district,latitude,longitude,x,y,accident_location,traffctl,visibility,light,road_surface_condition,hood_158,neighbourhood_new,hood_140,neighbourhood_old,accident_class,pedestrian,cyclist,automobile,motorcycle,truck,trsn_city_veh,emerg_veh,passenger,speeding,aggressive_driving,redlight,alcohol,disability,impact_type,involvement_type,initial_direction,vehicle_type,manoeuver,driver_action,driver_condition,pedestrian_action,pedestrian_condition,cyclist_type,cyclist_action,cyclist_condition,injury,involvement_age,injury_severity_score
1208896.0,2010-12-21 10:00:00,1639,2010,DANFORTH Ave,BROADVIEW Ave,Major Arterial,Toronto and East York,43.676145,-79.35889,632289.2521,4837211.5869,Unknown,No Control,Clear,Daylight,Dry,68,North Riverdale,68,North Riverdale (68),Non-Fatal Injury,0,1,1,0,0,0,0,0,0,0,0,0,0,Cyclist Collisions,"['Vehicle Owner', 'Driver', 'Cyclist']",East,"['Other', 'Automobile, Station Wagon', 'Bicycle']","['Pulling Onto Shoulder or towardCurb', 'Going Ahead']",['Improper Lane Change'],['Inattentive'],['Not Applicable'],['Not Applicable'],['Cyclist and Driver travelling in same direction. One vehicle rear-ended the other.'],['Driving Properly'],['Normal'],False,"['unknown', '30 to 34', '55 to 59']",3.0
1209188.0,2010-10-29 08:00:00,2242,2010,DUNDAS ST E,GEORGE ST,Major Arterial,Toronto and East York,43.657745,-79.37299,631192.7233,4835145.6279,Unknown,No Control,Clear,Dark,Dry,73,Moss Park,73,Moss Park (73),Non-Fatal Injury,0,0,0,1,0,0,0,0,0,0,0,0,0,SMV Other,['Motorcycle Driver'],East,['Motorcycle'],['Going Ahead'],['Lost control'],['Unknown'],['Not Applicable'],['Not Applicable'],['Not Applicable'],['Not Applicable'],['Not Applicable'],False,['40 to 44'],3.0
1209207.0,2010-12-23 10:00:00,2027,2010,BATHURST ST,BRIDGMAN AVE,Major Arterial,Toronto and East York,43.673945,-79.41469,627795.8597,4836879.7643,Unknown,No Control,Clear,Dark,Dry,96,Casa Loma,96,Casa Loma (96),Fatal,1,0,0,0,0,1,0,1,0,1,0,0,0,Pedestrian Collisions,"['Other', 'Passenger', 'Vehicle Owner', 'Driver', 'Pedestrian']",South,"['Other', 'Municipal Transit Bus (TTC)']","['Parked', 'Going Ahead']",['Improper Passing'],['Normal'],['Playing or Working on Highway'],['Normal'],['Not Applicable'],['Not Applicable'],['Not Applicable'],True,"['unknown', '50 to 54', '40 to 44']",4.0
1209440.0,2010-12-28 10:00:00,1734,2010,STEELES AVE E,SILVER STAR BLVD,Major Arterial,Scarborough,43.825345,-79.29999,636697.1113,4853878.1314,At Intersection,Traffic Signal,Snow,Dark,Wet,NSA,NSA,NSA,NSA,Fatal,1,0,1,0,0,0,0,1,0,0,0,0,0,Pedestrian Collisions,"['Passenger', 'Driver', 'Pedestrian']",East,"['Other', 'Automobile, Station Wagon']",['Going Ahead'],['Driving Properly'],['Normal'],"['Crossing, no Traffic Control']",['Unknown'],['Not Applicable'],['Not Applicable'],['Not Applicable'],True,"['70 to 74', '75 to 79', '30 to 34']",4.0
1209441.0,2010-12-28 10:00:00,1750,2010,STEELES AVE E,MIDLAND AVE,Major Arterial,Scarborough,43.825945,-79.29729,636912.8477,4853949.2368,At Intersection,Traffic Signal,Snow,Dark,Wet,130,Milliken,130,Milliken (130),Non-Fatal Injury,1,0,1,0,0,0,0,0,0,0,0,0,0,Pedestrian Collisions,"['Driver', 'Pedestrian']",North,"['Automobile, Station Wagon', 'Other']",['Turning Right'],['Improper Turn'],['Unknown'],"['Crossing, no Traffic Control']",['Other'],['Not Applicable'],['Not Applicable'],['Not Applicable'],False,"['unknown', '30 to 34']",3.0
1210091.0,2011-01-01 10:00:00,513,2011,SPADINA RD,DUPONT ST,Major Arterial,Toronto and East York,43.674845,-79.40709,628406.6015,4836991.4586,At Intersection,Traffic Signal,Clear,Dark,Wet,95,Annex,95,Annex (95),Non-Fatal Injury,0,1,1,0,0,0,0,0,0,1,0,0,0,Cyclist Collisions,"['Driver', 'Cyclist']",North,"['Automobile, Station Wagon', 'Bicycle']","['Turning Left', 'Going Ahead']",['Failed to Yield Right of Way'],['Normal'],['Not Applicable'],['Not Applicable'],['Motorist turned left across cyclists path.'],['Driving Properly'],['Had Been Drinking'],False,"['60 to 64', '20 to 24']",3.0
1210132.0,2011-01-02 10:00:00,105,2011,MCCOWAN RD,ELLESMERE RD,Major Arterial,Scarborough,43.772145,-79.25149,640721.8604,4848050.7095,At Intersection,Traffic Signal,Clear,Dark,Dry,142,Woburn North,137,Woburn (137),Non-Fatal Injury,0,0,1,1,0,0,0,0,1,1,0,0,0,Turning Movement,"['Driver', 'Motorcycle Driver']",North,"['Automobile, Station Wagon', 'Motorcycle']","['Turning Left', 'Going Ahead']","['Improper Turn', 'Exceeding Speed Limit']",['Normal'],['Not Applicable'],['Not Applicable'],['Not Applicable'],['Not Applicable'],['Not Applicable'],False,"['55 to 59', '20 to 24']",3.0
1210705.0,2010-12-04 10:00:00,1430,2010,CARRIER Driv,WOODBINE DOWNS Boul,Collector,Etobicoke York,43.738645,-79.60759,612124.8946,4843786.4749,At Intersection,Stop Sign,Clear,Daylight,Dry,1,West Humber-Clairville,1,West Humber-Clairville (1),Non-Fatal Injury,0,0,1,0,0,0,0,1,0,1,0,0,0,Angle,"['Driver', 'Passenger']",North,"['Automobile, Station Wagon', 'Other']",['Going Ahead'],"['Disobeyed Traffic Control', 'Driving Properly']","['Inattentive', 'Normal']",['Not Applicable'],['Not Applicable'],['Not Applicable'],['Not Applicable'],['Not Applicable'],False,"['40 to 44', '5 to 9', '10 to 14', '65 to 69', '35 to 39']",3.0
1211140.0,2011-01-07 10:00:00,1430,2011,BATHURST ST,PORTUGAL SQ,Major Arterial,Toronto and East York,43.645503,-79.403354,628770.4799,4833738.4314,Unknown,No Control,Clear,Daylight,Wet,164,Wellington Place,77,Waterfront Communities-The Island (77),Non-Fatal Injury,1,0,1,0,0,0,0,0,0,1,0,0,0,Pedestrian Collisions,"['Driver', 'Wheelchair']",North,"['Automobile, Station Wagon', 'Other']",['Turning Left'],['Failed to Yield Right of Way'],['Normal'],['Crossing with right of way'],['Normal'],['Not Applicable'],['Not Applicable'],['Not Applicable'],False,['50 to 54'],3.0
1211163.0,2011-01-07 10:00:00,1900,2011,FINCH AVE W,YORK GATE BLVD,Major Arterial,Etobicoke York,43.756945,-79.51979,619158.7915,4845941.519,At Intersection,No Control,Clear,Dark,Dry,25,Glenfield-Jane Heights,24,Black Creek (24),Non-Fatal Injury,1,0,1,0,0,0,0,0,0,0,0,0,0,Pedestrian Collisions,"['Driver', 'Pedestrian']",North,"['Automobile, Station Wagon', 'Other']",['Going Ahead'],['Driving Properly'],['Normal'],"['Crossing, no Traffic Control']",['Had Been Drinking'],['Not Applicable'],['Not Applicable'],['Not Applicable'],False,"['35 to 39', '45 to 49']",3.0
1211648.0,2010-12-06 10:00:00,845,2010,JANE ST,JOHN ST,Major Arterial,Etobicoke York,43.706645,-79.50479,620467.1236,4840376.6749,At Intersection,Traffic Signal,Snow,Daylight,Wet,28,Rustic,28,Rustic (28),Non-Fatal Injury,0,0,1,0,0,0,0,1,0,0,0,0,0,Turning Movement,"['Driver', 'Vehicle Owner', 'Passenger']",North,"['Automobile, Station Wagon', 'Other']","['Going Ahead', 'Turning Left']","['Driving Properly', 'Improper Turn']",['Normal'],['Not Applicable'],['Not Applicable'],['Not Applicable'],['Not Applicable'],['Not Applicable'],False,"['45 to 49', 'unknown', '30 to 34', '5 to 9']",3.0
1211679.0,2011-01-10 10:00:00,837,2011,VICTORIA PARK AVE,SLOANE AVE,Major Arterial,North York,43.738845,-79.30849,636209.9265,4844256.9399,Unknown,No Control,Clear,Daylight,Wet,43,Victoria Village,43,Victoria Village (43),Non-Fatal Injury,0,0,1,0,0,1,0,1,1,1,0,0,0,Rear End,"['Driver', 'Passenger', 'Vehicle Owner']",South,"['Automobile, Station Wagon', 'Other', 'Municipal Transit Bus (TTC)']","['Going Ahead', 'Stopped']","['Speed too Fast For Condition', 'Driving Properly']","['Inattentive', 'Normal']",['Not Applicable'],['Not Applicable'],['Not Applicable'],['Not Applicable'],['Not Applicable'],False,"['40 to 44', '10 to 14', 'unknown', '25 to 29']",3.0
1212031.0,2011-01-11 10:00:00,1023,2011,QUEEN ST W,BATHURST ST,Major Arterial,Toronto and East York,43.647245,-79.40389,628723.5298,4833931.0716,At Intersection,No Control,Clear,Daylight,Wet,78,Kensington-Chinatown,78,Kensington-Chinatown (78),Fatal,1,0,0,0,0,1,0,0,0,0,0,0,0,Pedestrian Collisions,"['Pedestrian', 'Vehicle Owner', 'Driver']",North,"['Other', 'Municipal Transit Bus (TTC)']",['Going Ahead'],['Driving Properly'],['Normal'],"['Crossing, no Traffic Control']",['Unknown'],['Not Applicable'],['Not Applicable'],['Not Applicable'],True,"['unknown', '50 to 54']",4.0
1212205.0,2010-12-08 10:00:00,1512,2010,BIRCHMOUNT RD,WINTERMUTE BLVD,Major Arterial,Scarborough,43.816245,-79.31449,635551.7534,4852843.5674,At Intersection,Traffic Signal,Clear,Daylight,Dry,116,Steeles,116,Steeles (116),Non-Fatal Injury,1,0,1,0,0,0,0,0,0,1,0,0,0,Pedestrian Collisions,"['Driver', 'Pedestrian']",East,"['Automobile, Station Wagon', 'Other']",['Turning Left'],['Failed to Yield Right of Way'],['Normal'],['Crossing with right of way'],['Normal'],['Not Applicable'],['Not Applicable'],['Not Applicable'],False,"['60 to 64', '15 to 19']",3.0
1212390.0,2010-12-08 10:00:00,821,2010,4472 STEELES AVE E,Not Applicable,Major Arterial,Scarborough,43.821845,-79.31499,635498.8736,4853464.7196,Unknown,No Control,Clear,Daylight,Dry,NSA,NSA,NSA,NSA,Non-Fatal Injury,1,0,1,0,0,0,0,0,0,0,0,0,0,Pedestrian Collisions,"['Vehicle Owner', 'Driver', 'Pedestrian']",East,"['Other', 'Automobile, Station Wagon']",['Turning Left'],['Driving Properly'],['Inattentive'],['On Sidewalk or Shoulder'],['Normal'],['Not Applicable'],['Not Applicable'],['Not Applicable'],False,"['unknown', '40 to 44', '60 to 64']",3.0
1212585.0,2010-12-09 10:00:00,631,2010,RIVALDA RD,SHEPPARD AVE W,Major Arterial,Etobicoke York,43.734645,-79.53389,618067.5467,4843444.5928,At Intersection,Traffic Signal,Clear,Dark,Dry,23,Pelmo Park-Humberlea,23,Pelmo Park-Humberlea (23),Non-Fatal Injury,1,0,1,0,0,0,0,0,0,1,0,0,0,Pedestrian Collisions,"['Driver', 'Pedestrian']",North,"['Automobile, Station Wagon', 'Other']",['Turning Right'],['Failed to Yield Right of Way'],['Normal'],['Crossing with right of way'],['Normal'],['Not Applicable'],['Not Applicable'],['Not Applicable'],False,"['55 to 59', '20 to 24']",3.0
121282.0,2020-01-18 10:00:00,955,2020,ALBION RD,CARRIER DR,Major Arterial,Etobicoke York,43.745425,-79.61423,611577.6052,4844530.5262,At Intersection,Traffic Signal,Snow,Daylight,Wet,1,West Humber-Clairville,1,West Humber-Clairville (1),Non-Fatal Injury,0,0,1,0,0,0,0,0,0,0,0,0,1,SMV Other,['Driver'],East,"['Automobile, Station Wagon']",['Going Ahead'],['Lost control'],['Medical or Physical Disability'],['Not Applicable'],['Not Applicable'],['Not Applicable'],['Not Applicable'],['Not Applicable'],False,['60 to 64'],3.0
1212862.0,2011-01-15 10:00:00,1025,2011,EGLINTON AVE W,RENFORTH DR,Minor Arterial,Etobicoke York,43.665545,-79.58619,613986.5988,4835696.9113,Unknown,No Control,Snow,Daylight,Slush,11,Eringate-Centennial-West Deane,11,Eringate-Centennial-West Deane (11),Non-Fatal Injury,0,0,1,0,0,0,0,1,1,1,0,0,0,SMV Other,"['Passenger', 'Driver']",East,"['Other', 'Automobile, Station Wagon']",['Going Ahead'],['Speed too Fast For Condition'],['Normal'],['Not Applicable'],['Not Applicable'],['Not Applicable'],['Not Applicable'],['Not Applicable'],False,"['15 to 19', '45 to 49']",3.0
1213166.0,2010-12-10 10:00:00,1700,2010,911 BRIMORTON Dr,Not Applicable,Collector,Scarborough,43.771045,-79.21269,643847.1989,4847995.215,Unknown,No Control,Snow,Dark,Slush,141,Golfdale-Cedarbrae-Woburn,137,Woburn (137),Non-Fatal Injury,0,0,1,0,0,0,0,0,1,1,0,0,0,SMV Other,['Driver'],West,"['Automobile, Station Wagon']",['Going Ahead'],['Lost control'],['Unknown'],['Not Applicable'],['Not Applicable'],['Not Applicable'],['Not Applicable'],['Not Applicable'],False,['30 to 34'],3.0
1213789.0,2010-12-11 10:00:00,937,2010,349 HULLMAR DR,Not Applicable,Collector,Etobicoke York,43.773345,-79.52539,618675.5478,4847754.9411,Unknown,No Control,Snow,Daylight,Other,24,Black Creek,24,Black Creek (24),Non-Fatal Injury,1,0,1,0,0,0,0,0,0,0,0,0,0,Pedestrian Collisions,"['Driver', 'Pedestrian']",South,"['Automobile, Station Wagon', 'Other']",['Reversing'],['Other'],['Normal'],['Other'],['Normal'],['Not Applicable'],['Not Applicable'],['Not Applicable'],False,"['35 to 39', '75 to 79']",3.0
1213866.0,2011-01-21 10:00:00,519,2011,DUFFERIN ST,NORTON AVE W,Major Arterial,Toronto and East York,43.678645,-79.44329,625480.5225,4837358.0972,Unknown,No Control,Snow,Dark,Slush,92,Corso Italia-Davenport,92,Corso Italia-Davenport (92),Fatal,1,0,0,0,0,1,0,0,0,0,0,0,0,Pedestrian Collisions,"['Vehicle Owner', 'Driver', 'Pedestrian']",South,"['Other', 'Municipal Transit Bus (TTC)']",['Stopped'],['Driving Properly'],['Normal'],['Person Getting on/off Vehicle'],['Unknown'],['Not Applicable'],['Not Applicable'],['Not Applicable'],True,"['unknown', '55 to 59']",4.0
1213957.0,2010-12-13 10:00:00,1725,2010,LAKE SHORE BLVD W,HILLSIDE AVE,Major Arterial,Etobicoke York,43.611145,-79.48999,621852.5729,4829791.7721,At Intersection,Traffic Signal,Clear,Dark,Dry,161,Humber Bay Shores,17,Mimico (includes Humber Bay Shores) (17),Non-Fatal Injury,1,0,1,0,0,0,0,0,0,0,0,0,0,Pedestrian Collisions,"['Driver', 'Pedestrian']",North,"['Automobile, Station Wagon', 'Other']",['Going Ahead'],['Driving Properly'],['Unknown'],['Crossing without right of way'],['Had Been Drinking'],['Not Applicable'],['Not Applicable'],['Not Applicable'],False,"['65 to 69', '80 to 84']",3.0
1214196.0,2011-01-22 10:00:00,319,2011,F G GARDINER XY Expr E,JAMESON AVE,Major Arterial,Toronto and East York,43.632445,-79.43279,626423.8076,4832242.9218,Unknown,No Control,Clear,Dark,Dry,85,South Parkdale,85,South Parkdale (85),Non-Fatal Injury,0,0,1,0,0,0,0,0,0,0,0,1,0,Rear End,"['Vehicle Owner', 'Driver']",East,"['Other', 'Automobile, Station Wagon']","['Going Ahead', 'Stopped']","['Lost control', 'Driving Properly']","['Ability Impaired, Alcohol', 'Normal']",['Not Applicable'],['Not Applicable'],['Not Applicable'],['Not Applicable'],['Not Applicable'],False,"['unknown', '45 to 49', '55 to 59', '40 to 44']",3.0
1214567.0,2011-01-24 10:00:00,1300,2011,2372 FINCH AVE W,Not Applicable,Major Arterial,Etobicoke York,43.751545,-79.54479,617156.7817,4845306.1075,Unknown,No Control,Clear,Daylight,Wet,22,Humbermede,22,Humbermede (22),Non-Fatal Injury,0,0,1,0,0,0,0,1,0,1,0,0,0,Turning Movement,"['Passenger', 'Driver']",South,"['Other', 'Automobile, Station Wagon']","['Turning Left', 'Going Ahead']","['Failed to Yield Right of Way', 'Driving Properly']",['Normal'],['Not Applicable'],['Not Applicable'],['Not Applicable'],['Not Applicable'],['Not Applicable'],False,"['35 to 39', '55 to 59', '70 to 74', '45 to 49']",3.0
1214720.0,2011-01-25 10:00:00,825,2011,MCCOWAN RD,ST ANDREWS RD,Major Arterial,Scarborough,43.759445,-79.24659,641146.0899,4846648.5171,Unknown,No Control,Clear,Daylight,Wet,142,Woburn North,137,Woburn (137),Non-Fatal Injury,1,0,1,0,0,0,0,0,0,1,0,0,0,Pedestrian Collisions,"['Vehicle Owner', 'Driver', 'Pedestrian']",South,"['Other', 'Automobile, Station Wagon']",['Going Ahead'],['Failed to Yield Right of Way'],['Fatigue'],['Playing or Working on Highway'],['Normal'],['Not Applicable'],['Not Applicable'],['Not Applicable'],False,"['unknown', '65 to 69', '45 to 49']",3.0
1214725.0,2011-01-25 10:00:00,2058,2011,BATHURST ST,FOREST RIDGE DR,Major Arterial,North York,43.706645,-79.42669,626759.5953,4840493.13,Unknown,No Control,Clear,Dark,Wet,102,Forest Hill North,102,Forest Hill North (102),Fatal,1,0,1,0,0,0,0,0,0,1,0,0,0,Pedestrian Collisions,"['Driver', 'Pedestrian']",South,"['Automobile, Station Wagon', 'Other']",['Going Ahead'],['Driving Properly'],['Normal'],"['Crossing, no Traffic Control']",['Inattentive'],['Not Applicable'],['Not Applicable'],['Not Applicable'],True,"['70 to 74', '75 to 79']",4.0
1215284.0,2011-01-29 10:00:00,0,2011,BLOOR ST W,CONCORD AVE,Major Arterial,Toronto and East York,43.661745,-79.42689,626838.0708,4835506.0682,At Intersection,No Control,Clear,Dark,Dry,172,Dovercourt Village,93,Dovercourt-Wallace Emerson-Junction (93),Fatal,1,0,0,0,0,1,0,0,0,1,0,0,0,Pedestrian Collisions,"['Vehicle Owner', 'Driver', 'Pedestrian']",East,"['Other', 'Municipal Transit Bus (TTC)']",['Turning Right'],['Failed to Yield Right of Way'],['Inattentive'],['Crossing with right of way'],['Had Been Drinking'],['Not Applicable'],['Not Applicable'],['Not Applicable'],True,"['unknown', '35 to 39', '60 to 64']",4.0
1215424.0,2010-12-15 10:00:00,2115,2010,1251 BRIDLETOWNE Circ,Not Applicable,Collector,Scarborough,43.793645,-79.31209,635795.9685,4850337.4096,Unknown,Pedestrian Crossover,Snow,Dark,Wet,148,East L'Amoreaux,117,L'Amoreaux (117),Non-Fatal Injury,0,0,1,0,0,0,0,0,1,1,0,1,0,SMV Other,"['Driver', 'Other Property Owner']",North,"['Automobile, Station Wagon', 'Other']",['Going Ahead'],['Speed too Fast For Condition'],"['Ability Impaired, Alcohol']",['Not Applicable'],['Not Applicable'],['Not Applicable'],['Not Applicable'],['Not Applicable'],False,"['40 to 44', 'unknown']",3.0
1215589.0,2011-02-01 10:00:00,847,2011,MARTIN GROVE RD,JOHN GARLAND BLVD,Major Arterial,Etobicoke York,43.732045,-79.58939,613602.952,4843078.2416,At Intersection,Traffic Signal,Snow,Daylight,Loose Snow,2,Mount Olive-Silverstone-Jamestown,2,Mount Olive-Silverstone-Jamestown (2),Non-Fatal Injury,1,0,0,0,0,1,0,0,0,1,0,0,0,Pedestrian Collisions,"['Vehicle Owner', 'Driver', 'Pedestrian']",East,"['Other', 'Municipal Transit Bus (TTC)']",['Turning Right'],['Failed to Yield Right of Way'],['Inattentive'],['Crossing with right of way'],['Normal'],['Not Applicable'],['Not Applicable'],['Not Applicable'],False,"['unknown', '40 to 44', '10 to 14']",3.0
1216368.0,2010-12-20 10:00:00,1540,2010,VICTORIA PARK AVE,PACHINO BLVD,Major Arterial,North York,43.761845,-79.31699,635473.5475,4846797.4968,Unknown,No Control,Clear,Daylight,Wet,119,Wexford/Maryvale,119,Wexford/Maryvale (119),Non-Fatal Injury,1,0,1,0,0,0,0,0,0,0,0,0,0,Pedestrian Collisions,"['Driver', 'Pedestrian']",North,"['Automobile, Station Wagon', 'Other']",['Going Ahead'],['Driving Properly'],['Normal'],['Running onto Roadway'],['Medical or Physical Disability'],['Not Applicable'],['Not Applicable'],['Not Applicable'],False,['45 to 49'],3.0
1216616.0,2010-12-19 10:00:00,211,2010,DUNDAS ST W,MANNING AVE,Major Arterial,Toronto and East York,43.651345,-79.41089,628150.2665,4834375.5962,At Intersection,Traffic Signal,Clear,Dark,Dry,81,Trinity-Bellwoods,81,Trinity-Bellwoods (81),Non-Fatal Injury,1,0,1,0,0,0,0,0,0,0,0,0,0,Pedestrian Collisions,"['Vehicle Owner', 'Driver', 'Pedestrian']",East,"['Other', 'Taxi']",['Going Ahead'],['Driving Properly'],['Normal'],['Crossing without right of way'],"['Ability Impaired, Alcohol']",['Not Applicable'],['Not Applicable'],['Not Applicable'],False,"['unknown', '55 to 59', '30 to 34']",3.0
1216987.0,2011-02-10 10:00:00,828,2011,DUNDAS ST W,NEILSON DR,Major Arterial,Etobicoke York,43.627345,-79.56239,615978.9457,4831487.2944,At Intersection,Traffic Signal,Clear,Daylight,Dry,12,Markland Wood,12,Markland Wood (12),Fatal,1,0,1,0,0,0,0,1,0,1,0,0,0,Pedestrian Collisions,"['Passenger', 'Driver', 'Pedestrian']",South,"['Other', 'Automobile, Station Wagon']",['Turning Left'],['Failed to Yield Right of Way'],['Inattentive'],['Crossing with right of way'],['Normal'],['Not Applicable'],['Not Applicable'],['Not Applicable'],True,"['15 to 19', '45 to 49', '55 to 59']",4.0
1216997.0,2011-02-08 10:00:00,830,2011,DUFFERIN ST,GORDON ST,Minor Arterial,Toronto and East York,43.646845,-79.43039,626587.1692,4833845.8839,At Intersection,No Control,Clear,Daylight,Dry,84,Little Portugal,84,Little Portugal (84),Non-Fatal Injury,1,0,1,0,0,0,0,0,0,0,0,0,0,Pedestrian Collisions,"['Driver', 'Pedestrian']",East,"['Automobile, Station Wagon', 'Other']",['Going Ahead'],['Driving Properly'],['Normal'],['Running onto Roadway'],['Inattentive'],['Not Applicable'],['Not Applicable'],['Not Applicable'],False,"['35 to 39', '10 to 14']",3.0
1217361.0,2011-02-11 10:00:00,1822,2011,DUNDAS ST E,SHERBOURNE ST,Major Arterial,Toronto and East York,43.658245,-79.37099,631352.9032,4835204.3238,At Intersection,Traffic Signal,Clear,Dark,Dry,73,Moss Park,73,Moss Park (73),Non-Fatal Injury,1,0,1,0,0,0,0,0,0,0,0,0,0,Pedestrian Collisions,"['Driver', 'Pedestrian']",East,"['Automobile, Station Wagon', 'Other']",['Going Ahead'],['Driving Properly'],['Normal'],['Crossing without right of way'],['Inattentive'],['Not Applicable'],['Not Applicable'],['Not Applicable'],False,"['60 to 64', '40 to 44']",3.0
1217753.0,2011-02-14 10:00:00,1100,2011,JANE Stre,EGLINTON Aven W,Major Arterial,Etobicoke York,43.683745,-79.49859,621012.7057,4837842.3459,Unknown,No Control,Clear,Daylight,Dry,111,Rockcliffe-Smythe,111,Rockcliffe-Smythe (111),Non-Fatal Injury,0,0,1,0,0,0,0,1,0,1,0,0,0,Approaching,"['Vehicle Owner', 'Driver', 'Passenger']",North,"['Other', 'Automobile, Station Wagon']",['Going Ahead'],"['Driving Properly', 'Lost control']","['Normal', 'Unknown']",['Not Applicable'],['Not Applicable'],['Not Applicable'],['Not Applicable'],['Not Applicable'],False,"['unknown', '35 to 39', '70 to 74', '75 to 79']",3.0
1218634.0,2011-02-18 10:00:00,1408,2011,QUEEN ST E,CARLAW AVE,Minor Arterial,Toronto and East York,43.661045,-79.34009,633838.287,4835564.6837,At Intersection,Traffic Signal,Clear,Daylight,Dry,70,South Riverdale,70,South Riverdale (70),Non-Fatal Injury,1,0,1,0,0,0,0,0,0,0,0,0,0,Pedestrian Collisions,"['Vehicle Owner', 'Driver', 'Pedestrian']",East,"['Other', 'Taxi']",['Turning Left'],['Improper Turn'],['Normal'],['Crossing with right of way'],['Normal'],['Not Applicable'],['Not Applicable'],['Not Applicable'],False,"['unknown', '50 to 54', '0 to 4', '35 to 39']",3.0
1218699.0,2020-07-02 08:00:00,1255,2020,PHARMACY AVE,HUNTINGWOOD DR,Minor Arterial,Scarborough,43.781603,-79.320125,635176.6718,4848986.8041,At Intersection,Traffic Signal,Clear,Daylight,Dry,118,Tam O'Shanter-Sullivan,118,Tam O'Shanter-Sullivan (118),Non-Fatal Injury,0,0,1,0,0,0,0,1,0,1,1,0,0,Angle,"['Driver', 'Passenger']",South,"['Pick Up Truck', 'Automobile, Station Wagon']",['Going Ahead'],"['Disobeyed Traffic Control', 'Driving Properly']","['Inattentive', 'Normal']",['Not Applicable'],['Not Applicable'],['Not Applicable'],['Not Applicable'],['Not Applicable'],False,"['40 to 44', '55 to 59', '35 to 39', '80 to 84', '85 to 89', '0 to 4']",3.0
1219081.0,2010-12-29 10:00:00,2159,2010,DANFORTH AVE,BOWDEN ST,Major Arterial,Toronto and East York,43.677043,-79.354587,632634.1406,4837318.1941,Unknown,No Control,Clear,Dark,Dry,67,Playter Estates-Danforth,67,Playter Estates-Danforth (67),Non-Fatal Injury,1,0,1,0,0,0,0,0,0,1,0,1,0,Pedestrian Collisions,"['Pedestrian', 'Vehicle Owner', 'Driver']",East,"['Other', 'Automobile, Station Wagon']",['Changing Lanes'],['Improper Passing'],"['Ability Impaired, Alcohol']",['Person Getting on/off Vehicle'],['Normal'],['Not Applicable'],['Not Applicable'],['Not Applicable'],False,"['60 to 64', 'unknown', '30 to 34']",3.0
1219139.0,2011-02-21 10:00:00,2022,2011,WESTON Road,MAPLE BUSH Aven,Major Arterial,Etobicoke York,43.710445,-79.53489,618034.5281,4840755.4186,Unknown,Missing Control,Other,Dark,Other,23,Pelmo Park-Humberlea,23,Pelmo Park-Humberlea (23),Non-Fatal Injury,1,0,1,0,0,0,0,0,0,0,0,0,0,Pedestrian Collisions,"['Driver', 'Pedestrian']",Unknown,"['Automobile, Station Wagon', 'Other']","['Unknown', 'Other']",[],[],['Not Applicable'],['Not Applicable'],['Not Applicable'],['Not Applicable'],['Not Applicable'],False,"['25 to 29', 'unknown']",3.0
1219456.0,2011-02-21 10:00:00,2022,2011,WESTON RD,MAPLE BUSH AVE,Major Arterial,Etobicoke York,43.710345,-79.53479,618042.7808,4840744.4546,At Intersection,No Control,Clear,Dark,Dry,23,Pelmo Park-Humberlea,23,Pelmo Park-Humberlea (23),Non-Fatal Injury,1,0,1,0,0,0,0,0,0,0,0,0,0,Pedestrian Collisions,"['Driver', 'Pedestrian']",North,"['Automobile, Station Wagon', 'Other']",['Going Ahead'],['Driving Properly'],['Normal'],['Running onto Roadway'],['Other'],['Not Applicable'],['Not Applicable'],['Not Applicable'],False,['25 to 29'],3.0
1219581.0,2011-01-04 10:00:00,1640,2011,DUFFERIN ST,PRESTON RD,Major Arterial,Toronto and East York,43.691045,-79.44829,625051.7202,4838727.7333,Unknown,No Control,Clear,Dusk,Dry,107,Oakwood Village,107,Oakwood Village (107),Non-Fatal Injury,0,0,1,0,0,0,0,0,0,0,0,0,0,Approaching,['Driver'],South,"['Automobile, Station Wagon']",['Going Ahead'],"['Driving Properly', 'Lost control']","['Normal', 'Inattentive']",['Not Applicable'],['Not Applicable'],['Not Applicable'],['Not Applicable'],['Not Applicable'],False,"['60 to 64', '30 to 34']",3.0
1219697.0,2011-01-05 10:00:00,1007,2011,DUPONT ST,CHRISTIE ST,Major Arterial,Toronto and East York,43.671645,-79.42149,627252.55,4836613.8645,At Intersection,Traffic Signal,Clear,Daylight,Dry,95,Annex,95,Annex (95),Non-Fatal Injury,1,0,1,0,0,0,0,0,0,1,0,0,0,Pedestrian Collisions,"['Driver', 'Pedestrian']",North,"['Automobile, Station Wagon', 'Other']",['Turning Left'],['Failed to Yield Right of Way'],['Normal'],['Crossing with right of way'],['Normal'],['Not Applicable'],['Not Applicable'],['Not Applicable'],False,"['60 to 64', '80 to 84']",3.0
1219703.0,2011-01-05 10:00:00,1951,2011,FINCH AVE E,WARDEN AVE,Major Arterial,Scarborough,43.796945,-79.31499,635555.1928,4850699.173,At Intersection,No Control,Clear,Dark,Wet,148,East L'Amoreaux,117,L'Amoreaux (117),Non-Fatal Injury,0,0,1,0,0,0,0,0,0,1,0,0,0,Rear End,['Driver'],West,"['Automobile, Station Wagon']","['Going Ahead', 'Stopped']","['Following too Close', 'Driving Properly']",['Normal'],['Not Applicable'],['Not Applicable'],['Not Applicable'],['Not Applicable'],['Not Applicable'],False,"['70 to 74', '40 to 44']",3.0
1219821.0,2011-02-23 10:00:00,1203,2011,DON MILLS RD,THE DONWAY  E,Major Arterial,North York,43.740845,-79.34449,633306.534,4844420.512,At Intersection,Traffic Signal,Clear,Daylight,Dry,42,Banbury-Don Mills,42,Banbury-Don Mills (42),Non-Fatal Injury,1,0,1,0,0,0,0,0,0,1,0,0,0,Pedestrian Collisions,"['Vehicle Owner', 'Driver', 'Pedestrian']",East,"['Other', 'Automobile, Station Wagon']","['Turning Right', 'Other']",['Failed to Yield Right of Way'],['Inattentive'],['Crossing with right of way'],['Normal'],['Not Applicable'],['Not Applicable'],['Not Applicable'],False,"['unknown', '65 to 69', '80 to 84']",3.0