accident_number,date,time,year,street1,street2,road_class,district,latitude,longitude,x,y,accident_location,traffctl,visibility,light,road_surface_condition,hood_158,neighbourhood_new,hood_140,neighbourhood_old,accident_class,pedestrian,cyclist,automobile,motorcycle,truck,trsn_city_veh,emerg_veh,passenger,speeding,aggressive_driving,redlight,alcohol,disability,impact_type,involvement_type,initial_direction,vehicle_type,manoeuver,driver_action,driver_condition,pedestrian_action,pedestrian_condition,cyclist_type,cyclist_action,cyclist_condition,injury,involvement_age,injury_severity_score
1219842.0,2011-02-23 10:00:00,1840,2011,BLOOR ST W,RESURRECTION RD,Major Arterial,Etobicoke York,43.643045,-79.53079,618497.4299,4833275.6037,Unknown,Traffic Signal,Clear,Dark,Dry,159,Etobicoke City Centre,14,Islington-City Centre West (14),Non-Fatal Injury,1,0,1,0,0,0,0,0,0,0,0,0,0,Pedestrian Collisions,"['Vehicle Owner', 'Driver', 'Pedestrian']",East,"['Other', 'Automobile, Station Wagon']",['Going Ahead'],['Driving Properly'],['Normal'],['Crossing without right of way'],['Unknown'],['Not Applicable'],['Not Applicable'],['Not Applicable'],False,"['unknown', '45 to 49', '65 to 69']",3.0
1219857.0,2011-01-05 10:00:00,1639,2011,KENNEDY RD,CARDWELL AVE,Major Arterial,Scarborough,43.785745,-79.28949,637632.3386,4849497.3186,At Intersection,Traffic Signal,Clear,Dark,Wet,118,Tam O'Shanter-Sullivan,118,Tam O'Shanter-Sullivan (118),Non-Fatal Injury,1,0,1,0,0,0,0,0,0,0,0,0,0,Pedestrian Collisions,"['Vehicle Owner', 'Driver', 'Pedestrian']",East,"['Other', 'Automobile, Station Wagon']",['Turning Right'],['Driving Properly'],['Normal'],['Crossing without right of way'],['Normal'],['Not Applicable'],['Not Applicable'],['Not Applicable'],False,"['unknown', '20 to 24', '75 to 79']",3.0
1220029.0,2011-02-24 10:00:00,1110,2011,KINGSTON RD,BRINLOOR BLVD,Major Arterial,Scarborough,43.741145,-79.214465,643775.9361,4844671.2759,At Intersection,Stop Sign,Rain,Daylight,Wet,139,Scarborough Village,139,Scarborough Village (139),Non-Fatal Injury,0,0,1,0,0,0,0,1,0,0,0,0,0,Turning Movement,"['Vehicle Owner', 'Driver', 'Passenger']",East,"['Other', 'Automobile, Station Wagon']","['Turning Left', 'Going Ahead']","['Improper Turn', 'Driving Properly']",['Normal'],['Not Applicable'],['Not Applicable'],['Not Applicable'],['Not Applicable'],['Not Applicable'],False,"['unknown', '60 to 64', '70 to 74', '35 to 39']",3.0
1220060.0,2011-02-24 10:00:00,2239,2011,ROYAL YORK RD,USHER AVE,Minor Arterial,Etobicoke York,43.655045,-79.51479,619764.0509,4834631.3244,At Intersection,No Control,Clear,Dark,Dry,15,Kingsway South,15,Kingsway South (15),Non-Fatal Injury,0,0,1,0,0,0,0,0,0,0,0,1,0,Approaching,"['Driver', 'Vehicle Owner']",North,"['Automobile, Station Wagon', 'Other']",['Going Ahead'],"['Driving Properly', 'Other']","['Normal', 'Ability Impaired, Alcohol Over .08']",['Not Applicable'],['Not Applicable'],['Not Applicable'],['Not Applicable'],['Not Applicable'],False,"['40 to 44', 'unknown', '20 to 24']",3.0
1220073.0,2011-01-06 10:00:00,1415,2011,QUEEN ST W,YORK ST,Major Arterial,Toronto and East York,43.651045,-79.38579,630175.0697,4834381.3454,Unknown,No Control,Snow,Daylight,Wet,170,Yonge-Bay Corridor,76,Bay Street Corridor (76),Non-Fatal Injury,1,0,0,0,0,1,0,0,0,0,0,0,0,Pedestrian Collisions,"['Pedestrian', 'Vehicle Owner', 'Driver']",South,"['Other', 'Municipal Transit Bus (TTC)']",['Going Ahead'],['Driving Properly'],['Unknown'],['Walking on Roadway Against Traffic'],"['Ability Impaired, Alcohol']",['Not Applicable'],['Not Applicable'],['Not Applicable'],False,"['20 to 24', 'unknown', '40 to 44']",3.0
1220130.0,2011-01-06 10:00:00,2030,2011,ELLESMERE RD,GANDER DR,Major Arterial,Scarborough,43.777545,-79.22659,642713.0148,4848693.0868,Unknown,Traffic Signal,Snow,Dark,Loose Snow,141,Golfdale-Cedarbrae-Woburn,137,Woburn (137),Non-Fatal Injury,0,0,1,0,0,0,0,1,0,0,0,0,0,Sideswipe,"['Driver', 'Passenger']",East,"['Automobile, Station Wagon', 'Other']",['Going Ahead'],"['Lost control', 'Driving Properly']",['Normal'],['Not Applicable'],['Not Applicable'],['Not Applicable'],['Not Applicable'],['Not Applicable'],False,"['40 to 44', '50 to 54']",3.0
1220521.0,2011-01-01 10:00:00,328,2011,HIGH PARK AVE,DUNDAS ST W,Local,Toronto and East York,43.665045,-79.47019,623340.0507,4835807.2925,Unknown,No Control,Clear,Dark,Wet,90,Junction Area,90,Junction Area (90),Non-Fatal Injury,1,0,1,0,0,0,0,0,0,0,0,0,0,Pedestrian Collisions,"['Driver', 'Pedestrian']",South,"['Automobile, Station Wagon', 'Other']",['Going Ahead'],['Driving Properly'],['Normal'],['Other'],"['Ability Impaired, Alcohol']",['Not Applicable'],['Not Applicable'],['Not Applicable'],False,"['55 to 59', '25 to 29']",3.0
1220905.0,2011-01-10 10:00:00,1232,2011,SHEPPARD AVE W,BEECROFT RD,Major Arterial,North York,43.761045,-79.41319,627731.5764,4846555.7719,Unknown,Traffic Signal,Clear,Daylight,Dry,38,Lansing-Westgate,38,Lansing-Westgate (38),Non-Fatal Injury,1,0,1,0,0,0,0,0,0,1,0,0,0,Pedestrian Collisions,"['Vehicle Owner', 'Driver', 'Pedestrian']",East,"['Other', 'Automobile, Station Wagon']",['Turning Right'],['Failed to Yield Right of Way'],['Normal'],['Crossing with right of way'],['Normal'],['Not Applicable'],['Not Applicable'],['Not Applicable'],False,"['unknown', '45 to 49', '65 to 69']",3.0
1221014.0,2011-01-11 10:00:00,1140,2011,DUNDAS ST W,BAY ST,Major Arterial,Toronto and East York,43.655745,-79.38379,630326.1909,4834906.4816,At Intersection,Traffic Signal,Clear,Daylight,Dry,170,Yonge-Bay Corridor,76,Bay Street Corridor (76),Non-Fatal Injury,1,0,1,0,0,0,0,1,0,1,0,0,0,Pedestrian Collisions,"['Passenger', 'Driver', 'Other Property Owner', 'Pedestrian']",East,"['Other', 'Automobile, Station Wagon']","['Going Ahead', 'Turning Left']","['Driving Properly', 'Failed to Yield Right of Way']",['Inattentive'],['On Sidewalk or Shoulder'],['Normal'],['Not Applicable'],['Not Applicable'],['Not Applicable'],False,"['30 to 34', '25 to 29', '40 to 44', 'unknown', '65 to 69']",3.0
1221095.0,2011-03-02 10:00:00,558,2011,FOREST MANOR Road,PARKWAY FOREST Driv,Collector,North York,43.775045,-79.34339,633319.1325,4848220.7104,Unknown,Stop Sign,Clear,Daylight,Dry,53,Henry Farm,53,Henry Farm (53),Non-Fatal Injury,0,0,1,0,0,0,0,0,0,0,0,0,1,SMV Other,"['Vehicle Owner', 'Driver']",East,"['Other', 'Automobile, Station Wagon']",['Going Ahead'],['Lost control'],['Medical or Physical Disability'],['Not Applicable'],['Not Applicable'],['Not Applicable'],['Not Applicable'],['Not Applicable'],False,"['unknown', '30 to 34']",3.0
1221131.0,2011-01-12 10:00:00,334,2011,AVENUE RD,LAWRENCE AVE W,Major Arterial,North York,43.722245,-79.41559,627620.798,4842242.7638,At Intersection,Traffic Signal,Snow,Dark,Packed Snow,39,Bedford Park-Nortown,39,Bedford Park-Nortown (39),Non-Fatal Injury,0,0,1,0,0,1,0,1,0,1,1,0,0,Angle,"['Passenger', 'Vehicle Owner', 'Driver']",East,"['Other', 'Automobile, Station Wagon', 'Municipal Transit Bus (TTC)']",['Going Ahead'],"['Driving Properly', 'Disobeyed Traffic Control']",['Normal'],['Not Applicable'],['Not Applicable'],['Not Applicable'],['Not Applicable'],['Not Applicable'],False,"['35 to 39', 'unknown', '25 to 29', '45 to 49']",3.0
1221155.0,2011-01-11 10:00:00,1956,2011,QUEEN ST W,RYERSON AVE,Major Arterial,Toronto and East York,43.647545,-79.40219,628859.9918,4833967.0288,Unknown,No Control,Snow,Dark,Loose Snow,164,Wellington Place,77,Waterfront Communities-The Island (77),Non-Fatal Injury,1,0,0,0,1,0,0,0,0,0,0,1,0,Pedestrian Collisions,"['Truck Driver', 'Vehicle Owner', 'Pedestrian']",Unknown,"['Truck - Open', 'Other']",['Going Ahead'],['Other'],"['Ability Impaired, Alcohol Over .08']",['Person Getting on/off Vehicle'],['Normal'],['Not Applicable'],['Not Applicable'],['Not Applicable'],False,"['40 to 44', 'unknown', '55 to 59']",3.0
1221211.0,2011-01-13 10:00:00,656,2011,HUMBER BLVD,ALLIANCE AVE,Collector,Etobicoke York,43.678744,-79.483386,622248.3054,4837309.2144,Unknown,Pedestrian Crossover,Clear,Dark,Wet,111,Rockcliffe-Smythe,111,Rockcliffe-Smythe (111),Non-Fatal Injury,1,0,1,0,0,0,0,0,0,1,0,0,0,Pedestrian Collisions,"['Driver', 'Pedestrian']",South,"['Automobile, Station Wagon', 'Other']",['Going Ahead'],['Disobeyed Traffic Control'],['Inattentive'],"['Crossing, Pedestrian Crossover']",['Normal'],['Not Applicable'],['Not Applicable'],['Not Applicable'],False,"['60 to 64', '30 to 34']",3.0
1221788.0,2011-03-05 10:00:00,2257,2011,EGLINTON Aven W,SCARLETT Road,Major Arterial,Etobicoke York,43.683945,-79.51149,619972.5666,4837845.817,At Intersection,Traffic Signal,Rain,Dark,Wet,9,Edenbridge-Humber Valley,9,Edenbridge-Humber Valley (9),Non-Fatal Injury,1,0,1,0,0,0,0,0,0,0,0,0,0,Pedestrian Collisions,"['Vehicle Owner', 'Driver', 'Pedestrian']",North,"['Other', 'Automobile, Station Wagon']",['Going Ahead'],['Driving Properly'],['Normal'],['Crossing without right of way'],['Medical or Physical Disability'],['Not Applicable'],['Not Applicable'],['Not Applicable'],False,"['unknown', '45 to 49', '20 to 24']",3.0
1222866.0,2011-03-12 10:00:00,1917,2011,CHURCH ST,GOULD ST,Minor Arterial,Toronto and East York,43.658245,-79.37789,630796.5256,4835193.4235,At Intersection,Traffic Signal,Clear,Dark,Wet,168,Downtown Yonge East,75,Church-Yonge Corridor (75),Non-Fatal Injury,1,0,1,0,0,0,0,0,0,0,0,0,0,Pedestrian Collisions,"['Driver', 'Pedestrian']",East,"['Automobile, Station Wagon', 'Other']",['Going Ahead'],['Driving Properly'],['Normal'],['Crossing without right of way'],['Unknown'],['Not Applicable'],['Not Applicable'],['Not Applicable'],False,"['20 to 24', '75 to 79']",3.0
1222908.0,2011-03-13 09:00:00,1350,2011,LAWRENCE AVE E,BARRYMORE RD,Major Arterial,Scarborough,43.754245,-79.25159,640755.7874,4846062.4676,At Intersection,Traffic Signal,Clear,Daylight,Dry,157,Bendale South,127,Bendale (127),Non-Fatal Injury,1,0,1,0,0,0,0,0,0,0,0,0,0,Pedestrian Collisions,"['Driver', 'Pedestrian']",North,"['Automobile, Station Wagon', 'Other']",['Going Ahead'],['Driving Properly'],['Unknown'],['Crossing without right of way'],['Not Applicable'],['Not Applicable'],['Not Applicable'],['Not Applicable'],False,"['15 to 19', '45 to 49']",3.0
1222965.0,2011-01-16 10:00:00,2005,2011,ST CLAIR AVE W,GUNNS RD,Major Arterial,Etobicoke York,43.671745,-79.47109,623253.7742,4836550.0784,At Intersection,Traffic Signal,Clear,Dark,Dry,90,Junction Area,90,Junction Area (90),Non-Fatal Injury,0,0,1,0,0,0,0,0,1,1,0,0,0,Rear End,['Driver'],West,"['Automobile, Station Wagon']",['Going Ahead'],"['Driving Properly', 'Speed too Fast For Condition']","['Normal', 'Inattentive']",['Not Applicable'],['Not Applicable'],['Not Applicable'],['Not Applicable'],['Not Applicable'],False,"['70 to 74', '55 to 59']",3.0
1223175.0,2011-03-15 08:00:00,1825,2011,MOUNT PLEASANT Road,MOORE Aven,Major Arterial,Toronto and East York,43.693545,-79.38469,630171.8618,4839103.2703,At Intersection,Traffic Signal,Clear,Daylight,Dry,98,Rosedale-Moore Park,98,Rosedale-Moore Park (98),Non-Fatal Injury,1,0,1,0,0,0,0,1,0,1,0,0,0,Pedestrian Collisions,"['Passenger', 'Driver', 'Pedestrian']",West,"['Other', 'Automobile, Station Wagon']",['Turning Left'],['Failed to Yield Right of Way'],['Normal'],['Crossing with right of way'],['Normal'],['Not Applicable'],['Not Applicable'],['Not Applicable'],False,"['80 to 84', '75 to 79', '40 to 44']",3.0
1223675.0,2011-03-20 08:00:00,1953,2011,BELLAMY Road N,NELSON Stre,Minor Arterial,Scarborough,43.745745,-79.23069,642458.5286,4845154.1443,At Intersection,No Control,Clear,Dark,Dry,141,Golfdale-Cedarbrae-Woburn,137,Woburn (137),Non-Fatal Injury,0,0,1,0,0,0,0,1,0,0,0,0,0,SMV Other,"['Driver', 'Passenger']",North,"['Automobile, Station Wagon', 'Other']",['Going Ahead'],['Driving Properly'],['Normal'],['Not Applicable'],['Not Applicable'],['Not Applicable'],['Not Applicable'],['Not Applicable'],False,"['40 to 44', '30 to 34']",3.0
1223676.0,2011-03-20 08:00:00,2120,2011,EGLINTON Aven W,BRAEMAR Aven,Major Arterial,North York,43.704345,-79.40959,628142.2344,4840263.972,Unknown,No Control,Clear,Dark,Dry,100,Yonge-Eglinton,100,Yonge-Eglinton (100),Non-Fatal Injury,1,0,1,0,0,0,0,1,0,0,0,0,0,Pedestrian Collisions,"['Passenger', 'Driver', 'Pedestrian']",East,"['Other', 'Automobile, Station Wagon']",['Going Ahead'],['Driving Properly'],['Normal'],"['Crossing, no Traffic Control']",['Normal'],['Not Applicable'],['Not Applicable'],['Not Applicable'],False,"['45 to 49', '30 to 34', '25 to 29', '70 to 74']",3.0
1223946.0,2011-01-19 10:00:00,1545,2011,WESTON RD,AVON CRES,Major Arterial,Etobicoke York,43.681045,-79.47619,622823.6568,4837575.4025,At Intersection,Stop Sign,Clear,Daylight,Dry,111,Rockcliffe-Smythe,111,Rockcliffe-Smythe (111),Non-Fatal Injury,1,0,1,0,0,0,0,0,0,0,0,0,0,Pedestrian Collisions,"['Pedestrian', 'Driver']",East,"['Other', 'Automobile, Station Wagon']",['Turning Left'],['Driving Properly'],['Normal'],['Walking on Roadway with Traffic'],['Inattentive'],['Not Applicable'],['Not Applicable'],['Not Applicable'],False,"['45 to 49', '35 to 39']",3.0
1224097.0,2011-01-19 10:00:00,1930,2011,LAWRENCE AVE W,BROOKHAVEN DR,Major Arterial,Etobicoke York,43.704345,-79.49669,621124.3675,4840133.0304,At Intersection,Traffic Signal,Rain,Dark,Wet,30,Brookhaven-Amesbury,30,Brookhaven-Amesbury (30),Non-Fatal Injury,0,0,1,0,0,0,0,1,0,1,0,0,0,Rear End,"['Passenger', 'Driver']",East,"['Other', 'Automobile, Station Wagon']","['Stopped', 'Slowing or Stopping']","['Driving Properly', 'Following too Close']",['Normal'],['Not Applicable'],['Not Applicable'],['Not Applicable'],['Not Applicable'],['Not Applicable'],False,"['25 to 29', '35 to 39', '15 to 19']",3.0
1224139.0,2011-01-19 10:00:00,1351,2011,O CONNOR DR,WOODBINE AVE,Major Arterial,Toronto and East York,43.700148,-79.319026,635448.6706,4839941.8079,At Intersection,Traffic Signal,Snow,Daylight,Wet,60,Woodbine-Lumsden,60,Woodbine-Lumsden (60),Non-Fatal Injury,1,0,1,0,0,0,0,0,0,1,1,0,0,Pedestrian Collisions,"['Driver', 'Pedestrian']",South,"['Automobile, Station Wagon', 'Other']",['Going Ahead'],['Disobeyed Traffic Control'],['Inattentive'],['Crossing with right of way'],['Normal'],['Not Applicable'],['Not Applicable'],['Not Applicable'],False,"['65 to 69', '50 to 54']",3.0
1224469.0,2011-01-20 10:00:00,1555,2011,STEELES AVE E,GORDON MURISON LANE,Minor Arterial,Scarborough,43.850945,-79.18899,645560.4108,4856910.8756,Unknown,No Control,Clear,Daylight,Wet,144,Morningside Heights,131,Rouge (131),Non-Fatal Injury,0,0,1,0,0,0,0,1,1,1,0,0,0,Rear End,"['Passenger', 'Driver']",West,"['Other', 'Automobile, Station Wagon']","['Going Ahead', 'Stopped']","['Speed too Fast For Condition', 'Driving Properly']",['Normal'],['Not Applicable'],['Not Applicable'],['Not Applicable'],['Not Applicable'],['Not Applicable'],False,"['60 to 64', '55 to 59', '50 to 54']",3.0
1224559.0,2011-03-24 08:00:00,1520,2011,WESTON RD,BELLEVUE Cres,Minor Arterial,Etobicoke York,43.699845,-79.51539,619626.6124,4839606.093,At Intersection,No Control,Clear,Daylight,Dry,113,Weston,113,Weston (113),Non-Fatal Injury,1,0,1,0,0,0,0,0,0,0,0,0,1,Pedestrian Collisions,"['Driver', 'Other Property Owner', 'Pedestrian']",North,"['Automobile, Station Wagon', 'Other']",['Pulling Onto Shoulder or towardCurb'],['Lost control'],['Medical or Physical Disability'],['On Sidewalk or Shoulder'],['Normal'],['Not Applicable'],['Not Applicable'],['Not Applicable'],False,"['40 to 44', 'unknown', '30 to 34']",3.0
1224587.0,2011-03-20 08:00:00,2215,2011,MARKHAM RD,DUNELM ST,Major Arterial,Scarborough,43.747145,-79.22069,643260.3629,4845326.8822,Unknown,No Control,Clear,Dark,Dry,139,Scarborough Village,139,Scarborough Village (139),Non-Fatal Injury,1,0,1,0,0,0,0,1,0,0,0,0,0,Pedestrian Collisions,"['Vehicle Owner', 'Passenger', 'Driver', 'Pedestrian']",North,"['Other', 'Automobile, Station Wagon']",['Going Ahead'],['Driving Properly'],['Normal'],['On Sidewalk or Shoulder'],['Medical or Physical Disability'],['Not Applicable'],['Not Applicable'],['Not Applicable'],False,"['unknown', '15 to 19', '85 to 89']",3.0
1224710.0,2011-03-24 08:00:00,2225,2011,SHEPPARD AVE E,MURISON BLVD,Major Arterial,Scarborough,43.799145,-79.21289,643763.7216,4851115.8211,At Intersection,Traffic Signal,Clear,Dark,Dry,146,Malvern East,132,Malvern (132),Fatal,1,0,1,0,0,0,0,0,1,1,0,0,0,Pedestrian Collisions,"['Driver', 'Pedestrian']",East,"['Automobile, Station Wagon', 'Other']",['Going Ahead'],['Exceeding Speed Limit'],['Normal'],['Crossing without right of way'],['Normal'],['Not Applicable'],['Not Applicable'],['Not Applicable'],True,"['30 to 34', '20 to 24']",4.0
1224921.0,2011-03-28 08:00:00,1152,2011,NORTH QUEEN ST,ATOMIC AVE,Minor Arterial,Etobicoke York,43.621845,-79.54319,617538.6327,4830903.4525,Unknown,No Control,Clear,Daylight,Dry,159,Etobicoke City Centre,14,Islington-City Centre West (14),Fatal,0,0,1,0,1,0,0,0,0,0,0,0,0,Approaching,"['Driver', 'Vehicle Owner', 'Truck Driver']",West,"['Automobile, Station Wagon', 'Other', 'Truck - Open']",['Going Ahead'],"['Lost control', 'Driving Properly']","['Unknown', 'Normal']",['Not Applicable'],['Not Applicable'],['Not Applicable'],['Not Applicable'],['Not Applicable'],True,"['70 to 74', 'unknown', '50 to 54', '25 to 29']",4.0
1224926.0,2011-03-28 08:00:00,1555,2011,DON VALLEY PARKWAY  N,DON MILLS Road,Expressway,Toronto and East York,43.699545,-79.33849,633881.6352,4839843.221,Unknown,No Control,Clear,Daylight,Dry,58,Old East York,58,Old East York (58),Non-Fatal Injury,0,0,1,0,0,0,0,1,1,1,0,0,0,Rear End,"['Driver', 'Passenger']",North,"['Automobile, Station Wagon', 'Other']","['Slowing or Stopping', 'Going Ahead']","['Driving Properly', 'Speed too Fast For Condition']",['Normal'],['Not Applicable'],['Not Applicable'],['Not Applicable'],['Not Applicable'],['Not Applicable'],False,"['25 to 29', '20 to 24']",3.0
1224952.0,2011-01-22 10:00:00,1545,2011,BATHURST ST,DUPONT ST,Major Arterial,Toronto and East York,43.673145,-79.41439,627821.7421,4836791.3758,At Intersection,Traffic Signal,Snow,Daylight,Loose Snow,95,Annex,95,Annex (95),Non-Fatal Injury,0,0,1,0,0,0,0,0,0,1,0,0,0,Turning Movement,['Driver'],East,"['Automobile, Station Wagon']","['Turning Left', 'Going Ahead']","['Failed to Yield Right of Way', 'Driving Properly']",['Normal'],['Not Applicable'],['Not Applicable'],['Not Applicable'],['Not Applicable'],['Not Applicable'],False,"['60 to 64', '40 to 44']",3.0
1225017.0,2011-01-21 10:00:00,1150,2011,DUNDAS ST W,BAY ST,Major Arterial,Toronto and East York,43.655845,-79.38299,630390.4846,4834918.8448,Unknown,No Control,Clear,Daylight,Wet,170,Yonge-Bay Corridor,76,Bay Street Corridor (76),Non-Fatal Injury,0,1,1,0,0,0,0,0,0,0,0,0,0,Cyclist Collisions,"['Driver', 'Cyclist']",East,"['Automobile, Station Wagon', 'Bicycle']","['Changing Lanes', 'Overtaking']",['Improper Lane Change'],['Inattentive'],['Not Applicable'],['Not Applicable'],['Cyclist and Driver travelling in same direction. One vehicle sideswipes the other.'],['Driving Properly'],['Normal'],False,"['40 to 44', '20 to 24']",3.0
1225333.0,2011-01-11 10:00:00,615,2011,EGLINTON AVE E,IONVIEW RD,Major Arterial,Scarborough,43.731445,-79.27119,639230.7167,4843497.0611,At Intersection,Traffic Signal,Clear,Dawn,Wet,125,Ionview,125,Ionview (125),Non-Fatal Injury,0,0,1,0,0,0,0,1,0,1,0,0,0,Rear End,"['Driver', 'Passenger', 'Vehicle Owner']",West,"['Automobile, Station Wagon', 'Other']","['Stopped', 'Going Ahead']","['Driving Properly', 'Following too Close']",['Normal'],['Not Applicable'],['Not Applicable'],['Not Applicable'],['Not Applicable'],['Not Applicable'],False,"['40 to 44', '30 to 34', 'unknown']",3.0
1225497.0,2011-01-26 10:00:00,1730,2011,BAY ST,TEMPERANCE ST W,Major Arterial,Toronto and East York,43.650445,-79.38099,630563.4613,4834322.2485,Unknown,No Control,Clear,Dark,Dry,170,Yonge-Bay Corridor,76,Bay Street Corridor (76),Non-Fatal Injury,0,1,1,0,0,0,0,0,0,1,0,0,0,Cyclist Collisions,"['Driver', 'Cyclist']",South,"['Automobile, Station Wagon', 'Bicycle']","['Making U Turn', 'Going Ahead']",['Failed to Yield Right of Way'],['Inattentive'],['Not Applicable'],['Not Applicable'],['Motorist makes u-turn in-front of cyclist.'],['Driving Properly'],['Normal'],False,"['45 to 49', '55 to 59']",3.0
1225560.0,2011-03-31 08:00:00,607,2011,DUNDAS ST E,OSKENONTON  LANE,Major Arterial,Toronto and East York,43.658445,-79.37019,631416.9745,4835227.8033,At Intersection,No Control,Rain,Dawn,Wet,73,Moss Park,73,Moss Park (73),Non-Fatal Injury,1,0,1,0,0,0,0,0,0,0,0,0,0,Pedestrian Collisions,"['Driver', 'Pedestrian']",East,"['Automobile, Station Wagon', 'Other']",['Going Ahead'],['Driving Properly'],['Normal'],"['Crossing, no Traffic Control']",['Inattentive'],['Not Applicable'],['Not Applicable'],['Not Applicable'],False,"['50 to 54', '65 to 69']",3.0
1225643.0,2011-01-27 10:00:00,1035,2011,NORTH QUEEN ST,VANSCO RD,Minor Arterial,Etobicoke York,43.623545,-79.53579,618132.3564,4831102.7603,Unknown,No Control,Clear,Daylight,Dry,159,Etobicoke City Centre,14,Islington-City Centre West (14),Non-Fatal Injury,0,0,1,0,0,1,0,0,0,0,0,0,0,Sideswipe,"['Driver', 'Vehicle Owner', 'Other Property Owner']",West,"['Automobile, Station Wagon', 'Other', 'Municipal Transit Bus (TTC)']","['Going Ahead', 'Stopped']","['Lost control', 'Driving Properly']",['Normal'],['Not Applicable'],['Not Applicable'],['Not Applicable'],['Not Applicable'],['Not Applicable'],False,"['25 to 29', 'unknown', '55 to 59']",3.0
1226172.0,2011-04-04 08:00:00,319,2011,SHEPPARD AVE W,WESTON RD,Major Arterial,Etobicoke York,43.733745,-79.53819,617723.0235,4843338.5169,At Intersection,Traffic Signal,Rain,Dark,Wet,23,Pelmo Park-Humberlea,23,Pelmo Park-Humberlea (23),Non-Fatal Injury,0,0,1,0,0,0,0,0,0,0,0,0,0,SMV Other,"['Driver', 'Other Property Owner']",West,"['Automobile, Station Wagon', 'Other']",['Going Ahead'],['Lost control'],['Unknown'],['Not Applicable'],['Not Applicable'],['Not Applicable'],['Not Applicable'],['Not Applicable'],False,"['35 to 39', 'unknown']",3.0
1226385.0,2011-01-31 10:00:00,745,2011,KINGSTON RD,CATHEDRAL BLUFFS DR,Major Arterial,Scarborough,43.725145,-79.23239,642370.4615,4842863.2824,At Intersection,Traffic Signal,Clear,Daylight,Dry,123,Cliffcrest,123,Cliffcrest (123),Non-Fatal Injury,1,0,1,0,0,0,0,0,0,1,0,0,0,Pedestrian Collisions,"['Driver', 'Pedestrian']",North,"['Automobile, Station Wagon', 'Other']",['Turning Left'],['Failed to Yield Right of Way'],['Normal'],['Crossing with right of way'],['Normal'],['Not Applicable'],['Not Applicable'],['Not Applicable'],False,"['45 to 49', '20 to 24']",3.0
1226490.0,2011-04-05 08:00:00,745,2011,DUNDAS ST W,BLOOR ST W,Minor Arterial,Toronto and East York,43.655745,-79.45229,624802.5083,4834801.1727,Unknown,No Control,Clear,Daylight,Dry,86,Roncesvalles,86,Roncesvalles (86),Non-Fatal Injury,1,0,1,0,0,0,0,0,0,0,0,0,0,Pedestrian Collisions,"['Other', 'Pedestrian', 'Driver']",North,"['Other', 'Automobile, Station Wagon']","['Other', 'Slowing or Stopping']",['Driving Properly'],['Normal'],"['Crossing, no Traffic Control']",['Normal'],['Not Applicable'],['Not Applicable'],['Not Applicable'],False,"['25 to 29', '60 to 64', '20 to 24']",3.0
1226853.0,2011-04-07 08:00:00,2040,2011,WILLOWDALE Aven,REVCOE Driv,Minor Arterial,North York,43.785745,-79.40909,628008.902,4849305.4155,Unknown,No Control,Clear,Dark,Dry,50,Newtonbrook East,50,Newtonbrook East (50),Non-Fatal Injury,0,0,1,0,0,0,0,0,1,1,0,0,1,Rear End,"['Vehicle Owner', 'Driver']",North,"['Other', 'Automobile, Station Wagon']",['Going Ahead'],"['Driving Properly', 'Following too Close']","['Normal', 'Medical or Physical Disability']",['Not Applicable'],['Not Applicable'],['Not Applicable'],['Not Applicable'],['Not Applicable'],False,"['unknown', '55 to 59', '75 to 79']",3.0
1227443.0,2011-04-11 08:00:00,1750,2011,LA ROSE Aven,TIMOTHY Cour,Collector,Etobicoke York,43.685845,-79.51959,619315.9418,4838045.1522,Unknown,Pedestrian Crossover,Clear,Daylight,Dry,8,Humber Heights-Westmount,8,Humber Heights-Westmount (8),Non-Fatal Injury,1,0,1,0,0,0,0,0,0,0,0,0,0,Pedestrian Collisions,"['Driver', 'Pedestrian']",West,"['Automobile, Station Wagon', 'Other']","['Going Ahead', 'Other']",[],[],['Not Applicable'],['Not Applicable'],['Not Applicable'],['Not Applicable'],['Not Applicable'],False,"['80 to 84', 'unknown']",3.0
1227844.0,2011-02-12 10:00:00,114,2011,QUEEN ST W,CLAREMONT ST,Major Arterial,Toronto and East York,43.646045,-79.40959,628266.384,4833788.9706,Unknown,No Control,Snow,Dark,Wet,162,West Queen West,82,Niagara (82),Non-Fatal Injury,1,0,1,0,0,0,0,0,0,0,0,0,0,Pedestrian Collisions,"['Vehicle Owner', 'Driver', 'Pedestrian']",East,"['Other', 'Automobile, Station Wagon']",['Going Ahead'],['Other'],['Had Been Drinking'],"['Crossing, no Traffic Control']",['Had Been Drinking'],['Not Applicable'],['Not Applicable'],['Not Applicable'],False,"['unknown', '25 to 29']",3.0
1227964.0,2020-07-03 08:00:00,1703,2020,BROADVIEW AVE,HILLSIDE DR,Minor Arterial,Toronto and East York,43.685908,-79.356258,632479.9288,4838300.1034,At Intersection,Traffic Signal,Clear,Daylight,Dry,57,Broadview North,57,Broadview North (57),Non-Fatal Injury,0,0,1,1,0,0,0,1,0,1,0,0,0,Turning Movement,"['Driver', 'Motorcycle Driver', 'Passenger']",North,"['Automobile, Station Wagon', 'Motorcycle']","['Turning Left', 'Going Ahead']","['Failed to Yield Right of Way', 'Driving Properly']",['Normal'],['Not Applicable'],['Not Applicable'],['Not Applicable'],['Not Applicable'],['Not Applicable'],False,"['25 to 29', '20 to 24', '5 to 9']",3.0