accident_number,date,time,year,street1,street2,road_class,district,latitude,longitude,x,y,accident_location,traffctl,visibility,light,road_surface_condition,hood_158,neighbourhood_new,hood_140,neighbourhood_old,accident_class,pedestrian,cyclist,automobile,motorcycle,truck,trsn_city_veh,emerg_veh,passenger,speeding,aggressive_driving,redlight,alcohol,disability,impact_type,involvement_type,initial_direction,vehicle_type,manoeuver,driver_action,driver_condition,pedestrian_action,pedestrian_condition,cyclist_type,cyclist_action,cyclist_condition,injury,involvement_age,injury_severity_score
1228029.0,2011-03-25 08:00:00,720,2011,315 MAIN ST,Not Applicable,Minor Arterial,Toronto and East York,43.689044,-79.302287,636822.724,4838736.0356,Unknown,No Control,Clear,Daylight,Dry,62,East End-Danforth,62,East End-Danforth (62),Non-Fatal Injury,1,0,1,0,0,0,0,0,0,0,0,0,0,Pedestrian Collisions,"['Driver', 'Pedestrian']",East,"['Automobile, Station Wagon', 'Other']",['Pulling Away from Shoulder or Curb'],[],[],"['Crossing, no Traffic Control']",['Normal'],['Not Applicable'],['Not Applicable'],['Not Applicable'],False,"['unknown', '45 to 49']",3.0
1228390.0,2011-04-17 08:00:00,1130,2011,WILSON AVE,HIGHVIEW AVE,Major Arterial,North York,43.723345,-79.49679,621078.0421,4842243.0998,At Intersection,Traffic Signal,Clear,Daylight,Dry,154,Oakdale-Beverley Heights,26,Downsview-Roding-CFB (26),Non-Fatal Injury,0,0,1,0,0,0,0,0,0,0,0,0,0,SMV Other,"['Driver', 'Other Property Owner']",East,"['Automobile, Station Wagon', 'Other']",['Going Ahead'],['Lost control'],['Other'],['Not Applicable'],['Not Applicable'],['Not Applicable'],['Not Applicable'],['Not Applicable'],False,"['70 to 74', 'unknown']",3.0
1228585.0,2011-04-18 08:00:00,1024,2011,HIGHWAY 27  N,CARRIER DR,Major Arterial,Etobicoke York,43.739845,-79.60559,612283.7042,4843922.4604,At Intersection,No Control,Clear,Daylight,Dry,1,West Humber-Clairville,1,West Humber-Clairville (1),Non-Fatal Injury,0,0,1,0,1,0,0,1,0,0,0,0,0,Sideswipe,"['Passenger', 'Driver', 'Vehicle Owner', 'Truck Driver']",North,"['Other', 'Automobile, Station Wagon', 'Truck - Open']","['Unknown', 'Going Ahead']","['Lost control', 'Driving Properly']",['Normal'],['Not Applicable'],['Not Applicable'],['Not Applicable'],['Not Applicable'],['Not Applicable'],False,"['30 to 34', '85 to 89', 'unknown', '45 to 49']",3.0
1228586.0,2011-04-18 08:00:00,1315,2011,DUNDAS ST W,BAY ST,Major Arterial,Toronto and East York,43.655945,-79.38279,630406.3957,4834930.2654,Unknown,No Control,Clear,Daylight,Dry,170,Yonge-Bay Corridor,76,Bay Street Corridor (76),Non-Fatal Injury,0,1,1,0,0,0,0,0,0,1,0,0,0,Cyclist Collisions,"['Vehicle Owner', 'Driver', 'Cyclist']",East,"['Other', 'Automobile, Station Wagon', 'Bicycle']","['Pulling Away from Shoulder or Curb', 'Going Ahead']",['Failed to Yield Right of Way'],['Normal'],['Not Applicable'],['Not Applicable'],['Cyclist and Driver travelling in same direction. One vehicle sideswipes the other.'],['Driving Properly'],['Normal'],False,"['unknown', '25 to 29']",3.0
1228657.0,2011-02-16 10:00:00,1200,2011,SHEPPARD Aven E,IDAGROVE Gate,Major Arterial,Scarborough,43.807345,-79.17559,646744.2701,4852092.0415,At Intersection,Traffic Signal,Clear,Daylight,Dry,144,Morningside Heights,131,Rouge (131),Non-Fatal Injury,1,0,1,0,0,0,0,0,0,1,0,0,0,Pedestrian Collisions,"['Driver', 'Other Property Owner', 'Pedestrian']",East,"['Automobile, Station Wagon', 'Other']","['Going Ahead', 'Turning Left']","['Driving Properly', 'Failed to Yield Right of Way']",['Normal'],['On Sidewalk or Shoulder'],['Normal'],['Not Applicable'],['Not Applicable'],['Not Applicable'],False,"['55 to 59', '25 to 29', 'unknown', '60 to 64']",3.0
1228956.0,2011-02-20 10:00:00,908,2011,TAPSCOTT RD,WASHBURN WAY,Minor Arterial,Scarborough,43.804445,-79.22419,642842.0522,4851684.9032,Unknown,Traffic Signal,Clear,Daylight,Dry,145,Malvern West,132,Malvern (132),Non-Fatal Injury,1,0,1,0,0,0,0,0,0,0,0,0,0,Pedestrian Collisions,"['Driver', 'Pedestrian']",North,"['Automobile, Station Wagon', 'Other']",['Turning Left'],['Improper Turn'],['Other'],['Crossing with right of way'],['Normal'],['Not Applicable'],['Not Applicable'],['Not Applicable'],False,"['30 to 34', '45 to 49']",3.0
1228966.0,2020-07-03 08:00:00,1920,2020,ORMONT DR,WESTON RD,Major Arterial,Etobicoke York,43.764804,-79.545314,617088.7312,4846777.9729,At Intersection,Traffic Signal,Clear,Daylight,Dry,21,Humber Summit,21,Humber Summit (21),Non-Fatal Injury,0,0,1,1,0,0,0,0,1,1,1,0,0,Angle,"['Driver', 'Motorcycle Driver']",North,"['Automobile, Station Wagon', 'Motorcycle']",['Going Ahead'],"['Driving Properly', 'Disobeyed Traffic Control']","['Normal', 'Inattentive']",['Not Applicable'],['Not Applicable'],['Not Applicable'],['Not Applicable'],['Not Applicable'],False,"['35 to 39', '25 to 29']",3.0
1228987.0,2011-04-20 08:00:00,538,2011,MARKHAM RD,HIGHWAY 401 C  E,Major Arterial,Scarborough,43.785345,-79.23519,642002.4632,4849544.6111,Unknown,No Control,Rain,Dark,Wet,142,Woburn North,137,Woburn (137),Non-Fatal Injury,0,1,1,0,0,0,0,0,1,1,0,0,0,Cyclist Collisions,"['Driver', 'Cyclist']",North,"['Automobile, Station Wagon', 'Bicycle']",['Going Ahead'],['Speed too Fast For Condition'],['Inattentive'],['Not Applicable'],['Not Applicable'],['Cyclist and Driver travelling in same direction. One vehicle rear-ended the other.'],['Driving Properly'],['Normal'],False,"['50 to 54', '35 to 39']",3.0
1229003.0,2011-04-20 08:00:00,1910,2011,4335 BLOOR ST W,Not Applicable,Major Arterial,Etobicoke York,43.631645,-79.57599,614873.5681,4831945.9536,Unknown,No Control,Clear,Daylight,Dry,12,Markland Wood,12,Markland Wood (12),Non-Fatal Injury,1,0,1,0,0,0,0,0,0,0,0,0,0,Pedestrian Collisions,"['Driver', 'Pedestrian']",North,"['Automobile, Station Wagon', 'Other']",['Turning Left'],['Driving Properly'],['Normal'],"['Crossing, no Traffic Control']",['Inattentive'],['Not Applicable'],['Not Applicable'],['Not Applicable'],False,"['40 to 44', '55 to 59']",3.0
1229005.0,2011-04-20 08:00:00,1730,2011,MIDLAND AVE,GILDER DR,Major Arterial,Scarborough,43.736045,-79.25879,640218.6331,4844028.871,Unknown,Traffic Signal,Clear,Daylight,Dry,138,Eglinton East,138,Eglinton East (138),Non-Fatal Injury,1,0,1,0,0,0,0,0,0,0,0,0,0,Pedestrian Collisions,"['Vehicle Owner', 'Driver', 'Pedestrian']",East,"['Other', 'Automobile, Station Wagon']",['Going Ahead'],['Driving Properly'],['Normal'],['Running onto Roadway'],['Normal'],['Not Applicable'],['Not Applicable'],['Not Applicable'],False,"['unknown', '35 to 39', '10 to 14']",3.0
1229063.0,2011-03-18 08:00:00,130,2011,UNIVERSITY Aven,QUEEN Stre W,Major Arterial,Toronto and East York,43.650845,-79.38659,630110.9864,4834357.8781,At Intersection,Traffic Signal,Clear,Dark,Dry,170,Yonge-Bay Corridor,76,Bay Street Corridor (76),Non-Fatal Injury,0,0,1,0,0,0,0,0,0,1,1,0,0,Angle,"['Driver', 'Vehicle Owner']",North,"['Automobile, Station Wagon', 'Other']",['Going Ahead'],"['Disobeyed Traffic Control', 'Driving Properly']","['Inattentive', 'Normal']",['Not Applicable'],['Not Applicable'],['Not Applicable'],['Not Applicable'],['Not Applicable'],False,"['45 to 49', 'unknown', '40 to 44']",3.0
1229092.0,2011-02-20 10:00:00,1339,2011,25 ST DENNIS DR,Not Applicable,Collector,North York,43.717645,-79.33409,634195.784,4841860.5992,Unknown,No Control,Clear,Daylight,Dry,44,Flemingdon Park,44,Flemingdon Park (44),Non-Fatal Injury,0,0,1,0,0,0,0,1,0,1,0,0,0,Turning Movement,"['Passenger', 'Driver']",East,"['Other', 'Automobile, Station Wagon']","['Going Ahead', 'Making U Turn']","['Driving Properly', 'Failed to Yield Right of Way']","['Normal', 'Inattentive']",['Not Applicable'],['Not Applicable'],['Not Applicable'],['Not Applicable'],['Not Applicable'],False,"['70 to 74', '75 to 79', '40 to 44']",3.0
1230262.0,2011-02-18 10:00:00,1233,2011,ST CLAIR Aven W,MOULD Aven,Major Arterial,Etobicoke York,43.668145,-79.48699,621979.2694,4836126.7493,Unknown,Traffic Signal,Clear,Daylight,Dry,111,Rockcliffe-Smythe,111,Rockcliffe-Smythe (111),Non-Fatal Injury,0,0,1,0,0,0,0,0,1,1,0,0,0,Turning Movement,['Driver'],East,"['Automobile, Station Wagon']","['Going Ahead', 'Turning Left']","['Exceeding Speed Limit', 'Improper Turn']",['Normal'],['Not Applicable'],['Not Applicable'],['Not Applicable'],['Not Applicable'],['Not Applicable'],False,['50 to 54'],3.0
1230701.0,2011-04-30 08:00:00,1837,2011,F G GARDINER XY Expr E,CHERRY ST,Major Arterial,Toronto and East York,43.649045,-79.35619,632566.5347,4834206.0786,Unknown,No Control,Clear,Daylight,Dry,166,St Lawrence-East Bayfront-The Islands,77,Waterfront Communities-The Island (77),Fatal,0,0,1,1,0,0,0,0,1,1,0,0,0,SMV Other,"['Motorcycle Driver', 'Driver']",East,"['Motorcycle', 'Automobile, Station Wagon']",['Going Ahead'],"['Exceeding Speed Limit', 'Driving Properly']","['Had Been Drinking', 'Normal']",['Not Applicable'],['Not Applicable'],['Not Applicable'],['Not Applicable'],['Not Applicable'],True,['25 to 29'],4.0
1231402.0,2011-03-04 10:00:00,2135,2011,QUEEN Stre W,NIAGARA Stre,Major Arterial,Toronto and East York,43.645945,-79.40989,628242.4015,4833777.4007,At Intersection,Traffic Signal,Rain,Dark,Wet,162,West Queen West,82,Niagara (82),Non-Fatal Injury,1,0,1,0,0,0,0,0,0,1,0,0,0,Pedestrian Collisions,"['Driver', 'Pedestrian']",East,"['Automobile, Station Wagon', 'Other']",['Turning Right'],['Failed to Yield Right of Way'],['Inattentive'],['Crossing with right of way'],['Normal'],['Not Applicable'],['Not Applicable'],['Not Applicable'],False,"['35 to 39', '25 to 29']",3.0
1231647.0,2011-02-19 10:00:00,357,2011,DUFFERIN ST,HALLAM ST,Major Arterial,Toronto and East York,43.665845,-79.43789,625942.5711,4835944.6698,Unknown,No Control,Clear,Daylight,Dry,172,Dovercourt Village,93,Dovercourt-Wallace Emerson-Junction (93),Non-Fatal Injury,0,0,1,0,0,0,0,0,0,1,0,1,0,Rear End,"['Driver', 'Vehicle Owner']",North,"['Automobile, Station Wagon', 'Other']",['Going Ahead'],"['Lost control', 'Driving Properly']","['Ability Impaired, Alcohol Over .08', 'Normal']",['Not Applicable'],['Not Applicable'],['Not Applicable'],['Not Applicable'],['Not Applicable'],False,"['25 to 29', 'unknown']",3.0
1232009.0,2011-05-06 08:00:00,1400,2011,YONGE ST,WILSON AVE,Major Arterial,North York,43.744145,-79.40669,628290.9096,4844688.8209,Unknown,Traffic Signal,Clear,Daylight,Dry,40,St.Andrew-Windfields,40,St.Andrew-Windfields (40),Non-Fatal Injury,0,0,1,0,0,0,0,1,0,1,0,0,0,Rear End,"['Driver', 'Passenger']",South,"['Automobile, Station Wagon', 'Other']","['Going Ahead', 'Stopped']","['Following too Close', 'Driving Properly']","['Other', 'Normal']",['Not Applicable'],['Not Applicable'],['Not Applicable'],['Not Applicable'],['Not Applicable'],False,"['70 to 74', '40 to 44']",3.0
1232010.0,2011-05-06 08:00:00,1400,2011,YONGE ST,MCGLASHAN RD,Major Arterial,North York,43.741845,-79.40619,628336.0837,4844434.1465,Unknown,No Control,Clear,Daylight,Dry,41,Bridle Path-Sunnybrook-York Mills,41,Bridle Path-Sunnybrook-York Mills (41),Non-Fatal Injury,0,0,1,0,0,0,0,0,1,1,0,0,0,Sideswipe,['Driver'],North,"['Automobile, Station Wagon']",['Going Ahead'],"['Lost control', 'Driving Properly']","['Other', 'Normal']",['Not Applicable'],['Not Applicable'],['Not Applicable'],['Not Applicable'],['Not Applicable'],False,"['70 to 74', '60 to 64', '50 to 54']",3.0
1232054.0,2011-05-07 08:00:00,910,2011,KEELE ST,INGRAM DR,Major Arterial,Etobicoke York,43.699445,-79.47599,622802.2211,4839619.2688,Unknown,Traffic Signal,Clear,Daylight,Dry,30,Brookhaven-Amesbury,30,Brookhaven-Amesbury (30),Non-Fatal Injury,0,0,1,0,0,0,0,0,0,0,0,0,1,SMV Other,['Driver'],West,"['Automobile, Station Wagon']",['Going Ahead'],['Lost control'],['Medical or Physical Disability'],['Not Applicable'],['Not Applicable'],['Not Applicable'],['Not Applicable'],['Not Applicable'],False,['75 to 79'],3.0
1232073.0,2011-05-07 08:00:00,1450,2011,DAVENPORT Road,DUFFERIN Stre,Minor Arterial,Toronto and East York,43.672845,-79.44159,625629.657,4836716.5027,Unknown,No Control,Clear,Daylight,Dry,171,Junction-Wallace Emerson,93,Dovercourt-Wallace Emerson-Junction (93),Non-Fatal Injury,1,0,1,1,0,0,0,0,0,1,0,0,0,Pedestrian Collisions,"['Pedestrian', 'Motorcycle Driver', 'Driver', 'Other', 'Vehicle Owner']",East,"['Other', 'Motorcycle', 'Automobile, Station Wagon']","['Going Ahead', 'Stopped', 'Parked']","['Improper Passing', 'Driving Properly']","['Unknown', 'Normal']",['Coming From Behind Parked Vehicle'],['Inattentive'],['Not Applicable'],['Not Applicable'],['Not Applicable'],False,"['15 to 19', '25 to 29', '50 to 54', 'unknown']",3.0
1232208.0,2011-03-08 10:00:00,1537,2011,255 MORNINGSIDE AVE,Not Applicable,Major Arterial,Scarborough,43.768345,-79.18619,645986.5816,4847741.7193,At Intersection,Traffic Signal,Clear,Daylight,Dry,136,West Hill,136,West Hill (136),Non-Fatal Injury,1,0,1,0,0,0,0,0,0,0,0,0,0,Pedestrian Collisions,"['Driver', 'Pedestrian']",East,"['Automobile, Station Wagon', 'Other']","['Turning Left', 'Other']",['Improper Turn'],['Normal'],['Crossing with right of way'],['Normal'],['Not Applicable'],['Not Applicable'],['Not Applicable'],False,"['40 to 44', '75 to 79']",3.0
1232425.0,2011-04-08 08:00:00,1628,2011,EGLINTON AVE W,HEDDINGTON AVE,Major Arterial,North York,43.703445,-79.41389,627797.6846,4840157.3769,At Intersection,Traffic Signal,Clear,Daylight,Dry,101,Forest Hill South,101,Forest Hill South (101),Non-Fatal Injury,0,0,1,0,0,0,0,0,0,1,1,0,0,Rear End,"['Driver', 'Vehicle Owner']",West,"['Automobile, Station Wagon', 'Other']","['Slowing or Stopping', 'Going Ahead']","['Driving Properly', 'Disobeyed Traffic Control']",['Normal'],['Not Applicable'],['Not Applicable'],['Not Applicable'],['Not Applicable'],['Not Applicable'],False,"['70 to 74', '65 to 69', 'unknown', '35 to 39']",3.0
1232522.0,2011-03-09 10:00:00,1145,2011,JANE ST,ST JOHNS RD,Major Arterial,Toronto and East York,43.661945,-79.48969,621774.1281,4835434.1917,Unknown,Traffic Signal,Snow,Daylight,Wet,89,Runnymede-Bloor West Village,89,Runnymede-Bloor West Village (89),Non-Fatal Injury,1,0,1,0,0,0,0,0,0,1,0,0,0,Pedestrian Collisions,"['Vehicle Owner', 'Driver', 'Pedestrian']",East,"['Other', 'Automobile, Station Wagon']",['Turning Left'],['Failed to Yield Right of Way'],['Normal'],['Crossing with right of way'],['Normal'],['Not Applicable'],['Not Applicable'],['Not Applicable'],False,"['unknown', '50 to 54', '5 to 9']",3.0
1232571.0,2011-05-10 08:00:00,1134,2011,F G GARDINER XY Expr W,KIPLING AVE,Major Arterial,Etobicoke York,43.617745,-79.52689,618861.8419,4830471.3009,Unknown,No Control,Clear,Daylight,Dry,160,Mimico-Queensway,17,Mimico (includes Humber Bay Shores) (17),Non-Fatal Injury,0,0,1,0,0,0,0,1,1,1,0,0,0,Rear End,"['Vehicle Owner', 'Driver', 'Passenger']",West,"['Other', 'Automobile, Station Wagon']","['Slowing or Stopping', 'Going Ahead']","['Driving Properly', 'Exceeding Speed Limit']","['Normal', 'Unknown']",['Not Applicable'],['Not Applicable'],['Not Applicable'],['Not Applicable'],['Not Applicable'],False,"['unknown', '50 to 54', '40 to 44', '65 to 69', '25 to 29']",3.0
1232602.0,2011-05-09 08:00:00,815,2011,WILLIAM R ALLEN Road,RIMROCK Road,Major Arterial,North York,43.757745,-79.46499,623568.6501,4846110.6696,At Intersection,Traffic Signal,Clear,Daylight,Dry,27,York University Heights,27,York University Heights (27),Non-Fatal Injury,0,0,1,0,0,0,0,0,0,0,0,0,0,Turning Movement,"['Vehicle Owner', 'Driver']",North,"['Other', 'Automobile, Station Wagon']","['Stopped', 'Turning Right']","['Driving Properly', 'Other']","['Normal', 'Inattentive']",['Not Applicable'],['Not Applicable'],['Not Applicable'],['Not Applicable'],['Not Applicable'],False,"['unknown', '40 to 44', '85 to 89', '50 to 54']",3.0
1232760.0,2011-03-14 08:00:00,1307,2011,CHURCH ST,CHARLES ST E,Minor Arterial,Toronto and East York,43.669745,-79.38259,630392.6438,4836463.2538,Unknown,No Control,Clear,Daylight,Dry,167,Church-Wellesley,75,Church-Yonge Corridor (75),Non-Fatal Injury,1,0,1,0,0,0,0,0,0,0,0,0,0,Pedestrian Collisions,"['Driver', 'Pedestrian']",South,"['Automobile, Station Wagon', 'Other']",['Going Ahead'],['Driving Properly'],['Normal'],"['Crossing, no Traffic Control']",['Unknown'],['Not Applicable'],['Not Applicable'],['Not Applicable'],False,"['35 to 39', '40 to 44']",3.0
1233009.0,2011-03-15 08:00:00,852,2011,KING Stre E,PRINCESS Stre,Major Arterial,Toronto and East York,43.651545,-79.36709,631682.0212,4834466.3817,Unknown,No Control,Clear,Daylight,Dry,73,Moss Park,73,Moss Park (73),Non-Fatal Injury,0,0,1,0,0,0,0,1,0,1,0,0,0,Turning Movement,"['Passenger', 'Vehicle Owner', 'Driver', 'Other Property Owner']",East,"['Other', 'Automobile, Station Wagon']","['Turning Left', 'Going Ahead']","['Improper Turn', 'Driving Properly']",['Normal'],['Not Applicable'],['Not Applicable'],['Not Applicable'],['Not Applicable'],['Not Applicable'],False,"['45 to 49', 'unknown']",3.0
1233062.0,2011-05-14 08:00:00,1356,2011,QUEEN ST W,GLADSTONE AVE,Major Arterial,Toronto and East York,43.642545,-79.42719,626854.2983,4833373.1995,At Intersection,Traffic Signal,"Fog, Mist, Smoke, Dust",Daylight,Dry,84,Little Portugal,84,Little Portugal (84),Non-Fatal Injury,0,0,1,1,0,0,0,0,1,1,0,0,0,Turning Movement,"['Motorcycle Driver', 'Driver']",East,"['Motorcycle', 'Automobile, Station Wagon']","['Going Ahead', 'Turning Left']","['Exceeding Speed Limit', 'Failed to Yield Right of Way']","['Inattentive', 'Unknown']",['Not Applicable'],['Not Applicable'],['Not Applicable'],['Not Applicable'],['Not Applicable'],False,"['25 to 29', '65 to 69']",3.0
1233108.0,2011-05-15 08:00:00,1047,2011,PAPE Aven,COSBURN Aven,Major Arterial,Toronto and East York,43.689445,-79.34879,633074.0084,4838704.8936,At Intersection,Traffic Signal,Rain,Daylight,Wet,58,Old East York,58,Old East York (58),Non-Fatal Injury,1,0,1,0,0,0,0,0,0,1,0,0,0,Pedestrian Collisions,"['Driver', 'Pedestrian']",East,"['Automobile, Station Wagon', 'Other']",['Turning Left'],['Failed to Yield Right of Way'],['Inattentive'],['Crossing with right of way'],['Normal'],['Not Applicable'],['Not Applicable'],['Not Applicable'],False,"['70 to 74', '80 to 84']",3.0
1233231.0,2011-05-16 08:00:00,17,2011,F G GARDINER Expr E,DOWLING Ave,Major Arterial,Toronto and East York,43.635445,-79.44079,625772.1983,4832563.9573,Unknown,No Control,Rain,"Dark, artificial",Wet,85,South Parkdale,85,South Parkdale (85),Non-Fatal Injury,0,0,1,0,0,0,0,1,1,1,0,0,0,SMV Other,"['Passenger', 'Driver', 'Vehicle Owner']",East,"['Other', 'Automobile, Station Wagon']",['Going Ahead'],['Speed too Fast For Condition'],['Normal'],['Not Applicable'],['Not Applicable'],['Not Applicable'],['Not Applicable'],['Not Applicable'],False,"['20 to 24', '30 to 34', 'unknown']",3.0
1233411.0,2011-03-19 08:00:00,1600,2011,LESLIE st,HARRIET st,Local,Toronto and East York,43.671645,-79.33389,634314.5538,4836751.9775,Unknown,No Control,Clear,Daylight,Dry,70,South Riverdale,70,South Riverdale (70),Non-Fatal Injury,0,0,1,0,0,0,0,1,0,0,0,0,0,SMV Other,"['Driver', 'Passenger']",North,"['Automobile, Station Wagon', 'Other']","['Reversing', 'Going Ahead']","['Other', 'Driving Properly']","['Inattentive', 'Unknown']",['Not Applicable'],['Not Applicable'],['Not Applicable'],['Not Applicable'],['Not Applicable'],False,"['50 to 54', '55 to 59', '20 to 24']",3.0
1233671.0,2011-04-26 08:00:00,200,2011,QUEENS Aven,ALLEN Aven,Local,Etobicoke York,43.612645,-79.49159,621720.4313,4829956.0189,Unknown,Stop Sign,Rain,Dark,Wet,160,Mimico-Queensway,17,Mimico (includes Humber Bay Shores) (17),Non-Fatal Injury,1,0,1,0,0,0,0,0,0,0,0,0,0,Pedestrian Collisions,"['Driver', 'Pedestrian']",Unknown,"['Automobile, Station Wagon', 'Other']",['Unknown'],['Other'],['Unknown'],['Other'],"['Ability Impaired, Alcohol']",['Not Applicable'],['Not Applicable'],['Not Applicable'],False,"['unknown', '25 to 29']",3.0
1233797.0,2011-05-18 08:00:00,1245,2011,PAPE Aven,COSBURN Aven,Major Arterial,Toronto and East York,43.689445,-79.34879,633074.0084,4838704.8936,At Intersection,Traffic Signal,Clear,Daylight,Wet,58,Old East York,58,Old East York (58),Non-Fatal Injury,1,0,1,0,0,0,0,0,0,1,0,0,0,Pedestrian Collisions,"['Driver', 'Pedestrian']",East,"['Automobile, Station Wagon', 'Other']",['Turning Left'],['Failed to Yield Right of Way'],['Inattentive'],['Crossing with right of way'],['Normal'],['Not Applicable'],['Not Applicable'],['Not Applicable'],False,"['40 to 44', '90 to 94']",3.0
1234066.0,2011-05-20 08:00:00,1620,2011,JANE ST,HOMEVIEW AVE,Major Arterial,Etobicoke York,43.668645,-79.49239,621542.9071,4836174.3552,Unknown,No Control,Rain,Daylight,Wet,111,Rockcliffe-Smythe,111,Rockcliffe-Smythe (111),Non-Fatal Injury,1,0,1,0,0,0,0,0,0,1,0,0,0,Pedestrian Collisions,"['Driver', 'Pedestrian']",North,"['Automobile, Station Wagon', 'Other']",['Turning Left'],['Failed to Yield Right of Way'],['Normal'],"['Crossing, no Traffic Control']",['Normal'],['Not Applicable'],['Not Applicable'],['Not Applicable'],False,"['25 to 29', '50 to 54']",3.0
1234067.0,2011-05-20 08:00:00,1932,2011,180 BROOKSIDE DR,Not Applicable,Local,Toronto and East York,43.681945,-79.30679,636475.9104,4837940.1726,Unknown,No Control,Clear,Daylight,Dry,62,East End-Danforth,62,East End-Danforth (62),Non-Fatal Injury,1,0,1,0,0,0,0,0,0,0,0,0,0,Pedestrian Collisions,"['Driver', 'Pedestrian']",East,"['Automobile, Station Wagon', 'Other']",['Reversing'],['Other'],['Normal'],['Other'],['Medical or Physical Disability'],['Not Applicable'],['Not Applicable'],['Not Applicable'],False,"['50 to 54', '85 to 89']",3.0
1234265.0,2011-05-21 08:00:00,1122,2011,FINCH AVE E,SANDHURST CRCL,Major Arterial,Scarborough,43.808845,-79.26279,639726.8624,4852107.6852,Unknown,No Control,Clear,Daylight,Dry,129,Agincourt North,129,Agincourt North (129),Non-Fatal Injury,0,0,1,0,0,0,0,0,0,0,0,0,1,SMV Other,"['Driver', 'Other Property Owner']",East,"['Automobile, Station Wagon', 'Other']",['Going Ahead'],['Lost control'],['Medical or Physical Disability'],['Not Applicable'],['Not Applicable'],['Not Applicable'],['Not Applicable'],['Not Applicable'],False,"['45 to 49', 'unknown']",3.0
1234453.0,2011-05-23 08:00:00,1115,2011,VICTORIA PARK AVE,SHEPPARD AVE E,Major Arterial,North York,43.775233,-79.323009,634958.9298,4848274.6113,At Intersection,Traffic Signal,Clear,Daylight,Dry,118,Tam O'Shanter-Sullivan,118,Tam O'Shanter-Sullivan (118),Non-Fatal Injury,0,0,1,0,0,0,0,0,0,1,1,0,0,Angle,"['Vehicle Owner', 'Driver']",North,"['Other', 'Automobile, Station Wagon']",['Going Ahead'],"['Driving Properly', 'Disobeyed Traffic Control']",['Normal'],['Not Applicable'],['Not Applicable'],['Not Applicable'],['Not Applicable'],['Not Applicable'],False,"['unknown', '35 to 39', '25 to 29', '45 to 49']",3.0
1234879.0,2011-05-22 08:00:00,1430,2011,FINCH AVE E,DORIS AVE,Major Arterial,North York,43.780445,-79.41229,627762.7087,4848711.8253,At Intersection,Traffic Signal,Clear,Daylight,Wet,152,East Willowdale,51,Willowdale East (51),Non-Fatal Injury,1,0,1,0,0,0,0,0,0,0,0,0,0,Pedestrian Collisions,"['Driver', 'Pedestrian']",North,"['Automobile, Station Wagon', 'Other']",['Turning Right'],['Improper Turn'],['Unknown'],"['Crossing, no Traffic Control']",['Normal'],['Not Applicable'],['Not Applicable'],['Not Applicable'],False,"['unknown', '55 to 59']",3.0
1234913.0,2011-05-23 08:00:00,1350,2011,ISLINGTON AVE,ALBION RD,Major Arterial,Etobicoke York,43.737245,-79.56529,615533.8501,4843689.0973,At Intersection,Traffic Signal,Clear,Daylight,Dry,3,Thistletown-Beaumond Heights,3,Thistletown-Beaumond Heights (3),Non-Fatal Injury,1,0,1,0,0,0,0,1,0,0,0,0,0,Pedestrian Collisions,"['Passenger', 'Driver', 'Pedestrian']",East,"['Other', 'Automobile, Station Wagon']",['Going Ahead'],['Driving Properly'],['Normal'],['Crossing without right of way'],['Normal'],['Not Applicable'],['Not Applicable'],['Not Applicable'],False,"['0 to 4', '35 to 39', '75 to 79']",3.0
1235117.0,2011-03-24 08:00:00,1234,2011,LAKE SHORE Boul E,CHERRY Stre,Major Arterial,Toronto and East York,43.648242,-79.354907,632671.7725,4834118.9452,At Intersection,Traffic Signal,Clear,Daylight,Wet,166,St Lawrence-East Bayfront-The Islands,77,Waterfront Communities-The Island (77),Non-Fatal Injury,0,0,1,0,0,0,0,0,0,1,1,0,0,Angle,"['Driver', 'Other Property Owner']",South,"['Automobile, Station Wagon', 'Other']",['Going Ahead'],"['Disobeyed Traffic Control', 'Driving Properly']","['Other', 'Normal']",['Not Applicable'],['Not Applicable'],['Not Applicable'],['Not Applicable'],['Not Applicable'],False,"['60 to 64', '20 to 24', 'unknown']",3.0
1235236.0,2011-05-29 08:00:00,1400,2011,SHEPPARD AVE E,PHARMACY AVE,Major Arterial,Scarborough,43.776645,-79.31699,635440.137,4848441.2649,Unknown,No Control,Clear,Daylight,Dry,118,Tam O'Shanter-Sullivan,118,Tam O'Shanter-Sullivan (118),Non-Fatal Injury,0,0,1,0,0,0,0,0,0,1,0,0,0,Rear End,['Driver'],East,"['Automobile, Station Wagon']","['Slowing or Stopping', 'Stopped']","['Following too Close', 'Driving Properly']",['Normal'],['Not Applicable'],['Not Applicable'],['Not Applicable'],['Not Applicable'],['Not Applicable'],False,"['30 to 34', '35 to 39']",3.0
1235315.0,2011-05-30 08:00:00,709,2011,MIDLAND AVE,COSENTINO DR,Major Arterial,Scarborough,43.770545,-79.27199,639075.6895,4847838.3665,Unknown,No Control,Clear,Daylight,Dry,156,Bendale-Glen Andrew,127,Bendale (127),Non-Fatal Injury,1,0,1,0,0,0,0,1,0,0,0,0,0,Pedestrian Collisions,"['Vehicle Owner', 'Passenger', 'Driver', 'Other', 'Pedestrian']",East,"['Other', 'Automobile, Station Wagon']",['Going Ahead'],['Driving Properly'],['Unknown'],"['Crossing, no Traffic Control']",['Medical or Physical Disability'],['Not Applicable'],['Not Applicable'],['Not Applicable'],False,"['unknown', '25 to 29', '50 to 54', '55 to 59', '15 to 19']",3.0