accident_number,date,time,year,street1,street2,road_class,district,latitude,longitude,x,y,accident_location,traffctl,visibility,light,road_surface_condition,hood_158,neighbourhood_new,hood_140,neighbourhood_old,accident_class,pedestrian,cyclist,automobile,motorcycle,truck,trsn_city_veh,emerg_veh,passenger,speeding,aggressive_driving,redlight,alcohol,disability,impact_type,involvement_type,initial_direction,vehicle_type,manoeuver,driver_action,driver_condition,pedestrian_action,pedestrian_condition,cyclist_type,cyclist_action,cyclist_condition,injury,involvement_age,injury_severity_score
1235812.0,2011-03-26 08:00:00,718,2011,EGLINTON AVE W,RENFORTH DR,Major Arterial,Etobicoke York,43.665745,-79.58779,613857.2219,4835716.9269,Unknown,No Control,Clear,Dawn,Dry,11,Eringate-Centennial-West Deane,11,Eringate-Centennial-West Deane (11),Non-Fatal Injury,0,0,1,0,0,0,0,0,0,0,0,0,0,SMV Other,"['Driver', 'Other Property Owner']",East,"['Automobile, Station Wagon', 'Other']",['Going Ahead'],['Lost control'],['Inattentive'],['Not Applicable'],['Not Applicable'],['Not Applicable'],['Not Applicable'],['Not Applicable'],False,"['60 to 64', 'unknown']",3.0
1235865.0,2011-03-29 08:00:00,950,2011,HURON ST,DUNDAS ST W,Major Arterial,Toronto and East York,43.653345,-79.39619,629331.4346,4834620.5286,At Intersection,Traffic Signal,Clear,Daylight,Dry,78,Kensington-Chinatown,78,Kensington-Chinatown (78),Non-Fatal Injury,1,0,1,0,0,0,0,0,0,1,0,0,0,Pedestrian Collisions,"['Pedestrian', 'Driver']",South,"['Other', 'Automobile, Station Wagon']",['Turning Left'],['Failed to Yield Right of Way'],['Inattentive'],['Crossing with right of way'],['Normal'],['Not Applicable'],['Not Applicable'],['Not Applicable'],False,"['75 to 79', '50 to 54']",3.0
1235900.0,2011-06-01 08:00:00,1650,2011,KING ST W,STRACHAN AVE,Major Arterial,Toronto and East York,43.642145,-79.41129,628137.5691,4833353.1992,Unknown,No Control,Clear,Daylight,Dry,162,West Queen West,82,Niagara (82),Non-Fatal Injury,1,0,0,1,0,0,0,0,0,0,0,0,0,Pedestrian Collisions,"['Motorcycle Driver', 'Pedestrian']",East,"['Motorcycle', 'Other']",['Going Ahead'],['Driving Properly'],['Normal'],"['Crossing, no Traffic Control']",['Other'],['Not Applicable'],['Not Applicable'],['Not Applicable'],False,"['50 to 54', '25 to 29']",3.0
1236141.0,2011-04-15 08:00:00,1206,2011,MCNICOLL AVE,TAPSCOTT RD,Minor Arterial,Scarborough,43.826745,-79.23999,641518.431,4854134.5309,Unknown,No Control,Clear,Daylight,Dry,144,Morningside Heights,131,Rouge (131),Non-Fatal Injury,0,0,1,0,0,0,0,0,0,1,0,0,0,SMV Other,"['Driver', 'Other Property Owner']",West,"['Automobile, Station Wagon', 'Other']",['Going Ahead'],['Lost control'],['Normal'],['Not Applicable'],['Not Applicable'],['Not Applicable'],['Not Applicable'],['Not Applicable'],False,"['25 to 29', 'unknown']",3.0
1236150.0,2011-04-27 08:00:00,2213,2011,ST CLAIR AVE W,KEELE ST,Major Arterial,Etobicoke York,43.672345,-79.46829,623478.269,4836620.8805,Unknown,No Control,Clear,Dark,Dry,90,Junction Area,90,Junction Area (90),Non-Fatal Injury,0,0,1,0,0,0,0,1,1,1,0,1,0,SMV Other,"['Passenger', 'Driver', 'Other Property Owner']",West,"['Other', 'Automobile, Station Wagon']",['Going Ahead'],['Lost control'],"['Ability Impaired, Alcohol Over .08']",['Not Applicable'],['Not Applicable'],['Not Applicable'],['Not Applicable'],['Not Applicable'],False,"['25 to 29', '20 to 24', 'unknown']",3.0
1236286.0,2011-03-30 08:00:00,650,2011,COLLEGE ST,DOVERCOURT RD,Major Arterial,Toronto and East York,43.653545,-79.42639,626895.6573,4834596.1151,At Intersection,Traffic Signal,Clear,Daylight,Dry,84,Little Portugal,84,Little Portugal (84),Non-Fatal Injury,0,1,0,0,1,0,0,0,0,0,0,0,0,Cyclist Collisions,"['Vehicle Owner', 'Truck Driver', 'Cyclist']",East,"['Other', 'Truck - Open', 'Bicycle']","['Turning Right', 'Going Ahead']",['Driving Properly'],['Normal'],['Not Applicable'],['Not Applicable'],"['Cyclist without ROW rides into path of motorist at inter, lnwy, dwy-Cyclist not turn.']",['Other'],['Inattentive'],False,"['unknown', '60 to 64', '45 to 49']",3.0
1236508.0,2011-06-05 08:00:00,1206,2011,YONGE ST,STEELES AVE W,Major Arterial,North York,43.797945,-79.42009,627097.9409,4850643.4641,At Intersection,Traffic Signal,Clear,Daylight,Dry,36,Newtonbrook West,36,Newtonbrook West (36),Non-Fatal Injury,0,0,1,0,0,0,0,0,0,1,1,0,0,Angle,"['Driver', 'Vehicle Owner']",East,"['Automobile, Station Wagon', 'Other']",['Going Ahead'],"['Driving Properly', 'Disobeyed Traffic Control']","['Normal', 'Inattentive']",['Not Applicable'],['Not Applicable'],['Not Applicable'],['Not Applicable'],['Not Applicable'],False,"['80 to 84', 'unknown', '25 to 29']",3.0
1236980.0,2011-04-02 08:00:00,2210,2011,LAWRENCE AVE W,VARNA DR,Major Arterial,North York,43.717445,-79.43769,625850.7237,4841675.8611,At Intersection,Traffic Signal,Clear,Dark,Dry,32,Englemount-Lawrence,32,Englemount-Lawrence (32),Non-Fatal Injury,0,0,1,0,0,0,0,1,0,1,0,0,0,Turning Movement,"['Driver', 'Passenger', 'Vehicle Owner']",East,"['Automobile, Station Wagon', 'Other']","['Turning Left', 'Going Ahead']","['Failed to Yield Right of Way', 'Driving Properly']",['Normal'],['Not Applicable'],['Not Applicable'],['Not Applicable'],['Not Applicable'],['Not Applicable'],False,"['70 to 74', 'unknown', '0 to 4', '25 to 29']",3.0
1237144.0,2011-04-02 08:00:00,1930,2011,WESTON Road,LANYARD Road,Major Arterial,Etobicoke York,43.748245,-79.54159,617420.8635,4844944.1254,At Intersection,Traffic Signal,Clear,Dark,Dry,22,Humbermede,22,Humbermede (22),Non-Fatal Injury,0,0,1,0,0,0,0,1,0,0,0,0,0,Sideswipe,"['Driver', 'Passenger', 'Vehicle Owner']",North,"['Automobile, Station Wagon', 'Other']","['Going Ahead', 'Changing Lanes']","['Driving Properly', 'Improper Lane Change']",['Normal'],['Not Applicable'],['Not Applicable'],['Not Applicable'],['Not Applicable'],['Not Applicable'],False,"['50 to 54', '40 to 44', '55 to 59', '10 to 14', '35 to 39', 'unknown', '20 to 24']",3.0
1237279.0,2011-06-08 08:00:00,1710,2011,FINCH AVE W,NORFINCH DR,Major Arterial,Etobicoke York,43.755945,-79.52429,618798.5119,4845823.9901,At Intersection,Traffic Signal,Clear,Daylight,Dry,24,Black Creek,24,Black Creek (24),Non-Fatal Injury,0,1,1,0,0,0,0,0,0,0,0,0,0,Cyclist Collisions,"['Driver', 'Cyclist']",East,"['Automobile, Station Wagon', 'Bicycle']","['Turning Right', 'Unknown']",['Improper Turn'],['Normal'],['Not Applicable'],['Not Applicable'],['Motorist turning right on red at signalized intersection strikes cyclist.'],['Driving Properly'],['Unknown'],False,"['45 to 49', '65 to 69']",3.0
1237364.0,2011-04-05 08:00:00,1020,2011,JARVIS ST,WELLESLEY ST E,Major Arterial,Toronto and East York,43.666245,-79.37829,630746.9046,4836081.2997,At Intersection,Traffic Signal,Clear,Daylight,Dry,71,Cabbagetown-South St.James Town,71,Cabbagetown-South St.James Town (71),Non-Fatal Injury,0,1,1,0,0,0,0,0,0,0,0,0,0,Cyclist Collisions,"['Driver', 'Cyclist']",South,"['Automobile, Station Wagon', 'Bicycle']","['Going Ahead', 'Overtaking']",['Driving Properly'],['Normal'],['Not Applicable'],['Not Applicable'],['Cyclist and Driver travelling in same direction. One vehicle sideswipes the other.'],['Improper Passing'],['Normal'],False,['65 to 69'],3.0
1237383.0,2011-06-09 08:00:00,358,2011,VICTORIA PARK AVE,LAWRENCE AVE E,Major Arterial,North York,43.742072,-79.309757,636100.5871,4844613.264,Intersection Related,No Control,Clear,Dark,Dry,119,Wexford/Maryvale,119,Wexford/Maryvale (119),Non-Fatal Injury,1,0,1,0,0,0,0,0,0,0,0,0,0,Pedestrian Collisions,"['Driver', 'Pedestrian']",East,"['Automobile, Station Wagon']",['Going Ahead'],['Driving Properly'],['Normal'],['Running onto Roadway'],['Normal'],['Not Applicable'],['Not Applicable'],['Not Applicable'],False,"['70 to 74', '40 to 44']",3.0
1237405.0,2011-04-06 08:00:00,2138,2011,PARKWAY FOREST DR,FOREST MANOR RD,Collector,North York,43.775045,-79.34339,633319.1325,4848220.7104,At Intersection,No Control,Clear,Dark,Dry,53,Henry Farm,53,Henry Farm (53),Non-Fatal Injury,1,0,1,0,0,0,0,0,0,1,0,0,0,Pedestrian Collisions,"['Driver', 'Pedestrian']",South,"['Automobile, Station Wagon', 'Other']","['Turning Right', 'Other']",['Failed to Yield Right of Way'],['Inattentive'],['Crossing with right of way'],['Normal'],['Not Applicable'],['Not Applicable'],['Not Applicable'],False,"['60 to 64', '55 to 59']",3.0
1237710.0,2011-06-10 08:00:00,1858,2011,BEECROFT Road,NORTH YORK Boul,Minor Arterial,North York,43.766345,-79.41539,627543.2205,4847141.0259,At Intersection,Stop Sign,Clear,Daylight,Dry,38,Lansing-Westgate,38,Lansing-Westgate (38),Non-Fatal Injury,1,0,1,0,0,0,0,0,0,1,0,0,0,Pedestrian Collisions,"['Driver', 'Pedestrian']",West,"['Automobile, Station Wagon', 'Other']","['Turning Left', 'Going Ahead']","['Improper Turn', 'Driving Properly']","['Inattentive', 'Normal']","['Crossing, no Traffic Control']",['Inattentive'],['Not Applicable'],['Not Applicable'],['Not Applicable'],False,"['35 to 39', '55 to 59', '85 to 89']",3.0
1237771.0,2011-06-11 08:00:00,1308,2011,DEWLANE DR,BATHURST ST,Major Arterial,North York,43.785945,-79.44589,625047.4326,4849271.3803,Unknown,No Control,Clear,Daylight,Dry,36,Newtonbrook West,36,Newtonbrook West (36),Fatal,1,0,1,0,0,0,0,0,0,0,0,0,0,Pedestrian Collisions,"['Driver', 'Pedestrian']",South,"['Automobile, Station Wagon', 'Other']",['Other'],['Other'],['Normal'],['Other'],['Normal'],['Not Applicable'],['Not Applicable'],['Not Applicable'],True,"['50 to 54', '80 to 84']",4.0
1237939.0,2011-03-09 10:00:00,726,2011,COLLEGE Stre,BATHURST Stre,Major Arterial,Toronto and East York,43.656445,-79.40769,628397.4569,4834946.9648,At Intersection,No Control,Rain,Daylight,Wet,78,Kensington-Chinatown,78,Kensington-Chinatown (78),Non-Fatal Injury,1,0,0,0,1,0,0,0,0,0,0,0,0,Pedestrian Collisions,"['Vehicle Owner', 'Truck Driver', 'Pedestrian']",West,"['Other', 'Truck - Open']",['Slowing or Stopping'],['Driving Properly'],['Inattentive'],['Other'],['Normal'],['Not Applicable'],['Not Applicable'],['Not Applicable'],False,"['unknown', '25 to 29', '30 to 34']",3.0
1238461.0,2011-06-14 08:00:00,2203,2011,HOPTREE Ave,STAINES Rd,Local,Scarborough,43.822145,-79.22029,643113.4742,4853657.5191,Unknown,No Control,Clear,Dark,Dry,144,Morningside Heights,131,Rouge (131),Non-Fatal Injury,0,0,1,0,0,0,0,1,0,0,0,0,0,Other,"['Passenger', 'Driver']",North,"['Other', 'Automobile, Station Wagon']",['Going Ahead'],['Other'],['Inattentive'],['Not Applicable'],['Not Applicable'],['Not Applicable'],['Not Applicable'],['Not Applicable'],False,['15 to 19'],3.0
1238470.0,2011-06-15 08:00:00,1,2011,F G GARDINER Expr E,CHERRY Stre,Major Arterial,Toronto and East York,43.649045,-79.35679,632518.1466,4834205.1203,Unknown,No Control,Clear,Dark,Dry,166,St Lawrence-East Bayfront-The Islands,77,Waterfront Communities-The Island (77),Non-Fatal Injury,0,0,1,1,0,0,0,0,0,0,0,0,0,SMV Other,"['Motorcycle Driver', 'Other']",East,"['Motorcycle', 'Automobile, Station Wagon']",['Going Ahead'],['Lost control'],['Had Been Drinking'],['Not Applicable'],['Not Applicable'],['Not Applicable'],['Not Applicable'],['Not Applicable'],False,"['25 to 29', 'unknown']",3.0
1238504.0,2011-06-14 08:00:00,1350,2011,EGLINTON Aven W,DUPLEX Aven,Major Arterial,North York,43.706345,-79.40029,628887.2734,4840500.5172,At Intersection,No Control,Clear,Daylight,Dry,100,Yonge-Eglinton,100,Yonge-Eglinton (100),Non-Fatal Injury,0,0,1,0,0,0,0,0,0,0,0,0,0,Sideswipe,"['Driver', 'Other']",West,"['Automobile, Station Wagon', 'Other']","['Changing Lanes', 'Going Ahead']","['Improper Lane Change', 'Driving Properly']",['Normal'],['Not Applicable'],['Not Applicable'],['Not Applicable'],['Not Applicable'],['Not Applicable'],False,"['25 to 29', 'unknown']",3.0
1239243.0,2011-06-17 08:00:00,1432,2011,WEDGEWOOD DR,YONGE ST,Major Arterial,North York,43.788945,-79.41779,627302.0772,4849647.4084,At Intersection,Stop Sign,Clear,Daylight,Dry,50,Newtonbrook East,50,Newtonbrook East (50),Fatal,1,0,1,0,0,0,0,0,0,1,0,0,0,Pedestrian Collisions,"['Driver', 'Pedestrian']",South,"['Automobile, Station Wagon', 'Other']",['Going Ahead'],['Failed to Yield Right of Way'],['Normal'],['Crossing with right of way'],['Normal'],['Not Applicable'],['Not Applicable'],['Not Applicable'],True,"['25 to 29', '35 to 39', '5 to 9']",4.0
1239456.0,2011-06-16 08:00:00,1230,2011,BATHURST ST,LAWRENCE AVE W,Major Arterial,North York,43.719245,-79.42979,626483.3208,4841887.8024,At Intersection,Traffic Signal,Clear,Daylight,Dry,39,Bedford Park-Nortown,39,Bedford Park-Nortown (39),Non-Fatal Injury,0,1,1,0,0,0,0,0,0,1,0,0,0,Cyclist Collisions,"['Driver', 'Cyclist']",North,"['Automobile, Station Wagon', 'Bicycle']","['Turning Left', 'Going Ahead']",['Failed to Yield Right of Way'],['Unknown'],['Not Applicable'],['Not Applicable'],['Motorist turned left across cyclists path.'],['Other'],['Normal'],False,"['unknown', '20 to 24']",3.0
1239488.0,2011-04-22 08:00:00,1519,2011,DANFORTH AVE,WOODMOUNT AVE,Major Arterial,Toronto and East York,43.685245,-79.31469,635831.7001,4838293.7135,Unknown,No Control,Clear,Daylight,Dry,64,Woodbine Corridor,64,Woodbine Corridor (64),Non-Fatal Injury,0,0,1,1,0,0,0,0,0,0,0,0,0,Sideswipe,"['Motorcycle Driver', 'Driver', 'Vehicle Owner']",West,"['Motorcycle', 'Automobile, Station Wagon', 'Other']","['Going Ahead', 'Parked', 'Changing Lanes']","['Driving Properly', 'Improper Lane Change']","['Normal', 'Inattentive']",['Not Applicable'],['Not Applicable'],['Not Applicable'],['Not Applicable'],['Not Applicable'],False,"['20 to 24', '65 to 69', 'unknown', '15 to 19']",3.0
1239766.0,2011-06-01 08:00:00,1935,2011,THE ESPLANADE,BERKELEY Stre,Collector,Toronto and East York,43.650145,-79.36359,631967.3394,4834316.4533,Unknown,Traffic Signal,Clear,Daylight,Dry,166,St Lawrence-East Bayfront-The Islands,77,Waterfront Communities-The Island (77),Non-Fatal Injury,0,0,1,1,0,0,0,0,0,0,0,0,0,SMV Other,"['Vehicle Owner', 'Motorcycle Driver', 'Driver']",East,"['Other', 'Motorcycle', 'Automobile, Station Wagon']","['Going Ahead', 'Overtaking']","['Driving Properly', 'Other']","['Normal', 'Unknown']",['Not Applicable'],['Not Applicable'],['Not Applicable'],['Not Applicable'],['Not Applicable'],False,"['unknown', '30 to 34']",3.0
1239776.0,2011-06-09 08:00:00,1600,2011,YONGE ST,SHAFTESBURY AVE,Major Arterial,Toronto and East York,43.681945,-79.39159,629640.7984,4837804.1217,At Intersection,Traffic Signal,Clear,Daylight,Dry,97,Yonge-St.Clair,97,Yonge-St.Clair (97),Non-Fatal Injury,1,0,1,0,0,0,0,0,0,0,0,0,0,Pedestrian Collisions,"['Driver', 'Pedestrian']",Unknown,"['Automobile, Station Wagon', 'Other']",['Going Ahead'],['Other'],['Unknown'],['Crossing with right of way'],['Normal'],['Not Applicable'],['Not Applicable'],['Not Applicable'],False,"['unknown', '45 to 49']",3.0
1239980.0,2011-04-25 08:00:00,1515,2011,REXDALE BLVD,BERGAMOT AVE,Major Arterial,Etobicoke York,43.713345,-79.55969,616030.94,4841042.4905,Unknown,Traffic Signal,Clear,Daylight,Dry,4,Rexdale-Kipling,4,Rexdale-Kipling (4),Non-Fatal Injury,0,0,1,0,0,0,0,1,0,1,0,0,0,Turning Movement,"['Passenger', 'Driver', 'Vehicle Owner']",East,"['Other', 'Automobile, Station Wagon']","['Stopped', 'Turning Left', 'Going Ahead']","['Driving Properly', 'Failed to Yield Right of Way']","['Normal', 'Inattentive']",['Not Applicable'],['Not Applicable'],['Not Applicable'],['Not Applicable'],['Not Applicable'],False,"['50 to 54', '40 to 44', '45 to 49', 'unknown', '20 to 24']",3.0
1240092.0,2011-04-27 08:00:00,1050,2011,LAWRENCE AVE E,CURLEW DR,Major Arterial,North York,43.741145,-79.31929,635335.0579,4844494.6895,At Intersection,Traffic Signal,Clear,Daylight,Dry,43,Victoria Village,43,Victoria Village (43),Non-Fatal Injury,0,0,1,0,0,0,0,0,0,1,1,0,0,Turning Movement,['Driver'],East,"['Automobile, Station Wagon']","['Going Ahead', 'Turning Left']","['Disobeyed Traffic Control', 'Driving Properly']","['Inattentive', 'Normal']",['Not Applicable'],['Not Applicable'],['Not Applicable'],['Not Applicable'],['Not Applicable'],False,"['70 to 74', '20 to 24']",3.0
1240382.0,2011-06-24 08:00:00,930,2011,JAMESON Aven,SPRINGHURST Aven,Minor Arterial,Toronto and East York,43.633945,-79.43479,626259.3287,4832406.4719,At Intersection,Stop Sign,Rain,Daylight,Wet,85,South Parkdale,85,South Parkdale (85),Non-Fatal Injury,0,1,0,0,0,1,0,0,0,0,0,0,0,Cyclist Collisions,"['Vehicle Owner', 'Driver', 'Cyclist']",North,"['Other', 'Municipal Transit Bus (TTC)', 'Bicycle']","['Going Ahead', 'Turning Left']",['Driving Properly'],['Normal'],['Not Applicable'],['Not Applicable'],['Cyclist turns right across motorists path'],['Improper Turn'],['Inattentive'],False,"['unknown', '30 to 34', '40 to 44']",3.0
1240761.0,2011-06-27 08:00:00,2225,2011,KEELE St,GRANDRAVINE Dr,Major Arterial,North York,43.751545,-79.48809,621721.6492,4845387.8636,Unknown,No Control,Clear,Dark,Dry,27,York University Heights,27,York University Heights (27),Non-Fatal Injury,1,0,1,0,0,0,0,0,0,0,0,0,0,Pedestrian Collisions,"['Driver', 'Pedestrian']",South,"['Automobile, Station Wagon', 'Other']",['Going Ahead'],['Driving Properly'],['Unknown'],"['Crossing, no Traffic Control']",['Had Been Drinking'],['Not Applicable'],['Not Applicable'],['Not Applicable'],False,"['60 to 64', '45 to 49']",3.0
1240985.0,2011-05-07 08:00:00,2128,2011,MOUNT ROYAL Aven,THOME Cres,Local,Toronto and East York,43.676245,-79.43309,626307.7493,4837107.0267,At Intersection,Stop Sign,Clear,Dark,Dry,94,Wychwood,94,Wychwood (94),Non-Fatal Injury,0,1,1,0,0,0,0,0,0,1,0,0,0,Cyclist Collisions,"['Vehicle Owner', 'Driver', 'Cyclist']",North,"['Other', 'Automobile, Station Wagon', 'Bicycle']","['Turning Left', 'Going Ahead']",['Failed to Yield Right of Way'],['Inattentive'],['Not Applicable'],['Not Applicable'],['Motorist turned left across cyclists path.'],['Driving Properly'],['Normal'],False,"['unknown', '70 to 74', '85 to 89']",3.0
1240994.0,2011-05-07 08:00:00,1823,2011,EGLINTON Ave W,MARLEE Ave,Major Arterial,North York,43.69797,-79.439349,625757.8029,4839510.372,At Intersection,Traffic Signal,Clear,Daylight,Dry,107,Oakwood Village,107,Oakwood Village (107),Non-Fatal Injury,1,0,1,0,0,0,0,0,0,0,0,0,0,Pedestrian Collisions,"['Driver', 'Pedestrian']",East,"['Automobile, Station Wagon', 'Other']",['Going Ahead'],['Driving Properly'],['Normal'],['Running onto Roadway'],['Inattentive'],['Not Applicable'],['Not Applicable'],['Not Applicable'],False,"['25 to 29', '15 to 19']",3.0
1241015.0,2011-06-28 08:00:00,1530,2011,GATEWAY Blvd,DON MILLS Rd,Major Arterial,North York,43.714345,-79.33629,634025.9201,4841490.5269,At Intersection,Traffic Signal,Clear,Daylight,Dry,44,Flemingdon Park,44,Flemingdon Park (44),Non-Fatal Injury,1,0,1,0,0,0,0,0,0,0,0,0,0,Pedestrian Collisions,"['Driver', 'Vehicle Owner', 'Pedestrian']",West,"['Automobile, Station Wagon', 'Other']",['Going Ahead'],['Driving Properly'],['Normal'],"['Crossing, no Traffic Control']",['Inattentive'],['Not Applicable'],['Not Applicable'],['Not Applicable'],False,"['80 to 84', 'unknown', '45 to 49', '10 to 14']",3.0
1241028.0,2011-05-06 08:00:00,536,2011,ROGERS Road,WESTON Road,Major Arterial,Etobicoke York,43.681545,-79.47679,622774.2747,4837630.0458,At Intersection,Traffic Signal,Clear,Daylight,Dry,111,Rockcliffe-Smythe,111,Rockcliffe-Smythe (111),Non-Fatal Injury,1,0,1,0,0,0,0,0,0,1,0,0,0,Pedestrian Collisions,"['Driver', 'Pedestrian']",North,"['Automobile, Station Wagon', 'Other']",['Turning Right'],['Failed to Yield Right of Way'],['Unknown'],['Crossing with right of way'],['Normal'],['Not Applicable'],['Not Applicable'],['Not Applicable'],False,"['60 to 64', '30 to 34']",3.0
1241202.0,2011-06-28 08:00:00,959,2011,STEELES AVE W,ISLINGTON AVE E,Major Arterial,Etobicoke York,43.761245,-79.58139,614191.6992,4846332.3201,Unknown,No Control,Clear,Daylight,Dry,2,Mount Olive-Silverstone-Jamestown,2,Mount Olive-Silverstone-Jamestown (2),Non-Fatal Injury,0,0,1,0,0,0,0,0,0,0,0,0,0,Approaching,"['Vehicle Owner', 'Driver']",East,"['Other', 'Automobile, Station Wagon']",['Going Ahead'],"['Lost control', 'Driving Properly']","['Unknown', 'Normal']",['Not Applicable'],['Not Applicable'],['Not Applicable'],['Not Applicable'],['Not Applicable'],False,"['unknown', '20 to 24', '65 to 69']",3.0
1241204.0,2011-06-29 08:00:00,1135,2011,STEELES AVE W,BATHURST ST,Major Arterial,North York,43.792345,-79.44589,625034.0871,4849982.1992,Unknown,No Control,Clear,Daylight,Dry,35,Westminster-Branson,35,Westminster-Branson (35),Fatal,1,0,1,0,0,0,0,0,0,0,0,0,1,Pedestrian Collisions,"['Driver', 'Pedestrian']",East,"['Automobile, Station Wagon', 'Other']",['Going Ahead'],['Lost control'],['Medical or Physical Disability'],['On Sidewalk or Shoulder'],['Normal'],['Not Applicable'],['Not Applicable'],['Not Applicable'],True,"['50 to 54', '75 to 79', '85 to 89']",4.0
1241592.0,2011-07-01 08:00:00,2229,2011,WARDEN AVE,HUNTINGWOOD DR,Major Arterial,Scarborough,43.786906,-79.311565,635853.4743,4849589.7987,Unknown,No Control,Clear,Dark,Dry,148,East L'Amoreaux,117,L'Amoreaux (117),Fatal,1,0,1,0,0,0,0,1,0,0,0,0,0,Pedestrian Collisions,"['Passenger', 'Driver', 'Vehicle Owner', 'Pedestrian']",South,"['Other', 'Automobile, Station Wagon']",['Going Ahead'],['Driving Properly'],['Normal'],"['Crossing, no Traffic Control']",['Unknown'],['Not Applicable'],['Not Applicable'],['Not Applicable'],True,"['40 to 44', '45 to 49', 'unknown', '25 to 29', '60 to 64']",4.0
1241593.0,2011-07-01 08:00:00,2345,2011,DON VALLEY PARKWAY  N,EASTERN AVE DIVERSION,Expressway,Toronto and East York,43.656363,-79.352077,632882.0942,4835025.418,Non Intersection,No Control,Clear,Dark,Dry,70,South Riverdale,70,South Riverdale (70),Non-Fatal Injury,0,0,1,1,0,0,0,1,1,1,0,0,0,Rear End,"['Motorcycle Passenger', 'Motorcycle Driver', 'Driver', 'Vehicle Owner']",North,"['Motorcycle', 'Pick Up Truck', 'Automobile, Station Wagon']",['Going Ahead'],"['Driving Properly', 'Speed too Fast For Condition']",['Normal'],['Not Applicable'],['Not Applicable'],['Not Applicable'],['Not Applicable'],['Not Applicable'],False,"['25 to 29', '30 to 34', '15 to 19', '20 to 24', 'unknown', '40 to 44']",3.0
1242543.0,2011-05-20 08:00:00,1819,2011,DAVENPORT RD,FOUNDRY  AVE,Minor Arterial,Toronto and East York,43.671345,-79.44939,625003.976,4836538.1242,Unknown,No Control,Clear,Daylight,Dry,171,Junction-Wallace Emerson,93,Dovercourt-Wallace Emerson-Junction (93),Non-Fatal Injury,1,0,1,0,0,0,0,0,0,1,0,0,0,Pedestrian Collisions,"['Driver', 'Pedestrian']",North,"['Automobile, Station Wagon', 'Other']",['Going Ahead'],['Failed to Yield Right of Way'],['Normal'],['Running onto Roadway'],['Normal'],['Not Applicable'],['Not Applicable'],['Not Applicable'],False,"['15 to 19', '5 to 9']",3.0
1242638.0,2011-05-18 08:00:00,934,2011,WARDEN AVE,BRIDLETOWNE CRCL,Major Arterial,Scarborough,43.801445,-79.31869,635247.3793,4851192.916,At Intersection,Traffic Signal,Rain,Daylight,Wet,148,East L'Amoreaux,117,L'Amoreaux (117),Non-Fatal Injury,0,0,1,0,0,0,0,0,1,1,0,0,0,Rear End,['Driver'],North,"['Automobile, Station Wagon']","['Going Ahead', 'Stopped']","['Speed too Fast For Condition', 'Driving Properly']",['Normal'],['Not Applicable'],['Not Applicable'],['Not Applicable'],['Not Applicable'],['Not Applicable'],False,"['45 to 49', '40 to 44']",3.0
1242674.0,2011-07-08 08:00:00,414,2011,BLACK CREEK DR,LAWRENCE AVE W,Major Arterial,Etobicoke York,43.707345,-79.49739,621061.9277,4840465.1994,Unknown,No Control,Clear,Dark,Dry,28,Rustic,28,Rustic (28),Fatal,0,0,1,0,0,0,0,0,0,0,0,0,0,SMV Other,"['Vehicle Owner', 'Driver']",North,"['Other', 'Automobile, Station Wagon']",['Going Ahead'],['Lost control'],['Unknown'],['Not Applicable'],['Not Applicable'],['Not Applicable'],['Not Applicable'],['Not Applicable'],True,"['unknown', '25 to 29']",4.0
1242717.0,2011-05-21 08:00:00,1159,2011,FINCH  AVE E,PHARMACY  AVE,Major Arterial,Scarborough,43.794345,-79.32609,634668.0546,4850392.2806,Unknown,No Control,Clear,Daylight,Dry,147,L'Amoreaux West,117,L'Amoreaux (117),Non-Fatal Injury,0,0,1,1,0,0,0,0,0,0,0,0,0,Turning Movement,"['Motorcycle Driver', 'Driver']",South,"['Motorcycle', 'Automobile, Station Wagon']","['Going Ahead', 'Turning Left']","['Driving Properly', 'Improper Turn']",['Normal'],['Not Applicable'],['Not Applicable'],['Not Applicable'],['Not Applicable'],['Not Applicable'],False,"['30 to 34', '40 to 44']",3.0
1242750.0,2011-05-22 08:00:00,2004,2011,ALDWYCH AVE,DEWHURST BLVD,Local,Toronto and East York,43.684745,-79.34049,633753.3738,4838196.2465,Unknown,No Control,Clear,Dark,Dry,59,Danforth East York,59,Danforth East York (59),Non-Fatal Injury,1,0,1,0,0,0,0,0,0,0,0,0,0,Pedestrian Collisions,"['Driver', 'Pedestrian']",East,"['Automobile, Station Wagon', 'Other']",['Going Ahead'],['Driving Properly'],['Normal'],['Coming From Behind Parked Vehicle'],['Normal'],['Not Applicable'],['Not Applicable'],['Not Applicable'],False,"['55 to 59', '10 to 14']",3.0
1242807.0,2011-05-20 08:00:00,1738,2011,MCCOWAN Road,BRIDLEY Driv,Major Arterial,Scarborough,43.813645,-79.27009,639128.5575,4852628.5015,Unknown,No Control,Clear,Daylight,Dry,129,Agincourt North,129,Agincourt North (129),Non-Fatal Injury,0,0,1,0,0,0,0,1,0,1,0,0,0,Rear End,"['Driver', 'Passenger', 'Vehicle Owner', 'Other Property Owner']",South,"['Automobile, Station Wagon', 'Other']","['Going Ahead', 'Changing Lanes']","['Driving Properly', 'Following too Close']","['Normal', 'Had Been Drinking']",['Not Applicable'],['Not Applicable'],['Not Applicable'],['Not Applicable'],['Not Applicable'],False,"['35 to 39', '20 to 24', '15 to 19', 'unknown']",3.0
1243108.0,2011-05-24 08:00:00,1900,2011,TRINNELL Boul,FLAGSTAFF Road,Local,Scarborough,43.710945,-79.27429,639028.4645,4841215.031,Unknown,No Control,Clear,Daylight,Dry,120,Clairlea-Birchmount,120,Clairlea-Birchmount (120),Non-Fatal Injury,1,0,1,0,0,0,0,0,0,1,0,0,0,Pedestrian Collisions,"['Driver', 'Pedestrian']",South,"['Automobile, Station Wagon', 'Other']",['Turning Right'],['Failed to Yield Right of Way'],['Inattentive'],['On Sidewalk or Shoulder'],['Normal'],['Not Applicable'],['Not Applicable'],['Not Applicable'],False,"['25 to 29', '0 to 4']",3.0