accident_number,date,time,year,street1,street2,road_class,district,latitude,longitude,x,y,accident_location,traffctl,visibility,light,road_surface_condition,hood_158,neighbourhood_new,hood_140,neighbourhood_old,accident_class,pedestrian,cyclist,automobile,motorcycle,truck,trsn_city_veh,emerg_veh,passenger,speeding,aggressive_driving,redlight,alcohol,disability,impact_type,involvement_type,initial_direction,vehicle_type,manoeuver,driver_action,driver_condition,pedestrian_action,pedestrian_condition,cyclist_type,cyclist_action,cyclist_condition,injury,involvement_age,injury_severity_score
1243422.0,2011-07-12 08:00:00,700,2011,F G GARDINER XY Expr E,KIPLING AVE,Major Arterial,Etobicoke York,43.618045,-79.52449,619054.9019,4830508.0578,Unknown,No Control,Clear,Daylight,Dry,160,Mimico-Queensway,17,Mimico (includes Humber Bay Shores) (17),Non-Fatal Injury,0,0,1,0,0,0,0,0,1,1,0,0,0,Rear End,['Driver'],East,"['Automobile, Station Wagon']",['Slowing or Stopping'],"['Driving Properly', 'Speed too Fast For Condition']","['Normal', 'Inattentive']",['Not Applicable'],['Not Applicable'],['Not Applicable'],['Not Applicable'],['Not Applicable'],False,['45 to 49'],3.0
1244229.0,2011-07-15 08:00:00,2344,2011,QUEEN Stre W,DUFFERIN,Major Arterial,Toronto and East York,43.642045,-79.42919,626694.0386,4833314.6132,Unknown,Streetcar (Stop for),Clear,Dark,Dry,85,South Parkdale,85,South Parkdale (85),Non-Fatal Injury,1,0,1,0,0,0,0,0,0,1,0,0,0,Pedestrian Collisions,"['Pedestrian', 'Driver']",North,"['Other', 'Automobile, Station Wagon']",['Going Ahead'],['Failed to Yield Right of Way'],['Normal'],['Person Getting on/off Vehicle'],['Unknown'],['Not Applicable'],['Not Applicable'],['Not Applicable'],False,"['20 to 24', '15 to 19']",3.0
1244328.0,2011-07-16 08:00:00,1215,2011,LAWRENCE AVE W,ROYAL YORK RD,Minor Arterial,Etobicoke York,43.696145,-79.53269,618239.8775,4839170.3426,At Intersection,Traffic Signal,Clear,Daylight,Dry,8,Humber Heights-Westmount,8,Humber Heights-Westmount (8),Fatal,0,0,1,0,0,0,0,1,0,0,0,0,0,SMV Other,"['Passenger', 'Driver', 'Other Property Owner']",West,"['Other', 'Automobile, Station Wagon']",['Going Ahead'],['Lost control'],['Unknown'],['Not Applicable'],['Not Applicable'],['Not Applicable'],['Not Applicable'],['Not Applicable'],True,"['70 to 74', 'unknown']",4.0
1244462.0,2011-07-17 08:00:00,2000,2011,TWYN RIVERS Driv,LITTLE ROUGE RIVER,Collector,Scarborough,43.814545,-79.15699,648222.5446,4852924.8772,Unknown,No Control,Clear,Daylight,Dry,144,Morningside Heights,131,Rouge (131),Non-Fatal Injury,0,0,1,1,0,0,0,0,0,0,0,0,0,Approaching,"['Motorcycle Driver', 'Driver']",East,"['Motorcycle', 'Automobile, Station Wagon']",['Going Ahead'],"['Other', 'Driving Properly']","['Unknown', 'Normal']",['Not Applicable'],['Not Applicable'],['Not Applicable'],['Not Applicable'],['Not Applicable'],False,"['30 to 34', '25 to 29', '35 to 39']",3.0
1244509.0,2011-06-03 08:00:00,750,2011,62 RACINE DR,Not Applicable,Collector,Etobicoke York,43.717045,-79.58059,614340.1938,4841424.3838,Unknown,No Control,Clear,Daylight,Dry,1,West Humber-Clairville,1,West Humber-Clairville (1),Non-Fatal Injury,0,0,1,0,1,0,0,1,0,0,0,0,0,Approaching,"['Vehicle Owner', 'Driver', 'Passenger', 'Truck Driver']",East,"['Other', 'Automobile, Station Wagon', 'Truck - Open']",['Going Ahead'],"['Lost control', 'Driving Properly']","['Inattentive', 'Normal']",['Not Applicable'],['Not Applicable'],['Not Applicable'],['Not Applicable'],['Not Applicable'],False,"['unknown', '30 to 34', '40 to 44']",3.0
1244530.0,2011-07-18 08:00:00,28,2011,BAYVIEW Ave,MCKEE Ave,Major Arterial,North York,43.778845,-79.39079,629496.2794,4848567.5254,Unknown,No Control,Clear,"Dark, artificial",Dry,52,Bayview Village,52,Bayview Village (52),Non-Fatal Injury,1,0,1,0,0,0,0,1,1,1,0,0,0,Pedestrian Collisions,"['Pedestrian', 'Passenger', 'Vehicle Owner', 'Driver']",North,"['Automobile, Station Wagon', 'Other']",['Going Ahead'],['Exceeding Speed Limit'],['Had Been Drinking'],['Playing or Working on Highway'],['Normal'],['Not Applicable'],['Not Applicable'],['Not Applicable'],False,"['55 to 59', '20 to 24', 'unknown', '25 to 29']",3.0
1244535.0,2011-06-04 08:00:00,1352,2011,DUNFIELD AVE,EGLINTON AVE E,Major Arterial,Toronto and East York,43.707245,-79.39539,629280.1313,4840608.1048,Unknown,No Control,Clear,Daylight,Dry,174,South Eglinton-Davisville,104,Mount Pleasant West (104),Non-Fatal Injury,1,0,1,0,0,0,0,0,0,0,0,0,0,Pedestrian Collisions,"['Vehicle Owner', 'Driver', 'Pedestrian']",North,"['Other', 'Automobile, Station Wagon']",['Reversing'],['Other'],['Normal'],['Other'],['Normal'],['Not Applicable'],['Not Applicable'],['Not Applicable'],False,"['unknown', '35 to 39', '85 to 89']",3.0
1244686.0,2011-06-05 08:00:00,1330,2011,YONGE ST,YORK MILLS RD,Major Arterial,North York,43.745245,-79.40699,628264.4046,4844810.5276,Unknown,No Control,Clear,Daylight,Dry,39,Bedford Park-Nortown,39,Bedford Park-Nortown (39),Non-Fatal Injury,1,0,0,1,0,0,0,0,1,1,0,0,0,Pedestrian Collisions,"['Vehicle Owner', 'Motorcycle Driver', 'Pedestrian']",North,"['Other', 'Motorcycle']",['Other'],['Exceeding Speed Limit'],['Normal'],['On Sidewalk or Shoulder'],['Normal'],['Not Applicable'],['Not Applicable'],['Not Applicable'],False,"['unknown', '25 to 29', '15 to 19']",3.0
1244722.0,2011-06-05 08:00:00,1200,2011,FLEET ST,FORT YORK BLVD,Minor Arterial,Toronto and East York,43.636345,-79.40679,628512.8855,4832715.992,At Intersection,Traffic Signal,Clear,Daylight,Dry,163,Fort York-Liberty Village,82,Niagara (82),Non-Fatal Injury,0,1,1,0,0,0,0,0,0,0,0,0,0,Cyclist Collisions,"['Driver', 'Cyclist']",East,"['Automobile, Station Wagon', 'Bicycle']","['Stopped', 'Going Ahead']",['Driving Properly'],['Normal'],['Not Applicable'],['Not Applicable'],['Cyclist struck opened vehicle door'],['Improper Passing'],['Normal'],False,"['35 to 39', '25 to 29']",3.0
1244765.0,2011-07-19 08:00:00,340,2011,GARDINER X W SHERWAY GARDENS RAMP,427 C S QEW X W RAMP,Unknown,Etobicoke York,43.613045,-79.55109,616918.2915,4829914.9533,Unknown,No Control,Clear,Dark,Dry,159,Etobicoke City Centre,14,Islington-City Centre West (14),Non-Fatal Injury,0,0,0,1,0,0,0,0,0,0,0,0,0,SMV Other,['Motorcycle Driver'],West,['Motorcycle'],['Going Ahead'],['Lost control'],['Normal'],['Not Applicable'],['Not Applicable'],['Not Applicable'],['Not Applicable'],['Not Applicable'],False,['20 to 24'],3.0
1245113.0,2011-06-08 08:00:00,2313,2011,DUFFERIN ST,FINCH AVE W,Major Arterial,North York,43.768845,-79.46689,623392.8761,4847340.6575,At Intersection,Traffic Signal,Clear,Dark,Dry,34,Bathurst Manor,34,Bathurst Manor (34),Non-Fatal Injury,0,0,1,0,0,0,0,1,0,1,1,0,0,Angle,"['Passenger', 'Driver']",East,"['Other', 'Automobile, Station Wagon']",['Going Ahead'],"['Driving Properly', 'Disobeyed Traffic Control']","['Normal', 'Inattentive']",['Not Applicable'],['Not Applicable'],['Not Applicable'],['Not Applicable'],['Not Applicable'],False,"['15 to 19', '25 to 29', '40 to 44']",3.0
1245730.0,2011-02-16 10:00:00,1432,2011,2057 YONGE St,Not Applicable,Major Arterial,Toronto and East York,43.702145,-79.39739,629129.9436,4840038.561,Unknown,No Control,Clear,Daylight,Dry,174,South Eglinton-Davisville,104,Mount Pleasant West (104),Non-Fatal Injury,0,0,1,0,0,0,0,0,0,0,0,0,0,Turning Movement,"['Vehicle Owner', 'Driver', 'Other']",North,"['Other', 'Automobile, Station Wagon']","['Turning Right', 'Parked', 'Going Ahead']","['Improper Lane Change', 'Driving Properly']","['Inattentive', 'Normal']",['Not Applicable'],['Not Applicable'],['Not Applicable'],['Not Applicable'],['Not Applicable'],False,"['unknown', '45 to 49', '25 to 29']",3.0
1246125.0,2011-07-27 08:00:00,1620,2011,FINCH AVE E,PAGE AVE,Major Arterial,North York,43.787645,-79.38019,630330.166,4849561.5366,Unknown,No Control,Clear,Daylight,Dry,52,Bayview Village,52,Bayview Village (52),Non-Fatal Injury,0,0,1,0,0,0,0,1,0,0,0,0,0,Angle,"['Driver', 'Passenger', 'Other Property Owner']",East,"['Automobile, Station Wagon', 'Other']",['Going Ahead'],"['Driving Properly', 'Lost control']","['Normal', 'Unknown']",['Not Applicable'],['Not Applicable'],['Not Applicable'],['Not Applicable'],['Not Applicable'],False,"['60 to 64', '75 to 79', 'unknown']",3.0
1246241.0,2011-06-13 08:00:00,2020,2011,CHURCH ST,ALEXANDER ST,Minor Arterial,Toronto and East York,43.663645,-79.37999,630615.483,4835789.8571,Unknown,No Control,Clear,Dark,Dry,167,Church-Wellesley,75,Church-Yonge Corridor (75),Non-Fatal Injury,0,1,1,0,0,0,0,0,0,0,0,0,0,Cyclist Collisions,"['Driver', 'Cyclist']",North,"['Automobile, Station Wagon', 'Bicycle']","['Parked', 'Going Ahead']",['Other'],['Normal'],['Not Applicable'],['Not Applicable'],['Cyclist and Driver travelling in same direction. One vehicle sideswipes the other.'],['Driving Properly'],['Normal'],False,"['30 to 34', '25 to 29']",3.0
1246412.0,2011-05-14 08:00:00,1705,2011,DIXON RD,ISLINGTON AVE,Major Arterial,Etobicoke York,43.697045,-79.54669,617109.9585,4839250.4313,At Intersection,Traffic Signal,Rain,Daylight,Wet,6,Kingsview Village-The Westway,6,Kingsview Village-The Westway (6),Non-Fatal Injury,0,0,1,1,0,0,0,1,0,1,0,0,0,Turning Movement,"['Passenger', 'Motorcycle Driver', 'Driver']",East,"['Other', 'Motorcycle', 'Automobile, Station Wagon']","['Going Ahead', 'Slowing or Stopping', 'Turning Left']","['Driving Properly', 'Failed to Yield Right of Way']","['Normal', 'Unknown']",['Not Applicable'],['Not Applicable'],['Not Applicable'],['Not Applicable'],['Not Applicable'],False,"['15 to 19', '30 to 34', 'unknown']",3.0
1246736.0,2011-07-24 08:00:00,1349,2011,LAWRENCE AVE E,OVERTURE RD,Major Arterial,Scarborough,43.765445,-79.19949,644923.106,4847396.2651,At Intersection,Traffic Signal,Clear,Daylight,Dry,136,West Hill,136,West Hill (136),Fatal,0,0,1,0,0,0,0,1,0,1,0,0,0,Approaching,"['Passenger', 'Driver']",East,"['Other', 'Automobile, Station Wagon']","['Other', 'Going Ahead', 'Stopped']",[],[],['Not Applicable'],['Not Applicable'],['Not Applicable'],['Not Applicable'],['Not Applicable'],True,"['unknown', '65 to 69', '40 to 44']",4.0
1246857.0,2011-06-15 08:00:00,1405,2011,DUPONT Stre,CAMPBELL Aven,Major Arterial,Toronto and East York,43.665946,-79.450092,624958.5859,4835937.436,At Intersection,No Control,Clear,Daylight,Dry,171,Junction-Wallace Emerson,93,Dovercourt-Wallace Emerson-Junction (93),Non-Fatal Injury,0,1,1,0,0,0,0,0,0,0,0,0,0,Sideswipe,"['Vehicle Owner', 'Driver', 'Moped Driver']",West,"['Automobile, Station Wagon', 'Moped']","['Turning Right', 'Going Ahead']",['Improper Turn'],['Normal'],['Not Applicable'],['Not Applicable'],['Not Applicable'],['Not Applicable'],['Not Applicable'],False,"['unknown', '75 to 79', '35 to 39']",3.0
1246967.0,2011-08-02 08:00:00,1236,2011,LAKE SHORE BLVD W,EIGHTH ST,Major Arterial,Etobicoke York,43.600445,-79.50639,620550.5085,4828579.4761,At Intersection,No Control,Clear,Daylight,Dry,18,New Toronto,18,New Toronto (18),Fatal,1,0,1,0,0,0,0,0,0,1,0,0,0,Pedestrian Collisions,"['Vehicle Owner', 'Driver', 'Pedestrian']",East,"['Other', 'Automobile, Station Wagon']",['Turning Left'],['Failed to Yield Right of Way'],['Normal'],['Crossing with right of way'],['Unknown'],['Not Applicable'],['Not Applicable'],['Not Applicable'],True,"['unknown', '45 to 49', '85 to 89']",4.0
1247048.0,2011-08-02 08:00:00,1550,2011,BATHURST Stre,FOLLIS Aven,Major Arterial,Toronto and East York,43.669545,-79.41299,627942.2515,4836393.7058,Unknown,No Control,Clear,Daylight,Dry,95,Annex,95,Annex (95),Non-Fatal Injury,1,0,1,0,0,0,0,0,0,0,0,0,0,Pedestrian Collisions,"['Driver', 'Pedestrian']",South,"['Automobile, Station Wagon', 'Other']",['Going Ahead'],['Driving Properly'],['Normal'],"['Crossing, no Traffic Control']",['Unknown'],['Not Applicable'],['Not Applicable'],['Not Applicable'],False,"['45 to 49', '90 to 94']",3.0
1247270.0,2011-06-21 08:00:00,145,2011,YONGE Stre,HIGHWAY 401 C  E,Major Arterial,North York,43.754145,-79.40859,628116.5857,4845796.5286,Unknown,No Control,Clear,Dark,Dry,38,Lansing-Westgate,38,Lansing-Westgate (38),Non-Fatal Injury,0,0,1,0,0,0,0,0,0,1,0,0,0,SMV Other,"['Driver', 'Other Property Owner']",South,"['Automobile, Station Wagon', 'Other']",['Going Ahead'],['Lost control'],['Fatigue'],['Not Applicable'],['Not Applicable'],['Not Applicable'],['Not Applicable'],['Not Applicable'],False,"['25 to 29', 'unknown']",3.0
1247356.0,2011-08-03 08:00:00,1322,2011,DANFORTH AVE,BYRON AVE,Major Arterial,Toronto and East York,43.680845,-79.33539,634173.1227,4837771.3358,Unknown,No Control,Clear,Daylight,Dry,66,Danforth,66,Danforth (66),Non-Fatal Injury,1,0,1,0,0,0,0,0,0,0,0,0,0,Pedestrian Collisions,"['Driver', 'Pedestrian']",South,"['Automobile, Station Wagon', 'Other']",['Going Ahead'],['Driving Properly'],['Normal'],['Coming From Behind Parked Vehicle'],['Inattentive'],['Not Applicable'],['Not Applicable'],['Not Applicable'],False,"['25 to 29', '75 to 79']",3.0
1247398.0,2011-08-04 08:00:00,205,2011,LAKE SHORE BLVD W,LAKE CRES W,Major Arterial,Etobicoke York,43.607645,-79.49039,621827.3597,4829402.4679,At Intersection,No Control,Clear,Dark,Dry,160,Mimico-Queensway,17,Mimico (includes Humber Bay Shores) (17),Non-Fatal Injury,0,0,1,0,0,0,0,1,1,1,0,0,0,SMV Other,"['Other Property Owner', 'Passenger', 'Driver']",East,"['Other', 'Automobile, Station Wagon']",['Going Ahead'],['Exceeding Speed Limit'],['Unknown'],['Not Applicable'],['Not Applicable'],['Not Applicable'],['Not Applicable'],['Not Applicable'],False,"['unknown', '35 to 39', '30 to 34']",3.0
1247513.0,2011-06-22 08:00:00,1707,2011,QUEEN Stre E,MC GEE Stre,Minor Arterial,Toronto and East York,43.659845,-79.34549,633405.5386,4835422.7107,At Intersection,No Control,Clear,Daylight,Dry,70,South Riverdale,70,South Riverdale (70),Non-Fatal Injury,1,0,0,1,0,0,0,0,0,0,0,0,0,Pedestrian Collisions,"['Motorcycle Driver', 'Pedestrian']",East,"['Motorcycle', 'Other']",['Going Ahead'],['Lost control'],['Normal'],"['Crossing, no Traffic Control']",['Inattentive'],['Not Applicable'],['Not Applicable'],['Not Applicable'],False,"['50 to 54', '20 to 24']",3.0
1247766.0,2011-08-05 08:00:00,902,2011,GREENWOOD AVE,PLAINS RD,Collector,Toronto and East York,43.693845,-79.33849,633894.3213,4839210.1559,At Intersection,Stop Sign,Clear,Daylight,Dry,58,Old East York,58,Old East York (58),Fatal,0,1,1,0,0,0,0,0,0,1,0,0,0,Cyclist Collisions,"['Vehicle Owner', 'Driver', 'Cyclist']",South,"['Other', 'Automobile, Station Wagon', 'Bicycle']",['Going Ahead'],['Failed to Yield Right of Way'],['Inattentive'],['Not Applicable'],['Not Applicable'],"['Motorist without ROW drives into path of cyclist at inter, lnwy, dwy-Driver not turn.']",['Driving Properly'],['Normal'],True,"['unknown', '80 to 84']",4.0
1247862.0,2011-08-07 08:00:00,1154,2011,DIXON RD,GOLFWOOD HTS Heig,Major Arterial,Etobicoke York,43.698545,-79.53989,617654.9835,4839426.6533,At Intersection,Traffic Signal,Clear,Daylight,Dry,6,Kingsview Village-The Westway,6,Kingsview Village-The Westway (6),Fatal,0,0,1,1,0,0,0,0,1,1,0,0,0,Turning Movement,"['Motorcycle Driver', 'Driver', 'Other Property Owner']",East,"['Motorcycle', 'Automobile, Station Wagon', 'Other']","['Going Ahead', 'Turning Left']","['Exceeding Speed Limit', 'Driving Properly']",['Normal'],['Not Applicable'],['Not Applicable'],['Not Applicable'],['Not Applicable'],['Not Applicable'],True,"['30 to 34', '75 to 79', 'unknown']",4.0
1247894.0,2011-08-04 08:00:00,2301,2011,YORK MILLS RD,DVP N YORK MILLS W RAMP,Major Arterial,North York,43.758891,-79.334056,634106.4087,4846441.6336,Unknown,Traffic Signal,Clear,Dark,Dry,150,Fenside-Parkwoods,45,Parkwoods-Donalda (45),Non-Fatal Injury,0,1,1,0,0,0,0,0,0,0,0,0,0,Cyclist Collisions,"['Driver', 'Cyclist']",North,"['Automobile, Station Wagon', 'Bicycle']","['Stopped', 'Going Ahead']",['Driving Properly'],['Normal'],['Not Applicable'],['Not Applicable'],"['Cyclist without ROW rides into path of motorist at inter, lnwy, dwy-Cyclist not turn.']",['Disobeyed Traffic Control'],['Unknown'],False,"['40 to 44', '20 to 24']",3.0
1248427.0,2011-06-26 08:00:00,1911,2011,OVERLEA BLVD,THORNCLIFFE PARK DR,Major Arterial,North York,43.707445,-79.34359,633453.1507,4840712.405,At Intersection,Traffic Signal,Clear,Daylight,Dry,55,Thorncliffe Park,55,Thorncliffe Park (55),Non-Fatal Injury,0,0,1,0,0,0,0,0,0,1,0,0,0,Turning Movement,"['Driver', 'Vehicle Owner']",North,"['Automobile, Station Wagon', 'Other']","['Stopped', 'Going Ahead', 'Turning Left']","['Driving Properly', 'Improper Turn']",['Normal'],['Not Applicable'],['Not Applicable'],['Not Applicable'],['Not Applicable'],['Not Applicable'],False,"['40 to 44', '45 to 49', 'unknown', '35 to 39', '20 to 24']",3.0
1248453.0,2011-06-26 08:00:00,2208,2011,FINCH AVE W,400 S FINCH E RAMP N,Major Arterial,Etobicoke York,43.754045,-79.53279,618117.9726,4845600.811,At Intersection,Traffic Signal,Clear,Dark,Dry,21,Humber Summit,21,Humber Summit (21),Non-Fatal Injury,0,0,1,0,0,0,0,1,1,1,0,0,0,Rear End,"['Passenger', 'Driver', 'Vehicle Owner']",West,"['Other', 'Automobile, Station Wagon']",['Going Ahead'],"['Driving Properly', 'Speed too Fast For Condition']",['Normal'],['Not Applicable'],['Not Applicable'],['Not Applicable'],['Not Applicable'],['Not Applicable'],False,"['10 to 14', '25 to 29', '35 to 39', 'unknown', '55 to 59']",3.0
1248878.0,2011-08-12 08:00:00,1808,2011,DUFFERIN Stre,STEEPROCK Driv,Major Arterial,North York,43.761045,-79.46519,623545.7579,4846476.8853,At Intersection,Traffic Signal,Clear,Daylight,Dry,34,Bathurst Manor,34,Bathurst Manor (34),Non-Fatal Injury,0,0,1,1,0,0,0,0,1,1,0,0,0,Turning Movement,"['Vehicle Owner', 'Motorcycle Driver', 'Driver']",North,"['Other', 'Motorcycle', 'Automobile, Station Wagon']","['Going Ahead', 'Turning Left']","['Speed too Fast For Condition', 'Driving Properly']","['Inattentive', 'Normal']",['Not Applicable'],['Not Applicable'],['Not Applicable'],['Not Applicable'],['Not Applicable'],False,"['unknown', '25 to 29', '50 to 54']",3.0
1248931.0,2011-08-13 08:00:00,1800,2011,28 REGATTA CRES,Not Applicable,Local,North York,43.789345,-79.44389,625201.26,4849652.0259,Unknown,No Control,Clear,Daylight,Dry,36,Newtonbrook West,36,Newtonbrook West (36),Fatal,1,0,1,0,0,0,0,0,0,0,0,0,0,Pedestrian Collisions,"['Driver', 'Pedestrian']",South,"['Automobile, Station Wagon', 'Other']",['Reversing'],['Other'],['Unknown'],['On Sidewalk or Shoulder'],['Unknown'],['Not Applicable'],['Not Applicable'],['Not Applicable'],True,"['45 to 49', '75 to 79']",4.0
1249034.0,2011-06-19 08:00:00,1256,2011,SPADINA Road,DAVENPORT Road,Minor Arterial,Toronto and East York,43.677445,-79.40809,628320.4474,4837278.6761,Unknown,Traffic Signal,Clear,Daylight,Dry,96,Casa Loma,96,Casa Loma (96),Non-Fatal Injury,0,0,1,0,0,0,0,1,0,0,0,0,0,SMV Other,"['Passenger', 'Driver', 'Other Property Owner']",East,"['Other', 'Automobile, Station Wagon']",['Turning Right'],['Lost control'],['Normal'],['Not Applicable'],['Not Applicable'],['Not Applicable'],['Not Applicable'],['Not Applicable'],False,"['60 to 64', '25 to 29', '45 to 49', 'unknown']",3.0
1249167.0,2011-08-15 08:00:00,1825,2011,THE QUEENSWAY,INVERLEIGH Dr,Major Arterial,Etobicoke York,43.627845,-79.49589,621342.8617,4831637.8718,Unknown,No Control,Clear,Daylight,Dry,16,Stonegate-Queensway,16,Stonegate-Queensway (16),Non-Fatal Injury,0,0,1,0,0,0,0,1,0,0,0,0,1,Rear End,"['Vehicle Owner', 'Driver', 'Passenger']",East,"['Other', 'Automobile, Station Wagon']","['Going Ahead', 'Slowing or Stopping']","['Lost control', 'Driving Properly']","['Medical or Physical Disability', 'Normal']",['Not Applicable'],['Not Applicable'],['Not Applicable'],['Not Applicable'],['Not Applicable'],False,"['unknown', '55 to 59', '60 to 64']",3.0
1249168.0,2011-08-15 08:00:00,2110,2011,F G GARDINER XY Expr E,427 X S GARDINER X E RAMP,Major Arterial,Etobicoke York,43.616045,-79.53439,618260.0115,4830271.7869,Unknown,No Control,Clear,Dark,Dry,20,Alderwood,20,Alderwood (20),Non-Fatal Injury,0,0,1,0,0,0,0,1,0,1,0,0,0,Rear End,"['Passenger', 'Driver']",West,"['Other', 'Automobile, Station Wagon']",['Going Ahead'],"['Driving Properly', 'Following too Close']","['Normal', 'Unknown']",['Not Applicable'],['Not Applicable'],['Not Applicable'],['Not Applicable'],['Not Applicable'],False,"['50 to 54', '15 to 19', 'unknown']",3.0
1249510.0,2011-08-16 08:00:00,606,2011,374 BROCK AVE,PUBLIC LANE,Laneway,Toronto and East York,43.652745,-79.43739,626010.2836,4834490.502,Unknown,No Control,Clear,Daylight,Dry,83,Dufferin Grove,83,Dufferin Grove (83),Fatal,0,0,1,0,0,0,0,0,0,0,0,0,0,SMV Other,"['Driver', 'Other']",North,"['Automobile, Station Wagon', 'Other']","['Reversing', 'Other']",['Other'],['Normal'],['Not Applicable'],['Not Applicable'],['Not Applicable'],['Not Applicable'],['Not Applicable'],True,"['55 to 59', 'unknown']",4.0
1249542.0,2011-07-06 08:00:00,1850,2011,DUNDAS ST W,CARLYLE ST,Major Arterial,Toronto and East York,43.652145,-79.40479,628640.4845,4834473.885,At Intersection,Stop Sign,Clear,Daylight,Dry,78,Kensington-Chinatown,78,Kensington-Chinatown (78),Non-Fatal Injury,0,1,1,0,0,0,0,0,0,0,0,0,0,Cyclist Collisions,"['Driver', 'Cyclist']",East,"['Automobile, Station Wagon', 'Bicycle']","['Stopped', 'Going Ahead']",['Driving Properly'],['Normal'],['Not Applicable'],['Not Applicable'],"['Cyclist without ROW rides into path of motorist at inter, lnwy, dwy-Cyclist not turn.']",['Wrong Way on One Way Road'],['Inattentive'],False,"['55 to 59', '40 to 44']",3.0
1249781.0,2011-08-04 08:00:00,2318,2011,QUEEN ST W,YORK ST,Major Arterial,Toronto and East York,43.651545,-79.38349,630359.4693,4834440.4875,Unknown,No Control,Clear,Dark,Dry,170,Yonge-Bay Corridor,76,Bay Street Corridor (76),Non-Fatal Injury,1,0,0,0,0,1,0,0,0,0,0,0,0,Pedestrian Collisions,"['Pedestrian', 'Vehicle Owner', 'Driver']",South,"['Other', 'Municipal Transit Bus (TTC)']",['Going Ahead'],['Driving Properly'],['Normal'],"['Crossing, no Traffic Control']","['Ability Impaired, Alcohol']",['Not Applicable'],['Not Applicable'],['Not Applicable'],False,"['30 to 34', 'unknown', '50 to 54']",3.0
1249794.0,2011-07-23 08:00:00,2202,2011,HIGHWAY 27  S,VICE REGENT BLVD,Major Arterial,Etobicoke York,43.711345,-79.59299,613352.0539,4840774.2899,At Intersection,No Control,Rain,"Dark, artificial",Wet,1,West Humber-Clairville,1,West Humber-Clairville (1),Non-Fatal Injury,1,0,1,0,0,0,0,0,0,0,0,0,0,Pedestrian Collisions,"['Driver', 'Pedestrian']",South,"['Automobile, Station Wagon', 'Other']",['Going Ahead'],['Driving Properly'],['Normal'],"['Crossing, no Traffic Control']",['Had Been Drinking'],['Not Applicable'],['Not Applicable'],['Not Applicable'],False,"['45 to 49', '65 to 69']",3.0
1249833.0,2011-08-17 08:00:00,658,2011,BATHURST ST,WILLIS ST,Major Arterial,Toronto and East York,43.647645,-79.40419,628698.4808,4833975.0316,Unknown,No Control,Clear,Daylight,Dry,81,Trinity-Bellwoods,81,Trinity-Bellwoods (81),Non-Fatal Injury,1,0,1,0,0,0,0,0,0,0,0,0,0,Pedestrian Collisions,"['Vehicle Owner', 'Driver', 'Pedestrian']",East,"['Other', 'Automobile, Station Wagon']",['Going Ahead'],['Driving Properly'],['Normal'],['Running onto Roadway'],['Other'],['Not Applicable'],['Not Applicable'],['Not Applicable'],False,"['unknown', '35 to 39', '30 to 34']",3.0
1249845.0,2011-07-08 08:00:00,1600,2011,6780 KINGSTON RD,Not Applicable,Major Arterial,Scarborough,43.798345,-79.14709,649059.047,4851143.3849,Unknown,No Control,Clear,Daylight,Dry,133,Centennial Scarborough,133,Centennial Scarborough (133),Non-Fatal Injury,0,1,1,0,0,0,0,0,0,1,0,0,0,Cyclist Collisions,"['Vehicle Owner', 'Driver', 'Cyclist']",East,"['Other', 'Automobile, Station Wagon', 'Bicycle']","['Turning Right', 'Going Ahead']",['Failed to Yield Right of Way'],['Inattentive'],['Not Applicable'],['Not Applicable'],"['Motorist turns right at non-signal Inter.(stop, yield, no cont.,and dwy) and strikes cyclist.']",['Failed to Yield Right of Way'],['Inattentive'],False,"['unknown', '20 to 24', '45 to 49']",3.0
1250055.0,2011-07-09 08:00:00,100,2011,STEELES AVE E,STAINES RD,Major Arterial,Scarborough,43.839645,-79.23769,641672.8408,4855571.2297,Unknown,No Control,Clear,Dark,Dry,144,Morningside Heights,131,Rouge (131),Non-Fatal Injury,0,0,1,0,0,0,0,1,0,0,0,0,0,Approaching,"['Passenger', 'Driver', 'Vehicle Owner']",East,"['Other', 'Automobile, Station Wagon']",['Going Ahead'],"['Lost control', 'Driving Properly']","['Unknown', 'Normal']",['Not Applicable'],['Not Applicable'],['Not Applicable'],['Not Applicable'],['Not Applicable'],False,"['0 to 4', '40 to 44', 'unknown', '50 to 54']",3.0
1250312.0,2011-08-20 08:00:00,203,2011,PORT UNION RD,ADENMORE RD,Minor Arterial,Scarborough,43.783345,-79.13829,649804.4553,4849493.2797,Unknown,No Control,Clear,Dark,Dry,133,Centennial Scarborough,133,Centennial Scarborough (133),Non-Fatal Injury,0,0,1,0,0,0,0,1,0,1,0,0,0,SMV Other,"['Passenger', 'Driver', 'Other Property Owner']",North,"['Other', 'Automobile, Station Wagon']",['Overtaking'],['Improper Passing'],['Had Been Drinking'],['Not Applicable'],['Not Applicable'],['Not Applicable'],['Not Applicable'],['Not Applicable'],False,"['15 to 19', 'unknown']",3.0
1250485.0,2011-07-10 08:00:00,1805,2011,LANSDOWNE AVE,DAVENPORT RD,Collector,Toronto and East York,43.672745,-79.44909,625025.254,4836694.0649,Unknown,No Control,Clear,Daylight,Dry,92,Corso Italia-Davenport,92,Corso Italia-Davenport (92),Non-Fatal Injury,0,0,0,1,0,0,0,0,0,0,0,0,0,SMV Other,"['Vehicle Owner', 'Motorcycle Driver']",South,"['Other', 'Motorcycle']",['Turning Left'],['Lost control'],['Normal'],['Not Applicable'],['Not Applicable'],['Not Applicable'],['Not Applicable'],['Not Applicable'],False,"['unknown', '20 to 24']",3.0