accident_number,date,time,year,street1,street2,road_class,district,latitude,longitude,x,y,accident_location,traffctl,visibility,light,road_surface_condition,hood_158,neighbourhood_new,hood_140,neighbourhood_old,accident_class,pedestrian,cyclist,automobile,motorcycle,truck,trsn_city_veh,emerg_veh,passenger,speeding,aggressive_driving,redlight,alcohol,disability,impact_type,involvement_type,initial_direction,vehicle_type,manoeuver,driver_action,driver_condition,pedestrian_action,pedestrian_condition,cyclist_type,cyclist_action,cyclist_condition,injury,involvement_age,injury_severity_score
1256019.0,2011-07-29 08:00:00,1450,2011,CONSILIUM PL,CORPORATE DR,Collector,Scarborough,43.779645,-79.25119,640728.4095,4848884.2121,At Intersection,Traffic Signal,Clear,Daylight,Dry,142,Woburn North,137,Woburn (137),Non-Fatal Injury,0,0,1,0,0,0,0,1,0,1,0,0,0,Turning Movement,"['Passenger', 'Vehicle Owner', 'Driver']",North,"['Other', 'Automobile, Station Wagon']","['Turning Left', 'Going Ahead']","['Failed to Yield Right of Way', 'Driving Properly']","['Inattentive', 'Normal']",['Not Applicable'],['Not Applicable'],['Not Applicable'],['Not Applicable'],['Not Applicable'],False,"['15 to 19', 'unknown', '0 to 4', '30 to 34']",3.0
1256431.0,2011-08-03 08:00:00,1604,2011,GERRARD Stre E,SCARBOROUGH Road,Minor Arterial,Toronto and East York,43.686245,-79.28949,637860.4891,4838446.3621,At Intersection,Stop Sign,Clear,Daylight,Dry,62,East End-Danforth,62,East End-Danforth (62),Non-Fatal Injury,0,0,1,0,0,0,0,1,1,1,0,1,0,Turning Movement,"['Passenger', 'Vehicle Owner', 'Driver']",East,"['Other', 'Automobile, Station Wagon']","['Turning Left', 'Changing Lanes']","['Other', 'Speed too Fast For Condition']","['Normal', 'Ability Impaired, Alcohol']",['Not Applicable'],['Not Applicable'],['Not Applicable'],['Not Applicable'],['Not Applicable'],False,"['55 to 59', 'unknown', '35 to 39', '25 to 29']",3.0
1256606.0,2011-08-03 08:00:00,1842,2011,AILEEN AVE,KEELE ST,Local,Etobicoke York,43.683345,-79.47149,623197.7865,4837837.8193,Unknown,No Control,Rain,Daylight,Wet,110,Keelesdale-Eglinton West,110,Keelesdale-Eglinton West (110),Non-Fatal Injury,0,1,1,0,0,0,0,0,0,0,0,0,0,Cyclist Collisions,"['Driver', 'Cyclist']",East,"['Automobile, Station Wagon', 'Bicycle']",['Going Ahead'],['Driving Properly'],['Normal'],['Not Applicable'],['Not Applicable'],"['Cyclist without ROW rides into path of motorist at inter, lnwy, dwy-Cyclist not turn.']",['Failed to Yield Right of Way'],['Inattentive'],False,"['45 to 49', '10 to 14']",3.0
1256647.0,2011-09-01 08:00:00,2035,2011,HOLLISTER RD,INVERDON RD,Local,Etobicoke York,43.664845,-79.57319,615036.0516,4835637.11,At Intersection,No Control,Clear,Dark,Dry,11,Eringate-Centennial-West Deane,11,Eringate-Centennial-West Deane (11),Non-Fatal Injury,1,0,1,0,0,0,0,0,0,1,0,0,0,Pedestrian Collisions,"['Driver', 'Pedestrian']",North,"['Automobile, Station Wagon', 'Other']",['Turning Left'],['Failed to Yield Right of Way'],['Inattentive'],['Crossing with right of way'],['Normal'],['Not Applicable'],['Not Applicable'],['Not Applicable'],False,"['55 to 59', '15 to 19', '20 to 24']",3.0
1256813.0,2011-10-01 08:00:00,1248,2011,WILLIAM R ALLEN RD N,SHEPPARD AVE W,Major Arterial,North York,43.747945,-79.46239,623798.1572,4845026.1173,Unknown,Traffic Signal,Clear,Daylight,Dry,155,Downsview,26,Downsview-Roding-CFB (26),Non-Fatal Injury,0,0,1,0,0,0,0,0,0,0,0,0,0,Sideswipe,"['Vehicle Owner', 'Driver']",North,"['Other', 'Automobile, Station Wagon']","['Changing Lanes', 'Going Ahead']","['Improper Lane Change', 'Driving Properly']",['Normal'],['Not Applicable'],['Not Applicable'],['Not Applicable'],['Not Applicable'],['Not Applicable'],False,"['unknown', '40 to 44', '65 to 69']",3.0
1257236.0,2011-08-05 08:00:00,1509,2011,DEWSON ST,OSSINGTON AVE,Minor Arterial,Toronto and East York,43.656945,-79.42369,627106.2136,4834977.8621,At Intersection,Stop Sign,Clear,Daylight,Dry,80,Palmerston-Little Italy,80,Palmerston-Little Italy (80),Non-Fatal Injury,0,1,1,0,0,0,0,0,0,1,0,0,0,Turning Movement,"['Moped Driver', 'Vehicle Owner', 'Driver']",East,"['Moped', 'Other', 'Automobile, Station Wagon']","['Going Ahead', 'Turning Left']","['Driving Properly', 'Failed to Yield Right of Way']","['Normal', 'Unknown']",['Not Applicable'],['Not Applicable'],['Not Applicable'],['Not Applicable'],['Not Applicable'],False,"['40 to 44', 'unknown', '45 to 49']",3.0
1257392.0,2011-08-07 08:00:00,137,2011,BLACK CREEK DR,PHOTOGRAPHY DR W,Major Arterial,Etobicoke York,43.687845,-79.48269,622285.9157,4838321.0289,At Intersection,No Control,Clear,Dark,Dry,110,Keelesdale-Eglinton West,110,Keelesdale-Eglinton West (110),Non-Fatal Injury,0,0,1,0,0,0,0,0,0,0,0,1,0,Rear End,"['Vehicle Owner', 'Driver']",North,"['Other', 'Automobile, Station Wagon']","['Going Ahead', 'Stopped']","['Other', 'Driving Properly']","['Ability Impaired, Alcohol', 'Normal']",['Not Applicable'],['Not Applicable'],['Not Applicable'],['Not Applicable'],['Not Applicable'],False,"['unknown', '35 to 39', '45 to 49']",3.0
1257517.0,2011-10-05 08:00:00,829,2011,LAWRENCE Aven W,LEDBURY Stre,Major Arterial,North York,43.720845,-79.42249,627067.9724,4842076.6716,Unknown,Traffic Signal,Clear,Daylight,Dry,39,Bedford Park-Nortown,39,Bedford Park-Nortown (39),Non-Fatal Injury,1,0,1,0,0,0,0,0,0,0,0,0,0,Pedestrian Collisions,"['Pedestrian', 'Driver']",North,"['Other', 'Automobile, Station Wagon']",['Turning Left'],['Driving Properly'],['Normal'],['Crossing without right of way'],['Inattentive'],['Not Applicable'],['Not Applicable'],['Not Applicable'],False,['40 to 44'],3.0
1257535.0,2011-10-04 08:00:00,1716,2011,KIPLING AVE,REDWATER DR,Major Arterial,Etobicoke York,43.714845,-79.56819,615343.3001,4841197.2233,Unknown,No Control,Clear,Daylight,Dry,4,Rexdale-Kipling,4,Rexdale-Kipling (4),Non-Fatal Injury,0,0,1,0,0,0,0,1,0,1,0,0,0,SMV Other,"['Passenger', 'Driver']",North,"['Other', 'Automobile, Station Wagon']",['Going Ahead'],['Lost control'],['Unknown'],['Not Applicable'],['Not Applicable'],['Not Applicable'],['Not Applicable'],['Not Applicable'],False,['70 to 74'],3.0
1257763.0,2011-10-06 08:00:00,1945,2011,JANE St,COURAGE Ave,Major Arterial,Etobicoke York,43.744845,-79.51459,619601.4998,4844605.1314,At Intersection,No Control,Clear,Dark,Dry,25,Glenfield-Jane Heights,25,Glenfield-Jane Heights (25),Non-Fatal Injury,1,0,1,0,0,0,0,0,0,0,0,0,0,Pedestrian Collisions,"['Driver', 'Pedestrian']",South,"['Automobile, Station Wagon', 'Other']","['Going Ahead', 'Other']",[],[],['Not Applicable'],['Not Applicable'],['Not Applicable'],['Not Applicable'],['Not Applicable'],False,['65 to 69'],3.0
1257891.0,2020-07-07 08:00:00,2030,2020,SERGIO MARCHI  ST,TORBARRIE RD,Local,Etobicoke York,43.73004,-79.524013,618872.069,4842947.2631,Intersection Related,No Control,Clear,"Dusk, artificial",Dry,154,Oakdale-Beverley Heights,26,Downsview-Roding-CFB (26),Non-Fatal Injury,1,0,1,0,0,0,0,0,0,0,0,0,0,Pedestrian Collisions,"['Driver', 'Pedestrian']",East,"['Automobile, Station Wagon']",['Going Ahead'],['Lost control'],['Normal'],['Other'],['Normal'],['Not Applicable'],['Not Applicable'],['Not Applicable'],False,"['25 to 29', '30 to 34']",3.0
1258189.0,2011-10-10 08:00:00,540,2011,KENNEDY RD,FINCH AVE E,Major Arterial,Scarborough,43.801245,-79.29659,637025.616,4851207.0593,At Intersection,Traffic Signal,Clear,"Dark, artificial",Dry,148,East L'Amoreaux,117,L'Amoreaux (117),Fatal,0,0,1,0,0,0,0,1,0,0,0,0,0,SMV Other,"['Passenger', 'Driver', 'Other Property Owner']",South,"['Other', 'Automobile, Station Wagon']",['Going Ahead'],['Lost control'],['Unknown'],['Not Applicable'],['Not Applicable'],['Not Applicable'],['Not Applicable'],['Not Applicable'],True,"['20 to 24', '25 to 29', 'unknown']",4.0
1258190.0,2011-10-10 08:00:00,549,2011,F G GARDINER XY Expr E,KIPLING AVE,Major Arterial,Etobicoke York,43.620245,-79.51349,619938.0956,4830768.2248,Unknown,No Control,Clear,Dark,Dry,160,Mimico-Queensway,17,Mimico (includes Humber Bay Shores) (17),Non-Fatal Injury,0,0,1,0,0,0,0,0,0,0,0,0,0,SMV Other,"['Vehicle Owner', 'Driver']",East,"['Other', 'Automobile, Station Wagon']",['Going Ahead'],['Lost control'],['Inattentive'],['Not Applicable'],['Not Applicable'],['Not Applicable'],['Not Applicable'],['Not Applicable'],False,"['unknown', '40 to 44']",3.0
1258191.0,2011-10-10 08:00:00,437,2011,DORIS AVE,NORTHTOWN WAY,Minor Arterial,North York,43.775445,-79.41279,627733.1196,4848155.7271,Unknown,No Control,Clear,Dark,Dry,151,Yonge-Doris,51,Willowdale East (51),Non-Fatal Injury,1,0,1,0,0,0,0,0,1,1,0,1,0,Pedestrian Collisions,"['Driver', 'Pedestrian']",North,"['Automobile, Station Wagon', 'Other']",['Going Ahead'],['Lost control'],"['Ability Impaired, Alcohol Over .08']",['On Sidewalk or Shoulder'],['Unknown'],['Not Applicable'],['Not Applicable'],['Not Applicable'],False,"['20 to 24', '25 to 29']",3.0
1258248.0,2011-08-08 08:00:00,1457,2011,BIRCHMOUNT RD,BONIS AVE,Major Arterial,Scarborough,43.783545,-79.29929,636848.8152,4849236.7262,At Intersection,Traffic Signal,Clear,Daylight,Dry,118,Tam O'Shanter-Sullivan,118,Tam O'Shanter-Sullivan (118),Non-Fatal Injury,0,1,1,0,0,0,0,0,0,1,0,0,0,Cyclist Collisions,"['Driver', 'Cyclist']",East,"['Automobile, Station Wagon', 'Bicycle']","['Turning Left', 'Going Ahead']",['Failed to Yield Right of Way'],['Normal'],['Not Applicable'],['Not Applicable'],['Motorist turned left across cyclists path.'],['Other'],['Normal'],False,"['50 to 54', '60 to 64']",3.0
1258313.0,2011-08-12 08:00:00,1430,2011,STEELES AVE W,MARKBROOK LANE,Major Arterial,Etobicoke York,43.760045,-79.58609,613815.6432,4846192.573,Unknown,No Control,Clear,Daylight,Dry,2,Mount Olive-Silverstone-Jamestown,2,Mount Olive-Silverstone-Jamestown (2),Non-Fatal Injury,0,0,0,1,0,1,0,0,1,1,0,0,0,Rear End,"['Motorcycle Driver', 'Vehicle Owner', 'Driver']",West,"['Motorcycle', 'Other', 'Municipal Transit Bus (TTC)']","['Going Ahead', 'Stopped']","['Speed too Fast For Condition', 'Driving Properly']","['Inattentive', 'Normal']",['Not Applicable'],['Not Applicable'],['Not Applicable'],['Not Applicable'],['Not Applicable'],False,"['25 to 29', 'unknown', '40 to 44']",3.0
1258447.0,2011-08-11 08:00:00,1530,2011,BISHOP Aven,KENNETH Aven,Collector,North York,43.782345,-79.41309,627694.2872,4848921.6153,At Intersection,No Control,Clear,Daylight,Dry,50,Newtonbrook East,50,Newtonbrook East (50),Non-Fatal Injury,1,0,1,0,0,0,0,0,0,1,0,0,0,Pedestrian Collisions,"['Driver', 'Pedestrian']",East,"['Automobile, Station Wagon', 'Other']",['Turning Left'],['Failed to Yield Right of Way'],['Inattentive'],['Crossing with right of way'],['Normal'],['Not Applicable'],['Not Applicable'],['Not Applicable'],False,"['50 to 54', '55 to 59']",3.0
1258477.0,2011-10-03 08:00:00,640,2011,KIPLING Aven,FROST Stre,Major Arterial,Etobicoke York,43.714145,-79.56789,615368.8108,4841119.8962,Unknown,No Control,Rain,Daylight,Wet,1,West Humber-Clairville,1,West Humber-Clairville (1),Non-Fatal Injury,1,0,1,0,0,0,0,0,0,1,0,0,0,Pedestrian Collisions,"['Driver', 'Pedestrian']",North,"['Automobile, Station Wagon', 'Other']",['Going Ahead'],['Failed to Yield Right of Way'],['Unknown'],"['Crossing, no Traffic Control']",['Normal'],['Not Applicable'],['Not Applicable'],['Not Applicable'],False,"['unknown', '30 to 34']",3.0
1258512.0,2011-08-09 08:00:00,1810,2011,QUEEN ST E,DALHOUSIE ST,Major Arterial,Toronto and East York,43.653345,-79.37519,631024.8951,4834653.4735,Unknown,No Control,Clear,Daylight,Dry,168,Downtown Yonge East,75,Church-Yonge Corridor (75),Non-Fatal Injury,0,0,1,0,0,1,0,0,0,0,0,0,0,Rear End,"['Vehicle Owner', 'Driver']",East,"['Other', 'Municipal Transit Bus (TTC)', 'Automobile, Station Wagon']","['Going Ahead', 'Slowing or Stopping']","['Driving Properly', 'Other']","['Normal', 'Inattentive']",['Not Applicable'],['Not Applicable'],['Not Applicable'],['Not Applicable'],['Not Applicable'],False,"['unknown', '50 to 54']",3.0
1259013.0,2011-10-14 08:00:00,708,2011,2003 BRIMLEY RD,Not Applicable,Major Arterial,Scarborough,43.786245,-79.26749,639401.3764,4849589.6664,Unknown,No Control,Clear,Daylight,Wet,128,Agincourt South-Malvern West,128,Agincourt South-Malvern West (128),Non-Fatal Injury,1,0,1,0,0,0,0,0,0,0,0,0,0,Pedestrian Collisions,"['Vehicle Owner', 'Driver', 'Pedestrian']",East,"['Other', 'Automobile, Station Wagon']",['Reversing'],['Other'],['Normal'],['Other'],['Normal'],['Not Applicable'],['Not Applicable'],['Not Applicable'],False,"['unknown', '55 to 59', '80 to 84']",3.0
1259502.0,2011-08-19 08:00:00,1235,2011,QUEEN ST E,RUSHBROOKE AVE,Minor Arterial,Toronto and East York,43.662845,-79.33229,634463.1884,4835777.2102,At Intersection,No Control,Clear,Daylight,Dry,70,South Riverdale,70,South Riverdale (70),Non-Fatal Injury,1,0,1,0,0,0,0,0,0,0,0,0,0,Pedestrian Collisions,"['Driver', 'Pedestrian']",East,"['Automobile, Station Wagon', 'Other']",['Reversing'],['Other'],['Normal'],['Other'],['Normal'],['Not Applicable'],['Not Applicable'],['Not Applicable'],False,"['50 to 54', '85 to 89']",3.0
1259578.0,2011-08-19 08:00:00,2128,2011,BLOOR ST W,HARCROFT RD,Major Arterial,Toronto and East York,43.651845,-79.47289,623149.3445,4834337.2501,Unknown,No Control,Clear,Dark,Dry,87,High Park-Swansea,87,High Park-Swansea (87),Non-Fatal Injury,0,1,1,0,0,0,0,0,0,1,0,0,0,Cyclist Collisions,"['Driver', 'Cyclist']",East,"['Automobile, Station Wagon', 'Bicycle']","['Overtaking', 'Going Ahead']",['Improper Passing'],['Unknown'],['Not Applicable'],['Not Applicable'],['Cyclist and Driver travelling in same direction. One vehicle sideswipes the other.'],['Driving Properly'],['Normal'],False,"['unknown', '45 to 49']",3.0
1259602.0,2011-10-18 08:00:00,548,2011,WILSON AVE,ALLINGHAM GDNS,Major Arterial,North York,43.735545,-79.44279,625402.1187,4843678.3943,At Intersection,No Control,Clear,"Dark, artificial",Other,33,Clanton Park,33,Clanton Park (33),Fatal,1,0,1,0,0,0,0,0,0,0,0,0,0,Pedestrian Collisions,"['Driver', 'Pedestrian']",North,"['Automobile, Station Wagon', 'Other']",['Going Ahead'],['Driving Properly'],['Normal'],"['Crossing, no Traffic Control']",['Inattentive'],['Not Applicable'],['Not Applicable'],['Not Applicable'],True,"['40 to 44', '45 to 49']",4.0
1259641.0,2011-10-18 08:00:00,2145,2011,DON VALLEY PARKWAY  S,LAWRENCE AVE E,Expressway,North York,43.740145,-79.33229,634290.4893,4844362.4699,Unknown,No Control,Clear,Dark,Dry,42,Banbury-Don Mills,42,Banbury-Don Mills (42),Non-Fatal Injury,0,0,1,0,1,0,0,1,0,1,0,0,0,Rear End,"['Passenger', 'Vehicle Owner', 'Truck Driver', 'Driver', 'Other Property Owner']",South,"['Other', 'Truck - Open', 'Automobile, Station Wagon']",['Going Ahead'],"['Lost control', 'Driving Properly']","['Ability Impaired, Drugs', 'Normal']",['Not Applicable'],['Not Applicable'],['Not Applicable'],['Not Applicable'],['Not Applicable'],False,"['60 to 64', 'unknown', '35 to 39', '20 to 24']",3.0
1259697.0,2011-09-28 08:00:00,830,2011,BATHURST Stre,REINER Road,Major Arterial,North York,43.752345,-79.43769,625777.6378,4845552.012,At Intersection,Stop Sign,Clear,Daylight,Dry,38,Lansing-Westgate,38,Lansing-Westgate (38),Non-Fatal Injury,1,0,1,0,0,0,0,0,0,1,0,0,0,Pedestrian Collisions,"['Driver', 'Pedestrian']",East,"['Automobile, Station Wagon', 'Other']",['Turning Right'],['Failed to Yield Right of Way'],['Inattentive'],['Crossing with right of way'],['Normal'],['Not Applicable'],['Not Applicable'],['Not Applicable'],False,"['unknown', '80 to 84']",3.0
1259893.0,2011-10-19 08:00:00,1946,2011,BIRCHMOUNT RD,ALLANFORD RD,Major Arterial,Scarborough,43.774245,-79.29509,637208.0464,4848210.7677,At Intersection,Traffic Signal,Rain,Dark,Wet,118,Tam O'Shanter-Sullivan,118,Tam O'Shanter-Sullivan (118),Non-Fatal Injury,1,0,1,0,0,0,0,0,0,1,0,0,0,Pedestrian Collisions,"['Driver', 'Pedestrian']",Unknown,"['Automobile, Station Wagon', 'Other']",['Going Ahead'],['Failed to Yield Right of Way'],['Inattentive'],"['Walking on Roadway with Traffic', 'Crossing with right of way']","['Normal', 'Unknown']",['Not Applicable'],['Not Applicable'],['Not Applicable'],False,"['55 to 59', '40 to 44', '45 to 49']",3.0
1259906.0,2011-10-19 08:00:00,2104,2011,YONGE ST,WALLY CROUTER WKWAY Way,Major Arterial,Toronto and East York,43.689645,-79.39479,629366.3168,4838654.3152,Unknown,No Control,Rain,Dark,Wet,97,Yonge-St.Clair,97,Yonge-St.Clair (97),Non-Fatal Injury,1,0,1,0,0,0,0,0,0,0,0,0,0,Pedestrian Collisions,"['Vehicle Owner', 'Driver', 'Pedestrian']",North,"['Other', 'Automobile, Station Wagon']",['Going Ahead'],['Driving Properly'],['Normal'],"['Crossing, no Traffic Control']",['Unknown'],['Not Applicable'],['Not Applicable'],['Not Applicable'],False,"['unknown', '40 to 44', '70 to 74']",3.0
1260122.0,2011-08-24 08:00:00,1630,2011,DUNDAS ST W,PALMERSTON AVE,Major Arterial,Toronto and East York,43.651745,-79.40849,628342.9591,4834423.7305,Unknown,No Control,Clear,Daylight,Dry,81,Trinity-Bellwoods,81,Trinity-Bellwoods (81),Non-Fatal Injury,0,0,1,1,0,0,0,0,0,0,0,0,0,Sideswipe,"['Motorcycle Driver', 'Vehicle Owner', 'Driver']",West,"['Motorcycle', 'Other', 'Automobile, Station Wagon']","['Going Ahead', 'Turning Left']","['Driving Properly', 'Improper Turn']",['Normal'],['Not Applicable'],['Not Applicable'],['Not Applicable'],['Not Applicable'],['Not Applicable'],False,"['30 to 34', 'unknown', '25 to 29']",3.0
1260139.0,2011-08-23 08:00:00,1050,2011,ELLESMERE RD,MCCOWAN RD,Major Arterial,Scarborough,43.772145,-79.25149,640721.8604,4848050.7095,At Intersection,Traffic Signal,Clear,Daylight,Dry,142,Woburn North,137,Woburn (137),Non-Fatal Injury,0,0,1,0,0,0,0,1,0,1,1,0,1,Angle,"['Passenger', 'Driver']",West,"['Other', 'Automobile, Station Wagon']",['Going Ahead'],"['Driving Properly', 'Disobeyed Traffic Control']","['Normal', 'Medical or Physical Disability']",['Not Applicable'],['Not Applicable'],['Not Applicable'],['Not Applicable'],['Not Applicable'],False,"['75 to 79', '45 to 49', '60 to 64']",3.0
1260146.0,2011-10-21 08:00:00,630,2011,SPADINA AVE W,KING ST W,Major Arterial,Toronto and East York,43.645445,-79.39499,629445.1732,4833745.0014,At Intersection,Traffic Signal,Clear,Dark,Dry,164,Wellington Place,77,Waterfront Communities-The Island (77),Fatal,1,0,0,0,1,0,0,1,0,0,0,0,0,Pedestrian Collisions,"['Vehicle Owner', 'Passenger', 'Truck Driver', 'Pedestrian']",East,"['Other', 'Truck - Open']",['Turning Right'],['Driving Properly'],['Normal'],['Walking on Roadway Against Traffic'],['Unknown'],['Not Applicable'],['Not Applicable'],['Not Applicable'],True,"['unknown', '30 to 34', '35 to 39', '25 to 29']",4.0
1260151.0,2011-08-23 08:00:00,1742,2011,WRIGHT AVE,SAM FRUSTAGLIO DR,Local,Etobicoke York,43.699345,-79.50899,620143.3131,4839559.815,At Intersection,No Control,Clear,"Daylight, artificial",Dry,113,Weston,113,Weston (113),Non-Fatal Injury,0,0,0,1,0,0,0,0,1,1,0,0,0,SMV Other,"['Other Property Owner', 'Motorcycle Driver']",West,"['Other', 'Motorcycle']",['Going Ahead'],['Lost control'],['Inattentive'],['Not Applicable'],['Not Applicable'],['Not Applicable'],['Not Applicable'],['Not Applicable'],False,"['unknown', '20 to 24']",3.0
1260223.0,2011-08-19 08:00:00,1320,2011,BATHURST ST,BARTON AVE,Major Arterial,Toronto and East York,43.668145,-79.41239,627993.5987,4836239.1427,At Intersection,Traffic Signal,Clear,Daylight,Dry,95,Annex,95,Annex (95),Non-Fatal Injury,0,0,1,1,0,0,0,1,0,0,0,0,0,Turning Movement,"['Passenger', 'Motorcycle Driver', 'Driver']",North,"['Other', 'Motorcycle', 'Automobile, Station Wagon']","['Going Ahead', 'Turning Left']","['Driving Properly', 'Improper Turn']",['Normal'],['Not Applicable'],['Not Applicable'],['Not Applicable'],['Not Applicable'],['Not Applicable'],False,"['15 to 19', '35 to 39', '40 to 44']",3.0
1260759.0,2011-10-24 08:00:00,1515,2011,QUEEN ST E,HASTINGS AVE,Minor Arterial,Toronto and East York,43.663545,-79.32899,634727.6961,4835860.3085,Unknown,No Control,Clear,Daylight,Dry,70,South Riverdale,70,South Riverdale (70),Non-Fatal Injury,1,0,1,0,0,0,0,0,0,0,0,0,0,Pedestrian Collisions,"['Driver', 'Pedestrian']",East,"['Automobile, Station Wagon', 'Other']",['Going Ahead'],['Other'],['Unknown'],['Other'],['Normal'],['Not Applicable'],['Not Applicable'],['Not Applicable'],False,"['unknown', '55 to 59']",3.0
1260760.0,2011-10-24 08:00:00,1835,2011,EDITH DR,ORCHARD VIEW BLVD,Collector,North York,43.707245,-79.40329,628643.6383,4840595.815,At Intersection,Stop Sign,Clear,Dark,Dry,100,Yonge-Eglinton,100,Yonge-Eglinton (100),Non-Fatal Injury,1,0,1,0,0,0,0,0,0,1,0,0,0,Pedestrian Collisions,"['Vehicle Owner', 'Driver', 'Pedestrian']",East,"['Other', 'Automobile, Station Wagon']",['Turning Left'],['Failed to Yield Right of Way'],['Inattentive'],['Crossing with right of way'],['Normal'],['Not Applicable'],['Not Applicable'],['Not Applicable'],False,"['unknown', '45 to 49', '90 to 94']",3.0
1261275.0,2011-10-26 08:00:00,926,2011,SNOWCREST AVE,WYVERN RD,Local,North York,43.791845,-79.38609,629846.3514,4850018.7396,At Intersection,Stop Sign,Rain,Daylight,Wet,49,Bayview Woods-Steeles,49,Bayview Woods-Steeles (49),Non-Fatal Injury,1,0,1,0,0,0,0,0,0,1,0,0,0,Pedestrian Collisions,"['Driver', 'Pedestrian']",East,"['Automobile, Station Wagon', 'Other']",['Turning Left'],['Failed to Yield Right of Way'],['Inattentive'],['Crossing with right of way'],['Unknown'],['Not Applicable'],['Not Applicable'],['Not Applicable'],False,"['30 to 34', '40 to 44']",3.0
1261319.0,2011-10-26 08:00:00,1938,2011,BATHURST ST,VAUGHAN RD,Major Arterial,Toronto and East York,43.681645,-79.41769,627537.7054,4837730.3358,At Intersection,No Control,Rain,Dark,Wet,96,Casa Loma,96,Casa Loma (96),Non-Fatal Injury,1,0,1,0,0,0,0,0,0,1,0,1,0,Pedestrian Collisions,"['Driver', 'Pedestrian']",South,"['Automobile, Station Wagon', 'Other']",['Going Ahead'],['Other'],"['Ability Impaired, Alcohol']",['Other'],['Normal'],['Not Applicable'],['Not Applicable'],['Not Applicable'],False,"['65 to 69', '75 to 79']",3.0
1261321.0,2011-10-26 08:00:00,1952,2011,QUEENS PARK,QUEENS PARK CRES W,Major Arterial,Toronto and East York,43.666745,-79.39329,629536.4736,4836113.3003,Unknown,No Control,Rain,Dark,Wet,169,Bay-Cloverhill,76,Bay Street Corridor (76),Non-Fatal Injury,1,0,1,0,0,0,0,1,0,0,0,0,0,Pedestrian Collisions,"['Passenger', 'Vehicle Owner', 'Driver', 'Pedestrian']",South,"['Other', 'Automobile, Station Wagon']","['Other', 'Going Ahead']",['Driving Properly'],['Normal'],"['Crossing, no Traffic Control']",['Inattentive'],['Not Applicable'],['Not Applicable'],['Not Applicable'],False,"['unknown', '20 to 24', '70 to 74']",3.0
1261370.0,2011-08-31 08:00:00,1830,2011,SIMCOE ST,WELLINGTON ST W,Minor Arterial,Toronto and East York,43.646045,-79.38559,630202.0015,4833826.3438,At Intersection,Traffic Signal,Clear,Daylight,Dry,164,Wellington Place,77,Waterfront Communities-The Island (77),Non-Fatal Injury,1,0,1,0,0,0,0,0,0,1,0,0,0,Pedestrian Collisions,"['Vehicle Owner', 'Driver', 'Pedestrian']",West,"['Other', 'Automobile, Station Wagon']",['Turning Left'],['Failed to Yield Right of Way'],['Normal'],['Crossing with right of way'],['Normal'],['Not Applicable'],['Not Applicable'],['Not Applicable'],False,"['unknown', '40 to 44', '25 to 29']",3.0
1261497.0,2011-10-20 08:00:00,1127,2011,YONGE ST,ELM ST,Major Arterial,Toronto and East York,43.657945,-79.38159,630498.8282,4835154.2785,Unknown,No Control,Clear,Daylight,Dry,168,Downtown Yonge East,75,Church-Yonge Corridor (75),Non-Fatal Injury,1,0,1,0,0,0,0,0,0,0,0,0,0,Pedestrian Collisions,"['Vehicle Owner', 'Driver', 'Pedestrian']",North,"['Other', 'Automobile, Station Wagon']",['Going Ahead'],['Driving Properly'],['Normal'],['Other'],['Inattentive'],['Not Applicable'],['Not Applicable'],['Not Applicable'],False,"['unknown', '40 to 44', '45 to 49']",3.0
1261536.0,2011-09-02 08:00:00,2000,2011,LAKE SHORE Boul E,CARLAW Aven,Major Arterial,Toronto and East York,43.654945,-79.33739,634069.5657,4834891.5563,At Intersection,Traffic Signal,Clear,Dark,Wet,70,South Riverdale,70,South Riverdale (70),Non-Fatal Injury,0,0,1,0,0,0,0,0,0,0,0,0,0,Turning Movement,"['Driver', 'Vehicle Owner']",East,"['Automobile, Station Wagon', 'Other']","['Going Ahead', 'Stopped', 'Turning Left']","['Driving Properly', 'Improper Turn']",['Normal'],['Not Applicable'],['Not Applicable'],['Not Applicable'],['Not Applicable'],['Not Applicable'],False,"['25 to 29', '30 to 34', 'unknown', '65 to 69']",3.0
1261623.0,2011-10-12 08:00:00,1300,2011,BLOOR Stre W,RUNNYMEDE Road,Major Arterial,Toronto and East York,43.651145,-79.47629,622876.5863,4834254.466,Unknown,No Control,Clear,Daylight,Other,88,High Park North,88,High Park North (88),Non-Fatal Injury,1,0,1,0,0,0,0,0,0,0,0,0,0,Pedestrian Collisions,"['Driver', 'Pedestrian']",Unknown,"['Automobile, Station Wagon', 'Other']","['Going Ahead', 'Other']",[],[],['Not Applicable'],['Not Applicable'],['Not Applicable'],['Not Applicable'],['Not Applicable'],False,['unknown'],3.0
1261658.0,2011-09-02 08:00:00,1815,2011,FINCH Aven W,HIGHWAY 400  N,Major Arterial,Etobicoke York,43.754045,-79.53279,618117.9726,4845600.811,At Intersection,Traffic Signal,Clear,Daylight,Dry,21,Humber Summit,21,Humber Summit (21),Non-Fatal Injury,0,0,1,0,0,0,0,1,0,1,1,0,0,Angle,"['Driver', 'Passenger']",South,"['Automobile, Station Wagon', 'Other']",['Going Ahead'],"['Driving Properly', 'Disobeyed Traffic Control']",['Normal'],['Not Applicable'],['Not Applicable'],['Not Applicable'],['Not Applicable'],['Not Applicable'],False,"['55 to 59', '50 to 54', '70 to 74', '25 to 29']",3.0