accident_number,date,time,year,street1,street2,road_class,district,latitude,longitude,x,y,accident_location,traffctl,visibility,light,road_surface_condition,hood_158,neighbourhood_new,hood_140,neighbourhood_old,accident_class,pedestrian,cyclist,automobile,motorcycle,truck,trsn_city_veh,emerg_veh,passenger,speeding,aggressive_driving,redlight,alcohol,disability,impact_type,involvement_type,initial_direction,vehicle_type,manoeuver,driver_action,driver_condition,pedestrian_action,pedestrian_condition,cyclist_type,cyclist_action,cyclist_condition,injury,involvement_age,injury_severity_score
1261735.0,2011-09-02 08:00:00,1916,2011,DUFFERIN Stre,Not Applicable,Major Arterial,Toronto and East York,43.672945,-79.44099,625677.8171,4836728.5179,At Intersection,Traffic Signal,Clear,Dark,Dry,171,Junction-Wallace Emerson,93,Dovercourt-Wallace Emerson-Junction (93),Non-Fatal Injury,0,0,1,0,0,0,0,0,0,1,1,0,0,Angle,"['Driver', 'Vehicle Owner']",East,"['Automobile, Station Wagon', 'Other']","['Going Ahead', 'Stopped']","['Driving Properly', 'Disobeyed Traffic Control']",['Normal'],['Not Applicable'],['Not Applicable'],['Not Applicable'],['Not Applicable'],['Not Applicable'],False,"['50 to 54', 'unknown', '55 to 59']",3.0
1262837.0,2011-11-04 08:00:00,1450,2011,DANFORTH Aven,CHISHOLM Aven,Major Arterial,Toronto and East York,43.687845,-79.30339,636736.5541,4838601.0505,At Intersection,No Control,Clear,Daylight,Dry,62,East End-Danforth,62,East End-Danforth (62),Non-Fatal Injury,1,0,1,0,0,0,0,0,0,1,0,0,0,Pedestrian Collisions,"['Driver', 'Pedestrian']",North,"['Automobile, Station Wagon', 'Other']",['Turning Left'],['Failed to Yield Right of Way'],['Normal'],"['Crossing, no Traffic Control']",['Normal'],['Not Applicable'],['Not Applicable'],['Not Applicable'],False,['70 to 74'],3.0
1263122.0,2011-08-25 08:00:00,1944,2011,LAWTON Blvd,WALMSLEY Blvd,Local,Toronto and East York,43.693045,-79.39669,629205.8902,4839028.9699,Unknown,No Control,Clear,Daylight,Dry,97,Yonge-St.Clair,97,Yonge-St.Clair (97),Non-Fatal Injury,0,1,1,0,0,0,0,0,0,0,0,0,0,Cyclist Collisions,"['Driver', 'Cyclist']",North,"['Automobile, Station Wagon', 'Bicycle']","['Overtaking', 'Going Ahead']",['Driving Properly'],['Normal'],['Not Applicable'],['Not Applicable'],['Cyclist and Driver travelling in same direction. One vehicle sideswipes the other.'],['Improper Passing'],['Normal'],False,"['40 to 44', '50 to 54']",3.0
1263147.0,2011-11-07 10:00:00,1134,2011,DUNDAS ST W,STERLING RD,Minor Arterial,Toronto and East York,43.650645,-79.44299,625563.0663,4834248.7812,At Intersection,Stop Sign,Clear,Daylight,Dry,84,Little Portugal,84,Little Portugal (84),Fatal,0,1,0,0,1,0,0,0,0,0,0,0,0,Cyclist Collisions,"['Vehicle Owner', 'Truck Driver', 'Cyclist']",South,"['Other', 'Truck - Open', 'Bicycle']",['Turning Right'],['Driving Properly'],['Normal'],['Not Applicable'],['Not Applicable'],"['Motorist turns right at non-signal Inter.(stop, yield, no cont.,and dwy) and strikes cyclist.']",['Improper Turn'],['Unknown'],True,"['unknown', '65 to 69', '35 to 39']",4.0
1263204.0,2011-08-25 08:00:00,803,2011,MIDLAND AVE,STEELES AVE E,Major Arterial,Scarborough,43.825945,-79.29729,636912.8477,4853949.2368,At Intersection,Traffic Signal,Clear,Daylight,Dry,130,Milliken,130,Milliken (130),Non-Fatal Injury,1,0,1,0,0,0,0,0,0,1,0,0,0,Pedestrian Collisions,"['Vehicle Owner', 'Driver', 'Pedestrian']",East,"['Other', 'Automobile, Station Wagon']",['Turning Right'],['Failed to Yield Right of Way'],['Normal'],['Crossing with right of way'],['Normal'],['Not Applicable'],['Not Applicable'],['Not Applicable'],False,"['unknown', '45 to 49']",3.0
1263273.0,2011-09-08 08:00:00,910,2011,DAVENPORT Rd,HAZELTON Ave,Major Arterial,Toronto and East York,43.675045,-79.39479,629397.7011,4837032.7859,Unknown,No Control,Clear,Daylight,Dry,95,Annex,95,Annex (95),Non-Fatal Injury,0,1,0,0,0,1,0,0,0,0,0,0,0,Cyclist Collisions,"['Vehicle Owner', 'Driver', 'Cyclist']",East,"['Other', 'Municipal Transit Bus (TTC)', 'Bicycle']","['Going Ahead', 'Overtaking']",['Driving Properly'],['Normal'],['Not Applicable'],['Not Applicable'],['Cyclist and Driver travelling in same direction. One vehicle sideswipes the other.'],['Failed to Yield Right of Way'],['Normal'],False,"['unknown', '45 to 49', '30 to 34']",3.0
1263305.0,2011-09-06 08:00:00,1500,2011,MIDLAND AVE,FINCH AVE E,Major Arterial,Scarborough,43.803245,-79.28609,637865.6648,4851446.6313,Unknown,No Control,Clear,Daylight,Dry,128,Agincourt South-Malvern West,128,Agincourt South-Malvern West (128),Non-Fatal Injury,0,0,1,0,0,0,0,0,0,0,0,0,0,SMV Other,"['Other Property Owner', 'Vehicle Owner', 'Driver']",North,"['Other', 'Automobile, Station Wagon']",['Going Ahead'],['Lost control'],['Inattentive'],['Not Applicable'],['Not Applicable'],['Not Applicable'],['Not Applicable'],['Not Applicable'],False,"['unknown', '20 to 24']",3.0
1263449.0,2011-11-08 10:00:00,1950,2011,SPADINA AVE,BULWER ST,Major Arterial,Toronto and East York,43.649445,-79.39659,629307.5475,4834186.7592,Unknown,No Control,Clear,"Dark, artificial",Dry,78,Kensington-Chinatown,78,Kensington-Chinatown (78),Non-Fatal Injury,1,0,1,0,0,0,0,0,0,0,0,0,0,Pedestrian Collisions,"['Driver', 'Pedestrian']",South,"['Automobile, Station Wagon', 'Other']",['Going Ahead'],['Driving Properly'],['Normal'],"['Crossing, no Traffic Control']",['Normal'],['Not Applicable'],['Not Applicable'],['Not Applicable'],False,"['70 to 74', '85 to 89']",3.0
1263671.0,2011-09-10 08:00:00,1834,2011,BOTANY HILL RD,PLOVER RD,Local,Scarborough,43.775345,-79.20589,644384.1377,4848484.6344,Unknown,No Control,Clear,Daylight,Dry,135,Morningside,135,Morningside (135),Non-Fatal Injury,0,0,1,1,0,0,0,0,0,0,0,0,0,Approaching,"['Motorcycle Driver', 'Driver']",East,"['Motorcycle', 'Automobile, Station Wagon']",['Going Ahead'],"['Lost control', 'Driving Properly']",['Normal'],['Not Applicable'],['Not Applicable'],['Not Applicable'],['Not Applicable'],['Not Applicable'],False,"['40 to 44', '55 to 59']",3.0
1263764.0,2011-11-10 10:00:00,1111,2011,DON VALLEY PARKWAY  S,BAYVIEW BLOOR DVP RAMP,Expressway,Toronto and East York,43.682345,-79.36239,631993.5195,4837894.6055,Unknown,No Control,Clear,Daylight,Dry,57,Broadview North,57,Broadview North (57),Fatal,0,0,1,0,0,0,0,1,1,1,0,0,1,SMV Other,"['Vehicle Owner', 'Driver', 'Passenger']",South,"['Other', 'Automobile, Station Wagon']",['Going Ahead'],"['Driving Properly', 'Lost control']","['Normal', 'Medical or Physical Disability']",['Not Applicable'],['Not Applicable'],['Not Applicable'],['Not Applicable'],['Not Applicable'],True,"['unknown', '50 to 54', '40 to 44', '75 to 79', '55 to 59']",4.0
1263909.0,2011-11-05 08:00:00,2211,2011,KING ST W,BATHURST ST,Major Arterial,Toronto and East York,43.643778,-79.403369,628772.9558,4833546.8246,Unknown,No Control,Clear,"Dark, artificial",Dry,162,West Queen West,82,Niagara (82),Non-Fatal Injury,1,0,1,0,0,1,0,0,1,1,0,1,0,Pedestrian Collisions,"['Vehicle Owner', 'Driver', 'Pedestrian']",West,"['Other', 'Automobile, Station Wagon', 'Municipal Transit Bus (TTC)']","['Going Ahead', 'Stopped']","['Exceeding Speed Limit', 'Driving Properly']","['Ability Impaired, Alcohol Over .08', 'Normal']",['On Sidewalk or Shoulder'],['Normal'],['Not Applicable'],['Not Applicable'],['Not Applicable'],False,"['unknown', '20 to 24', '25 to 29', '30 to 34']",3.0
1264083.0,2011-11-13 10:00:00,1855,2011,JANE ST,WILLIAM CRAGG DR,Major Arterial,Etobicoke York,43.721945,-79.50889,620106.2213,4842070.0038,At Intersection,No Control,Clear,"Dark, artificial",Dry,154,Oakdale-Beverley Heights,26,Downsview-Roding-CFB (26),Non-Fatal Injury,1,0,1,0,0,0,0,0,0,0,0,0,0,Pedestrian Collisions,"['Driver', 'Pedestrian']",South,"['Automobile, Station Wagon', 'Other']",['Going Ahead'],['Driving Properly'],['Normal'],"['Crossing, no Traffic Control']",['Inattentive'],['Not Applicable'],['Not Applicable'],['Not Applicable'],False,['45 to 49'],3.0
1264189.0,2011-09-13 08:00:00,2122,2011,BATHURST St,HERRICK St,Major Arterial,Toronto and East York,43.662645,-79.41019,628182.6708,4835631.6911,Unknown,No Control,Clear,Dark,Dry,79,University,79,University (79),Non-Fatal Injury,0,0,1,1,0,0,0,1,0,1,0,0,0,Turning Movement,"['Passenger', 'Motorcycle Driver', 'Driver']",North,"['Other', 'Motorcycle', 'Automobile, Station Wagon']","['Going Ahead', 'Making U Turn']","['Driving Properly', 'Failed to Yield Right of Way']",['Normal'],['Not Applicable'],['Not Applicable'],['Not Applicable'],['Not Applicable'],['Not Applicable'],False,"['35 to 39', '30 to 34', '45 to 49']",3.0
1264317.0,2011-11-14 10:00:00,1704,2011,MILNER Aven,MORNINGSIDE Aven,Major Arterial,Scarborough,43.800244,-79.199089,644871.2975,4851261.9513,Unknown,Traffic Signal,Clear,"Dusk, artificial",Wet,146,Malvern East,132,Malvern (132),Non-Fatal Injury,0,0,1,0,0,0,0,1,0,1,0,0,0,Rear End,"['Driver', 'Passenger']",East,"['Automobile, Station Wagon', 'Other']",['Turning Left'],"['Driving Properly', 'Following too Close']",['Normal'],['Not Applicable'],['Not Applicable'],['Not Applicable'],['Not Applicable'],['Not Applicable'],False,"['80 to 84', '50 to 54']",3.0
1264528.0,2011-11-15 10:00:00,1045,2011,DUNDAS ST W,GRACE ST,Major Arterial,Toronto and East York,43.650745,-79.41389,627909.6093,4834304.3299,At Intersection,Traffic Signal,Clear,Daylight,Dry,81,Trinity-Bellwoods,81,Trinity-Bellwoods (81),Non-Fatal Injury,1,0,1,0,0,0,0,0,0,0,0,0,0,Pedestrian Collisions,"['Driver', 'Pedestrian']",East,"['Automobile, Station Wagon', 'Other']",['Going Ahead'],['Driving Properly'],['Normal'],['Crossing without right of way'],['Normal'],['Not Applicable'],['Not Applicable'],['Not Applicable'],False,"['75 to 79', '85 to 89']",3.0
1264625.0,2011-11-16 10:00:00,955,2011,F G GARDINER ExP E,PARK LAWN RD,Major Arterial,Etobicoke York,43.626045,-79.48739,622032.2407,4831450.4181,Unknown,No Control,Clear,Daylight,Dry,161,Humber Bay Shores,17,Mimico (includes Humber Bay Shores) (17),Non-Fatal Injury,0,0,1,0,0,0,0,0,0,1,0,0,0,Rear End,['Driver'],East,"['Automobile, Station Wagon']","['Slowing or Stopping', 'Stopped']","['Following too Close', 'Driving Properly']","['Inattentive', 'Normal']",['Not Applicable'],['Not Applicable'],['Not Applicable'],['Not Applicable'],['Not Applicable'],False,['35 to 39'],3.0
1264639.0,2011-11-16 10:00:00,1735,2011,DON MILLS RD,OVERLEA BLVD,Major Arterial,North York,43.710445,-79.33459,634171.5738,4841060.1262,Unknown,No Control,Clear,Dark,Dry,44,Flemingdon Park,44,Flemingdon Park (44),Non-Fatal Injury,1,0,1,0,0,0,0,0,0,0,0,0,0,Pedestrian Collisions,"['Vehicle Owner', 'Driver', 'Pedestrian']",West,"['Other', 'Automobile, Station Wagon']",['Going Ahead'],['Driving Properly'],['Normal'],['Running onto Roadway'],['Inattentive'],['Not Applicable'],['Not Applicable'],['Not Applicable'],False,"['unknown', '15 to 19', '30 to 34', '10 to 14']",3.0
1264906.0,2011-09-16 08:00:00,845,2011,MIDDLEFIELD RD,PASSMORE AVE,Minor Arterial,Scarborough,43.827345,-79.26519,639490.7361,4854158.3636,At Intersection,Traffic Signal,Clear,Daylight,Dry,130,Milliken,130,Milliken (130),Non-Fatal Injury,0,1,1,0,0,0,0,0,0,1,0,0,0,Cyclist Collisions,"['Driver', 'Vehicle Owner', 'Cyclist']",North,"['Automobile, Station Wagon', 'Other', 'Bicycle']","['Stopped', 'Turning Left', 'Going Ahead']","['Driving Properly', 'Failed to Yield Right of Way']","['Normal', 'Inattentive']",['Not Applicable'],['Not Applicable'],['Motorist turned left across cyclists path.'],['Driving Properly'],['Normal'],False,"['60 to 64', 'unknown', '75 to 79']",3.0
1265142.0,2011-11-18 10:00:00,1511,2011,BATHURST ST,RIDGEWOOD RD,Major Arterial,Toronto and East York,43.690745,-79.42129,627228.2949,4838735.4854,Unknown,No Control,Clear,Daylight,Dry,101,Forest Hill South,101,Forest Hill South (101),Non-Fatal Injury,0,0,1,0,0,0,0,0,0,0,0,0,1,Rear End,['Driver'],North,"['Automobile, Station Wagon']",['Going Ahead'],"['Driving Properly', 'Lost control']","['Normal', 'Medical or Physical Disability']",['Not Applicable'],['Not Applicable'],['Not Applicable'],['Not Applicable'],['Not Applicable'],False,['50 to 54'],3.0
1265429.0,2011-09-14 08:00:00,1400,2011,YONGE Stre,ST MARY Stre,Major Arterial,Toronto and East York,43.667945,-79.38589,630130.4908,4836258.1578,Unknown,Stop Sign,Clear,Daylight,Dry,169,Bay-Cloverhill,76,Bay Street Corridor (76),Non-Fatal Injury,1,0,1,0,0,0,0,0,0,0,0,0,0,Pedestrian Collisions,"['Pedestrian', 'Vehicle Owner', 'Driver']",East,"['Other', 'Automobile, Station Wagon']",['Turning Left'],['Improper Turn'],['Inattentive'],['Crossing without right of way'],['Inattentive'],['Not Applicable'],['Not Applicable'],['Not Applicable'],False,"['85 to 89', 'unknown', '50 to 54']",3.0
1265520.0,2011-11-22 10:00:00,2057,2011,STONG CRT,JANE ST,Collector,Etobicoke York,43.762045,-79.51809,619285.5099,4846510.3963,Unknown,No Control,Rain,"Dark, artificial",Wet,24,Black Creek,24,Black Creek (24),Non-Fatal Injury,0,0,1,0,0,0,0,0,0,0,0,0,1,SMV Other,['Driver'],East,"['Automobile, Station Wagon']",['Unknown'],['Other'],['Medical or Physical Disability'],['Not Applicable'],['Not Applicable'],['Not Applicable'],['Not Applicable'],['Not Applicable'],False,['70 to 74'],3.0
1265525.0,2011-11-22 10:00:00,2145,2011,BATHURST ST,BARTON AVE,Major Arterial,Toronto and East York,43.668145,-79.41239,627993.5987,4836239.1427,Unknown,No Control,Rain,"Dark, artificial",Wet,95,Annex,95,Annex (95),Non-Fatal Injury,1,0,1,0,0,0,0,1,0,0,0,0,0,Pedestrian Collisions,"['Passenger', 'Vehicle Owner', 'Driver', 'Pedestrian']",East,"['Other', 'Automobile, Station Wagon']",['Going Ahead'],['Driving Properly'],['Normal'],['Running onto Roadway'],"['Ability Impaired, Alcohol']",['Not Applicable'],['Not Applicable'],['Not Applicable'],False,"['30 to 34', '25 to 29', 'unknown', '55 to 59']",3.0
1265542.0,2011-09-18 08:00:00,120,2011,DAVENPORT RD,HURON ST,Minor Arterial,Toronto and East York,43.678045,-79.40569,628512.6272,4837349.0301,At Intersection,Stop Sign,Clear,Dark,Dry,96,Casa Loma,96,Casa Loma (96),Non-Fatal Injury,0,0,0,1,0,0,0,0,1,1,0,0,0,SMV Other,['Motorcycle Driver'],West,['Motorcycle'],['Going Ahead'],['Speed too Fast For Condition'],['Had Been Drinking'],['Not Applicable'],['Not Applicable'],['Not Applicable'],['Not Applicable'],['Not Applicable'],False,['30 to 34'],3.0
1265738.0,2011-11-23 10:00:00,2240,2011,DUFFERIN ST,KENNARD AVE,Major Arterial,North York,43.760045,-79.46499,623563.9157,4846366.1188,Unknown,No Control,Clear,"Dark, artificial",Dry,34,Bathurst Manor,34,Bathurst Manor (34),Non-Fatal Injury,1,0,1,0,0,0,0,0,0,0,0,0,0,Pedestrian Collisions,"['Driver', 'Pedestrian']",North,"['Automobile, Station Wagon', 'Other']",['Going Ahead'],['Driving Properly'],['Normal'],"['Crossing, no Traffic Control']",['Normal'],['Not Applicable'],['Not Applicable'],['Not Applicable'],False,"['30 to 34', '25 to 29']",3.0
1265838.0,2011-09-19 08:00:00,1955,2011,BLACK CREEK DR,TRETHEWEY DR,Major Arterial,Etobicoke York,43.694645,-79.48609,621998.1064,4839071.2534,At Intersection,Traffic Signal,Rain,Dark,Wet,112,Beechborough-Greenbrook,112,Beechborough-Greenbrook (112),Non-Fatal Injury,1,0,1,0,0,0,0,0,0,1,0,0,0,Pedestrian Collisions,"['Driver', 'Pedestrian']",West,"['Automobile, Station Wagon', 'Other']",['Turning Right'],['Failed to Yield Right of Way'],['Inattentive'],['Crossing with right of way'],['Normal'],['Not Applicable'],['Not Applicable'],['Not Applicable'],False,"['40 to 44', '35 to 39']",3.0
1265912.0,2011-11-24 10:00:00,2017,2011,DIXON RD,CARLINGVIEW DR,Major Arterial,Etobicoke York,43.686745,-79.59639,613124.3902,4838037.4849,Unknown,No Control,Clear,Dark,Dry,1,West Humber-Clairville,1,West Humber-Clairville (1),Non-Fatal Injury,1,0,1,0,0,0,0,0,0,0,0,0,0,Pedestrian Collisions,"['Vehicle Owner', 'Driver', 'Pedestrian']",East,"['Other', 'Automobile, Station Wagon']",['Slowing or Stopping'],['Driving Properly'],['Normal'],['Running onto Roadway'],['Normal'],['Not Applicable'],['Not Applicable'],['Not Applicable'],False,"['unknown', '45 to 49', '70 to 74']",3.0
1265988.0,2011-10-31 08:00:00,915,2011,LAIRD DR,MILLWOOD RD,Major Arterial,North York,43.703145,-79.36059,632092.9297,4840207.6016,At Intersection,Traffic Signal,Clear,Daylight,Dry,56,Leaside-Bennington,56,Leaside-Bennington (56),Non-Fatal Injury,0,0,1,0,0,0,0,0,0,1,0,0,0,Rear End,['Driver'],South,"['Automobile, Station Wagon']","['Stopped', 'Going Ahead']","['Driving Properly', 'Following too Close']","['Normal', 'Unknown']",['Not Applicable'],['Not Applicable'],['Not Applicable'],['Not Applicable'],['Not Applicable'],False,"['25 to 29', 'unknown']",3.0
1266099.0,2011-09-17 08:00:00,1320,2011,AVENUE Road,BERNARD Aven,Major Arterial,Toronto and East York,43.673945,-79.39629,629279.1453,4836908.2771,Unknown,No Control,Clear,Daylight,Dry,95,Annex,95,Annex (95),Non-Fatal Injury,0,0,1,0,0,0,0,1,0,1,0,0,0,Rear End,"['Vehicle Owner', 'Driver', 'Passenger']",South,"['Other', 'Automobile, Station Wagon']","['Stopped', 'Going Ahead']","['Driving Properly', 'Following too Close']",['Normal'],['Not Applicable'],['Not Applicable'],['Not Applicable'],['Not Applicable'],['Not Applicable'],False,"['unknown', '20 to 24', '25 to 29', '55 to 59']",3.0
1266196.0,2011-11-25 10:00:00,1556,2011,KINGSTON Road,RASPBERRY Road,Major Arterial,Scarborough,43.801445,-79.14229,649437.4631,4851496.348,At Intersection,No Control,Clear,Daylight,Dry,143,West Rouge,131,Rouge (131),Non-Fatal Injury,0,1,1,0,0,0,0,0,0,1,0,0,0,Cyclist Collisions,"['Driver', 'Cyclist']",West,"['Automobile, Station Wagon', 'Bicycle']",['Going Ahead'],['Following too Close'],['Inattentive'],['Not Applicable'],['Not Applicable'],['Cyclist and Driver travelling in same direction. One vehicle rear-ended the other.'],['Driving Properly'],['Normal'],False,"['55 to 59', '50 to 54']",3.0
1266314.0,2011-09-21 08:00:00,2328,2011,DANFORTH AVE,COXWELL AVE,Major Arterial,Toronto and East York,43.683345,-79.32359,635118.6403,4838068.153,At Intersection,Traffic Signal,Rain,Dark,Wet,64,Woodbine Corridor,64,Woodbine Corridor (64),Non-Fatal Injury,1,0,1,0,0,0,0,0,0,1,0,0,0,Pedestrian Collisions,"['Vehicle Owner', 'Driver', 'Pedestrian']",North,"['Other', 'Automobile, Station Wagon']",['Turning Left'],['Failed to Yield Right of Way'],['Had Been Drinking'],['Crossing with right of way'],['Normal'],['Not Applicable'],['Not Applicable'],['Not Applicable'],False,"['unknown', '30 to 34', '55 to 59']",3.0
1266347.0,2011-09-21 08:00:00,2233,2011,DUFFERIN Stre,DUNDAS Stre W,Minor Arterial,Toronto and East York,43.649645,-79.43149,626492.5772,4834155.1829,At Intersection,Traffic Signal,Clear,"Dark, artificial",Wet,84,Little Portugal,84,Little Portugal (84),Non-Fatal Injury,0,1,1,0,0,0,0,0,0,0,0,0,0,Cyclist Collisions,"['Driver', 'Cyclist']",North,"['Automobile, Station Wagon', 'Bicycle']","['Going Ahead', 'Turning Left']",['Driving Properly'],['Unknown'],['Not Applicable'],['Not Applicable'],['Cyclist turned left across motorists path.'],['Improper Turn'],['Unknown'],False,"['25 to 29', '20 to 24']",3.0
1266373.0,2011-09-22 08:00:00,1910,2011,MOUNT PLEASANT Road,KEEWATIN Aven,Major Arterial,North York,43.713745,-79.39219,629523.9489,4841335.0173,At Intersection,Stop Sign,Clear,Dark,Dry,173,North Toronto,104,Mount Pleasant West (104),Non-Fatal Injury,0,0,1,0,0,0,0,0,0,1,0,0,0,Turning Movement,"['Vehicle Owner', 'Driver']",East,"['Other', 'Automobile, Station Wagon']","['Going Ahead', 'Turning Left']","['Driving Properly', 'Failed to Yield Right of Way']","['Normal', 'Inattentive']",['Not Applicable'],['Not Applicable'],['Not Applicable'],['Not Applicable'],['Not Applicable'],False,"['unknown', '55 to 59', '50 to 54']",3.0
1266407.0,2011-11-27 10:00:00,0,2011,DUNERA Aven,EMCARR Driv,Local,Scarborough,43.757145,-79.19569,645249.0574,4846481.0785,At Intersection,Stop Sign,Rain,Dark,Wet,136,West Hill,136,West Hill (136),Non-Fatal Injury,0,1,1,0,0,0,0,0,0,0,0,0,0,Cyclist Collisions,"['Vehicle Owner', 'Driver', 'Cyclist']",South,"['Other', 'Automobile, Station Wagon', 'Bicycle']","['Other', 'Going Ahead', 'Turning Left']",[],[],['Not Applicable'],['Not Applicable'],['Not Applicable'],['Not Applicable'],['Not Applicable'],False,"['unknown', '30 to 34', '50 to 54']",3.0
1266558.0,2011-09-23 08:00:00,1613,2011,HARBORD ST,MAJOR ST,Minor Arterial,Toronto and East York,43.662445,-79.40479,628618.4917,4835617.8357,At Intersection,No Control,Rain,Daylight,Wet,79,University,79,University (79),Non-Fatal Injury,0,1,1,0,0,0,0,0,0,1,0,0,0,Cyclist Collisions,"['Driver', 'Cyclist']",East,"['Automobile, Station Wagon', 'Bicycle']","['Turning Left', 'Unknown']",['Failed to Yield Right of Way'],['Normal'],['Not Applicable'],['Not Applicable'],['Motorist turned left across cyclists path.'],['Driving Properly'],['Normal'],False,"['35 to 39', '25 to 29']",3.0
1266571.0,2011-09-22 08:00:00,936,2011,KINGSTON RD,BLANTYRE AVE,Major Arterial,Scarborough,43.681645,-79.28079,638572.275,4837949.9678,Unknown,No Control,Clear,Daylight,Dry,122,Birchcliffe-Cliffside,122,Birchcliffe-Cliffside (122),Non-Fatal Injury,1,0,1,0,0,0,0,0,0,0,0,0,0,Pedestrian Collisions,"['Driver', 'Pedestrian']",North,"['Automobile, Station Wagon', 'Other']",['Going Ahead'],['Driving Properly'],['Normal'],"['Crossing, no Traffic Control']",['Inattentive'],['Not Applicable'],['Not Applicable'],['Not Applicable'],False,"['50 to 54', '15 to 19']",3.0
1266612.0,2011-09-24 08:00:00,1505,2011,BIRMINGHAM Stre,ETTA WYLIE Road,Collector,Etobicoke York,43.602445,-79.51009,620247.8915,4828796.2367,At Intersection,No Control,Clear,Daylight,Dry,18,New Toronto,18,New Toronto (18),Non-Fatal Injury,0,1,1,0,0,0,0,0,0,1,0,0,0,Cyclist Collisions,"['Driver', 'Cyclist']",East,"['Automobile, Station Wagon', 'Bicycle']","['Turning Left', 'Going Ahead']",['Failed to Yield Right of Way'],['Inattentive'],['Not Applicable'],['Not Applicable'],['Motorist turned left across cyclists path.'],['Driving Properly'],['Normal'],False,"['60 to 64', '50 to 54']",3.0
1266689.0,2011-11-29 10:00:00,1635,2011,BIRCHMOUNT RD,BESWICK PARK  CRT,Major Arterial,Scarborough,43.813045,-79.31319,635663.549,4852490.2863,Unknown,No Control,Rain,"Dark, artificial",Wet,116,Steeles,116,Steeles (116),Non-Fatal Injury,1,0,1,0,0,0,0,0,0,0,0,0,0,Pedestrian Collisions,"['Driver', 'Pedestrian']",South,"['Automobile, Station Wagon', 'Other']",['Going Ahead'],['Driving Properly'],['Normal'],"['Crossing, no Traffic Control']",['Inattentive'],['Not Applicable'],['Not Applicable'],['Not Applicable'],False,"['65 to 69', '45 to 49']",3.0
1266690.0,2011-11-29 10:00:00,1746,2011,DOVEHOUSE AVE,KEELE ST,Major Arterial,North York,43.749645,-79.48759,621765.7566,4845177.5756,Unknown,Traffic Signal,Rain,"Dark, artificial",Wet,27,York University Heights,27,York University Heights (27),Non-Fatal Injury,1,0,1,0,0,0,0,0,0,1,0,0,0,Pedestrian Collisions,"['Driver', 'Pedestrian']",North,"['Automobile, Station Wagon', 'Other']",['Turning Left'],['Failed to Yield Right of Way'],['Inattentive'],['Crossing with right of way'],['Normal'],['Not Applicable'],['Not Applicable'],['Not Applicable'],False,"['40 to 44', '65 to 69']",3.0
1266936.0,2011-09-25 08:00:00,130,2011,1279 BLOOR St W,Not Applicable,Major Arterial,Toronto and East York,43.658445,-79.44219,625611.3187,4835116.2836,Unknown,No Control,Clear,Dark,Dry,83,Dufferin Grove,83,Dufferin Grove (83),Non-Fatal Injury,1,0,1,0,0,0,0,0,0,0,0,0,0,Pedestrian Collisions,"['Vehicle Owner', 'Driver', 'Pedestrian']",East,"['Other', 'Automobile, Station Wagon']",['Going Ahead'],['Driving Properly'],['Normal'],"['Crossing, no Traffic Control']",['Normal'],['Not Applicable'],['Not Applicable'],['Not Applicable'],False,"['unknown', '70 to 74', '50 to 54']",3.0
1266990.0,2011-12-01 10:00:00,102,2011,JANE ST,ELLIS AVE,Major Arterial,Etobicoke York,43.702145,-79.50359,620572.8278,4839878.6324,Unknown,No Control,Clear,"Dark, artificial",Dry,30,Brookhaven-Amesbury,30,Brookhaven-Amesbury (30),Fatal,1,0,1,0,0,0,0,0,0,0,0,0,0,Pedestrian Collisions,"['Driver', 'Pedestrian']",North,"['Automobile, Station Wagon', 'Other']",['Going Ahead'],['Driving Properly'],['Normal'],['Other'],['Unknown'],['Not Applicable'],['Not Applicable'],['Not Applicable'],True,"['45 to 49', '50 to 54']",4.0
1266995.0,2011-09-25 08:00:00,1945,2011,GRACEDALE Boul,DUNCANWOODS Driv,Collector,Etobicoke York,43.751045,-79.56039,615901.8054,4845228.6298,At Intersection,Stop Sign,Clear,Dark,Dry,21,Humber Summit,21,Humber Summit (21),Non-Fatal Injury,0,1,1,0,0,0,0,0,0,1,0,0,0,Cyclist Collisions,"['Driver', 'Cyclist']",South,"['Automobile, Station Wagon', 'Bicycle']",['Going Ahead'],['Failed to Yield Right of Way'],['Normal'],['Not Applicable'],['Not Applicable'],"['Motorist without ROW drives into path of cyclist at inter, lnwy, dwy-Driver not turn.']",['Driving Properly'],['Normal'],False,"['65 to 69', '10 to 14']",3.0
1267110.0,2011-09-27 08:00:00,1905,2011,16 STORMONT AVE,Not Applicable,Local,North York,43.719745,-79.42329,627005.8562,4841953.2747,Unknown,No Control,Clear,Daylight,Dry,39,Bedford Park-Nortown,39,Bedford Park-Nortown (39),Non-Fatal Injury,1,0,1,0,0,0,0,0,0,0,0,0,0,Pedestrian Collisions,"['Driver', 'Pedestrian']",East,"['Automobile, Station Wagon', 'Other']",['Going Ahead'],['Driving Properly'],['Normal'],['Playing or Working on Highway'],['Inattentive'],['Not Applicable'],['Not Applicable'],['Not Applicable'],False,"['55 to 59', '5 to 9']",3.0
1267111.0,2011-11-27 10:00:00,312,2011,YONGE ST,SHEPPARD AVE E,Major Arterial,North York,43.761545,-79.41089,627915.6529,4846614.8543,At Intersection,Traffic Signal,Clear,"Dark, artificial",Dry,151,Yonge-Doris,51,Willowdale East (51),Non-Fatal Injury,0,0,1,0,0,0,0,0,0,0,0,0,0,Turning Movement,"['Driver', 'Other Property Owner']",North,"['Automobile, Station Wagon', 'Other']","['Going Ahead', 'Turning Right']","['Driving Properly', 'Improper Turn']","['Normal', 'Inattentive']",['Not Applicable'],['Not Applicable'],['Not Applicable'],['Not Applicable'],['Not Applicable'],False,"['25 to 29', 'unknown']",3.0