accident_number,date,time,year,street1,street2,road_class,district,latitude,longitude,x,y,accident_location,traffctl,visibility,light,road_surface_condition,hood_158,neighbourhood_new,hood_140,neighbourhood_old,accident_class,pedestrian,cyclist,automobile,motorcycle,truck,trsn_city_veh,emerg_veh,passenger,speeding,aggressive_driving,redlight,alcohol,disability,impact_type,involvement_type,initial_direction,vehicle_type,manoeuver,driver_action,driver_condition,pedestrian_action,pedestrian_condition,cyclist_type,cyclist_action,cyclist_condition,injury,involvement_age,injury_severity_score
1267274.0,2011-12-02 10:00:00,1830,2011,LAWRENCE AVE E,TOWNLEY AVE,Major Arterial,Scarborough,43.742645,-79.30729,636297.9351,4844680.9602,At Intersection,No Control,Clear,"Dusk, artificial",Dry,119,Wexford/Maryvale,119,Wexford/Maryvale (119),Fatal,1,0,1,0,0,0,0,0,0,0,0,0,0,Pedestrian Collisions,"['Vehicle Owner', 'Driver', 'Pedestrian']",South,"['Other', 'Automobile, Station Wagon']",['Going Ahead'],['Driving Properly'],['Unknown'],"['Crossing, no Traffic Control']",['Unknown'],['Not Applicable'],['Not Applicable'],['Not Applicable'],True,"['unknown', '65 to 69']",4.0
1267797.0,2011-09-30 08:00:00,1912,2011,LAKE SHORE BLVD W,KIPLING AVE,Major Arterial,Etobicoke York,43.598145,-79.51689,619707.5981,4828308.8486,At Intersection,Traffic Signal,Rain,Dark,Wet,18,New Toronto,18,New Toronto (18),Non-Fatal Injury,1,0,1,0,0,0,0,0,0,0,0,0,0,Pedestrian Collisions,"['Driver', 'Pedestrian']",South,"['Automobile, Station Wagon', 'Other']",['Going Ahead'],['Driving Properly'],['Normal'],['Running onto Roadway'],['Normal'],['Not Applicable'],['Not Applicable'],['Not Applicable'],False,"['40 to 44', '30 to 34']",3.0
1267808.0,2011-09-30 08:00:00,1515,2011,WELLINGTON ST W,BLUE JAYS WAY,Collector,Toronto and East York,43.644745,-79.39179,629704.7646,4833672.2535,Unknown,Traffic Signal,Clear,Daylight,Dry,164,Wellington Place,77,Waterfront Communities-The Island (77),Non-Fatal Injury,1,0,1,0,0,0,0,0,0,1,0,0,0,Pedestrian Collisions,"['Driver', 'Pedestrian']",West,"['Automobile, Station Wagon', 'Other']",['Turning Left'],['Failed to Yield Right of Way'],['Inattentive'],['Crossing with right of way'],['Normal'],['Not Applicable'],['Not Applicable'],['Not Applicable'],False,['50 to 54'],3.0
1267989.0,2011-10-03 08:00:00,1609,2011,BAY ST,GRENVILLE ST,Major Arterial,Toronto and East York,43.662045,-79.38619,630119.051,4835602.4133,Unknown,No Control,Clear,Daylight,Dry,169,Bay-Cloverhill,76,Bay Street Corridor (76),Non-Fatal Injury,0,1,1,0,0,0,0,0,0,0,0,0,0,Cyclist Collisions,"['Driver', 'Vehicle Owner', 'Cyclist']",South,"['Automobile, Station Wagon', 'Other', 'Bicycle']","['Overtaking', 'Going Ahead']",['Improper Lane Change'],['Inattentive'],['Not Applicable'],['Not Applicable'],['Cyclist and Driver travelling in same direction. One vehicle sideswipes the other.'],['Driving Properly'],['Normal'],False,"['60 to 64', 'unknown', '55 to 59']",3.0
1267990.0,2011-10-03 08:00:00,1700,2011,QUEEN ST E,HILTZ AVE,Minor Arterial,Toronto and East York,43.663945,-79.32679,634904.1804,4835908.3089,Unknown,No Control,Clear,Daylight,Dry,65,Greenwood-Coxwell,65,Greenwood-Coxwell (65),Non-Fatal Injury,0,0,0,0,1,0,0,1,0,0,0,0,0,Rear End,"['Vehicle Owner', 'Truck Driver', 'Passenger', 'Driver']",West,"['Other', 'Truck - Open']","['Stopped', 'Going Ahead']","['Driving Properly', 'Lost control']","['Normal', 'Inattentive']",['Not Applicable'],['Not Applicable'],['Not Applicable'],['Not Applicable'],['Not Applicable'],False,"['unknown', '45 to 49', '15 to 19']",3.0
1268039.0,2011-10-04 08:00:00,2040,2011,BRIMLEY RD,PROGRESS AVE,Major Arterial,Scarborough,43.775245,-79.26319,639772.9991,4848375.1938,Unknown,Traffic Signal,Clear,Dark,Dry,156,Bendale-Glen Andrew,127,Bendale (127),Non-Fatal Injury,0,0,1,0,0,0,0,1,0,1,0,0,0,Turning Movement,"['Passenger', 'Driver', 'Vehicle Owner']",North,"['Other', 'Automobile, Station Wagon']","['Turning Left', 'Going Ahead']","['Failed to Yield Right of Way', 'Driving Properly']",['Normal'],['Not Applicable'],['Not Applicable'],['Not Applicable'],['Not Applicable'],['Not Applicable'],False,"['20 to 24', 'unknown', '45 to 49']",3.0
1268173.0,2011-12-08 10:00:00,1954,2011,SHEPPARD AVE E,VICTORIA PARK AVE,Major Arterial,North York,43.775245,-79.32299,634960.4319,4848275.975,At Intersection,Traffic Signal,Clear,Dark,Dry,118,Tam O'Shanter-Sullivan,117,L'Amoreaux (117),Non-Fatal Injury,1,0,0,0,0,1,0,0,0,0,0,0,0,Pedestrian Collisions,"['Vehicle Owner', 'Driver', 'Pedestrian']",South,"['Other', 'Municipal Transit Bus (TTC)']",['Turning Right'],['Driving Properly'],['Normal'],['Crossing without right of way'],['Unknown'],['Not Applicable'],['Not Applicable'],['Not Applicable'],False,"['unknown', '55 to 59', '20 to 24']",3.0
1268346.0,2011-10-06 08:00:00,2005,2011,CROUSE Rd,BIRCHMOUNT Rd,Local,Scarborough,43.740345,-79.28359,638211.5861,4844464.777,Unknown,No Control,Clear,Dark,Dry,119,Wexford/Maryvale,119,Wexford/Maryvale (119),Non-Fatal Injury,1,0,0,0,0,0,0,0,0,0,0,0,0,Pedestrian Collisions,"['Other', 'Pedestrian']",East,['Other'],['Reversing'],[],[],['Pushing/Working on Vehicle'],['Inattentive'],['Not Applicable'],['Not Applicable'],['Not Applicable'],False,"['unknown', '50 to 54']",3.0
1268357.0,2011-10-30 08:00:00,2000,2011,DANFORTH AVE,AUGUST AVE,Major Arterial,Scarborough,43.692845,-79.28109,638522.3098,4839193.3839,At Intersection,No Control,Clear,Dark,Dry,121,Oakridge,121,Oakridge (121),Non-Fatal Injury,1,0,1,0,0,0,0,0,0,0,0,0,0,Pedestrian Collisions,"['Driver', 'Pedestrian']",South,"['Automobile, Station Wagon', 'Other']",['Going Ahead'],['Driving Properly'],['Normal'],['Walking on Roadway Against Traffic'],['Inattentive'],['Not Applicable'],['Not Applicable'],['Not Applicable'],False,"['unknown', '45 to 49']",3.0
1268378.0,2011-12-03 10:00:00,353,2011,960 WARDEN Ave,Not Applicable,Major Arterial,Scarborough,43.734745,-79.29049,637668.8002,4843831.3252,Unknown,No Control,Clear,Dark,Dry,119,Wexford/Maryvale,119,Wexford/Maryvale (119),Non-Fatal Injury,0,0,1,0,0,0,0,0,0,0,0,0,0,Rear End,['Driver'],South,"['Automobile, Station Wagon']",['Going Ahead'],"['Driving Properly', 'Other']","['Normal', 'Unknown']",['Not Applicable'],['Not Applicable'],['Not Applicable'],['Not Applicable'],['Not Applicable'],False,"['25 to 29', 'unknown']",3.0
1268545.0,2011-11-26 10:00:00,1235,2011,EGLINTON AVE E,FORMAN AVE,Major Arterial,North York,43.709145,-79.38619,630017.2557,4840833.5153,At Intersection,Traffic Signal,Clear,Daylight,Dry,99,Mount Pleasant East,99,Mount Pleasant East (99),Non-Fatal Injury,1,0,1,0,0,0,0,1,0,0,0,0,0,Pedestrian Collisions,"['Passenger', 'Vehicle Owner', 'Driver', 'Pedestrian']",North,"['Other', 'Automobile, Station Wagon']",['Going Ahead'],['Driving Properly'],['Normal'],['Crossing without right of way'],['Normal'],['Not Applicable'],['Not Applicable'],['Not Applicable'],False,"['10 to 14', 'unknown', '45 to 49', '50 to 54']",3.0
1269009.0,2011-10-07 08:00:00,1010,2011,GREENWIN VILLAGE Road,BISON Driv,Collector,North York,43.790845,-79.44409,625182.0368,4849818.3216,Unknown,No Control,Clear,Daylight,Dry,36,Newtonbrook West,36,Newtonbrook West (36),Non-Fatal Injury,1,0,1,0,0,0,0,0,0,0,0,0,0,Pedestrian Collisions,"['Driver', 'Pedestrian']",Unknown,"['Automobile, Station Wagon', 'Other']",['Turning Left'],['Lost control'],['Normal'],['On Sidewalk or Shoulder'],['Normal'],['Not Applicable'],['Not Applicable'],['Not Applicable'],False,"['65 to 69', '15 to 19']",3.0
1269063.0,2011-10-07 08:00:00,14,2011,ISLINGTON AVE,BERGAMOT AVE,Major Arterial,Etobicoke York,43.716945,-79.55599,616322.0478,4841447.5062,At Intersection,Traffic Signal,Clear,Dark,Dry,4,Rexdale-Kipling,4,Rexdale-Kipling (4),Non-Fatal Injury,1,0,1,0,0,0,0,0,0,1,0,0,0,Pedestrian Collisions,"['Driver', 'Pedestrian']",East,"['Automobile, Station Wagon', 'Other']",['Turning Left'],['Failed to Yield Right of Way'],['Inattentive'],['Crossing with right of way'],['Normal'],['Not Applicable'],['Not Applicable'],['Not Applicable'],False,"['50 to 54', '20 to 24']",3.0
1269088.0,2011-11-29 10:00:00,1900,2011,STEELES AVE E,MARKHAM RD,Major Arterial,Scarborough,43.836589,-79.251178,640595.7007,4855208.7901,At Intersection,Traffic Signal,Rain,"Dusk, artificial",Wet,144,Morningside Heights,131,Rouge (131),Non-Fatal Injury,1,0,1,0,0,0,0,0,0,1,0,0,0,Pedestrian Collisions,"['Driver', 'Pedestrian']",East,"['Automobile, Station Wagon', 'Other']",['Going Ahead'],['Failed to Yield Right of Way'],['Unknown'],['Crossing with right of way'],['Normal'],['Not Applicable'],['Not Applicable'],['Not Applicable'],False,"['unknown', '25 to 29']",3.0
1269208.0,2011-10-08 08:00:00,1310,2011,ST GEORGES Blvd,YORK Rd,Local,Etobicoke York,43.702245,-79.55379,616527.7518,4839817.9586,At Intersection,Stop Sign,Clear,Daylight,Dry,6,Kingsview Village-The Westway,6,Kingsview Village-The Westway (6),Non-Fatal Injury,0,0,0,1,0,0,0,1,0,0,0,0,0,SMV Other,"['Passenger', 'Motorcycle Driver']",West,"['Other', 'Motorcycle']",['Going Ahead'],['Lost control'],['Other'],['Not Applicable'],['Not Applicable'],['Not Applicable'],['Not Applicable'],['Not Applicable'],False,"['25 to 29', '30 to 34']",3.0
1269435.0,2011-10-11 08:00:00,1815,2011,DANFORTH AVE,EUSTON AVE,Major Arterial,Toronto and East York,43.680345,-79.33779,633980.7855,4837711.924,At Intersection,No Control,Clear,Daylight,Dry,66,Danforth,66,Danforth (66),Non-Fatal Injury,0,0,1,0,0,0,0,0,0,1,0,0,0,Turning Movement,['Driver'],East,"['Automobile, Station Wagon']","['Turning Left', 'Going Ahead']","['Failed to Yield Right of Way', 'Driving Properly']",['Normal'],['Not Applicable'],['Not Applicable'],['Not Applicable'],['Not Applicable'],['Not Applicable'],False,"['75 to 79', '35 to 39']",3.0
1269531.0,2011-10-12 08:00:00,1214,2011,YONGE ST,BALLIOL ST,Major Arterial,Toronto and East York,43.697345,-79.39649,629212.7721,4839506.8562,At Intersection,No Control,Rain,Daylight,Wet,100,Yonge-Eglinton,100,Yonge-Eglinton (100),Non-Fatal Injury,1,0,1,0,0,0,0,0,0,0,0,0,0,Pedestrian Collisions,"['Driver', 'In-Line Skater']",North,"['Automobile, Station Wagon', 'Other']",['Going Ahead'],['Driving Properly'],['Normal'],['Running onto Roadway'],['Normal'],['Not Applicable'],['Not Applicable'],['Not Applicable'],False,"['60 to 64', '15 to 19']",3.0
1269584.0,2011-10-13 08:00:00,1830,2011,KEELE ST,GRANDRAVINE DR,Major Arterial,Etobicoke York,43.752045,-79.48819,621712.5847,4845443.249,At Intersection,Traffic Signal,Clear,Dusk,Dry,27,York University Heights,27,York University Heights (27),Non-Fatal Injury,1,0,1,0,0,0,0,1,0,1,1,0,0,Pedestrian Collisions,"['Vehicle Owner', 'Passenger', 'Driver', 'Pedestrian']",North,"['Other', 'Automobile, Station Wagon']","['Unknown', 'Going Ahead', 'Turning Left']",['Disobeyed Traffic Control'],['Normal'],['On Sidewalk or Shoulder'],['Unknown'],['Not Applicable'],['Not Applicable'],['Not Applicable'],False,"['unknown', '20 to 24', '65 to 69', '50 to 54']",3.0
1269733.0,2011-10-09 08:00:00,853,2011,STEELES Aven E,WARDEN Aven,Major Arterial,Scarborough,43.819645,-79.32439,634747.9211,4853205.0196,At Intersection,Traffic Signal,Clear,Daylight,Dry,NSA,NSA,NSA,NSA,Non-Fatal Injury,1,0,1,0,0,0,0,0,0,1,0,0,0,Pedestrian Collisions,"['Driver', 'Pedestrian']",North,"['Automobile, Station Wagon', 'Other']",['Turning Left'],['Failed to Yield Right of Way'],['Normal'],['Running onto Roadway'],['Unknown'],['Not Applicable'],['Not Applicable'],['Not Applicable'],False,"['50 to 54', '40 to 44']",3.0
1269753.0,2011-10-09 08:00:00,1659,2011,WESTACRES Driv,KEELE Stre,Major Arterial,Etobicoke York,43.694945,-79.47489,622900.0509,4839121.1119,At Intersection,Stop Sign,Clear,Daylight,Dry,112,Beechborough-Greenbrook,112,Beechborough-Greenbrook (112),Non-Fatal Injury,1,0,1,0,0,0,0,0,0,1,0,0,0,Pedestrian Collisions,"['Driver', 'Pedestrian']",East,"['Automobile, Station Wagon', 'Other']",['Turning Right'],['Failed to Yield Right of Way'],['Inattentive'],['Crossing with right of way'],['Normal'],['Not Applicable'],['Not Applicable'],['Not Applicable'],False,['25 to 29'],3.0
1269892.0,2011-10-31 08:00:00,1154,2011,LAKE SHORE BLVD W,NINTH ST,Major Arterial,Etobicoke York,43.600245,-79.50759,620454.0538,4828555.5228,At Intersection,Stop Sign,Clear,Daylight,Dry,18,New Toronto,18,New Toronto (18),Non-Fatal Injury,0,0,1,1,0,0,0,0,0,1,0,0,0,Turning Movement,"['Vehicle Owner', 'Motorcycle Driver', 'Driver']",East,"['Other', 'Motorcycle', 'Automobile, Station Wagon']","['Going Ahead', 'Turning Left']","['Driving Properly', 'Failed to Yield Right of Way']",['Normal'],['Not Applicable'],['Not Applicable'],['Not Applicable'],['Not Applicable'],['Not Applicable'],False,"['unknown', '55 to 59', '75 to 79']",3.0
1269951.0,2011-10-20 08:00:00,535,2011,CHURCH ST,DUNDAS ST E,Major Arterial,Toronto and East York,43.656445,-79.37709,630864.9434,4834994.7711,At Intersection,Traffic Signal,Rain,Dusk,Wet,168,Downtown Yonge East,75,Church-Yonge Corridor (75),Non-Fatal Injury,1,0,1,0,0,0,0,0,0,0,0,0,0,Pedestrian Collisions,"['Vehicle Owner', 'Driver', 'Pedestrian']",East,"['Other', 'Automobile, Station Wagon']",['Going Ahead'],['Driving Properly'],['Normal'],['Crossing marked crosswalk without ROW'],['Unknown'],['Not Applicable'],['Not Applicable'],['Not Applicable'],False,"['unknown', '50 to 54', '40 to 44']",3.0
1269972.0,2011-10-17 08:00:00,855,2011,COLLEGE ST,BRUNSWICK AVE,Major Arterial,Toronto and East York,43.657199,-79.404063,628688.3158,4835036.3253,At Intersection,Stop Sign,Clear,Daylight,Dry,78,Kensington-Chinatown,78,Kensington-Chinatown (78),Non-Fatal Injury,1,0,1,0,0,0,0,0,0,1,0,0,0,Pedestrian Collisions,"['Driver', 'Pedestrian']",North,"['Automobile, Station Wagon', 'Other']",['Turning Left'],['Failed to Yield Right of Way'],['Normal'],"['Crossing, no Traffic Control']",['Normal'],['Not Applicable'],['Not Applicable'],['Not Applicable'],False,['80 to 84'],3.0
1270018.0,2011-10-18 08:00:00,810,2011,LANSDOWNE AVE,COLLEGE ST,Minor Arterial,Toronto and East York,43.650939,-79.43996,625806.8052,4834286.0228,At Intersection,Traffic Signal,Clear,Daylight,Dry,83,Dufferin Grove,83,Dufferin Grove (83),Non-Fatal Injury,0,1,1,0,0,0,0,0,0,0,0,0,0,Cyclist Collisions,"['Driver', 'Cyclist']",North,"['Automobile, Station Wagon', 'Bicycle']","['Slowing or Stopping', 'Going Ahead']",['Other'],['Normal'],['Not Applicable'],['Not Applicable'],['Cyclist and Driver travelling in same direction. One vehicle rear-ended the other.'],['Other'],['Normal'],False,"['35 to 39', '40 to 44']",3.0
1270054.0,2011-12-15 10:00:00,1503,2011,FAIRVIEW MALL DR,GODSTONE RD,Minor Arterial,North York,43.779645,-79.34569,633123.8247,4848727.9106,Unknown,Traffic Signal,Rain,Daylight,Wet,47,Don Valley Village,47,Don Valley Village (47),Non-Fatal Injury,1,0,0,0,1,0,0,0,0,1,0,0,0,Pedestrian Collisions,"['Pedestrian', 'Vehicle Owner', 'Truck Driver']",North,"['Other', 'Truck - Open']",['Turning Left'],['Failed to Yield Right of Way'],['Inattentive'],['Crossing with right of way'],['Normal'],['Not Applicable'],['Not Applicable'],['Not Applicable'],False,"['75 to 79', 'unknown', '60 to 64']",3.0
1270067.0,2011-10-18 08:00:00,550,2011,LANSDOWNE AVE,COLLEGE ST,Minor Arterial,Toronto and East York,43.650939,-79.43996,625806.8052,4834286.0228,At Intersection,Traffic Signal,Clear,"Dark, artificial",Dry,83,Dufferin Grove,83,Dufferin Grove (83),Non-Fatal Injury,1,0,1,0,0,0,0,0,0,0,0,0,0,Pedestrian Collisions,"['Driver', 'Pedestrian']",East,"['Automobile, Station Wagon']",['Turning Left'],['Improper Turn'],['Normal'],['Crossing with right of way'],['Normal'],['Not Applicable'],['Not Applicable'],['Not Applicable'],False,"['30 to 34', '55 to 59']",3.0
1270075.0,2011-10-19 08:00:00,2149,2011,GEORGE ST,ADELAIDE ST E,Major Arterial,Toronto and East York,43.651645,-79.37109,631359.2295,4834471.1483,At Intersection,Traffic Signal,Rain,Dark,Wet,73,Moss Park,73,Moss Park (73),Non-Fatal Injury,1,0,1,0,0,0,0,0,0,1,0,0,0,Pedestrian Collisions,"['Driver', 'Pedestrian']",North,"['Automobile, Station Wagon', 'Other']",['Going Ahead'],['Failed to Yield Right of Way'],['Inattentive'],['Crossing with right of way'],['Normal'],['Not Applicable'],['Not Applicable'],['Not Applicable'],False,"['30 to 34', '70 to 74']",3.0
1270503.0,2011-11-11 10:00:00,600,2011,JANE ST,ALLIANCE AVE,Major Arterial,Etobicoke York,43.676245,-79.49569,621261.5534,4837013.6062,At Intersection,No Control,Clear,"Dark, artificial",Dry,111,Rockcliffe-Smythe,111,Rockcliffe-Smythe (111),Non-Fatal Injury,1,0,1,0,0,0,0,0,0,0,0,0,0,Pedestrian Collisions,"['Pedestrian', 'Driver']",North,"['Other', 'Automobile, Station Wagon']",['Going Ahead'],['Driving Properly'],['Normal'],['Running onto Roadway'],['Inattentive'],['Not Applicable'],['Not Applicable'],['Not Applicable'],False,"['50 to 54', '30 to 34']",3.0
1270884.0,2011-12-21 10:00:00,706,2011,JANE ST,DRIFTWOOD AVE,Major Arterial,Etobicoke York,43.765898,-79.519672,619150.5175,4846936.0518,At Intersection,Traffic Signal,Rain,"Dark, artificial",Wet,24,Black Creek,24,Black Creek (24),Fatal,1,0,0,0,0,1,0,0,0,1,0,0,0,Pedestrian Collisions,"['Pedestrian', 'Vehicle Owner', 'Driver']",East,"['Other', 'Municipal Transit Bus (TTC)']",['Turning Left'],['Failed to Yield Right of Way'],['Inattentive'],['Crossing with right of way'],['Normal'],['Not Applicable'],['Not Applicable'],['Not Applicable'],True,"['25 to 29', 'unknown', '40 to 44']",4.0
1271043.0,2011-12-22 10:00:00,1345,2011,JANE ST,YORKWOODS GT,Major Arterial,Etobicoke York,43.751245,-79.51619,619459.9389,4845313.6359,Unknown,No Control,Clear,Daylight,Dry,25,Glenfield-Jane Heights,25,Glenfield-Jane Heights (25),Non-Fatal Injury,1,0,0,0,0,1,0,0,0,0,0,0,0,Pedestrian Collisions,"['Vehicle Owner', 'Driver', 'Pedestrian']",North,"['Other', 'Municipal Transit Bus (TTC)']",['Going Ahead'],['Driving Properly'],['Normal'],['Other'],['Had Been Drinking'],['Not Applicable'],['Not Applicable'],['Not Applicable'],False,"['unknown', '40 to 44', '30 to 34']",3.0
1271103.0,2011-10-28 08:00:00,1510,2011,JANE ST,GRANDRAVINE DR,Major Arterial,Etobicoke York,43.747045,-79.51509,619556.8611,4844848.7516,At Intersection,Traffic Signal,Clear,Daylight,Dry,25,Glenfield-Jane Heights,25,Glenfield-Jane Heights (25),Non-Fatal Injury,1,0,1,0,0,0,0,0,0,1,0,0,0,Pedestrian Collisions,"['Vehicle Owner', 'Driver', 'Pedestrian']",East,"['Other', 'Automobile, Station Wagon']",['Turning Left'],['Failed to Yield Right of Way'],['Inattentive'],['Crossing with right of way'],['Normal'],['Not Applicable'],['Not Applicable'],['Not Applicable'],False,"['unknown', '25 to 29', '80 to 84']",3.0
1271163.0,2011-12-23 10:00:00,547,2011,LAWRENCE AVE E,CURLEW DR,Major Arterial,North York,43.741145,-79.31929,635335.0579,4844494.6895,At Intersection,Traffic Signal,Clear,"Dark, artificial",Wet,43,Victoria Village,43,Victoria Village (43),Fatal,0,0,1,0,0,0,0,0,0,1,0,0,0,Turning Movement,"['Driver', 'Other Property Owner']",East,"['Automobile, Station Wagon', 'Other']","['Going Ahead', 'Turning Left']","['Driving Properly', 'Improper Turn']","['Normal', 'Inattentive']",['Not Applicable'],['Not Applicable'],['Not Applicable'],['Not Applicable'],['Not Applicable'],True,"['25 to 29', '35 to 39', 'unknown']",4.0
1271644.0,2011-10-29 08:00:00,1405,2011,ROGERS RD,SILVERTHORN AVE,Minor Arterial,Etobicoke York,43.682944,-79.46269,623907.8976,4837806.3925,Unknown,No Control,Clear,Daylight,Dry,110,Keelesdale-Eglinton West,110,Keelesdale-Eglinton West (110),Non-Fatal Injury,0,0,1,0,0,0,0,0,0,0,0,0,0,Rear End,['Driver'],West,"['Automobile, Station Wagon']","['Stopped', 'Slowing or Stopping']","['Driving Properly', 'Lost control']","['Normal', 'Inattentive']",['Not Applicable'],['Not Applicable'],['Not Applicable'],['Not Applicable'],['Not Applicable'],False,"['30 to 34', '35 to 39']",3.0
1271678.0,2011-10-29 08:00:00,2020,2011,FINCH Aven W,KIPLING Aven,Major Arterial,Etobicoke York,43.743245,-79.58199,614177.624,4844332.3323,Unknown,No Control,Clear,Dark,Dry,3,Thistletown-Beaumond Heights,3,Thistletown-Beaumond Heights (3),Non-Fatal Injury,1,0,1,0,0,0,0,0,0,0,0,0,0,Pedestrian Collisions,"['Driver', 'Pedestrian']",North,"['Automobile, Station Wagon', 'Other']",['Going Ahead'],['Driving Properly'],['Normal'],['Running onto Roadway'],['Had Been Drinking'],['Not Applicable'],['Not Applicable'],['Not Applicable'],False,"['25 to 29', '50 to 54']",3.0
1272062.0,2011-10-31 08:00:00,1030,2011,240 WELLESLEY St E,Not Applicable,Minor Arterial,Toronto and East York,43.667845,-79.37089,631340.0305,4836270.6905,Unknown,No Control,Clear,Daylight,Dry,71,Cabbagetown-South St.James Town,71,Cabbagetown-South St.James Town (71),Non-Fatal Injury,0,1,0,0,1,0,0,0,0,0,0,0,0,Cyclist Collisions,"['Vehicle Owner', 'Truck Driver', 'Cyclist']",South,"['Other', 'Truck - Open', 'Bicycle']",['Turning Right'],['Driving Properly'],['Normal'],['Not Applicable'],['Not Applicable'],"['Motorist turns right at non-signal Inter.(stop, yield, no cont.,and dwy) and strikes cyclist.']",['Other'],['Normal'],False,"['unknown', '60 to 64', '30 to 34']",3.0
1272451.0,2011-12-31 10:00:00,915,2011,F G GARDINER XY  E,KIPLING Ave,Expressway,Etobicoke York,43.618445,-79.52249,619215.4874,4830555.3521,Unknown,No Control,Rain,Daylight,Wet,160,Mimico-Queensway,17,Mimico (includes Humber Bay Shores) (17),Non-Fatal Injury,0,0,1,0,0,0,0,1,1,1,0,0,0,SMV Other,"['Passenger', 'Driver']",East,"['Other', 'Automobile, Station Wagon']","['Going Ahead', 'Changing Lanes']","['Lost control', 'Improper Lane Change']","['Normal', 'Unknown']",['Not Applicable'],['Not Applicable'],['Not Applicable'],['Not Applicable'],['Not Applicable'],False,"['30 to 34', '55 to 59', '25 to 29', 'unknown']",3.0
1272453.0,2011-12-31 10:00:00,1425,2011,VICTORIA PARK Aven,PARKWOODS VILLAGE Driv,Major Arterial,North York,43.757845,-79.31529,635619.4275,4846356.0182,At Intersection,Traffic Signal,Clear,Daylight,Wet,150,Fenside-Parkwoods,45,Parkwoods-Donalda (45),Non-Fatal Injury,0,0,1,0,0,0,0,1,0,1,0,1,0,Turning Movement,"['Driver', 'Passenger']",North,"['Automobile, Station Wagon', 'Other']","['Turning Left', 'Going Ahead']","['Failed to Yield Right of Way', 'Driving Properly']","['Ability Impaired, Alcohol', 'Normal']",['Not Applicable'],['Not Applicable'],['Not Applicable'],['Not Applicable'],['Not Applicable'],False,"['50 to 54', '0 to 4', '30 to 34']",3.0
1272572.0,2011-12-28 10:00:00,1745,2011,MCCOWAN RD,FINCH AVE E,Major Arterial,Scarborough,43.808045,-79.26649,639431.1231,4852012.5906,At Intersection,Traffic Signal,Clear,"Dark, artificial",Dry,129,Agincourt North,129,Agincourt North (129),Non-Fatal Injury,1,0,1,0,0,0,0,0,0,0,0,0,0,Pedestrian Collisions,"['Driver', 'Pedestrian']",East,"['Automobile, Station Wagon', 'Other']",['Going Ahead'],['Driving Properly'],['Normal'],['Crossing without right of way'],['Inattentive'],['Not Applicable'],['Not Applicable'],['Not Applicable'],False,"['50 to 54', '20 to 24']",3.0
1272947.0,2011-11-02 08:00:00,625,2011,OAKWOOD AVE,HOLLAND PARK AVE,Minor Arterial,Toronto and East York,43.686345,-79.438389,625859.4752,4838220.7128,At Intersection,Stop Sign,Clear,Dark,Dry,107,Oakwood Village,107,Oakwood Village (107),Non-Fatal Injury,0,0,1,1,0,0,0,0,0,1,0,0,0,Turning Movement,"['Motorcycle Driver', 'Driver']",North,"['Motorcycle', 'Automobile, Station Wagon']","['Going Ahead', 'Turning Left']","['Driving Properly', 'Failed to Yield Right of Way']",['Normal'],['Not Applicable'],['Not Applicable'],['Not Applicable'],['Not Applicable'],['Not Applicable'],False,"['65 to 69', '35 to 39']",3.0
1273001.0,2011-11-02 08:00:00,1610,2011,COLLEGE ST,HAVELOCK ST,Major Arterial,Toronto and East York,43.652945,-79.42939,626654.9967,4834524.8939,At Intersection,Stop Sign,Clear,Daylight,Dry,84,Little Portugal,84,Little Portugal (84),Non-Fatal Injury,0,0,1,1,0,0,0,0,0,1,0,0,0,Turning Movement,"['Motorcycle Driver', 'Vehicle Owner', 'Driver']",South,"['Motorcycle', 'Other', 'Automobile, Station Wagon']","['Going Ahead', 'Turning Right']","['Driving Properly', 'Failed to Yield Right of Way']",['Normal'],['Not Applicable'],['Not Applicable'],['Not Applicable'],['Not Applicable'],['Not Applicable'],False,"['65 to 69', 'unknown', '15 to 19']",3.0
1273068.0,2011-11-04 08:00:00,1700,2011,BLOOR Stre W,SALEM Aven,Major Arterial,Toronto and East York,43.660645,-79.43169,626453.3578,4835376.5719,At Intersection,No Control,Clear,Daylight,Dry,83,Dufferin Grove,83,Dufferin Grove (83),Non-Fatal Injury,0,1,1,0,0,0,0,0,0,1,0,0,0,Cyclist Collisions,"['Driver', 'Cyclist']",East,"['Automobile, Station Wagon', 'Bicycle']","['Turning Left', 'Going Ahead']",['Failed to Yield Right of Way'],['Normal'],['Not Applicable'],['Not Applicable'],['Motorist turned left across cyclists path.'],['Driving Properly'],['Unknown'],False,"['30 to 34', '50 to 54']",3.0
1273336.0,2011-11-04 08:00:00,712,2011,JANE Stre,WILSON Aven,Major Arterial,Etobicoke York,43.720945,-79.50859,620132.3845,4841959.3745,At Intersection,Traffic Signal,Clear,Dawn,Dry,154,Oakdale-Beverley Heights,26,Downsview-Roding-CFB (26),Non-Fatal Injury,1,0,1,0,0,0,0,0,0,1,0,0,0,Pedestrian Collisions,"['Vehicle Owner', 'Driver', 'Pedestrian']",South,"['Other', 'Automobile, Station Wagon']",['Turning Right'],['Failed to Yield Right of Way'],['Normal'],['Crossing with right of way'],['Normal'],['Not Applicable'],['Not Applicable'],['Not Applicable'],False,"['unknown', '65 to 69', '45 to 49']",3.0