accident_number,date,time,year,street1,street2,road_class,district,latitude,longitude,x,y,accident_location,traffctl,visibility,light,road_surface_condition,hood_158,neighbourhood_new,hood_140,neighbourhood_old,accident_class,pedestrian,cyclist,automobile,motorcycle,truck,trsn_city_veh,emerg_veh,passenger,speeding,aggressive_driving,redlight,alcohol,disability,impact_type,involvement_type,initial_direction,vehicle_type,manoeuver,driver_action,driver_condition,pedestrian_action,pedestrian_condition,cyclist_type,cyclist_action,cyclist_condition,injury,involvement_age,injury_severity_score
1274044.0,2011-11-08 10:00:00,1650,2011,MILLWOOD RD,CLEVELAND ST,Collector,North York,43.703545,-79.37799,630690.0679,4840224.4503,At Intersection,Stop Sign,Clear,Dusk,Wet,99,Mount Pleasant East,99,Mount Pleasant East (99),Non-Fatal Injury,0,0,1,0,0,0,0,1,0,1,0,0,0,Angle,"['Passenger', 'Vehicle Owner', 'Driver']",East,"['Other', 'Automobile, Station Wagon']",['Going Ahead'],"['Driving Properly', 'Failed to Yield Right of Way']",['Normal'],['Not Applicable'],['Not Applicable'],['Not Applicable'],['Not Applicable'],['Not Applicable'],False,"['45 to 49', 'unknown', '40 to 44']",3.0
1274121.0,2011-11-09 10:00:00,1803,2011,DON MILLS Road,FINCH Aven E,Major Arterial,North York,43.793045,-79.35479,632361.9527,4850201.5972,At Intersection,No Control,Rain,"Dark, artificial",Wet,48,Hillcrest Village,48,Hillcrest Village (48),Non-Fatal Injury,1,0,1,0,0,0,0,0,0,0,0,0,0,Pedestrian Collisions,"['Driver', 'Pedestrian']",South,"['Automobile, Station Wagon', 'Other']",['Going Ahead'],['Driving Properly'],['Normal'],"['Crossing, no Traffic Control']",['Inattentive'],['Not Applicable'],['Not Applicable'],['Not Applicable'],False,"['20 to 24', '55 to 59']",3.0
1274213.0,2012-01-10 10:00:00,1147,2012,AVENUE RD,FAIRLAWN AVE,Major Arterial,North York,43.728445,-79.41809,627406.2822,4842927.5162,Unknown,No Control,Clear,Daylight,Dry,39,Bedford Park-Nortown,39,Bedford Park-Nortown (39),Non-Fatal Injury,1,0,0,1,0,0,0,0,0,0,0,0,0,Pedestrian Collisions,"['Motorcycle Driver', 'Pedestrian']",East,"['Motorcycle', 'Other']",['Going Ahead'],['Driving Properly'],['Normal'],"['Crossing, no Traffic Control']",['Inattentive'],['Not Applicable'],['Not Applicable'],['Not Applicable'],False,"['30 to 34', '65 to 69']",3.0
1274299.0,2011-11-12 10:00:00,1355,2011,WESTON Road,CORDELLA Aven,Minor Arterial,Etobicoke York,43.683545,-79.48129,622407.4936,4837845.5212,At Intersection,No Control,Clear,Daylight,Dry,111,Rockcliffe-Smythe,111,Rockcliffe-Smythe (111),Non-Fatal Injury,0,0,1,0,0,0,0,0,0,0,0,0,0,Turning Movement,"['Vehicle Owner', 'Driver']",East,"['Other', 'Automobile, Station Wagon']","['Going Ahead', 'Making U Turn']","['Driving Properly', 'Improper Turn']","['Normal', 'Inattentive']",['Not Applicable'],['Not Applicable'],['Not Applicable'],['Not Applicable'],['Not Applicable'],False,"['unknown', '75 to 79', '55 to 59']",3.0
1274426.0,2012-01-11 10:00:00,1212,2012,ST CLAIR AVE W,DEER PARK CRES,Major Arterial,Toronto and East York,43.687645,-79.39639,629241.6645,4838429.6929,Unknown,No Control,Clear,Daylight,Dry,97,Yonge-St.Clair,97,Yonge-St.Clair (97),Non-Fatal Injury,1,0,0,0,0,1,0,0,0,0,0,0,0,Pedestrian Collisions,"['Vehicle Owner', 'Pedestrian', 'Driver']",East,"['Other', 'Municipal Transit Bus (TTC)']",['Going Ahead'],['Driving Properly'],['Normal'],['Running onto Roadway'],['Inattentive'],['Not Applicable'],['Not Applicable'],['Not Applicable'],False,"['unknown', '15 to 19', '55 to 59']",3.0
1274476.0,2011-10-12 08:00:00,240,2011,VICTORIA ST,SHUTER ST,Minor Arterial,Toronto and East York,43.654345,-79.37879,630732.4177,4834758.8586,Unknown,No Control,Clear,Dark,Dry,168,Downtown Yonge East,75,Church-Yonge Corridor (75),Non-Fatal Injury,0,0,1,0,0,0,0,0,0,1,0,0,0,SMV Unattended Vehicle,"['Vehicle Owner', 'Driver', 'Other']",North,"['Other', 'Automobile, Station Wagon']","['Going Ahead', 'Parked']",['Lost control'],['Inattentive'],['Not Applicable'],['Not Applicable'],['Not Applicable'],['Not Applicable'],['Not Applicable'],False,"['unknown', '55 to 59']",3.0
1274609.0,2011-11-11 10:00:00,2135,2011,BERGAMOT AVE,ISLINGTON AVE,Major Arterial,Etobicoke York,43.716945,-79.55599,616322.0478,4841447.5062,At Intersection,Traffic Signal,Clear,"Dark, artificial",Dry,4,Rexdale-Kipling,4,Rexdale-Kipling (4),Non-Fatal Injury,1,0,1,0,0,0,0,0,0,1,0,0,0,Pedestrian Collisions,"['Vehicle Owner', 'Driver', 'Pedestrian']",East,"['Other', 'Automobile, Station Wagon']",['Turning Left'],['Failed to Yield Right of Way'],['Inattentive'],['Crossing with right of way'],['Had Been Drinking'],['Not Applicable'],['Not Applicable'],['Not Applicable'],False,"['unknown', '50 to 54', '60 to 64']",3.0
1274629.0,2011-11-11 10:00:00,1307,2011,MARKHAM Road,TUXEDO Cour,Major Arterial,Scarborough,43.779445,-79.23299,642193.4722,4848893.099,At Intersection,Traffic Signal,Clear,Daylight,Dry,142,Woburn North,137,Woburn (137),Non-Fatal Injury,0,0,1,0,1,0,0,0,0,1,0,0,0,Rear End,"['Vehicle Owner', 'Truck Driver', 'Other', 'Driver']",South,"['Other', 'Truck - Open', 'Automobile, Station Wagon']","['Stopped', 'Going Ahead', 'Slowing or Stopping']","['Driving Properly', 'Following too Close']","['Normal', 'Inattentive']",['Not Applicable'],['Not Applicable'],['Not Applicable'],['Not Applicable'],['Not Applicable'],False,"['unknown', '45 to 49', '25 to 29', '20 to 24']",3.0
1274658.0,2012-01-13 10:00:00,117,2012,DANFORTH AVE,MAIN ST,Major Arterial,Toronto and East York,43.688145,-79.30179,636864.8236,4838637.0092,At Intersection,Traffic Signal,Clear,"Dark, artificial",Wet,62,East End-Danforth,62,East End-Danforth (62),Non-Fatal Injury,0,0,1,0,0,1,0,0,0,1,1,0,0,Angle,"['Vehicle Owner', 'Driver']",East,"['Automobile, Station Wagon', 'Other', 'Municipal Transit Bus (TTC)']",['Going Ahead'],"['Disobeyed Traffic Control', 'Driving Properly']",['Normal'],['Not Applicable'],['Not Applicable'],['Not Applicable'],['Not Applicable'],['Not Applicable'],False,"['unknown', '35 to 39', '30 to 34']",3.0
1274722.0,2012-01-12 10:00:00,2110,2012,FOREST GROVE DR,PAGE AVE,Local,North York,43.779645,-79.37889,630452.1649,4848675.0602,Unknown,No Control,Clear,"Dark, artificial",Wet,52,Bayview Village,52,Bayview Village (52),Fatal,1,0,1,0,0,0,0,0,0,0,0,0,0,Pedestrian Collisions,"['Driver', 'Pedestrian']",South,"['Automobile, Station Wagon', 'Other']",['Reversing'],['Other'],['Inattentive'],['Other'],['Medical or Physical Disability'],['Not Applicable'],['Not Applicable'],['Not Applicable'],True,"['75 to 79', '80 to 84']",4.0
1275046.0,2012-01-15 10:00:00,906,2012,ST CLAIR AVE E,DANFORTH RD,Major Arterial,Scarborough,43.716838,-79.259914,640172.9122,4841893.7478,Unknown,Traffic Signal,Clear,Daylight,Dry,120,Clairlea-Birchmount,120,Clairlea-Birchmount (120),Non-Fatal Injury,0,0,1,0,0,0,0,0,0,1,1,0,0,Angle,"['Vehicle Owner', 'Driver']",East,"['Other', 'Automobile, Station Wagon']",['Going Ahead'],"['Driving Properly', 'Disobeyed Traffic Control']","['Normal', 'Unknown']",['Not Applicable'],['Not Applicable'],['Not Applicable'],['Not Applicable'],['Not Applicable'],False,"['unknown', '55 to 59', '60 to 64']",3.0
1275484.0,2020-07-10 08:00:00,650,2020,ENDSLEIGH CRES,MARGARET  AVE,Local,North York,43.781626,-79.335544,633935.8671,4848964.2966,At Intersection,No Control,Clear,Daylight,Dry,46,Pleasant View,46,Pleasant View (46),Non-Fatal Injury,1,0,1,0,0,0,0,0,0,0,0,0,0,Pedestrian Collisions,"['Driver', 'Pedestrian']",East,"['Automobile, Station Wagon']",['Going Ahead'],['Driving Properly'],['Normal'],['Crossing without right of way'],['Normal'],['Not Applicable'],['Not Applicable'],['Not Applicable'],False,"['50 to 54', '75 to 79']",3.0
1275593.0,2012-01-17 10:00:00,1348,2012,LAWRENCE Aven E,SUSAN Stre,Major Arterial,Scarborough,43.763145,-79.20959,644115.6698,4847123.1869,Unknown,No Control,Rain,Daylight,Wet,141,Golfdale-Cedarbrae-Woburn,137,Woburn (137),Non-Fatal Injury,0,0,1,0,0,0,0,1,0,0,0,0,1,Rear End,"['Driver', 'Passenger']",West,"['Automobile, Station Wagon', 'Other']",['Going Ahead'],"['Other', 'Driving Properly']","['Medical or Physical Disability', 'Normal']",['Not Applicable'],['Not Applicable'],['Not Applicable'],['Not Applicable'],['Not Applicable'],False,"['80 to 84', 'unknown', '0 to 4', '25 to 29', '35 to 39']",3.0
1275666.0,2011-11-23 10:00:00,118,2011,WILSON HEIGHTS BLVD,SHEPPARD AVE W,Major Arterial,North York,43.751645,-79.45669,624249.4311,4845445.5909,At Intersection,Traffic Signal,Rain,"Dark, artificial",Wet,33,Clanton Park,33,Clanton Park (33),Non-Fatal Injury,1,0,1,0,0,0,0,0,0,1,0,0,0,Pedestrian Collisions,"['Driver', 'Pedestrian']",North,"['Automobile, Station Wagon', 'Other']",['Turning Left'],['Failed to Yield Right of Way'],['Inattentive'],['Crossing with right of way'],['Unknown'],['Not Applicable'],['Not Applicable'],['Not Applicable'],False,"['45 to 49', '50 to 54']",3.0
1275736.0,2011-11-24 10:00:00,1440,2011,RUNNYMEDE RD,DEFOREST RD,Collector,Toronto and East York,43.648845,-79.47529,622961.9233,4834000.5026,Unknown,Stop Sign,Clear,Daylight,Dry,87,High Park-Swansea,87,High Park-Swansea (87),Non-Fatal Injury,0,1,0,0,0,1,0,0,0,0,0,0,0,Cyclist Collisions,"['Vehicle Owner', 'Driver', 'Cyclist']",North,"['Other', 'Municipal Transit Bus (TTC)', 'Bicycle']","['Going Ahead', 'Other']",['Driving Properly'],['Normal'],['Not Applicable'],['Not Applicable'],['Cyclist and Driver travelling in same direction. One vehicle rear-ended the other.'],['Other'],['Normal'],False,"['unknown', '50 to 54', '55 to 59']",3.0
1275814.0,2012-01-12 10:00:00,558,2012,NEILSON RD,FINCH AVE E,Minor Arterial,Scarborough,43.816245,-79.22759,642540.4857,4852989.6227,Unknown,Traffic Signal,Rain,"Dark, artificial",Wet,145,Malvern West,132,Malvern (132),Fatal,1,0,1,0,0,0,0,1,0,1,0,0,0,Pedestrian Collisions,"['Passenger', 'Driver', 'Pedestrian']",West,"['Other', 'Automobile, Station Wagon']",['Turning Left'],['Failed to Yield Right of Way'],['Normal'],['Crossing with right of way'],['Unknown'],['Not Applicable'],['Not Applicable'],['Not Applicable'],True,"['55 to 59', '50 to 54', '40 to 44']",4.0
1275965.0,2011-11-25 10:00:00,1604,2011,YORK MILLS Road,LESMILL Road,Major Arterial,North York,43.754645,-79.35199,632672.113,4845941.1672,Unknown,Traffic Signal,Clear,Daylight,Dry,42,Banbury-Don Mills,42,Banbury-Don Mills (42),Non-Fatal Injury,0,1,1,0,0,0,0,0,0,0,0,0,0,Cyclist Collisions,"['Driver', 'Cyclist']",East,"['Automobile, Station Wagon', 'Bicycle']","['Turning Left', 'Going Ahead']",['Improper Turn'],['Inattentive'],['Not Applicable'],['Not Applicable'],['Motorist turned left across cyclists path.'],['Driving Properly'],['Normal'],False,"['20 to 24', '60 to 64']",3.0
1276036.0,2011-12-10 10:00:00,1533,2011,O CONNOR DR,PAPE AVE,Major Arterial,Toronto and East York,43.693245,-79.35029,632944.7229,4839124.5305,At Intersection,Traffic Signal,Clear,Daylight,Dry,58,Old East York,58,Old East York (58),Non-Fatal Injury,1,0,1,0,0,0,0,0,0,1,0,0,0,Pedestrian Collisions,"['Driver', 'Pedestrian']",East,"['Automobile, Station Wagon', 'Other']",['Turning Left'],['Failed to Yield Right of Way'],['Inattentive'],['Crossing with right of way'],['Normal'],['Not Applicable'],['Not Applicable'],['Not Applicable'],False,"['25 to 29', '30 to 34']",3.0
1276186.0,2012-01-20 10:00:00,2214,2012,SENECA HILL DR,DON MILLS RD,Collector,North York,43.790045,-79.35519,632336.3925,4849867.7604,Unknown,No Control,Snow,Dark,Packed Snow,47,Don Valley Village,47,Don Valley Village (47),Fatal,0,0,1,0,0,0,0,0,0,0,0,0,0,SMV Other,['Driver'],West,"['Automobile, Station Wagon']",['Going Ahead'],['Lost control'],['Unknown'],['Not Applicable'],['Not Applicable'],['Not Applicable'],['Not Applicable'],['Not Applicable'],True,['85 to 89'],4.0
1276216.0,2020-07-10 08:00:00,900,2020,SPANBRIDGE RD,LINKWOOD LANE,Collector,North York,43.71229,-79.324458,634983.712,4841281.49,Non Intersection,Stop Sign,Clear,Daylight,Dry,44,Flemingdon Park,44,Flemingdon Park (44),Non-Fatal Injury,1,0,1,0,0,0,0,0,0,1,0,0,0,Pedestrian Collisions,"['Driver', 'Pedestrian']",East,"['Automobile, Station Wagon']",['Turning Left'],['Failed to Yield Right of Way'],['Inattentive'],['Crossing with right of way'],['Normal'],['Not Applicable'],['Not Applicable'],['Not Applicable'],False,"['50 to 54', '65 to 69']",3.0
1276407.0,2011-11-26 10:00:00,1955,2011,2001 FINCH AVE W,Not Applicable,Major Arterial,Etobicoke York,43.756945,-79.51939,619190.9923,4845942.0945,Unknown,No Control,Clear,"Dark, artificial",Dry,25,Glenfield-Jane Heights,25,Glenfield-Jane Heights (25),Non-Fatal Injury,0,0,1,1,0,0,0,0,0,1,0,0,0,Turning Movement,"['Motorcycle Driver', 'Driver']",East,"['Motorcycle', 'Automobile, Station Wagon']","['Going Ahead', 'Turning Left']","['Driving Properly', 'Failed to Yield Right of Way']","['Normal', 'Inattentive']",['Not Applicable'],['Not Applicable'],['Not Applicable'],['Not Applicable'],['Not Applicable'],False,['35 to 39'],3.0
1276528.0,2011-11-25 10:00:00,958,2011,RICHMOND Stre E,YONGE Stre,Major Arterial,Toronto and East York,43.651645,-79.37899,630722.1476,4834458.6729,At Intersection,Traffic Signal,Clear,Daylight,Dry,170,Yonge-Bay Corridor,76,Bay Street Corridor (76),Non-Fatal Injury,0,1,1,0,1,0,0,0,0,0,0,0,0,Cyclist Collisions,"['Vehicle Owner', 'Truck Driver', 'Driver', 'Cyclist']",West,"['Other', 'Truck - Open', 'Automobile, Station Wagon', 'Bicycle']",['Going Ahead'],['Driving Properly'],['Normal'],['Not Applicable'],['Not Applicable'],['Cyclist and Driver travelling in same direction. One vehicle sideswipes the other.'],['Improper Passing'],['Unknown'],False,"['unknown', '35 to 39', '55 to 59', '30 to 34']",3.0
1277329.0,2012-01-26 10:00:00,903,2012,DIXON RD,ISLINGTON AVE,Major Arterial,Etobicoke York,43.697045,-79.54669,617109.9585,4839250.4313,At Intersection,Traffic Signal,Clear,Daylight,Wet,6,Kingsview Village-The Westway,6,Kingsview Village-The Westway (6),Fatal,0,0,1,0,0,1,0,1,0,1,0,0,0,Turning Movement,"['Vehicle Owner', 'Driver', 'Passenger']",East,"['Other', 'Municipal Transit Bus (TTC)', 'Automobile, Station Wagon']","['Stopped', 'Turning Left', 'Going Ahead']","['Driving Properly', 'Failed to Yield Right of Way']",['Normal'],['Not Applicable'],['Not Applicable'],['Not Applicable'],['Not Applicable'],['Not Applicable'],True,"['unknown', '60 to 64', '65 to 69', '70 to 74']",4.0
1277349.0,2011-12-04 10:00:00,1620,2011,CHURCH ST,GLOUCESTER ST,Minor Arterial,Toronto and East York,43.667345,-79.38159,630478.463,4836198.2739,At Intersection,No Control,Clear,Daylight,Dry,167,Church-Wellesley,75,Church-Yonge Corridor (75),Non-Fatal Injury,1,0,1,0,0,0,0,0,0,0,0,0,0,Pedestrian Collisions,"['Driver', 'Pedestrian']",East,"['Automobile, Station Wagon', 'Other']",['Going Ahead'],['Driving Properly'],['Normal'],"['Crossing, no Traffic Control']",['Unknown'],['Not Applicable'],['Not Applicable'],['Not Applicable'],False,"['35 to 39', '75 to 79']",3.0
1277367.0,2012-01-26 10:00:00,1945,2012,LAWRENCE AVE E,CARNFORTH RD,Major Arterial,North York,43.741645,-79.31239,635889.5383,4844561.517,Unknown,No Control,Rain,"Dark, artificial",Wet,43,Victoria Village,43,Victoria Village (43),Non-Fatal Injury,1,0,1,0,0,0,0,0,0,0,0,0,0,Pedestrian Collisions,"['Driver', 'Pedestrian']",East,"['Automobile, Station Wagon', 'Other']",['Changing Lanes'],['Driving Properly'],['Normal'],"['Crossing, no Traffic Control']",['Inattentive'],['Not Applicable'],['Not Applicable'],['Not Applicable'],False,"['50 to 54', '45 to 49']",3.0
1277427.0,2011-12-04 10:00:00,1840,2011,KENNEDY RD,401 C E KENNEDY RAMP RD,Major Arterial,Scarborough,43.773045,-79.28379,638120.2224,4848096.2778,Unknown,Traffic Signal,Clear,"Daylight, artificial",Wet,126,Dorset Park,126,Dorset Park (126),Non-Fatal Injury,0,0,1,0,0,0,0,1,0,1,1,0,0,Angle,"['Driver', 'Passenger']",East,"['Automobile, Station Wagon', 'Other']",['Going Ahead'],"['Disobeyed Traffic Control', 'Driving Properly']",['Normal'],['Not Applicable'],['Not Applicable'],['Not Applicable'],['Not Applicable'],['Not Applicable'],False,"['20 to 24', '55 to 59', '45 to 49']",3.0
1277496.0,2011-11-16 10:00:00,1655,2011,20 MURRAY ST,Not Applicable,Local,Toronto and East York,43.656945,-79.39079,629759.1418,4835028.7867,Unknown,No Control,Clear,Dusk,Dry,78,Kensington-Chinatown,78,Kensington-Chinatown (78),Non-Fatal Injury,1,0,1,0,0,0,0,0,0,0,0,0,0,Pedestrian Collisions,"['Vehicle Owner', 'Driver', 'Pedestrian']",East,"['Other', 'Automobile, Station Wagon']",['Turning Right'],['Driving Properly'],['Normal'],"['Crossing, no Traffic Control']","['Ability Impaired, Alcohol']",['Not Applicable'],['Not Applicable'],['Not Applicable'],False,"['unknown', '40 to 44', '55 to 59']",3.0
1277511.0,2011-12-05 10:00:00,1527,2011,PECKHAM AVE,CRISPIN CRES,Local,North York,43.792145,-79.43709,625742.5061,4849973.3171,At Intersection,No Control,Rain,Daylight,Wet,36,Newtonbrook West,36,Newtonbrook West (36),Non-Fatal Injury,1,0,1,0,0,0,0,0,0,0,0,0,0,Pedestrian Collisions,"['Vehicle Owner', 'Driver', 'Pedestrian']",East,"['Other', 'Automobile, Station Wagon']",['Going Ahead'],['Driving Properly'],['Normal'],['Running onto Roadway'],['Normal'],['Not Applicable'],['Not Applicable'],['Not Applicable'],False,"['unknown', '40 to 44', '5 to 9']",3.0
1277761.0,2011-10-29 08:00:00,1920,2011,CHURCH ST,GOULD ST,Minor Arterial,Toronto and East York,43.658245,-79.37789,630796.5256,4835193.4235,At Intersection,Traffic Signal,Clear,Dark,Dry,168,Downtown Yonge East,75,Church-Yonge Corridor (75),Non-Fatal Injury,0,1,1,0,0,0,0,0,0,0,0,0,0,Cyclist Collisions,"['Other', 'Vehicle Owner', 'Driver', 'Cyclist']",North,"['Other', 'Automobile, Station Wagon', 'Bicycle']","['Parked', 'Overtaking', 'Going Ahead']",['Other'],['Other'],['Not Applicable'],['Not Applicable'],['Cyclist and Driver travelling in same direction. One vehicle sideswipes the other.'],['Driving Properly'],['Normal'],False,"['unknown', '50 to 54', '20 to 24', '25 to 29']",3.0
1277797.0,2011-09-09 08:00:00,1700,2011,BELLAMY Road N,BURNVIEW Cres,Minor Arterial,Scarborough,43.753945,-79.23419,642157.302,4846058.8663,At Intersection,No Control,Clear,Daylight,Dry,141,Golfdale-Cedarbrae-Woburn,137,Woburn (137),Non-Fatal Injury,0,0,1,0,0,0,0,1,0,1,0,0,0,Rear End,"['Driver', 'Vehicle Owner', 'Passenger']",North,"['Automobile, Station Wagon', 'Other']","['Going Ahead', 'Stopped']","['Following too Close', 'Driving Properly']","['Inattentive', 'Normal']",['Not Applicable'],['Not Applicable'],['Not Applicable'],['Not Applicable'],['Not Applicable'],False,"['35 to 39', 'unknown', '15 to 19', '20 to 24']",3.0
1278086.0,2012-01-30 10:00:00,1428,2012,STEELES AVE W,ISLINGTON AVE,Major Arterial,Etobicoke York,43.764346,-79.574893,614708.7553,4846685.7101,At Intersection,Traffic Signal,Clear,Daylight,Dry,NSA,NSA,NSA,NSA,Fatal,0,0,1,0,0,0,0,0,0,0,0,0,1,Turning Movement,"['Driver', 'Other Property Owner']",East,"['Automobile, Station Wagon', 'Other']","['Stopped', 'Turning Left']","['Driving Properly', 'Lost control']","['Normal', 'Medical or Physical Disability']",['Not Applicable'],['Not Applicable'],['Not Applicable'],['Not Applicable'],['Not Applicable'],True,"['45 to 49', '75 to 79', 'unknown']",4.0
1278387.0,2011-12-05 10:00:00,1830,2011,BRIMWOOD BLVD,SANDHURST CRCL,Collector,Scarborough,43.810945,-79.27099,639062.4407,4852327.1094,Unknown,Stop Sign,Rain,Dark,Wet,129,Agincourt North,129,Agincourt North (129),Non-Fatal Injury,1,0,1,0,0,0,0,0,0,1,0,0,0,Pedestrian Collisions,"['Vehicle Owner', 'Driver', 'Pedestrian']",South,"['Other', 'Automobile, Station Wagon']",['Turning Left'],['Failed to Yield Right of Way'],['Inattentive'],['Crossing with right of way'],['Normal'],['Not Applicable'],['Not Applicable'],['Not Applicable'],False,"['unknown', '25 to 29', '50 to 54']",3.0
1278390.0,2011-11-22 10:00:00,1851,2011,BATHURST Stre,DUNDAS Stre W,Major Arterial,Toronto and East York,43.652345,-79.40599,628543.2868,4834494.238,Unknown,Traffic Signal,Rain,Dark,Wet,78,Kensington-Chinatown,78,Kensington-Chinatown (78),Non-Fatal Injury,1,0,1,0,0,0,0,0,0,0,0,0,0,Pedestrian Collisions,"['Driver', 'Pedestrian']",South,"['Automobile, Station Wagon', 'Other']","['Going Ahead', 'Other']",[],[],['Not Applicable'],['Not Applicable'],['Not Applicable'],['Not Applicable'],['Not Applicable'],False,"['50 to 54', 'unknown']",3.0
1278436.0,2011-12-10 10:00:00,1622,2011,SPADINA AVE,NASSAU ST,Major Arterial,Toronto and East York,43.655845,-79.39919,629084.1552,4834893.5151,Unknown,No Control,Clear,Daylight,Dry,78,Kensington-Chinatown,78,Kensington-Chinatown (78),Non-Fatal Injury,1,0,1,0,0,0,0,0,0,0,0,0,0,Pedestrian Collisions,"['Vehicle Owner', 'Driver', 'Pedestrian']",East,"['Other', 'Automobile, Station Wagon']",['Going Ahead'],['Driving Properly'],['Normal'],['Running onto Roadway'],['Inattentive'],['Not Applicable'],['Not Applicable'],['Not Applicable'],False,"['unknown', '20 to 24', '15 to 19']",3.0
1278438.0,2011-12-10 10:00:00,2252,2011,BROADVIEW AVE,GERRARD ST E,Minor Arterial,Toronto and East York,43.665444,-79.35259,632820.7013,4836033.1631,At Intersection,Traffic Signal,Clear,Dark,Dry,70,South Riverdale,70,South Riverdale (70),Non-Fatal Injury,1,0,1,0,0,0,0,0,0,1,1,0,0,Pedestrian Collisions,"['Driver', 'Pedestrian']",East,"['Automobile, Station Wagon', 'Other']",['Going Ahead'],['Disobeyed Traffic Control'],['Normal'],['Crossing with right of way'],['Normal'],['Not Applicable'],['Not Applicable'],['Not Applicable'],False,"['45 to 49', '20 to 24']",3.0
1278585.0,2012-02-01 10:00:00,2100,2012,MARKHAM RD,ELLESMERE RD,Major Arterial,Scarborough,43.776445,-79.23179,642297.1555,4848561.9635,At Intersection,Traffic Signal,Clear,"Dark, artificial",Dry,142,Woburn North,137,Woburn (137),Non-Fatal Injury,1,0,1,0,0,0,0,0,0,0,0,0,0,Pedestrian Collisions,"['Driver', 'Pedestrian']",North,"['Automobile, Station Wagon', 'Other']",['Going Ahead'],['Driving Properly'],['Normal'],['Crossing marked crosswalk without ROW'],['Inattentive'],['Not Applicable'],['Not Applicable'],['Not Applicable'],False,"['60 to 64', '65 to 69']",3.0
1278772.0,2012-02-02 10:00:00,1545,2012,SHEPPARD AVE W,KEELE ST,Major Arterial,North York,43.744445,-79.48799,621744.0931,4844599.4518,Unknown,No Control,Clear,Daylight,Dry,155,Downsview,26,Downsview-Roding-CFB (26),Non-Fatal Injury,0,0,0,0,0,1,0,1,0,0,0,0,0,SMV Other,"['Passenger', 'Vehicle Owner', 'Driver']",West,"['Other', 'Municipal Transit Bus (TTC)']",['Going Ahead'],['Driving Properly'],['Normal'],['Not Applicable'],['Not Applicable'],['Not Applicable'],['Not Applicable'],['Not Applicable'],False,"['75 to 79', 'unknown', '40 to 44']",3.0
1278799.0,2011-12-10 10:00:00,1724,2011,FRONT St E,SCOTT St,Minor Arterial,Toronto and East York,43.647445,-79.37579,630989.3359,4833997.2538,Unknown,No Control,Clear,"Dark, artificial",Dry,166,St Lawrence-East Bayfront-The Islands,75,Church-Yonge Corridor (75),Non-Fatal Injury,0,0,0,1,0,0,0,0,0,0,0,0,0,SMV Other,['Motorcycle Driver'],East,['Motorcycle'],['Pulling Away from Shoulder or Curb'],['Lost control'],['Normal'],['Not Applicable'],['Not Applicable'],['Not Applicable'],['Not Applicable'],['Not Applicable'],False,['35 to 39'],3.0
1278852.0,2012-01-29 10:00:00,2258,2012,F G GARDINER XY Expr W,ISLINGTON AVE,Major Arterial,Etobicoke York,43.620745,-79.51189,620066.1965,4830826.0683,Unknown,No Control,Clear,Dark,Dry,16,Stonegate-Queensway,16,Stonegate-Queensway (16),Non-Fatal Injury,0,0,1,0,0,0,0,1,0,1,0,0,0,Rear End,"['Driver', 'Passenger', 'Vehicle Owner']",West,"['Automobile, Station Wagon', 'Other']","['Stopped', 'Going Ahead', 'Slowing or Stopping']","['Driving Properly', 'Following too Close']","['Normal', 'Inattentive']",['Not Applicable'],['Not Applicable'],['Not Applicable'],['Not Applicable'],['Not Applicable'],False,"['45 to 49', '20 to 24', '35 to 39', '25 to 29', 'unknown']",3.0
1279209.0,2012-02-06 10:00:00,233,2012,F G GARDINER XY  E,DUFFERIN ST,Expressway,Toronto and East York,43.632643,-79.429286,626706.0552,4832270.2546,Unknown,No Control,Clear,"Dark, artificial",Other,85,South Parkdale,85,South Parkdale (85),Fatal,1,0,1,0,1,0,0,0,0,0,0,0,0,Pedestrian Collisions,"['Truck Driver', 'Driver - Not Hit', 'Pedestrian']",East,"['Truck - Open', 'Automobile, Station Wagon', 'Other']",['Going Ahead'],"['Driving Properly', 'Other']","['Normal', 'Had Been Drinking']",['Person Getting on/off Vehicle'],['Had Been Drinking'],['Not Applicable'],['Not Applicable'],['Not Applicable'],True,"['40 to 44', '20 to 24', '15 to 19']",4.0
1279218.0,2012-01-26 10:00:00,2130,2012,BROADVIEW AVE,QUEEN ST E,Major Arterial,Toronto and East York,43.658845,-79.34989,633052.9652,4835304.582,At Intersection,Traffic Signal,Rain,"Dusk, artificial",Wet,70,South Riverdale,70,South Riverdale (70),Non-Fatal Injury,1,0,1,0,0,0,0,0,0,1,0,0,0,Pedestrian Collisions,"['Driver', 'Pedestrian']",West,"['Automobile, Station Wagon', 'Other']",['Turning Left'],['Failed to Yield Right of Way'],['Unknown'],['Crossing with right of way'],['Normal'],['Not Applicable'],['Not Applicable'],['Not Applicable'],False,"['unknown', '40 to 44']",3.0
1279220.0,2012-01-27 10:00:00,1800,2012,GERRARD ST E,BROADVIEW AVE,Minor Arterial,Toronto and East York,43.665445,-79.35259,632820.6991,4836033.2742,At Intersection,Traffic Signal,Clear,"Dark, artificial",Dry,70,South Riverdale,70,South Riverdale (70),Non-Fatal Injury,1,0,1,0,0,0,0,0,0,0,0,0,0,Pedestrian Collisions,"['Driver', 'Pedestrian']",Unknown,"['Automobile, Station Wagon', 'Other']",['Going Ahead'],['Other'],['Unknown'],['Crossing without right of way'],['Normal'],['Not Applicable'],['Not Applicable'],['Not Applicable'],False,"['unknown', '50 to 54']",3.0