accident_number,date,time,year,street1,street2,road_class,district,latitude,longitude,x,y,accident_location,traffctl,visibility,light,road_surface_condition,hood_158,neighbourhood_new,hood_140,neighbourhood_old,accident_class,pedestrian,cyclist,automobile,motorcycle,truck,trsn_city_veh,emerg_veh,passenger,speeding,aggressive_driving,redlight,alcohol,disability,impact_type,involvement_type,initial_direction,vehicle_type,manoeuver,driver_action,driver_condition,pedestrian_action,pedestrian_condition,cyclist_type,cyclist_action,cyclist_condition,injury,involvement_age,injury_severity_score
1279443.0,2011-12-04 10:00:00,2210,2011,EGLINTON AVE E,FALMOUTH AVE,Major Arterial,Scarborough,43.735545,-79.25319,640670.7741,4843982.8314,Unknown,Traffic Signal,Rain,"Dark, artificial",Wet,124,Kennedy Park,124,Kennedy Park (124),Non-Fatal Injury,1,0,1,0,0,0,0,0,0,0,0,0,0,Pedestrian Collisions,"['Driver', 'Pedestrian']",East,"['Automobile, Station Wagon', 'Other']",['Going Ahead'],['Driving Properly'],['Unknown'],['Crossing without right of way'],['Inattentive'],['Not Applicable'],['Not Applicable'],['Not Applicable'],False,"['20 to 24', '15 to 19']",3.0
1279660.0,2012-02-08 10:00:00,1623,2012,FINCH AVE W,WESTON RD,Major Arterial,Etobicoke York,43.752082,-79.542362,617351.2083,4845369.186,At Intersection,Traffic Signal,Clear,"Dusk, artificial",Dry,22,Humbermede,22,Humbermede (22),Non-Fatal Injury,1,0,0,0,0,1,0,0,0,0,0,0,0,Pedestrian Collisions,"['Vehicle Owner', 'Driver', 'Pedestrian']",West,"['Other', 'Municipal Transit Bus (TTC)']",['Turning Right'],['Driving Properly'],['Normal'],['Crossing without right of way'],['Normal'],['Not Applicable'],['Not Applicable'],['Not Applicable'],False,"['unknown', '45 to 49', '25 to 29']",3.0
1279672.0,2012-02-08 10:00:00,1307,2012,CARLAW Aven,GERRARD Stre E,Minor Arterial,Toronto and East York,43.667545,-79.34279,633606.1634,4836282.2443,At Intersection,Traffic Signal,Clear,Daylight,Dry,70,South Riverdale,70,South Riverdale (70),Non-Fatal Injury,0,0,1,0,0,0,0,1,0,1,0,0,0,Turning Movement,"['Passenger', 'Driver']",North,"['Other', 'Automobile, Station Wagon']","['Going Ahead', 'Turning Left']","['Driving Properly', 'Improper Turn']",['Normal'],['Not Applicable'],['Not Applicable'],['Not Applicable'],['Not Applicable'],['Not Applicable'],False,"['0 to 4', '35 to 39', '45 to 49', '65 to 69', '40 to 44']",3.0
1279732.0,2011-12-15 10:00:00,711,2011,STEELES AVE E,MARKHAM RD,Major Arterial,Scarborough,43.836589,-79.251178,640595.7007,4855208.7901,Unknown,Traffic Signal,Rain,"Dark, artificial",Wet,144,Morningside Heights,131,Rouge (131),Non-Fatal Injury,1,0,0,0,0,1,0,0,0,1,0,0,0,Pedestrian Collisions,"['Driver', 'Pedestrian']",West,"['Municipal Transit Bus (TTC)', 'Other']",['Turning Left'],['Failed to Yield Right of Way'],['Unknown'],['Crossing with right of way'],['Normal'],['Not Applicable'],['Not Applicable'],['Not Applicable'],False,"['unknown', '45 to 49']",3.0
1279742.0,2011-12-15 10:00:00,950,2011,ADELAIDE St W,BAY St,Major Arterial,Toronto and East York,43.649845,-79.38079,630580.8906,4834255.9253,At Intersection,Traffic Signal,Rain,Daylight,Wet,170,Yonge-Bay Corridor,76,Bay Street Corridor (76),Non-Fatal Injury,0,1,1,0,0,0,0,0,0,0,0,0,0,Cyclist Collisions,"['Vehicle Owner', 'Driver', 'Cyclist']",East,"['Other', 'Automobile, Station Wagon', 'Bicycle']","['Going Ahead', 'Merging']",['Driving Properly'],['Normal'],['Not Applicable'],['Not Applicable'],['Cyclist and Driver travelling in same direction. One vehicle sideswipes the other.'],['Lost control'],['Inattentive'],False,"['unknown', '40 to 44']",3.0
1279958.0,2012-02-10 10:00:00,1725,2012,YONGE ST,THE ESPLANADE Stre E,Major Arterial,Toronto and East York,43.646445,-79.37679,630910.8593,4833884.6128,Unknown,No Control,Drifting Snow,"Dusk, artificial",Dry,166,St Lawrence-East Bayfront-The Islands,77,Waterfront Communities-The Island (77),Non-Fatal Injury,1,0,0,0,1,0,0,0,0,0,0,0,0,Pedestrian Collisions,"['Truck Driver', 'Pedestrian']",North,"['Truck - Open', 'Other']",['Going Ahead'],['Driving Properly'],['Normal'],"['Crossing, no Traffic Control']",['Unknown'],['Not Applicable'],['Not Applicable'],['Not Applicable'],False,"['65 to 69', '45 to 49']",3.0
1279961.0,2012-02-10 10:00:00,1850,2012,STEELES Ave W,KLONDIKE Dr,Major Arterial,Etobicoke York,43.769145,-79.55219,616526.844,4847250.4066,Unknown,No Control,Clear,"Dark, artificial",Dry,NSA,NSA,NSA,NSA,Non-Fatal Injury,0,0,1,0,0,0,0,1,0,1,0,0,0,Rear End,"['Driver', 'Passenger', 'Vehicle Owner', 'Other']",West,"['Automobile, Station Wagon', 'Other']","['Going Ahead', 'Changing Lanes']","['Driving Properly', 'Following too Close', 'Improper Lane Change']","['Normal', 'Unknown']",['Not Applicable'],['Not Applicable'],['Not Applicable'],['Not Applicable'],['Not Applicable'],False,"['40 to 44', '35 to 39', '10 to 14', '5 to 9', '60 to 64', 'unknown', '20 to 24', '45 to 49']",3.0
1280050.0,2012-02-12 10:00:00,404,2012,DUNDAS ST E,GEORGE ST,Major Arterial,Toronto and East York,43.657745,-79.37299,631192.7233,4835145.6279,At Intersection,No Control,Clear,"Dark, artificial",Loose Snow,73,Moss Park,73,Moss Park (73),Non-Fatal Injury,0,0,1,0,0,0,0,1,1,1,0,1,0,SMV Other,"['Passenger', 'Driver']",East,"['Other', 'Automobile, Station Wagon']",['Going Ahead'],['Lost control'],"['Ability Impaired, Alcohol Over .08']",['Not Applicable'],['Not Applicable'],['Not Applicable'],['Not Applicable'],['Not Applicable'],False,"['25 to 29', '15 to 19', '35 to 39']",3.0
1280448.0,2011-12-20 10:00:00,1430,2011,QUEEN St W,CAMERON St,Major Arterial,Toronto and East York,43.648445,-79.39779,629212.9164,4834073.827,Unknown,No Control,Clear,Daylight,Dry,164,Wellington Place,77,Waterfront Communities-The Island (77),Non-Fatal Injury,0,1,1,0,0,0,0,0,0,0,0,0,0,Cyclist Collisions,"['Driver', 'Cyclist']",East,"['Automobile, Station Wagon', 'Bicycle']","['Parked', 'Going Ahead']",['Other'],['Unknown'],['Not Applicable'],['Not Applicable'],['Cyclist struck opened vehicle door'],['Driving Properly'],['Unknown'],False,"['20 to 24', '35 to 39']",3.0
1280520.0,2012-02-15 10:00:00,1100,2012,250 THE EAST MALL,Not Applicable,Minor Arterial,Etobicoke York,43.631445,-79.55229,616785.8275,4831956.8085,At Intersection,Traffic Signal,Clear,Daylight,Dry,159,Etobicoke City Centre,14,Islington-City Centre West (14),Non-Fatal Injury,0,0,1,0,0,0,0,1,0,0,0,0,0,Turning Movement,"['Passenger', 'Driver']",North,"['Other', 'Automobile, Station Wagon']","['Turning Left', 'Going Ahead']","['Improper Turn', 'Driving Properly']",['Normal'],['Not Applicable'],['Not Applicable'],['Not Applicable'],['Not Applicable'],['Not Applicable'],False,"['85 to 89', '65 to 69', '25 to 29']",3.0
1280536.0,2012-02-15 10:00:00,1526,2012,KEELE ST,WILSON AVE,Major Arterial,North York,43.726045,-79.48189,622272.6991,4842564.8492,At Intersection,No Control,Clear,Daylight,Dry,155,Downsview,26,Downsview-Roding-CFB (26),Non-Fatal Injury,1,0,1,0,1,0,0,0,0,0,0,0,0,Pedestrian Collisions,"['Vehicle Owner', 'Truck Driver', 'Driver', 'Other', 'Pedestrian']",North,"['Other', 'Truck - Open', 'Automobile, Station Wagon']","['Going Ahead', 'Stopped']",['Driving Properly'],['Normal'],['Running onto Roadway'],['Inattentive'],['Not Applicable'],['Not Applicable'],['Not Applicable'],False,"['unknown', '40 to 44', '25 to 29', '65 to 69']",3.0
1280694.0,2012-02-16 10:00:00,1942,2012,STEELES AVE E,YONGE ST,Major Arterial,North York,43.797945,-79.42009,627097.9409,4850643.4641,At Intersection,Traffic Signal,Clear,Dark,Wet,36,Newtonbrook West,36,Newtonbrook West (36),Non-Fatal Injury,1,0,1,0,0,0,0,1,1,1,0,0,0,Pedestrian Collisions,"['Other', 'Passenger', 'Vehicle Owner', 'Driver', 'Pedestrian']",Unknown,"['Automobile, Station Wagon', 'Other']","['Parked', 'Turning Left', 'Going Ahead']","['Improper Turn', 'Exceeding Speed Limit']",['Unknown'],['On Sidewalk or Shoulder'],['Unknown'],['Not Applicable'],['Not Applicable'],['Not Applicable'],False,"['unknown', '55 to 59', '15 to 19', '20 to 24']",3.0
1281294.0,2012-02-04 10:00:00,630,2012,STEELES AVE E,BIRCHMOUNT RD,Major Arterial,Scarborough,43.821345,-79.31689,635347.2148,4853406.076,At Intersection,Traffic Signal,Clear,"Dark, artificial",Dry,116,Steeles,116,Steeles (116),Non-Fatal Injury,1,0,1,0,0,0,0,0,0,1,0,0,0,Pedestrian Collisions,"['Driver', 'Pedestrian']",North,"['Automobile, Station Wagon', 'Other']",['Turning Left'],['Failed to Yield Right of Way'],['Unknown'],['Crossing with right of way'],['Normal'],['Not Applicable'],['Not Applicable'],['Not Applicable'],False,"['unknown', '55 to 59']",3.0
1281322.0,2012-02-21 10:00:00,1551,2012,47 RAVINE PARK CRES,Not Applicable,Local,Scarborough,43.788745,-79.136089,649968.0578,4850097.0228,Unknown,No Control,Rain,Daylight,Wet,143,West Rouge,131,Rouge (131),Non-Fatal Injury,0,0,1,0,0,0,0,0,0,0,0,0,0,SMV Other,['Driver'],Unknown,"['Automobile, Station Wagon']",['Going Ahead'],[],[],['Not Applicable'],['Not Applicable'],['Not Applicable'],['Not Applicable'],['Not Applicable'],False,['80 to 84'],3.0
1281373.0,2011-12-21 10:00:00,1807,2011,EGLINTON AVE W,KANE AVE,Major Arterial,Etobicoke York,43.691045,-79.47099,623222.3196,4838693.7515,Unknown,No Control,Clear,Dark,Dry,110,Keelesdale-Eglinton West,110,Keelesdale-Eglinton West (110),Non-Fatal Injury,1,0,1,0,0,0,0,0,0,0,0,0,0,Pedestrian Collisions,"['Vehicle Owner', 'Driver', 'Pedestrian']",East,"['Other', 'Automobile, Station Wagon']",['Going Ahead'],['Driving Properly'],['Normal'],['Running onto Roadway'],['Inattentive'],['Not Applicable'],['Not Applicable'],['Not Applicable'],False,"['unknown', '45 to 49', '25 to 29']",3.0
1281411.0,2011-12-21 10:00:00,1710,2011,CHICOUTIMI AVE,LAWRENCE AVE W,Major Arterial,North York,43.720345,-79.42439,626915.9823,4842018.2282,Unknown,No Control,Rain,Dark,Wet,39,Bedford Park-Nortown,39,Bedford Park-Nortown (39),Non-Fatal Injury,1,0,1,0,0,0,0,0,0,0,0,0,0,Pedestrian Collisions,"['Driver', 'Pedestrian']",West,"['Automobile, Station Wagon', 'Other']",['Turning Left'],['Driving Properly'],['Normal'],"['Crossing, no Traffic Control']",['Inattentive'],['Not Applicable'],['Not Applicable'],['Not Applicable'],False,"['70 to 74', '60 to 64']",3.0
1281493.0,2011-12-22 10:00:00,1128,2011,LAIRD DR,EGLINTON AVE E,Major Arterial,North York,43.713545,-79.36479,631731.7328,4841355.9858,At Intersection,Traffic Signal,Clear,Daylight,Dry,55,Thorncliffe Park,55,Thorncliffe Park (55),Non-Fatal Injury,1,0,1,0,0,0,0,0,0,1,0,0,0,Pedestrian Collisions,"['Driver', 'Pedestrian']",North,"['Automobile, Station Wagon', 'Other']",['Turning Left'],['Failed to Yield Right of Way'],['Inattentive'],['Crossing with right of way'],['Normal'],['Not Applicable'],['Not Applicable'],['Not Applicable'],False,"['70 to 74', '65 to 69']",3.0
1281688.0,2011-12-25 10:00:00,1740,2011,DUFFERIN ST,ROSECLIFFE AVE,Major Arterial,Toronto and East York,43.682945,-79.44509,625326.4767,4837832.9487,Unknown,No Control,Clear,"Dark, artificial",Dry,92,Corso Italia-Davenport,92,Corso Italia-Davenport (92),Non-Fatal Injury,0,0,1,0,0,0,0,1,0,1,0,0,0,SMV Unattended Vehicle,"['Other', 'Passenger', 'Driver']",North,"['Other', 'Automobile, Station Wagon']","['Parked', 'Going Ahead']",['Lost control'],['Normal'],['Not Applicable'],['Not Applicable'],['Not Applicable'],['Not Applicable'],['Not Applicable'],False,"['unknown', '15 to 19', '20 to 24']",3.0
1282108.0,2011-12-28 10:00:00,1339,2011,DUFFERIN ST,YORKDALE RD,Major Arterial,North York,43.726945,-79.45759,624228.0434,4842700.9475,Unknown,Traffic Signal,Clear,Daylight,Dry,31,Yorkdale-Glen Park,31,Yorkdale-Glen Park (31),Non-Fatal Injury,1,0,1,0,0,0,0,0,0,1,0,0,0,Pedestrian Collisions,"['Driver', 'Pedestrian']",East,"['Automobile, Station Wagon', 'Other']",['Turning Left'],['Failed to Yield Right of Way'],['Normal'],['Crossing with right of way'],['Normal'],['Not Applicable'],['Not Applicable'],['Not Applicable'],False,"['15 to 19', '55 to 59']",3.0
1282186.0,2011-12-27 10:00:00,1404,2011,ST CLAIR Ave W,EARLSCOURT Ave,Major Arterial,Toronto and East York,43.677045,-79.44739,625153.3603,4837174.2012,Unknown,Traffic Signal,Rain,Daylight,Wet,92,Corso Italia-Davenport,92,Corso Italia-Davenport (92),Non-Fatal Injury,0,1,1,0,0,0,0,0,0,0,0,0,0,Cyclist Collisions,"['Driver', 'Cyclist']",West,"['Automobile, Station Wagon', 'Bicycle']","['Changing Lanes', 'Going Ahead']",['Improper Lane Change'],['Inattentive'],['Not Applicable'],['Not Applicable'],['Cyclist and Driver travelling in same direction. One vehicle sideswipes the other.'],['Speed too Fast For Condition'],['Normal'],False,"['25 to 29', 'unknown']",3.0
1282189.0,2011-12-27 10:00:00,1920,2011,GRANDSTAND ENT RD,HIGHWAY 27  S,Other,Etobicoke York,43.706245,-79.59139,613490.5789,4840210.0543,Unknown,No Control,Snow,Dark,Loose Snow,1,West Humber-Clairville,1,West Humber-Clairville (1),Non-Fatal Injury,0,0,1,0,0,0,0,1,1,1,0,0,0,SMV Other,"['Passenger', 'Driver']",West,"['Other', 'Automobile, Station Wagon']",['Turning Right'],['Speed too Fast For Condition'],['Normal'],['Not Applicable'],['Not Applicable'],['Not Applicable'],['Not Applicable'],['Not Applicable'],False,"['60 to 64', '65 to 69']",3.0
1282206.0,2011-12-27 10:00:00,1740,2011,THE EAST MALL,EAST MALL CRES,Minor Arterial,Etobicoke York,43.631445,-79.55229,616785.8275,4831956.8085,Unknown,Traffic Signal,Rain,Dark,Wet,159,Etobicoke City Centre,14,Islington-City Centre West (14),Non-Fatal Injury,1,0,1,0,0,0,0,0,0,1,0,0,0,Pedestrian Collisions,"['Driver', 'Pedestrian']",East,"['Automobile, Station Wagon', 'Other']",['Turning Left'],['Failed to Yield Right of Way'],['Normal'],['Crossing with right of way'],['Unknown'],['Not Applicable'],['Not Applicable'],['Not Applicable'],False,"['65 to 69', '20 to 24']",3.0
1282222.0,2011-12-29 10:00:00,331,2011,NEILSON Rd,TAPSCOTT Rd,Minor Arterial,Scarborough,43.805645,-79.21789,643345.9451,4851829.0776,Unknown,No Control,Clear,Dark,Dry,146,Malvern East,132,Malvern (132),Non-Fatal Injury,0,0,1,0,0,0,0,1,1,1,0,1,0,SMV Other,"['Passenger', 'Driver', 'Other Property Owner']",North,"['Other', 'Automobile, Station Wagon']",['Going Ahead'],['Exceeding Speed Limit'],"['Ability Impaired, Alcohol']",['Not Applicable'],['Not Applicable'],['Not Applicable'],['Not Applicable'],['Not Applicable'],False,"['20 to 24', 'unknown']",3.0
1282294.0,2012-02-28 10:00:00,2356,2012,BATHURST ST,MCALLISTER RD,Major Arterial,North York,43.753445,-79.43799,625751.1814,4845673.7278,Unknown,No Control,Clear,"Dark, artificial",Dry,33,Clanton Park,33,Clanton Park (33),Non-Fatal Injury,1,0,1,0,0,0,0,1,0,0,0,0,0,Pedestrian Collisions,"['Passenger', 'Vehicle Owner', 'Driver', 'Pedestrian']",North,"['Other', 'Automobile, Station Wagon']",['Going Ahead'],['Driving Properly'],['Normal'],"['Crossing, no Traffic Control']",['Inattentive'],['Not Applicable'],['Not Applicable'],['Not Applicable'],False,"['25 to 29', 'unknown', '20 to 24']",3.0
1282447.0,2012-02-29 10:00:00,1849,2012,JAMESON AVE,LAXTON AVE W,Minor Arterial,Toronto and East York,43.640045,-79.43709,626061.0387,4833080.4587,Unknown,No Control,Rain,Dark,Wet,85,South Parkdale,85,South Parkdale (85),Non-Fatal Injury,1,0,1,0,0,0,0,0,0,0,0,0,0,Pedestrian Collisions,"['Driver', 'Pedestrian']",North,"['Automobile, Station Wagon', 'Other']",['Going Ahead'],['Driving Properly'],['Normal'],['Other'],['Had Been Drinking'],['Not Applicable'],['Not Applicable'],['Not Applicable'],False,"['25 to 29', '45 to 49']",3.0
1282583.0,2011-12-30 10:00:00,1826,2011,DUFFERIN ST,LIVINGSTONE AVE,Major Arterial,North York,43.696445,-79.45079,624839.0393,4839323.7103,Unknown,Stop Sign,Rain,Dusk,Wet,108,Briar Hill-Belgravia,108,Briar Hill-Belgravia (108),Non-Fatal Injury,1,0,1,0,0,0,0,0,0,0,0,0,0,Pedestrian Collisions,"['Driver', 'Pedestrian']",East,"['Automobile, Station Wagon', 'Other']",['Turning Left'],['Improper Turn'],['Normal'],['Walking on Roadway with Traffic'],['Normal'],['Not Applicable'],['Not Applicable'],['Not Applicable'],False,"['40 to 44', '70 to 74']",3.0
1282698.0,2011-12-31 10:00:00,1945,2011,UNIVERSITY AVE,WELLINGTON ST W,Major Arterial,Toronto and East York,43.646245,-79.38409,630322.5451,4833850.9108,Unknown,No Control,Clear,"Dark, artificial",Dry,170,Yonge-Bay Corridor,76,Bay Street Corridor (76),Non-Fatal Injury,1,0,1,0,0,0,0,0,0,0,0,0,0,Pedestrian Collisions,"['Vehicle Owner', 'Driver', 'Pedestrian']",North,"['Other', 'Automobile, Station Wagon']","['Going Ahead', 'Stopped']",['Driving Properly'],['Normal'],"['Crossing, no Traffic Control']",['Had Been Drinking'],['Not Applicable'],['Not Applicable'],['Not Applicable'],False,"['unknown', '40 to 44', '20 to 24']",3.0
1282854.0,2012-03-03 10:00:00,2322,2012,KINGSTON Road,SANDOWN Aven,Major Arterial,Scarborough,43.708745,-79.24979,641007.4425,4841012.0746,At Intersection,Traffic Signal,Clear,"Dark, artificial",Dry,122,Birchcliffe-Cliffside,122,Birchcliffe-Cliffside (122),Non-Fatal Injury,1,0,1,0,0,0,0,0,0,0,0,0,0,Pedestrian Collisions,"['Driver', 'Pedestrian']",North,"['Automobile, Station Wagon', 'Other']",['Going Ahead'],['Driving Properly'],['Normal'],['Crossing without right of way'],['Had Been Drinking'],['Not Applicable'],['Not Applicable'],['Not Applicable'],False,"['70 to 74', '45 to 49']",3.0
1283294.0,2011-12-25 10:00:00,1000,2011,1971 KEELE St,Not Applicable,Major Arterial,Etobicoke York,43.689745,-79.47489,622910.6727,4838543.581,Unknown,No Control,Clear,Daylight,Dry,110,Keelesdale-Eglinton West,110,Keelesdale-Eglinton West (110),Non-Fatal Injury,1,0,1,0,0,0,0,0,0,1,0,0,0,Pedestrian Collisions,"['Driver', 'Pedestrian']",Unknown,"['Automobile, Station Wagon', 'Other']",['Going Ahead'],['Other'],['Had Been Drinking'],"['Crossing, no Traffic Control']",['Not Applicable'],['Not Applicable'],['Not Applicable'],['Not Applicable'],False,"['25 to 29', '30 to 34']",3.0
1283446.0,2012-03-07 10:00:00,1532,2012,QUEEN ST E,hambly AVE,Minor Arterial,Toronto and East York,43.670645,-79.29689,637299.6484,4836701.4907,Unknown,No Control,Clear,Daylight,Dry,63,The Beaches,63,The Beaches (63),Non-Fatal Injury,1,0,0,0,1,0,0,0,0,1,0,0,0,Pedestrian Collisions,"['Vehicle Owner', 'Truck Driver', 'Pedestrian']",Unknown,"['Other', 'Truck - Open']",['Going Ahead'],['Failed to Yield Right of Way'],['Unknown'],['Crossing without right of way'],['Normal'],['Not Applicable'],['Not Applicable'],['Not Applicable'],False,"['unknown', '45 to 49', '30 to 34']",3.0
1283522.0,2012-01-06 10:00:00,2000,2012,EGLINTON AVE E,BIMBROK RD,Major Arterial,Scarborough,43.736045,-79.25119,640830.6641,4844041.7616,Unknown,No Control,Clear,Dark,Wet,138,Eglinton East,138,Eglinton East (138),Non-Fatal Injury,1,0,1,0,0,0,0,0,0,0,0,0,0,Pedestrian Collisions,"['Driver', 'Pedestrian']",Unknown,"['Automobile, Station Wagon', 'Other']",['Going Ahead'],['Driving Properly'],['Normal'],"['Crossing, no Traffic Control']",['Normal'],['Not Applicable'],['Not Applicable'],['Not Applicable'],False,['35 to 39'],3.0
1283549.0,2012-01-09 10:00:00,940,2012,GOLDHAWK TRL,STRAWBERRY HILLS DR,Collector,Scarborough,43.828045,-79.28019,638283.0029,4854210.9229,At Intersection,Stop Sign,Clear,Daylight,Dry,130,Milliken,130,Milliken (130),Non-Fatal Injury,1,0,1,0,0,0,0,0,0,1,0,0,0,Pedestrian Collisions,"['Vehicle Owner', 'Driver', 'Pedestrian']",North,"['Other', 'Automobile, Station Wagon']",['Turning Left'],['Failed to Yield Right of Way'],['Inattentive'],['Crossing with right of way'],['Normal'],['Not Applicable'],['Not Applicable'],['Not Applicable'],False,"['unknown', '55 to 59', '50 to 54']",3.0
128407.0,2009-09-01 08:00:00,2140,2009,PICKERING TOWN LINE,STEELES AVE E,Local,Scarborough,43.854145,-79.16969,647103.8035,4857300.4522,Unknown,No Control,Clear,Dark,Dry,NSA,NSA,NSA,NSA,Non-Fatal Injury,0,0,1,0,0,0,0,1,1,1,0,0,0,SMV Other,"['Driver', 'Passenger']",South,"['Automobile, Station Wagon']",['Going Ahead'],['Lost control'],['Inattentive'],['Not Applicable'],['Not Applicable'],['Not Applicable'],['Not Applicable'],['Not Applicable'],False,['15 to 19'],3.0
1284315.0,2012-03-13 08:00:00,2210,2012,BLEECKER St,CARLTON St,Collector,Toronto and East York,43.664945,-79.37289,631185.1044,4835945.4421,Unknown,No Control,Clear,"Dark, artificial",Dry,71,Cabbagetown-South St.James Town,71,Cabbagetown-South St.James Town (71),Non-Fatal Injury,0,0,1,0,0,0,0,0,0,0,0,0,0,SMV Unattended Vehicle,"['Other', 'Vehicle Owner', 'Driver']",North,"['Other', 'Automobile, Station Wagon']","['Parked', 'Going Ahead']",['Other'],['Unknown'],['Not Applicable'],['Not Applicable'],['Not Applicable'],['Not Applicable'],['Not Applicable'],False,['unknown'],3.0
1284316.0,2012-03-14 08:00:00,51,2012,59 BARFORD RD,Not Applicable,Local,Etobicoke York,43.731545,-79.57059,615117.9712,4843048.6549,Unknown,No Control,Clear,Dark,Dry,4,Rexdale-Kipling,4,Rexdale-Kipling (4),Non-Fatal Injury,1,0,1,0,0,0,0,0,0,0,0,0,0,Pedestrian Collisions,"['Pedestrian', 'Driver']",East,"['Other', 'Automobile, Station Wagon']",['Reversing'],['Other'],['Unknown'],['Other'],['Normal'],['Not Applicable'],['Not Applicable'],['Not Applicable'],False,"['35 to 39', 'unknown']",3.0
1284881.0,2012-03-18 08:00:00,1604,2012,RATHBURN Road,WEST DEANE PARK Driv,Minor Arterial,Etobicoke York,43.656545,-79.55759,616309.8305,4834737.0365,At Intersection,No Control,Clear,Daylight,Dry,11,Eringate-Centennial-West Deane,11,Eringate-Centennial-West Deane (11),Non-Fatal Injury,0,0,1,1,0,0,0,0,1,1,0,0,0,Turning Movement,"['Motorcycle Driver', 'Driver']",West,"['Motorcycle', 'Automobile, Station Wagon']","['Going Ahead', 'Turning Right']","['Exceeding Speed Limit', 'Driving Properly']",['Normal'],['Not Applicable'],['Not Applicable'],['Not Applicable'],['Not Applicable'],['Not Applicable'],False,"['25 to 29', '75 to 79']",3.0
1284915.0,2012-03-18 08:00:00,2014,2012,FINCH AVE W,SENTINEL RD,Major Arterial,Etobicoke York,43.761045,-79.49999,620744.4819,4846425.5607,At Intersection,Traffic Signal,Clear,"Dark, artificial",Dry,27,York University Heights,27,York University Heights (27),Non-Fatal Injury,0,0,1,0,0,0,0,1,0,0,0,0,0,Turning Movement,"['Vehicle Owner', 'Passenger', 'Driver']",East,"['Other', 'Automobile, Station Wagon']","['Going Ahead', 'Turning Left']","['Driving Properly', 'Improper Turn']","['Normal', 'Unknown']",['Not Applicable'],['Not Applicable'],['Not Applicable'],['Not Applicable'],['Not Applicable'],False,"['unknown', '65 to 69', '25 to 29']",3.0
1285099.0,2012-03-19 08:00:00,1834,2012,LEDBURY Stre,WOBURN Aven,Collector,North York,43.723945,-79.42379,626956.7087,4842418.9786,At Intersection,Stop Sign,Clear,Daylight,Dry,39,Bedford Park-Nortown,39,Bedford Park-Nortown (39),Non-Fatal Injury,1,0,1,0,0,0,0,0,0,1,0,0,0,Pedestrian Collisions,"['Pedestrian', 'Driver']",East,"['Other', 'Automobile, Station Wagon']",['Turning Left'],['Failed to Yield Right of Way'],['Inattentive'],['Crossing with right of way'],['Inattentive'],['Not Applicable'],['Not Applicable'],['Not Applicable'],False,"['85 to 89', '50 to 54']",3.0
1285114.0,2012-03-20 08:00:00,114,2012,KING Stre W,PETER Stre,Major Arterial,Toronto and East York,43.646045,-79.39229,629661.6415,4833815.8541,At Intersection,Traffic Signal,Clear,"Dark, artificial",Dry,164,Wellington Place,77,Waterfront Communities-The Island (77),Non-Fatal Injury,0,1,1,0,0,0,0,0,0,0,0,0,0,Cyclist Collisions,"['Vehicle Owner', 'Driver', 'Cyclist']",East,"['Other', 'Automobile, Station Wagon', 'Bicycle']",['Going Ahead'],['Driving Properly'],['Normal'],['Not Applicable'],['Not Applicable'],"['Cyclist without ROW rides into path of motorist at inter, lnwy, dwy-Cyclist not turn.']",['Disobeyed Traffic Control'],['Inattentive'],False,"['unknown', '55 to 59', '20 to 24']",3.0
1285331.0,2012-01-18 10:00:00,1020,2012,ERINDALE Aven,BROADVIEW Aven,Minor Arterial,Toronto and East York,43.677545,-79.35869,632302.2974,4837367.395,At Intersection,No Control,Clear,Daylight,Dry,67,Playter Estates-Danforth,67,Playter Estates-Danforth (67),Non-Fatal Injury,1,0,1,0,0,0,0,0,0,1,0,0,0,Pedestrian Collisions,"['Driver', 'Pedestrian']",North,"['Automobile, Station Wagon', 'Other']",['Turning Left'],['Failed to Yield Right of Way'],['Inattentive'],['Crossing with right of way'],['Unknown'],['Not Applicable'],['Not Applicable'],['Not Applicable'],False,"['85 to 89', '50 to 54']",3.0
1285342.0,2012-03-21 08:00:00,2215,2012,JANE ST,NICKLE ST,Major Arterial,Etobicoke York,43.691545,-79.50099,620803.607,4838705.1421,Unknown,No Control,Clear,"Dark, artificial",Dry,115,Mount Dennis,115,Mount Dennis (115),Fatal,1,0,1,0,0,0,0,0,0,0,0,0,0,Pedestrian Collisions,"['Driver', 'Pedestrian']",East,"['Automobile, Station Wagon', 'Other']",['Going Ahead'],['Driving Properly'],['Normal'],"['Crossing, no Traffic Control']",['Normal'],['Not Applicable'],['Not Applicable'],['Not Applicable'],True,"['55 to 59', '75 to 79']",4.0
1285462.0,2012-03-17 08:00:00,1020,2012,ROSEDALE VALLEY RD,BAYVIEW AVE,Major Arterial,Toronto and East York,43.670145,-79.36019,632197.6321,4836543.1329,At Intersection,Traffic Signal,Clear,Daylight,Wet,71,Cabbagetown-South St.James Town,71,Cabbagetown-South St.James Town (71),Non-Fatal Injury,0,0,1,0,0,0,0,0,0,1,0,0,0,Rear End,"['Vehicle Owner', 'Driver']",East,"['Other', 'Automobile, Station Wagon']","['Going Ahead', 'Stopped']","['Driving Properly', 'Following too Close']","['Normal', 'Inattentive']",['Not Applicable'],['Not Applicable'],['Not Applicable'],['Not Applicable'],['Not Applicable'],False,"['unknown', '30 to 34', '40 to 44']",3.0
1285480.0,2012-01-17 10:00:00,1210,2012,DIXON Road,MARTIN GROVE Road,Major Arterial,Etobicoke York,43.691545,-79.57079,615178.4575,4838605.8266,At Intersection,Traffic Signal,Clear,Daylight,Dry,1,West Humber-Clairville,1,West Humber-Clairville (1),Non-Fatal Injury,0,0,1,0,0,0,0,1,0,1,1,0,0,Angle,"['Passenger', 'Driver']",East,"['Other', 'Automobile, Station Wagon']",['Going Ahead'],"['Disobeyed Traffic Control', 'Driving Properly']","['Inattentive', 'Normal']",['Not Applicable'],['Not Applicable'],['Not Applicable'],['Not Applicable'],['Not Applicable'],False,"['80 to 84', '75 to 79', '70 to 74', '50 to 54']",3.0