accident_number,date,time,year,street1,street2,road_class,district,latitude,longitude,x,y,accident_location,traffctl,visibility,light,road_surface_condition,hood_158,neighbourhood_new,hood_140,neighbourhood_old,accident_class,pedestrian,cyclist,automobile,motorcycle,truck,trsn_city_veh,emerg_veh,passenger,speeding,aggressive_driving,redlight,alcohol,disability,impact_type,involvement_type,initial_direction,vehicle_type,manoeuver,driver_action,driver_condition,pedestrian_action,pedestrian_condition,cyclist_type,cyclist_action,cyclist_condition,injury,involvement_age,injury_severity_score
1286418.0,2012-01-22 10:00:00,223,2012,EGLINTON AVE W,OLD PARK RD,Major Arterial,North York,43.699845,-79.43099,626427.4395,4839731.3292,At Intersection,Traffic Signal,Clear,Daylight,Dry,102,Forest Hill North,102,Forest Hill North (102),Non-Fatal Injury,1,0,1,0,0,0,0,0,0,1,0,0,0,Pedestrian Collisions,"['Vehicle Owner', 'Driver', 'Pedestrian']",North,"['Other', 'Automobile, Station Wagon']",['Turning Right'],['Failed to Yield Right of Way'],['Inattentive'],['Crossing with right of way'],['Normal'],['Not Applicable'],['Not Applicable'],['Not Applicable'],False,"['unknown', '50 to 54', '65 to 69']",3.0
1286810.0,2020-07-11 08:00:00,1854,2020,SPADINA AVE,FORT YORK BLVD,Major Arterial,Toronto and East York,43.639853,-79.392726,629639.7956,4833127.4712,Non Intersection,No Control,Clear,Daylight,Wet,165,Harbourfront-CityPlace,77,Waterfront Communities-The Island (77),Non-Fatal Injury,0,0,1,0,0,0,0,1,0,0,0,0,0,Rear End,"['Driver', 'Passenger']",South,"['Automobile, Station Wagon']","['Going Ahead', 'Stopped']","['Other', 'Driving Properly']","['Inattentive', 'Normal']",['Not Applicable'],['Not Applicable'],['Not Applicable'],['Not Applicable'],['Not Applicable'],False,"['25 to 29', '50 to 54', '20 to 24', '40 to 44']",3.0
1286830.0,2012-01-24 10:00:00,1308,2012,BATHURST ST,WELLS ST,Major Arterial,Toronto and East York,43.670045,-79.41319,627925.0654,4836448.9291,At Intersection,Traffic Signal,Snow,Daylight,Wet,95,Annex,95,Annex (95),Non-Fatal Injury,0,1,0,0,1,0,0,0,0,1,0,0,0,Cyclist Collisions,"['Truck Driver', 'Cyclist']",East,"['Truck - Open', 'Bicycle']","['Turning Left', 'Going Ahead']",['Failed to Yield Right of Way'],['Normal'],['Not Applicable'],['Not Applicable'],['Motorist turned left across cyclists path.'],['Driving Properly'],['Normal'],False,['30 to 34'],3.0
1286941.0,2012-04-02 08:00:00,555,2012,FINCH AVE W,DRIFTWOOD AVE,Major Arterial,Etobicoke York,43.758245,-79.51239,619751.9122,4846096.5758,Unknown,No Control,Clear,"Dawn, artificial",Dry,25,Glenfield-Jane Heights,25,Glenfield-Jane Heights (25),Fatal,1,0,1,0,0,0,0,0,0,0,0,0,0,Pedestrian Collisions,"['Driver', 'Pedestrian']",East,"['Automobile, Station Wagon', 'Other']",['Going Ahead'],['Driving Properly'],['Normal'],"['Crossing, no Traffic Control']",['Unknown'],['Not Applicable'],['Not Applicable'],['Not Applicable'],True,"['40 to 44', '45 to 49']",4.0
1287004.0,2012-01-26 10:00:00,1417,2012,DANFORTH AVE,ROYAL DR,Major Arterial,Toronto and East York,43.675944,-79.359889,632209.1637,4837187.6703,Non Intersection,No Control,Rain,Daylight,Wet,68,North Riverdale,68,North Riverdale (68),Non-Fatal Injury,0,1,1,0,0,0,0,0,0,0,0,0,0,Cyclist Collisions,"['Vehicle Owner', 'Driver', 'Cyclist']",East,"['Other', 'Automobile, Station Wagon', 'Bicycle']","['Going Ahead', 'Changing Lanes']",['Driving Properly'],['Normal'],['Not Applicable'],['Not Applicable'],['Cyclist and Driver travelling in same direction. One vehicle sideswipes the other.'],['Improper Lane Change'],['Normal'],False,"['unknown', '50 to 54', '20 to 24']",3.0
1287084.0,2012-04-03 08:00:00,230,2012,MOUNT PLEASANT RD,STIBBARD AVE,Major Arterial,North York,43.716945,-79.39359,629404.2768,4841688.2362,Unknown,No Control,Clear,Dark,Dry,99,Mount Pleasant East,99,Mount Pleasant East (99),Fatal,0,0,1,0,0,0,0,1,1,1,0,1,0,SMV Other,"['Passenger', 'Vehicle Owner', 'Driver', 'Other Property Owner']",South,"['Other', 'Automobile, Station Wagon']",['Going Ahead'],['Exceeding Speed Limit'],"['Ability Impaired, Alcohol Over .08']",['Not Applicable'],['Not Applicable'],['Not Applicable'],['Not Applicable'],['Not Applicable'],True,"['20 to 24', 'unknown', '15 to 19']",4.0
1287560.0,2012-01-31 10:00:00,1525,2012,UNIVERSITY AVE,RICHMOND ST W,Major Arterial,Toronto and East York,43.650045,-79.38629,630136.9074,4834269.4981,At Intersection,Traffic Signal,Clear,Daylight,Dry,170,Yonge-Bay Corridor,76,Bay Street Corridor (76),Non-Fatal Injury,0,0,1,0,0,0,0,0,0,1,1,0,0,Angle,"['Driver', 'Vehicle Owner']",North,"['Automobile, Station Wagon', 'Other']",['Going Ahead'],"['Driving Properly', 'Disobeyed Traffic Control']","['Normal', 'Inattentive']",['Not Applicable'],['Not Applicable'],['Not Applicable'],['Not Applicable'],['Not Applicable'],False,"['55 to 59', 'unknown', '40 to 44']",3.0
1288002.0,2012-02-03 10:00:00,1820,2012,WYNFORD DR,CONCORDE PL,Minor Arterial,North York,43.727345,-79.32779,634681.5419,4842948.1453,At Intersection,Traffic Signal,Clear,"Dark, artificial",Dry,42,Banbury-Don Mills,42,Banbury-Don Mills (42),Non-Fatal Injury,1,0,1,0,0,0,0,0,0,1,0,0,0,Pedestrian Collisions,"['Driver', 'Pedestrian']",South,"['Automobile, Station Wagon', 'Other']",['Turning Right'],['Failed to Yield Right of Way'],['Unknown'],['Crossing with right of way'],['Normal'],['Not Applicable'],['Not Applicable'],['Not Applicable'],False,"['75 to 79', '35 to 39']",3.0
1288047.0,2012-02-03 10:00:00,415,2012,HUPFIELD TRL,PENNYHILL DR,Collector,Scarborough,43.815945,-79.21509,643546.4894,4852977.9161,Unknown,No Control,Clear,Dark,Dry,146,Malvern East,132,Malvern (132),Non-Fatal Injury,0,0,1,0,0,0,0,0,1,1,0,1,0,SMV Other,"['Driver', 'Other Property Owner']",South,"['Automobile, Station Wagon', 'Other']",['Going Ahead'],['Lost control'],"['Ability Impaired, Alcohol']",['Not Applicable'],['Not Applicable'],['Not Applicable'],['Not Applicable'],['Not Applicable'],False,"['25 to 29', 'unknown']",3.0
1288123.0,2012-02-01 10:00:00,2317,2012,LAWRENCE AVE E,KINGSTON RD,Major Arterial,Scarborough,43.767645,-79.18939,645730.7228,4847658.3362,At Intersection,No Control,Clear,"Dark, artificial",Dry,136,West Hill,136,West Hill (136),Non-Fatal Injury,1,0,1,0,0,0,0,0,0,0,0,0,0,Pedestrian Collisions,"['Driver', 'Pedestrian']",East,"['Automobile, Station Wagon', 'Other']",['Going Ahead'],['Driving Properly'],['Normal'],"['Crossing, no Traffic Control']",['Had Been Drinking'],['Not Applicable'],['Not Applicable'],['Not Applicable'],False,['35 to 39'],3.0
1288324.0,2012-04-11 08:00:00,1048,2012,EGLINTON AVE W,CALEDONIA RD,Major Arterial,North York,43.693045,-79.46219,623927.3951,4838928.9929,Unknown,Traffic Signal,Clear,Daylight,Dry,108,Briar Hill-Belgravia,108,Briar Hill-Belgravia (108),Non-Fatal Injury,1,0,0,0,1,0,0,0,0,1,0,0,0,Pedestrian Collisions,"['Truck Driver', 'Vehicle Owner', 'Wheelchair']",East,"['Truck - Open', 'Other']",['Turning Right'],['Failed to Yield Right of Way'],['Inattentive'],['Crossing with right of way'],['Normal'],['Not Applicable'],['Not Applicable'],['Not Applicable'],False,"['25 to 29', 'unknown', '75 to 79']",3.0
1288494.0,2012-03-31 08:00:00,125,2012,QUEEN ST W,JOHN ST,Major Arterial,Toronto and East York,43.649845,-79.39109,629750.2402,4834239.7692,At Intersection,Traffic Signal,Clear,"Dark, artificial",Dry,164,Wellington Place,77,Waterfront Communities-The Island (77),Non-Fatal Injury,1,0,1,0,0,0,0,0,0,0,0,0,0,Pedestrian Collisions,"['Driver', 'Pedestrian']",North,"['Automobile, Station Wagon', 'Other']",['Going Ahead'],['Driving Properly'],['Unknown'],['Crossing without right of way'],['Had Been Drinking'],['Not Applicable'],['Not Applicable'],['Not Applicable'],False,"['unknown', '20 to 24']",3.0
1288652.0,2012-02-09 10:00:00,1438,2012,LAWRENCE Aven E,MILDENHALL Road,Major Arterial,North York,43.728245,-79.38709,629903.4639,4842953.4328,Unknown,No Control,Clear,Daylight,Dry,41,Bridle Path-Sunnybrook-York Mills,41,Bridle Path-Sunnybrook-York Mills (41),Non-Fatal Injury,0,0,1,0,0,0,0,0,0,1,0,0,0,Rear End,"['Driver', 'Vehicle Owner']",East,"['Automobile, Station Wagon', 'Other']","['Slowing or Stopping', 'Going Ahead']","['Driving Properly', 'Following too Close']","['Normal', 'Inattentive']",['Not Applicable'],['Not Applicable'],['Not Applicable'],['Not Applicable'],['Not Applicable'],False,"['65 to 69', 'unknown', '60 to 64']",3.0
1288672.0,2012-02-07 10:00:00,1327,2012,LONSDALE RD,DUNVEGAN RD,Collector,Toronto and East York,43.690045,-79.40639,628430.5922,4838680.7096,At Intersection,Stop Sign,Clear,Daylight,Dry,96,Casa Loma,96,Casa Loma (96),Non-Fatal Injury,0,1,1,0,0,0,0,0,0,1,0,0,0,Cyclist Collisions,"['Driver', 'Cyclist']",North,"['Automobile, Station Wagon', 'Bicycle']",['Going Ahead'],['Failed to Yield Right of Way'],['Normal'],['Not Applicable'],['Not Applicable'],"['Motorist without ROW drives into path of cyclist at inter, lnwy, dwy-Driver not turn.']",['Driving Properly'],['Normal'],False,"['65 to 69', '35 to 39']",3.0
1288905.0,2012-02-07 10:00:00,1016,2012,YONGE ST,ROEHAMPTON AVE,Major Arterial,North York,43.707946,-79.398593,629020.5656,4840680.9706,At Intersection,Stop Sign,Clear,Daylight,Dry,173,North Toronto,104,Mount Pleasant West (104),Non-Fatal Injury,1,0,1,0,0,0,0,0,0,0,0,0,0,Pedestrian Collisions,"['Driver', 'Pedestrian']",West,"['Automobile, Station Wagon', 'Other']",['Turning Left'],['Driving Properly'],['Unknown'],"['Crossing, no Traffic Control']",['Inattentive'],['Not Applicable'],['Not Applicable'],['Not Applicable'],False,"['30 to 34', '70 to 74']",3.0
1288937.0,2012-02-12 10:00:00,1542,2012,FINCH AVE E,BRIMLEY RD,Major Arterial,Scarborough,43.805745,-79.27739,638559.7138,4851738.8282,At Intersection,Traffic Signal,Clear,Daylight,Dry,129,Agincourt North,129,Agincourt North (129),Non-Fatal Injury,1,0,1,0,0,0,0,0,0,1,0,0,0,Pedestrian Collisions,"['Driver', 'Pedestrian']",North,"['Automobile, Station Wagon', 'Other']",['Turning Left'],['Failed to Yield Right of Way'],['Inattentive'],['Crossing with right of way'],['Normal'],['Not Applicable'],['Not Applicable'],['Not Applicable'],False,['50 to 54'],3.0
1289088.0,2012-04-15 08:00:00,1752,2012,SHEPPARD AVE E,PHARMACY AVE,Major Arterial,Scarborough,43.776645,-79.31719,635424.0419,4848440.9377,Unknown,No Control,Clear,Daylight,Dry,118,Tam O'Shanter-Sullivan,118,Tam O'Shanter-Sullivan (118),Non-Fatal Injury,0,0,1,1,0,0,0,0,0,1,0,0,0,Rear End,"['Vehicle Owner', 'Motorcycle Driver', 'Driver']",East,"['Other', 'Motorcycle', 'Automobile, Station Wagon']","['Changing Lanes', 'Going Ahead']","['Improper Passing', 'Driving Properly']","['Inattentive', 'Normal']",['Not Applicable'],['Not Applicable'],['Not Applicable'],['Not Applicable'],['Not Applicable'],False,"['unknown', '15 to 19', '35 to 39']",3.0
1289091.0,2012-02-12 10:00:00,1505,2012,EGLINTON Ave E,BROWNLOW Ave,Major Arterial,Toronto and East York,43.708245,-79.39089,629640.5348,4840726.1966,Unknown,No Control,Clear,Daylight,Wet,174,South Eglinton-Davisville,104,Mount Pleasant West (104),Non-Fatal Injury,0,0,1,0,0,0,0,0,1,1,0,0,0,SMV Other,"['Vehicle Owner', 'Driver', 'Other Property Owner']",East,"['Other', 'Automobile, Station Wagon']",['Going Ahead'],['Lost control'],['Unknown'],['Not Applicable'],['Not Applicable'],['Not Applicable'],['Not Applicable'],['Not Applicable'],False,"['unknown', '25 to 29']",3.0
1289419.0,2012-02-14 10:00:00,1430,2012,KING St W,TECUMSETH St,Major Arterial,Toronto and East York,43.643345,-79.40529,628618.944,4833495.7555,At Intersection,Traffic Signal,Clear,Daylight,Wet,162,West Queen West,82,Niagara (82),Non-Fatal Injury,0,1,1,0,0,0,0,0,0,1,0,0,0,Cyclist Collisions,"['Driver', 'Cyclist']",East,"['Automobile, Station Wagon', 'Bicycle']","['Turning Left', 'Going Ahead']",['Failed to Yield Right of Way'],['Inattentive'],['Not Applicable'],['Not Applicable'],['Motorist turned left across cyclists path.'],['Driving Properly'],['Normal'],False,"['50 to 54', '20 to 24']",3.0
1289501.0,2012-02-16 10:00:00,1415,2012,COXWELL AVE,QUEEN ST E,Minor Arterial,Toronto and East York,43.666345,-79.31659,635721.1661,4836191.4984,At Intersection,Traffic Signal,Clear,Daylight,Wet,65,Greenwood-Coxwell,65,Greenwood-Coxwell (65),Non-Fatal Injury,0,0,0,0,0,1,0,1,0,0,0,0,0,Other,"['Passenger', 'Vehicle Owner', 'Driver']",South,"['Other', 'Municipal Transit Bus (TTC)']",['Turning Right'],['Driving Properly'],['Normal'],['Not Applicable'],['Not Applicable'],['Not Applicable'],['Not Applicable'],['Not Applicable'],False,"['70 to 74', 'unknown', '35 to 39']",3.0
1289541.0,2012-02-11 10:00:00,305,2012,ST DENNIS Dr,LINKWOOD LANE,Minor Arterial,North York,43.722645,-79.32679,634772.6235,4842427.7675,Unknown,No Control,Snow,"Dark, artificial",Loose Snow,44,Flemingdon Park,44,Flemingdon Park (44),Non-Fatal Injury,0,0,1,0,0,0,0,1,1,1,0,0,0,Approaching,"['Driver', 'Passenger']",North,"['Automobile, Station Wagon', 'Other']",['Going Ahead'],"['Driving Properly', 'Speed too Fast For Condition']","['Normal', 'Had Been Drinking']",['Not Applicable'],['Not Applicable'],['Not Applicable'],['Not Applicable'],['Not Applicable'],False,"['55 to 59', '25 to 29']",3.0
1289649.0,2012-02-18 10:00:00,515,2012,ISLINGTON AVE,SANDHILL DR,Major Arterial,Etobicoke York,43.735045,-79.56439,615610.5589,4843446.0113,At Intersection,No Control,Snow,Dark,Packed Snow,3,Thistletown-Beaumond Heights,3,Thistletown-Beaumond Heights (3),Non-Fatal Injury,0,0,1,0,0,0,0,0,0,0,0,1,0,Approaching,['Driver'],North,"['Automobile, Station Wagon']",['Going Ahead'],"['Lost control', 'Driving Properly']","['Ability Impaired, Alcohol Over .08', 'Normal']",['Not Applicable'],['Not Applicable'],['Not Applicable'],['Not Applicable'],['Not Applicable'],False,['25 to 29'],3.0
1289788.0,2012-04-18 08:00:00,2310,2012,BATHURST ST,MASCOT PL,Major Arterial,North York,43.770345,-79.44209,625385.795,4847544.5094,At Intersection,No Control,Clear,"Dark, artificial",Dry,37,Willowdale West,37,Willowdale West (37),Non-Fatal Injury,1,0,1,0,0,0,0,0,0,1,0,1,0,Pedestrian Collisions,"['Driver', 'Pedestrian']",South,"['Automobile, Station Wagon', 'Other']",['Going Ahead'],['Failed to Yield Right of Way'],"['Ability Impaired, Alcohol']","['Crossing, no Traffic Control']",['Medical or Physical Disability'],['Not Applicable'],['Not Applicable'],['Not Applicable'],False,"['35 to 39', '85 to 89']",3.0
1289974.0,2012-04-19 08:00:00,1203,2012,MORNINGSIDE AVE,MILNER AVE,Major Arterial,Scarborough,43.800745,-79.19929,644853.9173,4851317.2436,Unknown,No Control,Clear,Daylight,Dry,146,Malvern East,132,Malvern (132),Fatal,0,0,1,0,0,0,0,0,0,0,0,0,0,SMV Other,"['Driver', 'Other Property Owner']",North,"['Automobile, Station Wagon', 'Other']",['Going Ahead'],['Other'],['Unknown'],['Not Applicable'],['Not Applicable'],['Not Applicable'],['Not Applicable'],['Not Applicable'],True,"['50 to 54', 'unknown']",4.0
1289975.0,2012-04-19 08:00:00,1434,2012,NEILSON RD,SHEPPARD AVE E,Major Arterial,Scarborough,43.798145,-79.21769,643379.9739,4850996.4273,At Intersection,Traffic Signal,Clear,Daylight,Dry,145,Malvern West,132,Malvern (132),Non-Fatal Injury,0,0,1,1,0,0,0,0,0,1,0,0,0,Turning Movement,"['Motorcycle Driver', 'Vehicle Owner', 'Driver']",North,"['Motorcycle', 'Other', 'Automobile, Station Wagon']","['Going Ahead', 'Turning Left']","['Driving Properly', 'Failed to Yield Right of Way']","['Normal', 'Inattentive']",['Not Applicable'],['Not Applicable'],['Not Applicable'],['Not Applicable'],['Not Applicable'],False,"['25 to 29', 'unknown', '30 to 34']",3.0
1290049.0,2012-02-21 10:00:00,1910,2012,STEELES AVE E,TOWNSEND RD,Major Arterial,North York,43.811945,-79.35749,632103.0636,4852296.4285,At Intersection,Traffic Signal,Clear,Dark,Wet,NSA,NSA,NSA,NSA,Non-Fatal Injury,1,0,1,0,0,0,0,0,0,1,0,0,0,Pedestrian Collisions,"['Driver', 'Pedestrian']",South,"['Automobile, Station Wagon', 'Other']",['Turning Right'],['Failed to Yield Right of Way'],['Inattentive'],['Crossing with right of way'],['Unknown'],['Not Applicable'],['Not Applicable'],['Not Applicable'],False,"['50 to 54', '25 to 29']",3.0
1290105.0,2012-04-20 08:00:00,1447,2012,DON VALLEY PARKWAY  N,GERRARD ST E,Expressway,Toronto and East York,43.665145,-79.35589,632555.2974,4835994.6771,Unknown,No Control,Clear,Daylight,Dry,68,North Riverdale,68,North Riverdale (68),Fatal,0,0,0,1,0,0,0,0,1,1,0,0,0,SMV Other,['Motorcycle Driver'],North,['Motorcycle'],['Going Ahead'],['Exceeding Speed Limit'],['Unknown'],['Not Applicable'],['Not Applicable'],['Not Applicable'],['Not Applicable'],['Not Applicable'],True,['35 to 39'],4.0
1290199.0,2012-04-21 08:00:00,2050,2012,MORNINGSIDE AVE,MILNER AVE,Major Arterial,Scarborough,43.800245,-79.19909,644871.2146,4851262.0606,At Intersection,Traffic Signal,Clear,"Dark, artificial",Dry,146,Malvern East,132,Malvern (132),Fatal,1,0,1,0,0,0,0,0,0,0,0,0,0,Pedestrian Collisions,"['Vehicle Owner', 'Driver', 'Pedestrian']",South,"['Other', 'Automobile, Station Wagon']",['Going Ahead'],['Driving Properly'],['Normal'],['Crossing without right of way'],['Inattentive'],['Not Applicable'],['Not Applicable'],['Not Applicable'],True,"['unknown', '20 to 24', '55 to 59']",4.0
1290282.0,2012-04-22 08:00:00,412,2012,EGLINTON AVE W,KIPLING AVE,Major Arterial,Etobicoke York,43.676645,-79.55299,616641.8223,4836975.8604,Unknown,No Control,Clear,"Dark, artificial",Dry,10,Princess-Rosethorn,10,Princess-Rosethorn (10),Non-Fatal Injury,0,0,1,0,0,0,0,1,0,0,0,0,0,Angle,"['Passenger', 'Driver', 'Vehicle Owner']",East,"['Other', 'Automobile, Station Wagon']","['Other', 'Going Ahead']","['Driving Properly', 'Lost control']","['Normal', 'Had Been Drinking']",['Not Applicable'],['Not Applicable'],['Not Applicable'],['Not Applicable'],['Not Applicable'],False,"['unknown', '30 to 34', '15 to 19']",3.0
1290286.0,2012-04-22 08:00:00,1337,2012,VICTORIA PARK AVE,ARNCLIFFE CRES,Major Arterial,North York,43.731845,-79.30559,636459.3529,4843484.258,Unknown,Traffic Signal,Clear,Daylight,Dry,119,Wexford/Maryvale,119,Wexford/Maryvale (119),Non-Fatal Injury,0,1,1,0,0,0,0,0,0,0,0,0,0,Cyclist Collisions,"['Driver', 'Vehicle Owner', 'Cyclist']",North,"['Automobile, Station Wagon', 'Other', 'Bicycle']","['Stopped', 'Going Ahead']","['Driving Properly', 'Lost control']","['Normal', 'Inattentive']",['Not Applicable'],['Not Applicable'],"['Motorist without ROW drives into path of cyclist at inter, lnwy, dwy-Driver not turn.']",['Driving Properly'],['Normal'],False,"['65 to 69', 'unknown', '35 to 39', '50 to 54']",3.0
1290476.0,2012-02-20 10:00:00,1505,2012,BROADVIEW AVE,BAIN AVE,Minor Arterial,Toronto and East York,43.670445,-79.35389,632704.8676,4836586.5112,Unknown,No Control,Clear,Daylight,Dry,68,North Riverdale,68,North Riverdale (68),Non-Fatal Injury,1,0,1,0,0,0,0,0,1,1,0,0,0,Pedestrian Collisions,"['Vehicle Owner', 'Driver', 'Other Property Owner', 'Pedestrian']",North,"['Other', 'Taxi', 'Automobile, Station Wagon']","['Going Ahead', 'Changing Lanes']","['Driving Properly', 'Exceeding Speed Limit']","['Normal', 'Inattentive']",['On Sidewalk or Shoulder'],['Normal'],['Not Applicable'],['Not Applicable'],['Not Applicable'],False,"['unknown', '70 to 74', '45 to 49']",3.0
1290615.0,2012-02-26 10:00:00,142,2012,WOODBINE AVE,DANFORTH AVE,Major Arterial,Toronto and East York,43.685145,-79.31259,636001.1827,4838286.0489,Unknown,No Control,Clear,Dark,Dry,64,Woodbine Corridor,64,Woodbine Corridor (64),Non-Fatal Injury,0,0,1,0,0,0,0,0,0,0,0,0,0,SMV Unattended Vehicle,"['Vehicle Owner', 'Driver', 'Other']",South,"['Other', 'Automobile, Station Wagon']","['Going Ahead', 'Parked']",['Lost control'],['Unknown'],['Not Applicable'],['Not Applicable'],['Not Applicable'],['Not Applicable'],['Not Applicable'],False,"['unknown', '30 to 34']",3.0
1290624.0,2012-02-27 10:00:00,2020,2012,DUNDAS ST W,ST CLARENS AVE,Minor Arterial,Toronto and East York,43.650045,-79.43829,625943.3494,4834189.2656,At Intersection,Stop Sign,Clear,Dark,Dry,84,Little Portugal,84,Little Portugal (84),Non-Fatal Injury,0,1,1,0,0,0,0,0,0,1,0,0,0,Cyclist Collisions,"['Driver', 'Cyclist']",North,"['Automobile, Station Wagon', 'Bicycle']",['Going Ahead'],['Disobeyed Traffic Control'],['Unknown'],['Not Applicable'],['Not Applicable'],"['Motorist without ROW drives into path of cyclist at inter, lnwy, dwy-Driver not turn.']",['Driving Properly'],['Normal'],False,"['unknown', '50 to 54']",3.0
1290852.0,2012-02-29 10:00:00,2023,2012,HUMBERLINE DR,HUMBER COLLEGE BLVD,Minor Arterial,Etobicoke York,43.732145,-79.60909,612016.2232,4843062.5294,At Intersection,Traffic Signal,Rain,Dark,Wet,1,West Humber-Clairville,1,West Humber-Clairville (1),Non-Fatal Injury,1,0,1,0,0,0,0,0,0,0,0,0,0,Pedestrian Collisions,"['Driver', 'Pedestrian']",North,"['Automobile, Station Wagon', 'Other']",['Turning Left'],['Improper Turn'],['Inattentive'],['Crossing with right of way'],['Normal'],['Not Applicable'],['Not Applicable'],['Not Applicable'],False,"['65 to 69', '20 to 24']",3.0
1291004.0,2012-03-01 10:00:00,1951,2012,3850 SHEPPARD AVE E,Not Applicable,Major Arterial,Scarborough,43.782345,-79.29249,637398.737,4849114.7114,Unknown,No Control,Clear,Daylight,Dry,118,Tam O'Shanter-Sullivan,118,Tam O'Shanter-Sullivan (118),Non-Fatal Injury,1,0,1,0,0,0,0,0,0,0,0,0,0,Pedestrian Collisions,"['Driver', 'Pedestrian']",Unknown,"['Automobile, Station Wagon', 'Other']",['Going Ahead'],['Driving Properly'],['Normal'],['Other'],['Had Been Drinking'],['Not Applicable'],['Not Applicable'],['Not Applicable'],False,['35 to 39'],3.0
1291089.0,2012-03-02 10:00:00,110,2012,YONGE Stre,EGLINTON Aven E,Major Arterial,North York,43.707345,-79.39849,629030.1536,4840614.3814,Unknown,No Control,Clear,Dark,Dry,173,North Toronto,104,Mount Pleasant West (104),Non-Fatal Injury,1,0,1,0,0,0,0,0,0,0,0,0,0,Pedestrian Collisions,"['Vehicle Owner', 'Driver', 'Pedestrian']",North,"['Other', 'Automobile, Station Wagon']",['Going Ahead'],['Driving Properly'],['Normal'],"['Crossing, no Traffic Control']",['Had Been Drinking'],['Not Applicable'],['Not Applicable'],['Not Applicable'],False,"['unknown', '30 to 34', '40 to 44']",3.0
1291108.0,2012-03-02 10:00:00,1635,2012,EGLINTON AVE E,BIRCHMOUNT RD,Major Arterial,Scarborough,43.729945,-79.27789,638694.5845,4843319.2273,At Intersection,Traffic Signal,Clear,Daylight,Dry,120,Clairlea-Birchmount,120,Clairlea-Birchmount (120),Non-Fatal Injury,1,0,1,0,0,0,0,0,0,1,0,0,0,Pedestrian Collisions,"['Vehicle Owner', 'Driver', 'Pedestrian']",West,"['Other', 'Automobile, Station Wagon']",['Turning Right'],['Failed to Yield Right of Way'],['Inattentive'],['Crossing with right of way'],['Normal'],['Not Applicable'],['Not Applicable'],['Not Applicable'],False,"['unknown', '55 to 59', '25 to 29']",3.0
1291380.0,2012-04-28 08:00:00,2108,2012,ELLESMERE RD,MCCOWAN RD,Major Arterial,Scarborough,43.772145,-79.25149,640721.8604,4848050.7095,At Intersection,Traffic Signal,Clear,Dark,Dry,142,Woburn North,137,Woburn (137),Non-Fatal Injury,1,0,1,0,0,0,0,0,0,0,0,0,0,Pedestrian Collisions,"['Driver', 'Pedestrian']",Unknown,"['Automobile, Station Wagon', 'Other']",['Going Ahead'],['Driving Properly'],['Normal'],['Crossing without right of way'],['Had Been Drinking'],['Not Applicable'],['Not Applicable'],['Not Applicable'],False,"['65 to 69', '40 to 44']",3.0
1291534.0,2012-03-02 10:00:00,1812,2012,PARLIAMENT ST,SPRUCE ST,Minor Arterial,Toronto and East York,43.663245,-79.36759,631616.1345,4835765.0287,Unknown,No Control,Clear,Daylight,Dry,73,Moss Park,73,Moss Park (73),Non-Fatal Injury,1,0,0,1,0,0,0,0,0,1,0,0,0,Pedestrian Collisions,"['Motorcycle Driver', 'Other', 'Pedestrian']",South,"['Motorcycle', 'Other']","['Going Ahead', 'Parked']",['Lost control'],['Inattentive'],['Walking on Roadway with Traffic'],['Normal'],['Not Applicable'],['Not Applicable'],['Not Applicable'],False,"['45 to 49', 'unknown', '30 to 34']",3.0
1291622.0,2012-03-04 10:00:00,934,2012,TAPSCOTT Road,WASHBURN Way,Minor Arterial,Scarborough,43.804445,-79.22419,642842.0522,4851684.9032,At Intersection,Traffic Signal,Clear,Daylight,Dry,145,Malvern West,132,Malvern (132),Non-Fatal Injury,1,0,1,0,0,0,0,0,0,1,0,0,0,Pedestrian Collisions,"['Pedestrian', 'Vehicle Owner', 'Driver']",North,"['Other', 'Automobile, Station Wagon']",['Turning Left'],['Failed to Yield Right of Way'],['Inattentive'],['Crossing with right of way'],['Normal'],['Not Applicable'],['Not Applicable'],['Not Applicable'],False,"['75 to 79', 'unknown', '30 to 34']",3.0
1291646.0,2012-03-03 10:00:00,1515,2012,ADELAIDE Stre W,UNIVERSITY Aven,Major Arterial,Toronto and East York,43.648945,-79.38509,630236.0593,4834149.2112,Unknown,No Control,Clear,Daylight,Dry,170,Yonge-Bay Corridor,76,Bay Street Corridor (76),Non-Fatal Injury,1,0,1,0,0,0,0,0,0,0,0,0,0,Pedestrian Collisions,"['Driver', 'Pedestrian']",East,"['Automobile, Station Wagon', 'Other']",['Going Ahead'],['Driving Properly'],['Normal'],"['Crossing, no Traffic Control']",['Inattentive'],['Not Applicable'],['Not Applicable'],['Not Applicable'],False,"['40 to 44', '60 to 64']",3.0
1291754.0,2012-03-05 10:00:00,1214,2012,1 MASSEY Sq,Not Applicable,Other,Toronto and East York,43.696445,-79.29229,637611.4865,4839574.5648,Unknown,No Control,Clear,Daylight,Dry,61,Taylor-Massey,61,Taylor-Massey (61),Non-Fatal Injury,1,0,1,0,0,0,0,0,0,1,0,0,0,Pedestrian Collisions,"['Driver', 'Pedestrian']",South,"['Automobile, Station Wagon', 'Other']",['Going Ahead'],['Failed to Yield Right of Way'],['Normal'],['On Sidewalk or Shoulder'],['Normal'],['Not Applicable'],['Not Applicable'],['Not Applicable'],False,"['50 to 54', 'unknown']",3.0