accident_number,date,time,year,street1,street2,road_class,district,latitude,longitude,x,y,accident_location,traffctl,visibility,light,road_surface_condition,hood_158,neighbourhood_new,hood_140,neighbourhood_old,accident_class,pedestrian,cyclist,automobile,motorcycle,truck,trsn_city_veh,emerg_veh,passenger,speeding,aggressive_driving,redlight,alcohol,disability,impact_type,involvement_type,initial_direction,vehicle_type,manoeuver,driver_action,driver_condition,pedestrian_action,pedestrian_condition,cyclist_type,cyclist_action,cyclist_condition,injury,involvement_age,injury_severity_score
1291846.0,2012-03-28 08:00:00,952,2012,DUNDAS Stre W,SHAW Stre,Major Arterial,Toronto and East York,43.649844,-79.418292,627556.5199,4834197.4864,At Intersection,Traffic Signal,Clear,Daylight,Dry,81,Trinity-Bellwoods,81,Trinity-Bellwoods (81),Non-Fatal Injury,0,1,1,0,0,0,0,0,0,0,0,0,0,Cyclist Collisions,"['Driver', 'Cyclist']",East,"['Automobile, Station Wagon', 'Bicycle']","['Unknown', 'Going Ahead']",['Other'],['Unknown'],['Not Applicable'],['Not Applicable'],['Insufficient information (to determine cyclist crash type).'],['Other'],['Unknown'],False,"['unknown', '30 to 34']",3.0
1291890.0,2012-05-01 08:00:00,1802,2012,MARKHAM RD,BLAKEMANOR BLVD,Major Arterial,Scarborough,43.751145,-79.22219,643130.0543,4845768.5502,Unknown,No Control,Clear,Daylight,Dry,141,Golfdale-Cedarbrae-Woburn,137,Woburn (137),Non-Fatal Injury,0,0,1,0,0,0,0,0,1,1,0,0,0,SMV Other,"['Driver', 'Other Property Owner']",North,"['Automobile, Station Wagon', 'Other']",['Unknown'],['Lost control'],['Unknown'],['Not Applicable'],['Not Applicable'],['Not Applicable'],['Not Applicable'],['Not Applicable'],False,"['45 to 49', 'unknown']",3.0
1291892.0,2012-05-01 08:00:00,1937,2012,HYDE AVE,VALLEY CRES,Local,Etobicoke York,43.683245,-79.47639,622803.0474,4837819.4459,Unknown,No Control,Clear,Daylight,Dry,110,Keelesdale-Eglinton West,110,Keelesdale-Eglinton West (110),Non-Fatal Injury,0,0,1,0,0,0,0,0,0,0,0,0,0,SMV Unattended Vehicle,"['Driver', 'Vehicle Owner', 'Other']",West,"['Other', 'Automobile, Station Wagon']",['Going Ahead'],['Other'],['Unknown'],['Not Applicable'],['Not Applicable'],['Not Applicable'],['Not Applicable'],['Not Applicable'],False,"['20 to 24', 'unknown']",3.0
1292008.0,2012-03-07 10:00:00,2000,2012,SHEPPARD Aven W,BUCKLAND Road,Major Arterial,Etobicoke York,43.740845,-79.50429,620438.857,4844175.7951,Unknown,No Control,Clear,"Dark, artificial",Dry,25,Glenfield-Jane Heights,25,Glenfield-Jane Heights (25),Non-Fatal Injury,0,0,1,0,0,0,0,0,0,0,0,0,0,Rear End,"['Vehicle Owner', 'Driver']",West,"['Other', 'Pick Up Truck', 'Automobile, Station Wagon']","['Stopped', 'Going Ahead']","['Driving Properly', 'Lost control']",['Normal'],['Not Applicable'],['Not Applicable'],['Not Applicable'],['Not Applicable'],['Not Applicable'],False,"['unknown', '45 to 49', '25 to 29']",3.0
1292054.0,2012-03-08 10:00:00,1511,2012,STEELES Aven E,REESOR Road,Minor Arterial,Scarborough,43.850245,-79.19129,645377.2464,4856829.0817,Unknown,No Control,Clear,Daylight,Wet,144,Morningside Heights,131,Rouge (131),Non-Fatal Injury,0,0,1,0,0,0,0,0,0,0,0,0,0,Approaching,['Driver'],East,"['Automobile, Station Wagon']",['Going Ahead'],"['Driving Properly', 'Lost control']","['Normal', 'Unknown']",['Not Applicable'],['Not Applicable'],['Not Applicable'],['Not Applicable'],['Not Applicable'],False,"['45 to 49', '55 to 59']",3.0
1292158.0,2012-03-10 10:00:00,445,2012,FINCH Aven W,PITTSBORO Driv,Major Arterial,Etobicoke York,43.737445,-79.59009,613536.3726,4843677.0286,Unknown,No Control,Clear,"Dark, artificial",Dry,2,Mount Olive-Silverstone-Jamestown,2,Mount Olive-Silverstone-Jamestown (2),Non-Fatal Injury,0,0,1,0,0,0,0,0,0,0,0,0,0,SMV Other,"['Driver', 'Other Property Owner']",East,"['Automobile, Station Wagon', 'Other']",['Going Ahead'],['Lost control'],['Unknown'],['Not Applicable'],['Not Applicable'],['Not Applicable'],['Not Applicable'],['Not Applicable'],False,"['25 to 29', 'unknown']",3.0
1292500.0,2012-03-13 08:00:00,1855,2012,LAKE SHORE BLVD W,LAKE CRES,Major Arterial,Etobicoke York,43.606945,-79.49049,621820.7026,4829324.5778,Unknown,No Control,Clear,Daylight,Dry,160,Mimico-Queensway,17,Mimico (includes Humber Bay Shores) (17),Non-Fatal Injury,0,0,1,0,0,0,0,0,1,1,0,0,0,SMV Other,"['Driver', 'Other Property Owner']",North,"['Automobile, Station Wagon', 'Other']",['Going Ahead'],['Lost control'],['Unknown'],['Not Applicable'],['Not Applicable'],['Not Applicable'],['Not Applicable'],['Not Applicable'],False,"['50 to 54', 'unknown']",3.0
1292618.0,2012-05-05 08:00:00,332,2012,KENNEDY RD,WILLIAM KITCHEN RD,Major Arterial,Scarborough,43.773045,-79.28379,638120.2224,4848096.2778,At Intersection,Traffic Signal,Clear,"Dark, artificial",Dry,126,Dorset Park,126,Dorset Park (126),Non-Fatal Injury,0,0,1,1,0,0,0,0,0,1,1,1,0,Angle,"['Motorcycle Driver', 'Driver']",East,"['Motorcycle', 'Automobile, Station Wagon']",['Going Ahead'],"['Disobeyed Traffic Control', 'Driving Properly']","['Normal', 'Ability Impaired, Alcohol Over .08']",['Not Applicable'],['Not Applicable'],['Not Applicable'],['Not Applicable'],['Not Applicable'],False,"['35 to 39', '55 to 59']",3.0
1292879.0,2012-03-16 08:00:00,1704,2012,MIDDLEFIELD Rd,NASHDENE Rd,Minor Arterial,Scarborough,43.817145,-79.26089,639860.3069,4853032.7461,Unknown,No Control,Clear,Daylight,Dry,129,Agincourt North,129,Agincourt North (129),Non-Fatal Injury,1,0,1,0,0,0,0,0,0,0,0,0,0,Pedestrian Collisions,"['Driver', 'Pedestrian']",South,"['Automobile, Station Wagon', 'Other']",['Going Ahead'],['Driving Properly'],['Normal'],"['Crossing, no Traffic Control']",['Inattentive'],['Not Applicable'],['Not Applicable'],['Not Applicable'],False,"['45 to 49', '25 to 29']",3.0
1292881.0,2012-03-16 08:00:00,534,2012,MCCOWAN Rd,ELLESMERE Rd,Major Arterial,Scarborough,43.771545,-79.25129,640739.3643,4847984.41,Unknown,No Control,Clear,"Dark, artificial",Dry,142,Woburn North,137,Woburn (137),Non-Fatal Injury,0,1,1,0,0,0,0,0,0,1,0,0,0,Cyclist Collisions,"['Driver', 'Cyclist']",North,"['Automobile, Station Wagon', 'Bicycle']",['Going Ahead'],['Improper Passing'],['Normal'],['Not Applicable'],['Not Applicable'],['Cyclist and Driver travelling in same direction. One vehicle rear-ended the other.'],['Driving Properly'],['Normal'],False,"['25 to 29', '50 to 54']",3.0
1292886.0,2012-03-16 08:00:00,1241,2012,EGLINTON Aven E,BELLAMY Road N,Major Arterial,Scarborough,43.740245,-79.23209,642358.8407,4844540.8791,At Intersection,Traffic Signal,Clear,Daylight,Dry,138,Eglinton East,138,Eglinton East (138),Non-Fatal Injury,1,0,1,0,0,0,0,0,0,1,0,0,0,Pedestrian Collisions,"['Vehicle Owner', 'Driver', 'Pedestrian']",South,"['Other', 'Automobile, Station Wagon']",['Turning Right'],['Failed to Yield Right of Way'],['Normal'],['Crossing with right of way'],['Normal'],['Not Applicable'],['Not Applicable'],['Not Applicable'],False,"['unknown', '65 to 69']",3.0
1292914.0,2012-03-14 08:00:00,1550,2012,COLLEGE ST,BATHURST ST,Major Arterial,Toronto and East York,43.656409,-79.40768,628398.34,4834942.982,At Intersection,Traffic Signal,Clear,Daylight,Dry,78,Kensington-Chinatown,78,Kensington-Chinatown (78),Non-Fatal Injury,0,1,1,0,0,0,0,0,0,0,0,0,0,Cyclist Collisions,"['Vehicle Owner', 'Cyclist', 'Driver']",East,"['Bicycle', 'Automobile, Station Wagon']","['Going Ahead', 'Turning Right']",['Driving Properly'],['Normal'],['Not Applicable'],['Not Applicable'],"['Cyclist without ROW rides into path of motorist at inter, lnwy, dwy-Cyclist not turn.']",['Improper Passing'],['Normal'],False,"['unknown', '50 to 54', '25 to 29']",3.0
1292918.0,2012-05-07 08:00:00,801,2012,STEELES AVE E,BIRCHMOUNT RD,Major Arterial,Scarborough,43.821345,-79.31689,635347.2148,4853406.076,At Intersection,Traffic Signal,Clear,Daylight,Dry,116,Steeles,116,Steeles (116),Fatal,1,0,1,0,0,0,0,1,0,0,0,0,0,Pedestrian Collisions,"['Driver', 'Passenger', 'Pedestrian']",East,"['Automobile, Station Wagon', 'Other']","['Going Ahead', 'Turning Left']","['Lost control', 'Driving Properly']","['Inattentive', 'Normal']",['Crossing with right of way'],['Normal'],['Not Applicable'],['Not Applicable'],['Not Applicable'],True,"['50 to 54', '15 to 19', '80 to 84', '30 to 34']",4.0
1293088.0,2012-03-18 08:00:00,1810,2012,BLOOR Stre W,LAUREL Aven,Major Arterial,Etobicoke York,43.638145,-79.55149,616837.3791,4832702.0523,At Intersection,No Control,Clear,Daylight,Dry,158,Islington,14,Islington-City Centre West (14),Non-Fatal Injury,0,0,1,1,0,0,0,0,1,1,0,0,0,Rear End,"['Vehicle Owner', 'Motorcycle Driver', 'Driver']",East,"['Other', 'Motorcycle', 'Automobile, Station Wagon']","['Going Ahead', 'Stopped']","['Speed too Fast For Condition', 'Driving Properly']",['Normal'],['Not Applicable'],['Not Applicable'],['Not Applicable'],['Not Applicable'],['Not Applicable'],False,"['unknown', '25 to 29', '55 to 59']",3.0
1293192.0,2012-03-15 08:00:00,1733,2012,BLOOR Stre W,MARKLAND Driv,Major Arterial,Etobicoke York,43.633545,-79.57079,615289.4176,4832164.1805,At Intersection,Traffic Signal,Clear,Daylight,Dry,12,Markland Wood,12,Markland Wood (12),Non-Fatal Injury,0,0,1,0,0,0,0,1,0,1,0,0,0,Turning Movement,"['Passenger', 'Driver']",East,"['Other', 'Automobile, Station Wagon']","['Going Ahead', 'Turning Left']","['Driving Properly', 'Failed to Yield Right of Way']",['Normal'],['Not Applicable'],['Not Applicable'],['Not Applicable'],['Not Applicable'],['Not Applicable'],False,"['20 to 24', '30 to 34', '50 to 54']",3.0
1293196.0,2012-03-15 08:00:00,1330,2012,DUNDAS Stre W,HIGHWAY 427 C  S,Major Arterial,Etobicoke York,43.628945,-79.55489,616580.9186,4831675.4984,At Intersection,Traffic Signal,Clear,Daylight,Dry,159,Etobicoke City Centre,14,Islington-City Centre West (14),Non-Fatal Injury,0,0,1,0,0,0,0,1,0,1,0,0,0,Angle,"['Driver', 'Passenger', 'Vehicle Owner']",North,"['Automobile, Station Wagon', 'Other']",['Going Ahead'],"['Driving Properly', 'Failed to Yield Right of Way']",['Normal'],['Not Applicable'],['Not Applicable'],['Not Applicable'],['Not Applicable'],['Not Applicable'],False,"['50 to 54', '0 to 4', 'unknown', '30 to 34', '25 to 29', '55 to 59']",3.0
1293309.0,2012-05-09 08:00:00,1528,2012,ISLINGTON AVE,MILADY RD,Major Arterial,Etobicoke York,43.752245,-79.56839,615255.4242,4845350.745,At Intersection,Traffic Signal,Other,Daylight,Other,21,Humber Summit,21,Humber Summit (21),Non-Fatal Injury,0,0,1,0,1,0,0,1,0,1,1,0,0,Turning Movement,"['Vehicle Owner', 'Truck Driver', 'Passenger', 'Driver']",North,"['Other', 'Truck - Open', 'Automobile, Station Wagon']","['Going Ahead', 'Turning Left']","['Disobeyed Traffic Control', 'Driving Properly']",['Normal'],['Not Applicable'],['Not Applicable'],['Not Applicable'],['Not Applicable'],['Not Applicable'],False,"['unknown', '25 to 29', '10 to 14', '20 to 24']",3.0
1293387.0,2012-03-20 08:00:00,1025,2012,LAKE SHORE BLVD W,PALACE PIER CRT,Major Arterial,Etobicoke York,43.632945,-79.47319,623163.7654,4832237.7192,Unknown,No Control,"Fog, Mist, Smoke, Dust",Daylight,Dry,161,Humber Bay Shores,17,Mimico (includes Humber Bay Shores) (17),Non-Fatal Injury,0,0,1,0,0,0,0,0,1,1,0,0,0,Rear End,['Driver'],East,"['Automobile, Station Wagon']","['Going Ahead', 'Disabled']","['Speed too Fast For Condition', 'Other']","['Inattentive', 'Other']",['Not Applicable'],['Not Applicable'],['Not Applicable'],['Not Applicable'],['Not Applicable'],False,"['65 to 69', '35 to 39']",3.0
1293487.0,2012-03-22 08:00:00,1825,2012,HUMBERLINE Driv,HOLYOAKE Cres,Collector,Etobicoke York,43.732245,-79.61379,611637.523,4843067.2932,Unknown,No Control,Clear,Daylight,Dry,1,West Humber-Clairville,1,West Humber-Clairville (1),Non-Fatal Injury,1,0,0,0,0,1,0,0,0,0,0,0,0,Pedestrian Collisions,"['Vehicle Owner', 'Driver', 'Pedestrian']",West,"['Other', 'Municipal Transit Bus (TTC)']",['Going Ahead'],['Driving Properly'],['Normal'],['Person Getting on/off Vehicle'],"['Ability Impaired, Alcohol']",['Not Applicable'],['Not Applicable'],['Not Applicable'],False,"['unknown', '50 to 54']",3.0
1293779.0,2012-03-24 08:00:00,921,2012,DUNDAS ST W,BLOOR ST W,Major Arterial,Toronto and East York,43.65631,-79.452441,624789.1617,4834863.6963,At Intersection,Traffic Signal,Clear,Daylight,Dry,86,Roncesvalles,86,Roncesvalles (86),Non-Fatal Injury,0,0,1,0,1,0,0,0,0,0,0,0,0,Turning Movement,"['Vehicle Owner', 'Truck Driver', 'Driver', 'Other']",North,"['Truck-Tractor', 'Automobile, Station Wagon']","['Turning Left', 'Going Ahead']","['Improper Turn', 'Driving Properly']",['Normal'],['Not Applicable'],['Not Applicable'],['Not Applicable'],['Not Applicable'],['Not Applicable'],False,"['unknown', '45 to 49', '40 to 44']",3.0
1293835.0,2012-05-11 08:00:00,1239,2012,DUPLEX AVE,ANDERSON AVE,Collector,Toronto and East York,43.704245,-79.40049,628875.6594,4840266.9717,At Intersection,Stop Sign,Clear,Daylight,Dry,100,Yonge-Eglinton,100,Yonge-Eglinton (100),Fatal,1,0,1,0,0,0,0,0,0,0,0,0,0,Pedestrian Collisions,"['Vehicle Owner', 'Driver', 'Pedestrian']",East,"['Other', 'Automobile, Station Wagon']",['Turning Left'],['Improper Turn'],['Inattentive'],['Crossing with right of way'],['Normal'],['Not Applicable'],['Not Applicable'],['Not Applicable'],True,"['unknown', '45 to 49', '80 to 84']",4.0
1293932.0,2012-04-20 08:00:00,149,2012,LAKE SHORE BLVD W,ELLIS AVE,Major Arterial,Toronto and East York,43.637045,-79.46349,623937.8177,4832707.5134,Unknown,No Control,Clear,"Dark, artificial",Dry,85,South Parkdale,85,South Parkdale (85),Non-Fatal Injury,0,0,1,0,0,0,0,1,1,1,0,0,0,SMV Other,"['Passenger', 'Vehicle Owner', 'Driver']",East,"['Other', 'Automobile, Station Wagon']",['Going Ahead'],['Lost control'],['Normal'],['Not Applicable'],['Not Applicable'],['Not Applicable'],['Not Applicable'],['Not Applicable'],False,"['20 to 24', 'unknown']",3.0
1293945.0,2012-05-12 08:00:00,2133,2012,SHEPPARD AVE W,BATHURST ST W,Major Arterial,North York,43.755445,-79.43849,625706.7404,4845895.0985,At Intersection,Traffic Signal,Clear,"Dark, artificial",Dry,33,Clanton Park,33,Clanton Park (33),Non-Fatal Injury,0,0,1,0,0,0,0,1,0,1,0,0,0,Turning Movement,"['Passenger', 'Driver']",East,"['Other', 'Automobile, Station Wagon']","['Turning Left', 'Going Ahead']","['Failed to Yield Right of Way', 'Driving Properly']","['Inattentive', 'Unknown']",['Not Applicable'],['Not Applicable'],['Not Applicable'],['Not Applicable'],['Not Applicable'],False,"['80 to 84', '20 to 24']",3.0
1294403.0,2012-05-15 08:00:00,1426,2012,WESTON RD,STEELES AVE W,Major Arterial,Etobicoke York,43.770245,-79.54649,616983.4667,4847380.6147,At Intersection,Traffic Signal,Clear,Daylight,Dry,21,Humber Summit,21,Humber Summit (21),Fatal,1,0,0,0,1,0,0,0,0,1,0,0,0,Pedestrian Collisions,"['Pedestrian', 'Vehicle Owner', 'Truck Driver']",South,"['Other', 'Truck - Open']",['Turning Right'],['Failed to Yield Right of Way'],['Inattentive'],['Crossing with right of way'],['Normal'],['Not Applicable'],['Not Applicable'],['Not Applicable'],True,"['75 to 79', 'unknown', '30 to 34']",4.0
1294470.0,2012-05-15 08:00:00,1320,2012,KIPLING AVE,PRINCE GEORGE DR,Major Arterial,Etobicoke York,43.667645,-79.54669,617167.1736,4835985.1708,Unknown,Stop Sign,Clear,Daylight,Dry,10,Princess-Rosethorn,10,Princess-Rosethorn (10),Non-Fatal Injury,0,1,1,0,0,0,0,0,0,1,0,0,0,Cyclist Collisions,"['Driver', 'Cyclist']",East,"['Automobile, Station Wagon', 'Bicycle']","['Turning Right', 'Going Ahead']",['Failed to Yield Right of Way'],['Inattentive'],['Not Applicable'],['Not Applicable'],"['Motorist turns right at non-signal Inter.(stop, yield, no cont.,and dwy) and strikes cyclist.']",['Driving Properly'],['Inattentive'],False,"['60 to 64', '50 to 54']",3.0
1294734.0,2012-03-28 08:00:00,15,2012,FRONT Stre W,SIMCOE Stre,Minor Arterial,Toronto and East York,43.644745,-79.38499,630253.2016,4833682.9034,At Intersection,Traffic Signal,Clear,"Dark, artificial",Dry,165,Harbourfront-CityPlace,77,Waterfront Communities-The Island (77),Non-Fatal Injury,1,0,1,0,0,0,0,0,0,1,0,0,0,Pedestrian Collisions,"['Driver', 'Vehicle Owner', 'Pedestrian']",East,"['Automobile, Station Wagon', 'Other']","['Turning Left', 'Going Ahead']","['Failed to Yield Right of Way', 'Driving Properly']","['Inattentive', 'Normal']",['On Sidewalk or Shoulder'],['Normal'],['Not Applicable'],['Not Applicable'],['Not Applicable'],False,"['20 to 24', 'unknown', '45 to 49']",3.0
1294902.0,2012-05-19 08:00:00,1141,2012,FINCH AVE W,DRIFTWOOD AVE,Major Arterial,Etobicoke York,43.749445,-79.55449,616379.9137,4845059.1986,At Intersection,No Control,Clear,Daylight,Dry,22,Humbermede,22,Humbermede (22),Non-Fatal Injury,0,1,1,0,0,0,0,0,0,0,0,0,0,Cyclist Collisions,"['Driver', 'Cyclist']",East,"['Automobile, Station Wagon', 'Bicycle']","['Going Ahead', 'Unknown']",['Driving Properly'],['Normal'],['Not Applicable'],['Not Applicable'],"['Cyclist loses control and strikes object (pole, ttc track)']",['Lost control'],['Medical or Physical Disability'],False,"['40 to 44', '45 to 49']",3.0
1295059.0,2012-03-28 08:00:00,1043,2012,LANSDOWNE Aven,WHYTOCK Aven,Minor Arterial,Toronto and East York,43.653845,-79.44119,625701.5503,4834606.9079,At Intersection,Stop Sign,Clear,Daylight,Dry,83,Dufferin Grove,83,Dufferin Grove (83),Non-Fatal Injury,0,0,1,0,0,0,0,0,0,1,0,0,0,Turning Movement,"['Vehicle Owner', 'Driver']",East,"['Other', 'Automobile, Station Wagon']","['Going Ahead', 'Turning Left']","['Driving Properly', 'Failed to Yield Right of Way']",['Normal'],['Not Applicable'],['Not Applicable'],['Not Applicable'],['Not Applicable'],['Not Applicable'],False,"['unknown', '15 to 19', '70 to 74']",3.0
1295331.0,2012-03-30 08:00:00,1330,2012,OLD MILL TRL,BLOOR ST W,Major Arterial,Etobicoke York,43.649645,-79.49539,621339.3114,4834059.7676,Unknown,Traffic Signal,Clear,Daylight,Dry,15,Kingsway South,15,Kingsway South (15),Non-Fatal Injury,1,0,1,0,0,0,0,0,0,0,0,0,0,Pedestrian Collisions,"['Driver', 'Pedestrian']",East,"['Automobile, Station Wagon', 'Other']",['Reversing'],['Other'],['Normal'],['Other'],['Normal'],['Not Applicable'],['Not Applicable'],['Not Applicable'],False,"['40 to 44', '90 to 94']",3.0
1295374.0,2012-03-29 08:00:00,1655,2012,WESTLAKE AVE,DANFORTH AVE,Major Arterial,Toronto and East York,43.687445,-79.30499,636608.5103,4838553.9879,Unknown,Traffic Signal,Clear,Daylight,Dry,62,East End-Danforth,62,East End-Danforth (62),Non-Fatal Injury,1,0,1,0,0,0,0,0,0,0,0,0,0,Pedestrian Collisions,"['Driver', 'Pedestrian']",South,"['Automobile, Station Wagon', 'Other']",['Turning Right'],['Improper Turn'],['Normal'],['Crossing with right of way'],['Normal'],['Not Applicable'],['Not Applicable'],['Not Applicable'],False,"['45 to 49', '70 to 74']",3.0
1295424.0,2012-03-31 08:00:00,1700,2012,97 PROGRESS Ave,Not Applicable,Minor Arterial,Scarborough,43.771945,-79.27569,638774.6603,4847987.6501,Unknown,No Control,Clear,Daylight,Dry,126,Dorset Park,126,Dorset Park (126),Non-Fatal Injury,0,0,1,1,0,0,0,0,0,0,0,0,0,Rear End,"['Motorcycle Driver', 'Driver']",East,"['Motorcycle', 'Automobile, Station Wagon']","['Slowing or Stopping', 'Stopped']","['Lost control', 'Driving Properly']",['Normal'],['Not Applicable'],['Not Applicable'],['Not Applicable'],['Not Applicable'],['Not Applicable'],False,"['25 to 29', '30 to 34']",3.0
1295588.0,2012-04-01 08:00:00,510,2012,MCCOWAN RD,FINCH AVE E,Major Arterial,Scarborough,43.811245,-79.26899,639222.6033,4852363.7928,Unknown,No Control,Drifting Snow,"Dark, artificial",Wet,129,Agincourt North,129,Agincourt North (129),Non-Fatal Injury,0,0,1,0,0,0,0,0,0,0,0,1,0,Approaching,"['Driver', 'Vehicle Owner']",North,"['Automobile, Station Wagon', 'Other']",['Going Ahead'],"['Driving Properly', 'Lost control']","['Normal', 'Ability Impaired, Alcohol Over .08']",['Not Applicable'],['Not Applicable'],['Not Applicable'],['Not Applicable'],['Not Applicable'],False,"['45 to 49', 'unknown', '35 to 39']",3.0
1295639.0,2012-04-01 08:00:00,829,2012,LANSDOWNE Ave,PATON RD,Minor Arterial,Toronto and East York,43.660645,-79.44359,625493.8476,4835358.504,At Intersection,Pedestrian Crossover,Clear,Daylight,Wet,171,Junction-Wallace Emerson,93,Dovercourt-Wallace Emerson-Junction (93),Non-Fatal Injury,0,0,1,0,0,0,0,1,0,1,0,0,0,Angle,"['Vehicle Owner', 'Passenger', 'Driver']",East,"['Other', 'Taxi', 'Automobile, Station Wagon']",['Going Ahead'],"['Failed to Yield Right of Way', 'Driving Properly']",['Normal'],['Not Applicable'],['Not Applicable'],['Not Applicable'],['Not Applicable'],['Not Applicable'],False,"['unknown', '70 to 74', '55 to 59']",3.0
1295871.0,2012-05-27 08:00:00,1240,2012,22 DELHI AVE,Not Applicable,Local,North York,43.742343,-79.418292,627360.5467,4844470.7808,Unknown,No Control,Clear,Daylight,Dry,39,Bedford Park-Nortown,39,Bedford Park-Nortown (39),Fatal,1,0,1,0,0,0,0,0,0,0,0,0,0,Pedestrian Collisions,"['Driver', 'Pedestrian']",North,"['Automobile, Station Wagon', 'Other']",['Reversing'],['Other'],['Inattentive'],['Walking on Roadway Against Traffic'],['Medical or Physical Disability'],['Not Applicable'],['Not Applicable'],['Not Applicable'],True,"['50 to 54', '80 to 84']",4.0
1296056.0,2012-04-02 08:00:00,1010,2012,QUEEN St E,JONES Ave,Minor Arterial,Toronto and East York,43.662644,-79.332789,634423.4034,4835754.0778,At Intersection,Traffic Signal,Clear,Daylight,Dry,70,South Riverdale,70,South Riverdale (70),Non-Fatal Injury,1,0,1,0,0,0,0,0,0,1,0,0,0,Pedestrian Collisions,"['Vehicle Owner', 'Driver', 'Pedestrian']",North,"['Other', 'Automobile, Station Wagon']",['Turning Left'],['Failed to Yield Right of Way'],['Normal'],['Crossing with right of way'],['Normal'],['Not Applicable'],['Not Applicable'],['Not Applicable'],False,"['unknown', '30 to 34', '75 to 79']",3.0
1296063.0,2012-04-02 08:00:00,1520,2012,COMSTOCK Rd,WARDEN Ave,Major Arterial,Scarborough,43.721545,-79.28499,638142.069,4842374.4239,At Intersection,Traffic Signal,Clear,Daylight,Dry,120,Clairlea-Birchmount,120,Clairlea-Birchmount (120),Non-Fatal Injury,0,0,1,1,0,0,0,0,0,1,0,0,0,Turning Movement,"['Vehicle Owner', 'Driver', 'Motorcycle Driver']",East,"['Other', 'Automobile, Station Wagon', 'Motorcycle']","['Turning Left', 'Going Ahead']","['Failed to Yield Right of Way', 'Driving Properly']",['Normal'],['Not Applicable'],['Not Applicable'],['Not Applicable'],['Not Applicable'],['Not Applicable'],False,"['unknown', '45 to 49', '25 to 29']",3.0
1296711.0,2012-04-05 08:00:00,340,2012,UNIVERSITY AVE,ADELAIDE ST W,Major Arterial,Toronto and East York,43.648845,-79.38559,630195.952,4834137.3203,At Intersection,Traffic Signal,Clear,"Dark, artificial",Dry,170,Yonge-Bay Corridor,76,Bay Street Corridor (76),Non-Fatal Injury,0,0,1,0,1,0,0,1,0,1,1,0,0,Angle,"['Vehicle Owner', 'Truck Driver', 'Passenger', 'Driver']",East,"['Other', 'Truck - Open', 'Automobile, Station Wagon']",['Going Ahead'],"['Disobeyed Traffic Control', 'Driving Properly']","['Inattentive', 'Normal']",['Not Applicable'],['Not Applicable'],['Not Applicable'],['Not Applicable'],['Not Applicable'],False,"['unknown', '50 to 54', '25 to 29', '35 to 39', '45 to 49']",3.0
1296775.0,2012-04-05 08:00:00,1815,2012,DOVERCOURT RD,NORTHUMBERLAND ST,Minor Arterial,Toronto and East York,43.662245,-79.42969,626611.2567,4835557.3231,At Intersection,Stop Sign,Clear,Daylight,Dry,172,Dovercourt Village,93,Dovercourt-Wallace Emerson-Junction (93),Non-Fatal Injury,1,0,1,0,0,0,0,0,0,0,0,0,0,Pedestrian Collisions,"['Driver', 'Pedestrian']",East,"['Automobile, Station Wagon', 'Other']",['Reversing'],['Other'],['Normal'],['Other'],['Normal'],['Not Applicable'],['Not Applicable'],['Not Applicable'],False,"['50 to 54', '85 to 89']",3.0
1296801.0,2012-06-01 08:00:00,645,2012,BLACK CREEK DR,EGLINTON AVE W,Major Arterial,Etobicoke York,43.688296,-79.482837,622273.1519,4838370.9018,At Intersection,Traffic Signal,Rain,Daylight,Wet,110,Keelesdale-Eglinton West,110,Keelesdale-Eglinton West (110),Non-Fatal Injury,0,0,1,0,0,0,0,1,0,1,1,0,0,Angle,"['Vehicle Owner', 'Driver', 'Passenger']",East,"['Automobile, Station Wagon']",['Going Ahead'],"['Driving Properly', 'Disobeyed Traffic Control']",['Normal'],['Not Applicable'],['Not Applicable'],['Not Applicable'],['Not Applicable'],['Not Applicable'],False,"['unknown', '50 to 54', '55 to 59', '45 to 49', '40 to 44']",3.0
1297456.0,2012-04-07 08:00:00,2043,2012,KINGSTON RD,VALHALLA BLVD,Major Arterial,Scarborough,43.689433,-79.268268,639563.5268,4838835.9338,At Intersection,No Control,Clear,"Dusk, artificial",Dry,122,Birchcliffe-Cliffside,122,Birchcliffe-Cliffside (122),Non-Fatal Injury,0,0,1,1,0,0,0,0,0,1,0,1,0,Turning Movement,"['Motorcycle Driver', 'Driver']",East,"['Motorcycle', 'Automobile, Station Wagon']","['Going Ahead', 'Turning Left']","['Driving Properly', 'Failed to Yield Right of Way']","['Normal', 'Ability Impaired, Alcohol']",['Not Applicable'],['Not Applicable'],['Not Applicable'],['Not Applicable'],['Not Applicable'],False,"['30 to 34', '50 to 54']",3.0
1297568.0,2012-04-10 08:00:00,1435,2012,YONGE ST,NORTHTOWN WAY,Major Arterial,North York,43.775245,-79.41439,627604.7814,4848131.0469,Unknown,No Control,Clear,Daylight,Dry,151,Yonge-Doris,51,Willowdale East (51),Non-Fatal Injury,1,0,1,0,0,0,0,0,0,0,0,0,0,Pedestrian Collisions,"['Driver', 'Pedestrian']",East,"['Automobile, Station Wagon', 'Other']",['Going Ahead'],['Driving Properly'],['Normal'],['Running onto Roadway'],['Normal'],['Not Applicable'],['Not Applicable'],['Not Applicable'],False,"['35 to 39', '25 to 29']",3.0
1297829.0,2012-04-13 08:00:00,1850,2012,ELMHURST DR,ISLINGTON AVE,Major Arterial,Etobicoke York,43.723145,-79.55889,616076.4642,4842132.037,At Intersection,Traffic Signal,Clear,Daylight,Dry,5,Elms-Old Rexdale,5,Elms-Old Rexdale (5),Non-Fatal Injury,1,0,1,0,0,0,0,0,0,1,0,0,0,Pedestrian Collisions,"['Driver', 'Pedestrian']",North,"['Automobile, Station Wagon', 'Other']",['Turning Left'],['Failed to Yield Right of Way'],['Normal'],['Crossing with right of way'],['Normal'],['Not Applicable'],['Not Applicable'],['Not Applicable'],False,"['50 to 54', '40 to 44']",3.0