accident_number,date,time,year,street1,street2,road_class,district,latitude,longitude,x,y,accident_location,traffctl,visibility,light,road_surface_condition,hood_158,neighbourhood_new,hood_140,neighbourhood_old,accident_class,pedestrian,cyclist,automobile,motorcycle,truck,trsn_city_veh,emerg_veh,passenger,speeding,aggressive_driving,redlight,alcohol,disability,impact_type,involvement_type,initial_direction,vehicle_type,manoeuver,driver_action,driver_condition,pedestrian_action,pedestrian_condition,cyclist_type,cyclist_action,cyclist_condition,injury,involvement_age,injury_severity_score
1311498.0,2012-07-20 08:00:00,1300,2012,QUEENS QUAY W,LOWER SIMCOE ST,Minor Arterial,Toronto and East York,43.639545,-79.38269,630449.9562,4833108.9883,At Intersection,Traffic Signal,Clear,Daylight,Dry,165,Harbourfront-CityPlace,77,Waterfront Communities-The Island (77),Non-Fatal Injury,0,0,0,0,0,1,0,1,0,0,0,0,0,Rear End,"['Passenger', 'Vehicle Owner', 'Driver']",West,"['Other', 'Municipal Transit Bus (TTC)']","['Going Ahead', 'Stopped']","['Lost control', 'Driving Properly']","['Inattentive', 'Normal']",['Not Applicable'],['Not Applicable'],['Not Applicable'],['Not Applicable'],['Not Applicable'],False,"['25 to 29', '10 to 14', '55 to 59', '35 to 39', '30 to 34', 'unknown', '85 to 89', '50 to 54', '45 to 49', '40 to 44']",3.0
1311500.0,2012-07-20 08:00:00,1140,2012,RICHMOND Stre E,VICTORIA Stre,Major Arterial,Toronto and East York,43.651845,-79.37819,630786.2281,4834482.1461,At Intersection,No Control,Clear,Daylight,Dry,168,Downtown Yonge East,75,Church-Yonge Corridor (75),Non-Fatal Injury,0,0,1,0,0,1,0,0,0,0,0,0,0,Rear End,"['Vehicle Owner', 'Driver']",West,"['Other', 'Automobile, Station Wagon', 'Municipal Transit Bus (TTC)']","['Stopped', 'Slowing or Stopping']",['Driving Properly'],['Normal'],['Not Applicable'],['Not Applicable'],['Not Applicable'],['Not Applicable'],['Not Applicable'],False,"['unknown', '45 to 49', '35 to 39']",3.0
1311542.0,2012-08-19 08:00:00,2318,2012,SHEPPARD AVE E,AMETHYST RD,Major Arterial,Scarborough,43.780445,-79.30049,636759.3238,4848890.4395,Unknown,No Control,Clear,"Dark, artificial",Dry,118,Tam O'Shanter-Sullivan,118,Tam O'Shanter-Sullivan (118),Non-Fatal Injury,1,0,1,0,0,0,0,1,0,1,0,0,0,Pedestrian Collisions,"['Passenger', 'Vehicle Owner', 'Driver', 'Pedestrian']",North,"['Other', 'Automobile, Station Wagon']",['Going Ahead'],['Failed to Yield Right of Way'],['Normal'],"['Crossing, no Traffic Control']",['Normal'],['Not Applicable'],['Not Applicable'],['Not Applicable'],False,"['25 to 29', 'unknown', '60 to 64', '65 to 69']",3.0
1311577.0,2012-07-23 08:00:00,824,2012,YONGE ST,GROSVENOR ST,Major Arterial,Toronto and East York,43.663045,-79.38379,630310.3978,4835717.2435,At Intersection,Traffic Signal,Clear,Daylight,Dry,167,Church-Wellesley,75,Church-Yonge Corridor (75),Non-Fatal Injury,0,1,1,0,0,0,0,0,0,0,0,0,0,Cyclist Collisions,"['Driver', 'Cyclist']",East,"['Automobile, Station Wagon', 'Bicycle']","['Turning Left', 'Going Ahead']",['Driving Properly'],['Normal'],['Not Applicable'],['Not Applicable'],['Motorist turned left across cyclists path.'],['Disobeyed Traffic Control'],['Inattentive'],False,"['50 to 54', '25 to 29']",3.0
1311644.0,2012-08-25 08:00:00,810,2012,CARLTON ST,SHERBOURNE ST,Minor Arterial,Toronto and East York,43.663245,-79.37259,631212.9957,4835757.1087,Unknown,No Control,Clear,Daylight,Dry,73,Moss Park,73,Moss Park (73),Fatal,1,0,1,0,0,0,0,0,0,0,0,0,0,Pedestrian Collisions,"['Driver', 'Pedestrian']",East,"['Automobile, Station Wagon', 'Other']",['Going Ahead'],['Driving Properly'],['Normal'],['Coming From Behind Parked Vehicle'],['Unknown'],['Not Applicable'],['Not Applicable'],['Not Applicable'],True,"['30 to 34', '60 to 64']",4.0
1311646.0,2012-08-25 08:00:00,1529,2012,ST CLAIR AVE W,MONDOVI GT,Major Arterial,Etobicoke York,43.671045,-79.47419,623005.294,4836467.7328,Unknown,No Control,Clear,Daylight,Dry,90,Junction Area,90,Junction Area (90),Non-Fatal Injury,1,0,0,0,0,1,0,0,0,0,0,0,0,Pedestrian Collisions,"['Vehicle Owner', 'Driver', 'Pedestrian']",South,"['Other', 'Municipal Transit Bus (TTC)']",['Going Ahead'],['Driving Properly'],['Normal'],['Running onto Roadway'],['Had Been Drinking'],['Not Applicable'],['Not Applicable'],['Not Applicable'],False,"['unknown', '35 to 39', '25 to 29']",3.0
1311647.0,2012-08-25 08:00:00,2350,2012,MARILAKE DR,SUMMERGLADE DR,Local,Scarborough,43.780945,-79.27089,639140.098,4848995.2974,Unknown,No Control,Clear,"Dark, artificial",Dry,128,Agincourt South-Malvern West,128,Agincourt South-Malvern West (128),Fatal,0,0,1,0,0,0,0,0,1,1,0,0,0,SMV Unattended Vehicle,"['Other', 'Driver']",North,"['Other', 'Automobile, Station Wagon']","['Parked', 'Going Ahead']",['Lost control'],['Unknown'],['Not Applicable'],['Not Applicable'],['Not Applicable'],['Not Applicable'],['Not Applicable'],True,"['unknown', '20 to 24']",4.0
1311734.0,2012-08-13 08:00:00,1930,2012,BLOOR ST E,ST PAULS SQ,Major Arterial,Toronto and East York,43.671145,-79.38239,630405.7356,4836619.057,Unknown,No Control,Clear,Daylight,Dry,167,Church-Wellesley,75,Church-Yonge Corridor (75),Non-Fatal Injury,0,1,1,0,0,0,0,0,0,0,0,0,0,Cyclist Collisions,"['Driver', 'Vehicle Owner', 'Cyclist']",East,"['Automobile, Station Wagon', 'Other', 'Bicycle']","['Changing Lanes', 'Going Ahead']",['Improper Lane Change'],['Unknown'],['Not Applicable'],['Not Applicable'],['Cyclist and Driver travelling in same direction. One vehicle sideswipes the other.'],['Driving Properly'],['Normal'],False,"['25 to 29', 'unknown', '60 to 64']",3.0
131219717.0,2013-12-24 10:00:00,1500,2013,VICTORIA PARK AVE,O CONNOR DR,Major Arterial,North York,43.722369,-79.301685,636795.4153,4842438.2475,Unknown,Stop Sign,Clear,Daylight,Dry,120,Clairlea-Birchmount,120,Clairlea-Birchmount (120),Fatal,1,0,1,0,0,0,0,0,0,0,0,0,0,Pedestrian Collisions,"['Driver', 'Pedestrian']",East,"['Automobile, Station Wagon']",['Turning Left'],['Driving Properly'],['Normal'],"['Crossing, no Traffic Control']",['Unknown'],['Not Applicable'],['Not Applicable'],['Not Applicable'],True,"['65 to 69', '70 to 74']",4.0
1312333.0,2012-07-25 08:00:00,1606,2012,SHEPPARD Aven E,ARAGON Aven,Major Arterial,Scarborough,43.779745,-79.30349,636519.5049,4848807.742,Unknown,No Control,Clear,Daylight,Dry,118,Tam O'Shanter-Sullivan,118,Tam O'Shanter-Sullivan (118),Non-Fatal Injury,0,0,0,0,0,1,0,1,0,0,0,0,0,Other,"['Passenger', 'Vehicle Owner', 'Driver']",East,"['Other', 'Municipal Transit Bus (TTC)']",['Going Ahead'],['Driving Properly'],['Normal'],['Not Applicable'],['Not Applicable'],['Not Applicable'],['Not Applicable'],['Not Applicable'],False,"['70 to 74', 'unknown', '50 to 54']",3.0
1312337.0,2012-07-25 08:00:00,1641,2012,BAY MILLS Blvd,BIRCHMOUNT Rd,Collector,Scarborough,43.783345,-79.30029,636768.8048,4849212.8604,Unknown,No Control,Clear,Daylight,Dry,118,Tam O'Shanter-Sullivan,118,Tam O'Shanter-Sullivan (118),Non-Fatal Injury,0,0,1,1,0,0,0,0,0,1,0,0,0,Turning Movement,"['Vehicle Owner', 'Motorcycle Driver', 'Driver']",East,"['Other', 'Motorcycle', 'Automobile, Station Wagon']","['Going Ahead', 'Turning Left']","['Driving Properly', 'Failed to Yield Right of Way']",['Normal'],['Not Applicable'],['Not Applicable'],['Not Applicable'],['Not Applicable'],['Not Applicable'],False,"['unknown', '25 to 29', '35 to 39']",3.0
1312366.0,2012-08-30 08:00:00,1019,2012,RATHBURN RD,THE EAST MALL,Minor Arterial,Etobicoke York,43.654945,-79.56429,615772.6413,4834549.9666,At Intersection,Traffic Signal,Clear,Daylight,Other,11,Eringate-Centennial-West Deane,11,Eringate-Centennial-West Deane (11),Non-Fatal Injury,1,0,1,0,0,0,0,0,0,1,0,0,0,Pedestrian Collisions,"['Driver', 'Pedestrian']",North,"['Automobile, Station Wagon', 'Other']",['Turning Left'],['Failed to Yield Right of Way'],['Normal'],['Crossing with right of way'],['Normal'],['Not Applicable'],['Not Applicable'],['Not Applicable'],False,"['55 to 59', '85 to 89']",3.0
1312584.0,2012-07-29 08:00:00,1713,2012,LAKE SHORE Boul E,CARLAW Aven,Major Arterial,Toronto and East York,43.654945,-79.33739,634069.5657,4834891.5563,At Intersection,Traffic Signal,Clear,Daylight,Dry,70,South Riverdale,70,South Riverdale (70),Non-Fatal Injury,0,0,1,0,0,0,0,1,0,0,0,0,0,Turning Movement,"['Passenger', 'Driver']",East,"['Other', 'Automobile, Station Wagon']","['Turning Left', 'Going Ahead']","['Improper Turn', 'Driving Properly']","['Inattentive', 'Normal']",['Not Applicable'],['Not Applicable'],['Not Applicable'],['Not Applicable'],['Not Applicable'],False,"['0 to 4', '35 to 39', '55 to 59']",3.0
1313188.0,2012-07-30 08:00:00,830,2012,443 MANSE RD,Not Applicable,Other,Scarborough,43.775745,-79.17729,646684.8239,4848579.3369,Unknown,No Control,Clear,Daylight,Dry,136,West Hill,136,West Hill (136),Non-Fatal Injury,1,0,1,0,0,0,0,0,0,0,0,0,0,Pedestrian Collisions,"['Driver', 'Pedestrian']",North,"['Automobile, Station Wagon', 'Other']",['Reversing'],['Other'],['Unknown'],['Other'],['Unknown'],['Not Applicable'],['Not Applicable'],['Not Applicable'],False,"['60 to 64', '80 to 84']",3.0
1313400.0,2012-09-05 08:00:00,1615,2012,KENNETH AVE,PEMBERTON AVE,Local,North York,43.781345,-79.41269,627728.6039,4848811.1669,Unknown,No Control,Clear,Daylight,Dry,50,Newtonbrook East,50,Newtonbrook East (50),Non-Fatal Injury,1,0,1,0,0,0,0,0,0,1,0,0,0,Pedestrian Collisions,"['Driver', 'Pedestrian']",East,"['Automobile, Station Wagon', 'Other']",['Going Ahead'],['Failed to Yield Right of Way'],['Normal'],['Crossing with right of way'],['Other'],['Not Applicable'],['Not Applicable'],['Not Applicable'],False,"['65 to 69', '0 to 4']",3.0
1313657.0,2012-08-02 08:00:00,1730,2012,SPADINA AVE,KING ST W,Major Arterial,Toronto and East York,43.645445,-79.39499,629445.1732,4833745.0014,At Intersection,Traffic Signal,Clear,Daylight,Dry,164,Wellington Place,77,Waterfront Communities-The Island (77),Non-Fatal Injury,0,1,1,0,0,0,0,0,0,0,0,0,0,Cyclist Collisions,"['Driver', 'Cyclist']",North,"['Automobile, Station Wagon', 'Bicycle']","['Turning Right', 'Going Ahead']",['Improper Turn'],['Normal'],['Not Applicable'],['Not Applicable'],['Motorist turning right on green or amber at signalized intersection strikes cyclist.'],['Driving Properly'],['Normal'],False,['30 to 34'],3.0
1313717.0,2012-08-01 08:00:00,1215,2012,DANFORTH AVE,EATON AVE,Major Arterial,Toronto and East York,43.679445,-79.34249,633603.9401,4837604.3847,Unknown,No Control,Clear,Daylight,Dry,66,Danforth,66,Danforth (66),Non-Fatal Injury,1,0,1,0,0,0,0,0,0,0,0,0,0,Pedestrian Collisions,"['Driver', 'Pedestrian']",East,"['Automobile, Station Wagon', 'Other']",['Going Ahead'],['Driving Properly'],['Normal'],['Running onto Roadway'],['Medical or Physical Disability'],['Not Applicable'],['Not Applicable'],['Not Applicable'],False,"['65 to 69', '25 to 29']",3.0
1313728.0,2012-09-07 08:00:00,525,2012,ROYAL YORK RD,EVANS AVE,Minor Arterial,Etobicoke York,43.621045,-79.50039,620993.4653,4830876.0805,At Intersection,Traffic Signal,Clear,"Dark, artificial",Dry,160,Mimico-Queensway,17,Mimico (includes Humber Bay Shores) (17),Non-Fatal Injury,0,0,1,1,0,0,0,0,0,1,0,0,0,Turning Movement,"['Motorcycle Driver', 'Vehicle Owner', 'Driver']",North,"['Motorcycle', 'Other', 'Automobile, Station Wagon']","['Going Ahead', 'Turning Left']","['Other', 'Failed to Yield Right of Way']","['Unknown', 'Inattentive']",['Not Applicable'],['Not Applicable'],['Not Applicable'],['Not Applicable'],['Not Applicable'],False,"['55 to 59', 'unknown']",3.0
1314053.0,2012-07-18 08:00:00,1815,2012,3495 SHEPPARD AVE E,Not Applicable,Major Arterial,Scarborough,43.780345,-79.30099,636719.3164,4848878.5071,Unknown,No Control,Clear,Daylight,Dry,118,Tam O'Shanter-Sullivan,118,Tam O'Shanter-Sullivan (118),Non-Fatal Injury,0,1,1,0,0,0,0,0,0,1,0,0,0,Cyclist Collisions,"['Driver', 'Cyclist']",East,"['Automobile, Station Wagon', 'Bicycle']","['Turning Right', 'Going Ahead']",['Failed to Yield Right of Way'],['Inattentive'],['Not Applicable'],['Not Applicable'],"['Motorist turns right at non-signal Inter.(stop, yield, no cont.,and dwy) and strikes cyclist.']",['Driving Properly'],['Normal'],False,"['20 to 24', '15 to 19']",3.0
1314089.0,2012-09-10 08:00:00,943,2012,3133 BAYVIEW AVE,BYNG AVE,Major Arterial,North York,43.782045,-79.39149,629433.0431,4848921.8401,Unknown,No Control,Clear,Daylight,Dry,52,Bayview Village,52,Bayview Village (52),Fatal,1,0,1,0,0,0,0,0,0,1,0,0,0,Pedestrian Collisions,"['Vehicle Owner', 'Driver', 'Pedestrian']",West,"['Other', 'Automobile, Station Wagon']",['Turning Right'],['Failed to Yield Right of Way'],['Inattentive'],['Walking on Roadway Against Traffic'],['Normal'],['Not Applicable'],['Not Applicable'],['Not Applicable'],True,"['unknown', '50 to 54', '75 to 79']",4.0
1314296.0,2012-09-11 08:00:00,840,2012,GLENGROVE AVE,MARLEE AVE,Minor Arterial,North York,43.710745,-79.44449,625316.9142,4840921.429,At Intersection,Stop Sign,Clear,Daylight,Dry,31,Yorkdale-Glen Park,31,Yorkdale-Glen Park (31),Fatal,0,0,1,1,0,0,0,0,1,1,0,0,0,Angle,"['Motorcycle Driver', 'Vehicle Owner', 'Driver']",North,"['Motorcycle', 'Other', 'Automobile, Station Wagon']",['Going Ahead'],"['Speed too Fast For Condition', 'Failed to Yield Right of Way']",['Normal'],['Not Applicable'],['Not Applicable'],['Not Applicable'],['Not Applicable'],['Not Applicable'],True,"['20 to 24', 'unknown', '45 to 49']",4.0
1314310.0,2012-07-18 08:00:00,29,2012,EDENBRIDGE Dr,EDGEHILL Rd,Collector,Etobicoke York,43.671445,-79.51739,619521.8427,4836449.0084,Unknown,No Control,Clear,Dark,Dry,9,Edenbridge-Humber Valley,9,Edenbridge-Humber Valley (9),Non-Fatal Injury,0,0,0,1,0,0,0,0,0,0,0,0,0,SMV Other,['Motorcycle Driver'],West,['Motorcycle'],['Going Ahead'],['Lost control'],['Normal'],['Not Applicable'],['Not Applicable'],['Not Applicable'],['Not Applicable'],['Not Applicable'],False,['30 to 34'],3.0
1315100.0,2012-09-14 08:00:00,102,2012,F G GARDINER XY  E,SOUTH KINGSWAY,Expressway,Toronto and East York,43.634787,-79.470248,623397.321,4832446.6657,Unknown,No Control,Clear,"Dark, artificial",Dry,85,South Parkdale,85,South Parkdale (85),Fatal,0,0,1,1,0,0,0,0,0,0,0,0,0,SMV Other,"['Vehicle Owner', 'Driver', 'Motorcycle Driver']",East,"['Automobile, Station Wagon', 'Motorcycle']",['Going Ahead'],"['Driving Properly', 'Lost control']","['Normal', 'Had Been Drinking']",['Not Applicable'],['Not Applicable'],['Not Applicable'],['Not Applicable'],['Not Applicable'],True,"['unknown', '35 to 39', '30 to 34']",4.0
1315507.0,2012-08-08 08:00:00,1935,2012,BAYVIEW AVE,NESBITT DR,Major Arterial,North York,43.694045,-79.36629,631653.5711,4839187.8528,At Intersection,Traffic Signal,Clear,Daylight,Dry,56,Leaside-Bennington,56,Leaside-Bennington (56),Non-Fatal Injury,0,1,1,0,0,0,0,0,0,1,0,0,0,Cyclist Collisions,"['Driver', 'Cyclist']",North,"['Automobile, Station Wagon', 'Bicycle']","['Turning Left', 'Going Ahead']",['Failed to Yield Right of Way'],['Inattentive'],['Not Applicable'],['Not Applicable'],['Motorist turned left across cyclists path.'],['Driving Properly'],['Normal'],False,"['70 to 74', '25 to 29']",3.0
1315616.0,2012-08-09 08:00:00,1523,2012,285 RALEIGH AVE,Not Applicable,Collector,Scarborough,43.709445,-79.26099,640103.4611,4841070.8282,Unknown,No Control,Rain,Daylight,Wet,120,Clairlea-Birchmount,120,Clairlea-Birchmount (120),Non-Fatal Injury,1,0,1,0,0,0,0,0,0,0,0,0,0,Pedestrian Collisions,"['Pedestrian', 'Vehicle Owner', 'Driver']",East,"['Other', 'Automobile, Station Wagon']","['Stopped', 'Reversing']",['Other'],['Normal'],['Other'],['Normal'],['Not Applicable'],['Not Applicable'],['Not Applicable'],False,"['50 to 54', 'unknown', '45 to 49', '25 to 29']",3.0
1315724.0,2012-08-10 08:00:00,1409,2012,HILLSIDE AVE,ROYAL YORK RD,Minor Arterial,Etobicoke York,43.610045,-79.49579,621386.7415,4829661.1099,At Intersection,Stop Sign,Clear,Daylight,Dry,160,Mimico-Queensway,17,Mimico (includes Humber Bay Shores) (17),Non-Fatal Injury,1,0,1,0,0,0,0,0,0,1,0,0,0,Pedestrian Collisions,"['Driver', 'Pedestrian']",East,"['Automobile, Station Wagon', 'Other']",['Turning Right'],['Failed to Yield Right of Way'],['Inattentive'],['Crossing with right of way'],['Normal'],['Not Applicable'],['Not Applicable'],['Not Applicable'],False,"['65 to 69', '75 to 79']",3.0
1315841.0,2012-08-12 08:00:00,951,2012,CHURCH ST,CARLTON ST,Major Arterial,Toronto and East York,43.661845,-79.37939,630667.7643,4835590.8879,At Intersection,Traffic Signal,Clear,Daylight,Dry,168,Downtown Yonge East,75,Church-Yonge Corridor (75),Non-Fatal Injury,0,0,1,1,0,0,0,0,0,1,1,0,0,Angle,"['Motorcycle Driver', 'Vehicle Owner', 'Driver']",North,"['Motorcycle', 'Other', 'Automobile, Station Wagon']",['Going Ahead'],"['Driving Properly', 'Disobeyed Traffic Control']",['Normal'],['Not Applicable'],['Not Applicable'],['Not Applicable'],['Not Applicable'],['Not Applicable'],False,"['40 to 44', 'unknown', '35 to 39']",3.0
1316023.0,2012-09-10 08:00:00,915,2012,ALBION RD,FINCH AVE W,Major Arterial,Etobicoke York,43.741084,-79.589214,613600.0333,4844082.392,At Intersection,Traffic Signal,Clear,Daylight,Dry,2,Mount Olive-Silverstone-Jamestown,2,Mount Olive-Silverstone-Jamestown (2),Non-Fatal Injury,0,0,1,0,0,0,0,0,0,1,0,0,0,Rear End,['Driver'],East,"['Automobile, Station Wagon']","['Stopped', 'Going Ahead']","['Driving Properly', 'Following too Close']","['Normal', 'Unknown']",['Not Applicable'],['Not Applicable'],['Not Applicable'],['Not Applicable'],['Not Applicable'],False,"['45 to 49', 'unknown']",3.0
1316027.0,2012-09-06 08:00:00,1440,2012,KING ST E,VICTORIA ST,Major Arterial,Toronto and East York,43.649345,-79.37669,630912.6241,4834206.8535,At Intersection,No Control,Clear,Daylight,Dry,168,Downtown Yonge East,75,Church-Yonge Corridor (75),Non-Fatal Injury,0,1,1,0,0,0,0,0,0,1,0,0,0,Cyclist Collisions,"['Vehicle Owner', 'Driver', 'Cyclist']",East,"['Other', 'Automobile, Station Wagon', 'Bicycle']","['Turning Left', 'Going Ahead']",['Failed to Yield Right of Way'],['Unknown'],['Not Applicable'],['Not Applicable'],['Motorist turned left across cyclists path.'],['Driving Properly'],['Normal'],False,"['unknown', '60 to 64', '20 to 24']",3.0
1316232.0,2012-09-21 08:00:00,920,2012,VESTA DR,BATHURST ST,Major Arterial,North York,43.703345,-79.42589,626831.01,4840127.8424,At Intersection,Traffic Signal,Clear,Daylight,Dry,102,Forest Hill North,102,Forest Hill North (102),Non-Fatal Injury,1,0,1,0,0,0,0,0,0,1,0,0,0,Pedestrian Collisions,"['Vehicle Owner', 'Driver', 'Pedestrian']",East,"['Other', 'Automobile, Station Wagon']",['Turning Left'],['Failed to Yield Right of Way'],['Normal'],['Crossing with right of way'],['Normal'],['Not Applicable'],['Not Applicable'],['Not Applicable'],False,"['unknown', '70 to 74']",3.0
1316338.0,2012-09-22 08:00:00,1845,2012,264 ATTWELL DR,Not Applicable,Collector,Etobicoke York,43.695545,-79.58959,613655.8196,4839024.1402,Unknown,No Control,Clear,Daylight,Dry,1,West Humber-Clairville,1,West Humber-Clairville (1),Fatal,1,0,1,0,0,0,0,0,0,0,0,0,0,Pedestrian Collisions,"['Driver', 'Pedestrian']",South,"['Automobile, Station Wagon', 'Other']",['Going Ahead'],['Lost control'],['Normal'],['On Sidewalk or Shoulder'],['Normal'],['Not Applicable'],['Not Applicable'],['Not Applicable'],True,['15 to 19'],4.0
1316385.0,2012-09-13 08:00:00,647,2012,VICTORIA PARK AVE,TERRAVIEW BLVD,Major Arterial,North York,43.764445,-79.31809,635379.1374,4847084.4677,Unknown,No Control,Clear,Daylight,Dry,119,Wexford/Maryvale,119,Wexford/Maryvale (119),Non-Fatal Injury,1,0,0,1,0,0,0,0,0,0,0,0,0,Pedestrian Collisions,"['Motorcycle Driver', 'Pedestrian']",North,"['Motorcycle', 'Other']",['Going Ahead'],['Driving Properly'],['Normal'],['Running onto Roadway'],['Normal'],['Not Applicable'],['Not Applicable'],['Not Applicable'],False,"['20 to 24', '45 to 49']",3.0
1316502.0,2012-08-14 08:00:00,707,2012,RONCESVALLES AVE,WRIGHT AVE,Minor Arterial,Toronto and East York,43.645445,-79.44869,625114.1883,4833662.6453,Unknown,No Control,Clear,Daylight,Wet,86,Roncesvalles,86,Roncesvalles (86),Non-Fatal Injury,0,1,1,0,0,0,0,0,0,0,0,0,0,Cyclist Collisions,"['Vehicle Owner', 'Driver', 'Cyclist']",South,"['Other', 'Automobile, Station Wagon', 'Bicycle']","['Stopped', 'Going Ahead']",['Other'],['Normal'],['Not Applicable'],['Not Applicable'],['Cyclist struck opened vehicle door'],['Driving Properly'],['Normal'],False,"['unknown', '40 to 44', '10 to 14']",3.0
1316598.0,2012-09-03 08:00:00,1755,2012,PINE ST,WILLIAM ST,Collector,Etobicoke York,43.704645,-79.50949,620092.4413,4840147.7284,Unknown,Stop Sign,Clear,Daylight,Dry,113,Weston,113,Weston (113),Non-Fatal Injury,1,0,0,1,0,0,0,0,0,0,0,0,0,Pedestrian Collisions,"['Motorcycle Driver', 'Pedestrian']",South,"['Motorcycle', 'Other']",['Going Ahead'],['Lost control'],['Unknown'],['Other'],['Normal'],['Not Applicable'],['Not Applicable'],['Not Applicable'],False,"['unknown', '60 to 64']",3.0
1316631.0,2012-08-16 08:00:00,1624,2012,VICTORIA PARK AVE,CLYDESDALE DR,Major Arterial,North York,43.784045,-79.32709,634610.7234,4849246.6769,Unknown,No Control,Clear,Daylight,Dry,147,L'Amoreaux West,117,L'Amoreaux (117),Non-Fatal Injury,0,0,1,0,0,0,0,0,0,1,0,0,0,Rear End,"['Driver', 'Vehicle Owner']",North,"['Automobile, Station Wagon', 'Other']","['Going Ahead', 'Stopped']","['Following too Close', 'Driving Properly']","['Inattentive', 'Normal']",['Not Applicable'],['Not Applicable'],['Not Applicable'],['Not Applicable'],['Not Applicable'],False,"['35 to 39', 'unknown', '45 to 49', '60 to 64', '50 to 54']",3.0
1316650.0,2012-09-24 08:00:00,1620,2012,EGLINTON AVE E,KENNEDY RD,Major Arterial,Scarborough,43.732145,-79.26789,639494.862,4843580.357,At Intersection,Traffic Signal,Clear,Daylight,Other,124,Kennedy Park,124,Kennedy Park (124),Non-Fatal Injury,0,0,1,0,0,0,0,0,0,1,1,0,0,Turning Movement,"['Driver', 'Vehicle Owner']",East,"['Automobile, Station Wagon', 'Other']","['Stopped', 'Going Ahead', 'Turning Left']","['Driving Properly', 'Disobeyed Traffic Control', 'Improper Turn']",['Normal'],['Not Applicable'],['Not Applicable'],['Not Applicable'],['Not Applicable'],['Not Applicable'],False,"['50 to 54', 'unknown', '20 to 24', '30 to 34']",3.0
1316760.0,2012-04-07 08:00:00,1250,2012,STEELES AVE W,MURRAY ROSS PKWY,Major Arterial,Etobicoke York,43.776345,-79.51699,619345.6109,4848100.2098,At Intersection,Traffic Signal,Clear,Daylight,Dry,27,York University Heights,27,York University Heights (27),Non-Fatal Injury,0,0,1,0,0,0,0,1,0,1,0,0,0,Rear End,"['Driver', 'Passenger', 'Vehicle Owner']",West,"['Automobile, Station Wagon', 'Other']","['Going Ahead', 'Slowing or Stopping']","['Following too Close', 'Driving Properly']",['Normal'],['Not Applicable'],['Not Applicable'],['Not Applicable'],['Not Applicable'],['Not Applicable'],False,"['75 to 79', '45 to 49', 'unknown', '50 to 54']",3.0
1317043.0,2012-08-17 08:00:00,2252,2012,QUEEN ST W,LANSDOWNE AVE,Major Arterial,Toronto and East York,43.640445,-79.43699,626068.268,4833125.0357,Unknown,Traffic Signal,Clear,"Dark, artificial",Dry,85,South Parkdale,85,South Parkdale (85),Non-Fatal Injury,1,0,1,0,0,0,0,0,0,0,0,0,0,Pedestrian Collisions,"['Driver', 'Pedestrian']",East,"['Automobile, Station Wagon', 'Other']",['Going Ahead'],['Other'],['Unknown'],['Running onto Roadway'],['Normal'],['Not Applicable'],['Not Applicable'],['Not Applicable'],False,"['20 to 24', '35 to 39']",3.0
1317267.0,2012-08-20 08:00:00,1900,2012,BLACK CREEK DR,TRETHEWEY DR,Major Arterial,Etobicoke York,43.695545,-79.48669,621947.9308,4839170.3281,Unknown,No Control,Clear,Daylight,Dry,30,Brookhaven-Amesbury,30,Brookhaven-Amesbury (30),Non-Fatal Injury,0,0,0,1,0,0,0,0,0,0,0,0,0,SMV Other,"['Vehicle Owner', 'Motorcycle Driver']",North,"['Other', 'Motorcycle']",['Going Ahead'],['Lost control'],['Unknown'],['Not Applicable'],['Not Applicable'],['Not Applicable'],['Not Applicable'],['Not Applicable'],False,"['unknown', '25 to 29']",3.0
1317446.0,2012-08-22 08:00:00,755,2012,EGLINTON AVE W,BLACKTHORN AVE,Major Arterial,Etobicoke York,43.691945,-79.46539,623671.7755,4838802.0454,At Intersection,Traffic Signal,Clear,Daylight,Dry,112,Beechborough-Greenbrook,112,Beechborough-Greenbrook (112),Non-Fatal Injury,0,0,1,0,0,0,0,0,0,1,0,0,0,Rear End,"['Vehicle Owner', 'Driver']",East,"['Other', 'Automobile, Station Wagon']","['Slowing or Stopping', 'Stopped']","['Following too Close', 'Driving Properly']","['Inattentive', 'Normal']",['Not Applicable'],['Not Applicable'],['Not Applicable'],['Not Applicable'],['Not Applicable'],False,"['unknown', '35 to 39', '25 to 29']",3.0
1317668.0,2012-09-30 08:00:00,1044,2012,EGLINTON Ave W,ALAMEDA Ave,Major Arterial,North York,43.697645,-79.44089,625634.3061,4839471.9401,Unknown,No Control,Clear,Daylight,Dry,107,Oakwood Village,107,Oakwood Village (107),Non-Fatal Injury,1,0,1,0,0,0,0,0,0,0,0,0,0,Pedestrian Collisions,"['Driver', 'Pedestrian']",North,"['Automobile, Station Wagon', 'Other']",['Going Ahead'],['Driving Properly'],['Normal'],"['Crossing, no Traffic Control']",['Inattentive'],['Not Applicable'],['Not Applicable'],['Not Applicable'],False,"['35 to 39', '20 to 24']",3.0
1317754.0,2012-09-24 08:00:00,848,2012,DUNDAS ST E,GEORGE ST,Major Arterial,Toronto and East York,43.657245,-79.37349,631153.4943,4835089.3058,At Intersection,No Control,Clear,Daylight,Dry,73,Moss Park,73,Moss Park (73),Non-Fatal Injury,0,0,1,1,0,0,0,0,0,0,0,0,0,Other,"['Motorcycle Driver', 'Driver - Not Hit']",West,"['Motorcycle', 'Automobile, Station Wagon']",['Going Ahead'],['Driving Properly'],['Normal'],['Not Applicable'],['Not Applicable'],['Not Applicable'],['Not Applicable'],['Not Applicable'],False,"['60 to 64', 'unknown']",3.0