accident_number,date,time,year,street1,street2,road_class,district,latitude,longitude,x,y,accident_location,traffctl,visibility,light,road_surface_condition,hood_158,neighbourhood_new,hood_140,neighbourhood_old,accident_class,pedestrian,cyclist,automobile,motorcycle,truck,trsn_city_veh,emerg_veh,passenger,speeding,aggressive_driving,redlight,alcohol,disability,impact_type,involvement_type,initial_direction,vehicle_type,manoeuver,driver_action,driver_condition,pedestrian_action,pedestrian_condition,cyclist_type,cyclist_action,cyclist_condition,injury,involvement_age,injury_severity_score
1317840.0,2012-10-01 08:00:00,1454,2012,COSBURN AVE,CEDARVALE AVE,Collector,Toronto and East York,43.696845,-79.31569,635724.9326,4839580.4186,At Intersection,Pedestrian Crossover,Clear,Daylight,Dry,60,Woodbine-Lumsden,60,Woodbine-Lumsden (60),Non-Fatal Injury,1,0,1,0,0,0,0,0,0,1,0,0,0,Pedestrian Collisions,"['Driver', 'Pedestrian']",South,"['Automobile, Station Wagon', 'Other']",['Turning Left'],['Failed to Yield Right of Way'],['Inattentive'],"['Crossing, Pedestrian Crossover']",['Normal'],['Not Applicable'],['Not Applicable'],['Not Applicable'],False,"['65 to 69', '75 to 79']",3.0
1318227.0,2012-10-03 08:00:00,1440,2012,2700 KINGSTON RD,Not Applicable,Major Arterial,Scarborough,43.715645,-79.24329,641514.8861,4841789.498,At Intersection,Traffic Signal,"Fog, Mist, Smoke, Dust",Daylight,Wet,123,Cliffcrest,123,Cliffcrest (123),Non-Fatal Injury,1,0,1,0,0,0,0,1,0,0,0,0,0,Pedestrian Collisions,"['Passenger', 'Vehicle Owner', 'Driver', 'Pedestrian']",North,"['Other', 'Automobile, Station Wagon']",['Going Ahead'],['Driving Properly'],['Normal'],['Crossing without right of way'],['Inattentive'],['Not Applicable'],['Not Applicable'],['Not Applicable'],False,"['45 to 49', 'unknown', '40 to 44', '15 to 19']",3.0
1318483.0,2012-10-05 08:00:00,1455,2012,JANE ST,CORBETT AVE,Major Arterial,Etobicoke York,43.670245,-79.49319,621475.1832,4836350.8845,Unknown,No Control,Clear,Daylight,Dry,111,Rockcliffe-Smythe,111,Rockcliffe-Smythe (111),Fatal,0,0,1,1,0,0,0,0,0,0,0,0,0,SMV Other,"['Motorcycle Driver', 'Driver']",North,"['Motorcycle', 'Automobile, Station Wagon']","['Going Ahead', 'Changing Lanes']","['Driving Properly', 'Improper Lane Change']",['Normal'],['Not Applicable'],['Not Applicable'],['Not Applicable'],['Not Applicable'],['Not Applicable'],True,"['35 to 39', '30 to 34']",4.0
1318785.0,2012-10-09 08:00:00,1728,2012,STEELES AVE W,HIGHWAY 27 S,Major Arterial,Etobicoke York,43.755445,-79.61419,611562.2088,4845643.4451,At Intersection,Traffic Signal,Clear,Dusk,Dry,NSA,NSA,NSA,NSA,Non-Fatal Injury,1,0,0,0,1,0,0,0,0,1,0,0,0,Pedestrian Collisions,"['Vehicle Owner', 'Truck Driver', 'Trailer Owner', 'Pedestrian']",East,"['Other', 'Truck - Open']",['Turning Right'],['Failed to Yield Right of Way'],['Normal'],['Crossing with right of way'],['Normal'],['Not Applicable'],['Not Applicable'],['Not Applicable'],False,"['unknown', '55 to 59', '40 to 44', '10 to 14']",3.0
1318798.0,2012-08-27 08:00:00,1314,2012,TORBARRIE RD,SHEPPARD AVE W,Collector,Etobicoke York,43.737345,-79.52609,618690.3603,4843755.6103,At Intersection,No Control,Rain,Daylight,Wet,25,Glenfield-Jane Heights,25,Glenfield-Jane Heights (25),Non-Fatal Injury,0,0,1,0,1,0,0,0,1,1,0,0,0,Approaching,"['Vehicle Owner', 'Truck Driver', 'Driver']",North,"['Other', 'Truck - Open', 'Automobile, Station Wagon']",['Going Ahead'],"['Driving Properly', 'Speed too Fast For Condition']","['Normal', 'Inattentive']",['Not Applicable'],['Not Applicable'],['Not Applicable'],['Not Applicable'],['Not Applicable'],False,"['unknown', '45 to 49', '30 to 34']",3.0
1318799.0,2012-08-27 08:00:00,1558,2012,OAKWOOD AVE,CONWAY AVE,Minor Arterial,Toronto and East York,43.682645,-79.43689,625988.0347,4837812.0535,Unknown,Pedestrian Crossover,Clear,Daylight,Dry,107,Oakwood Village,107,Oakwood Village (107),Non-Fatal Injury,1,0,1,0,0,0,0,0,0,1,0,0,0,Pedestrian Collisions,"['Vehicle Owner', 'Driver', 'Pedestrian']",East,"['Other', 'Automobile, Station Wagon']",['Going Ahead'],['Disobeyed Traffic Control'],['Normal'],"['Crossing, Pedestrian Crossover']",['Normal'],['Not Applicable'],['Not Applicable'],['Not Applicable'],False,"['unknown', '40 to 44', '50 to 54']",3.0
1319075.0,2012-08-28 08:00:00,1404,2012,VICTORIA PARK AVE,SOUTHMEAD RD,Major Arterial,North York,43.722845,-79.30189,636777.8196,4842490.7759,Unknown,No Control,Clear,Daylight,Dry,43,Victoria Village,43,Victoria Village (43),Non-Fatal Injury,0,0,0,0,0,1,0,1,0,0,0,0,0,Other,"['Passenger', 'Vehicle Owner', 'Driver']",South,"['Other', 'Municipal Transit Bus (TTC)']",['Slowing or Stopping'],['Driving Properly'],['Unknown'],['Not Applicable'],['Not Applicable'],['Not Applicable'],['Not Applicable'],['Not Applicable'],False,"['85 to 89', 'unknown', '35 to 39']",3.0
1319184.0,2012-08-29 08:00:00,840,2012,STEELES AVE E,KELVIN GROVE AVE,Major Arterial,Scarborough,43.822445,-79.31229,635714.6348,4853535.7856,At Intersection,Traffic Signal,Clear,Daylight,Dry,116,Steeles,116,Steeles (116),Non-Fatal Injury,1,0,1,0,0,0,0,0,0,1,0,0,0,Pedestrian Collisions,"['Driver', 'Pedestrian']",North,"['Automobile, Station Wagon', 'Other']",['Turning Left'],['Failed to Yield Right of Way'],['Inattentive'],['Crossing with right of way'],['Normal'],['Not Applicable'],['Not Applicable'],['Not Applicable'],False,"['45 to 49', '55 to 59']",3.0
1319211.0,2012-08-29 08:00:00,112,2012,YORKSHIRE RD,IONVIEW RD,Local,Scarborough,43.740045,-79.27479,638920.8962,4844446.1764,At Intersection,Stop Sign,Clear,"Dark, artificial",Dry,125,Ionview,125,Ionview (125),Non-Fatal Injury,0,0,1,0,0,0,0,1,0,0,0,0,0,SMV Other,"['Passenger', 'Vehicle Owner', 'Driver', 'Other Property Owner']",North,"['Other', 'Automobile, Station Wagon']",['Going Ahead'],['Lost control'],['Unknown'],['Not Applicable'],['Not Applicable'],['Not Applicable'],['Not Applicable'],['Not Applicable'],False,"['25 to 29', 'unknown']",3.0
1319292.0,2012-08-30 08:00:00,952,2012,BATHURST ST,ADELAIDE ST W,Major Arterial,Toronto and East York,43.645145,-79.40319,628784.4717,4833698.9254,At Intersection,Traffic Signal,Clear,Daylight,Dry,164,Wellington Place,77,Waterfront Communities-The Island (77),Non-Fatal Injury,1,0,0,0,1,0,0,0,0,0,0,0,0,Pedestrian Collisions,"['Vehicle Owner', 'Truck Driver', 'Pedestrian']",South,"['Other', 'Truck - Open']",['Turning Left'],['Improper Turn'],['Normal'],['Crossing with right of way'],['Normal'],['Not Applicable'],['Not Applicable'],['Not Applicable'],False,"['unknown', '45 to 49', '50 to 54']",3.0
1319338.0,2012-08-30 08:00:00,1630,2012,DUNDAS ST W,HOWARD PARK AVE,Minor Arterial,Toronto and East York,43.652145,-79.44809,625148.6639,4834407.6715,At Intersection,Traffic Signal,Clear,Daylight,Dry,86,Roncesvalles,86,Roncesvalles (86),Non-Fatal Injury,0,1,1,0,0,0,0,0,0,0,0,0,0,Cyclist Collisions,"['Driver', 'Cyclist']",East,"['Automobile, Station Wagon', 'Bicycle']","['Going Ahead', 'Turning Left']",['Driving Properly'],['Normal'],['Not Applicable'],['Not Applicable'],['Cyclist turned left across motorists path.'],['Improper Turn'],['Normal'],False,"['65 to 69', '15 to 19']",3.0
1319386.0,2012-08-31 08:00:00,1640,2012,ST CLAIR AVE E,WARDEN AVE,Major Arterial,Scarborough,43.712045,-79.28099,638486.152,4841325.9859,At Intersection,Traffic Signal,Clear,Daylight,Dry,120,Clairlea-Birchmount,120,Clairlea-Birchmount (120),Non-Fatal Injury,0,0,1,0,0,0,0,1,0,1,1,0,0,Turning Movement,"['Driver', 'Passenger']",East,"['Automobile, Station Wagon', 'Other']","['Stopped', 'Turning Left', 'Going Ahead']","['Driving Properly', 'Disobeyed Traffic Control']",['Normal'],['Not Applicable'],['Not Applicable'],['Not Applicable'],['Not Applicable'],['Not Applicable'],False,"['45 to 49', '65 to 69', '15 to 19', '40 to 44']",3.0
1319472.0,2012-10-13 08:00:00,2150,2012,BLOOR ST W,DUNDAS ST W,Major Arterial,Toronto and East York,43.65631,-79.452441,624789.1617,4834863.6963,At Intersection,Traffic Signal,Rain,Dark,Wet,86,Roncesvalles,86,Roncesvalles (86),Non-Fatal Injury,1,0,1,0,0,0,0,0,0,1,1,0,0,Pedestrian Collisions,"['Driver', 'Pedestrian']",East,"['Automobile, Station Wagon']",['Going Ahead'],['Disobeyed Traffic Control'],['Inattentive'],['Crossing with right of way'],['Normal'],['Not Applicable'],['Not Applicable'],['Not Applicable'],False,"['35 to 39', '85 to 89']",3.0
1319536.0,2012-10-14 08:00:00,410,2012,ROGERS RD,OLD WESTON RD,Minor Arterial,Etobicoke York,43.681845,-79.46769,623507.1468,4837676.8758,At Intersection,Traffic Signal,Rain,"Dark, artificial",Wet,110,Keelesdale-Eglinton West,110,Keelesdale-Eglinton West (110),Fatal,0,0,1,0,0,0,0,0,1,1,0,0,0,SMV Other,"['Driver', 'Other', 'Other Property Owner']",East,"['Automobile, Station Wagon', 'Other']","['Going Ahead', 'Parked']",['Speed too Fast For Condition'],['Unknown'],['Not Applicable'],['Not Applicable'],['Not Applicable'],['Not Applicable'],['Not Applicable'],True,"['30 to 34', 'unknown']",4.0
1319584.0,2012-09-02 08:00:00,115,2012,COLLEGE ST,LIPPINCOTT ST,Major Arterial,Toronto and East York,43.656649,-79.406482,628494.431,4834971.4917,At Intersection,No Control,Clear,"Dark, artificial",Dry,78,Kensington-Chinatown,78,Kensington-Chinatown (78),Non-Fatal Injury,0,1,1,0,0,0,0,0,0,0,0,0,0,Cyclist Collisions,"['Vehicle Owner', 'Driver', 'Cyclist']",West,"['Automobile, Station Wagon', 'Bicycle']","['Making U Turn', 'Overtaking']",['Improper Turn'],['Inattentive'],['Not Applicable'],['Not Applicable'],['Motorist makes u-turn in-front of cyclist.'],['Driving Properly'],['Normal'],False,"['unknown', '55 to 59', '20 to 24']",3.0
1319643.0,2012-09-02 08:00:00,1855,2012,WESTON RD,GLENVALLEY DR,Minor Arterial,Etobicoke York,43.688145,-79.49259,621487.4238,4838339.7973,At Intersection,Stop Sign,Clear,Daylight,Dry,115,Mount Dennis,115,Mount Dennis (115),Non-Fatal Injury,0,1,1,0,0,0,0,0,0,1,0,0,0,Cyclist Collisions,"['Driver', 'Cyclist']",North,"['Automobile, Station Wagon', 'Bicycle']","['Turning Left', 'Going Ahead']",['Failed to Yield Right of Way'],['Inattentive'],['Not Applicable'],['Not Applicable'],['Motorist turned left across cyclists path.'],['Driving Properly'],['Normal'],False,['45 to 49'],3.0
1319679.0,2012-09-01 08:00:00,320,2012,DANFORTH Ave,PAPE Ave,Major Arterial,Toronto and East York,43.678945,-79.34479,633419.6543,4837545.1504,At Intersection,Traffic Signal,Clear,Dark,Dry,69,Blake-Jones,69,Blake-Jones (69),Non-Fatal Injury,1,0,1,0,0,0,0,0,0,0,0,0,0,Pedestrian Collisions,"['Driver', 'Pedestrian']",North,"['Automobile, Station Wagon', 'Other']",['Going Ahead'],['Driving Properly'],['Normal'],['Crossing without right of way'],['Had Been Drinking'],['Not Applicable'],['Not Applicable'],['Not Applicable'],False,['20 to 24'],3.0
1319682.0,2012-09-01 08:00:00,36,2012,PAPE AVE,COSBURN AVE,Major Arterial,Toronto and East York,43.689445,-79.34879,633074.0084,4838704.8936,At Intersection,Traffic Signal,Clear,"Dark, artificial",Dry,58,Old East York,58,Old East York (58),Non-Fatal Injury,1,0,1,0,0,0,0,0,0,1,0,1,0,Pedestrian Collisions,"['Driver', 'Pedestrian']",North,"['Automobile, Station Wagon', 'Other']",['Going Ahead'],['Failed to Yield Right of Way'],"['Ability Impaired, Alcohol']",['Crossing with right of way'],['Had Been Drinking'],['Not Applicable'],['Not Applicable'],['Not Applicable'],False,"['20 to 24', '25 to 29']",3.0
1320057.0,2012-09-06 08:00:00,615,2012,KENNEDY RD,FOXRIDGE DR,Major Arterial,Scarborough,43.724045,-79.26449,639787.525,4842686.4618,At Intersection,No Control,Clear,"Daylight, artificial",Dry,124,Kennedy Park,124,Kennedy Park (124),Non-Fatal Injury,0,1,1,0,0,0,0,0,0,1,0,0,0,Cyclist Collisions,"['Driver', 'Cyclist']",North,"['Automobile, Station Wagon', 'Bicycle']","['Turning Left', 'Going Ahead']",['Failed to Yield Right of Way'],['Normal'],['Not Applicable'],['Not Applicable'],['Motorist turned left across cyclists path.'],['Driving Properly'],['Normal'],False,"['50 to 54', '35 to 39']",3.0
1320320.0,2012-09-08 08:00:00,1345,2012,BRAHMS AVE,CRESTHAVEN DR,Collector,North York,43.798645,-79.36059,631883.0011,4850814.3065,Unknown,No Control,Rain,Daylight,Wet,48,Hillcrest Village,48,Hillcrest Village (48),Non-Fatal Injury,1,0,1,0,0,0,0,0,0,0,0,0,0,Pedestrian Collisions,"['Pedestrian', 'Driver']",North,"['Other', 'Automobile, Station Wagon']",['Going Ahead'],['Other'],['Normal'],['Other'],['Not Applicable'],['Not Applicable'],['Not Applicable'],['Not Applicable'],False,['25 to 29'],3.0
1320431.0,2012-09-10 08:00:00,1825,2012,DANFORTH Road,HUNTINGTON Aven,Major Arterial,Scarborough,43.727745,-79.25249,640745.4167,4843117.7139,Unknown,No Control,Clear,Daylight,Dry,124,Kennedy Park,124,Kennedy Park (124),Non-Fatal Injury,0,0,1,1,0,0,0,0,0,1,0,0,0,Rear End,"['Motorcycle Driver', 'Driver']",East,"['Motorcycle', 'Automobile, Station Wagon']","['Going Ahead', 'Turning Right']","['Driving Properly', 'Failed to Yield Right of Way']",['Normal'],['Not Applicable'],['Not Applicable'],['Not Applicable'],['Not Applicable'],['Not Applicable'],False,"['50 to 54', '55 to 59']",3.0
1320459.0,2012-09-09 08:00:00,2225,2012,YONGE ST,COLLEGE ST,Major Arterial,Toronto and East York,43.661345,-79.38309,630370.517,4835529.5355,At Intersection,Traffic Signal,Clear,"Dark, artificial",Dry,168,Downtown Yonge East,75,Church-Yonge Corridor (75),Non-Fatal Injury,1,0,1,0,0,0,0,0,0,1,0,0,0,Pedestrian Collisions,"['Vehicle Owner', 'Driver', 'Pedestrian']",East,"['Other', 'Automobile, Station Wagon']",['Turning Right'],['Failed to Yield Right of Way'],['Inattentive'],['Crossing with right of way'],['Normal'],['Not Applicable'],['Not Applicable'],['Not Applicable'],False,"['unknown', '45 to 49', '60 to 64']",3.0
1320520.0,2012-09-09 08:00:00,1438,2012,1265 WILSON AVE,Not Applicable,Major Arterial,North York,43.724417,-79.491901,621469.6697,4842369.3148,Unknown,No Control,Clear,Daylight,Dry,154,Oakdale-Beverley Heights,26,Downsview-Roding-CFB (26),Non-Fatal Injury,0,0,1,1,0,0,0,1,0,1,0,0,0,Turning Movement,"['Motorcycle Driver', 'Passenger', 'Driver']",East,"['Motorcycle', 'Other', 'Automobile, Station Wagon']","['Turning Left', 'Going Ahead']","['Failed to Yield Right of Way', 'Driving Properly']","['Unknown', 'Normal']",['Not Applicable'],['Not Applicable'],['Not Applicable'],['Not Applicable'],['Not Applicable'],False,"['35 to 39', '20 to 24', '40 to 44']",3.0
1320584.0,2012-10-12 08:00:00,145,2012,EGLINTON AVE W,HENNING AVE,Major Arterial,North York,43.706245,-79.40069,628855.2597,4840488.7889,Unknown,No Control,Clear,Dark,Dry,100,Yonge-Eglinton,100,Yonge-Eglinton (100),Non-Fatal Injury,1,0,0,0,0,1,0,0,0,0,0,0,0,Pedestrian Collisions,"['Pedestrian', 'Driver']",East,"['Other', 'Municipal Transit Bus (TTC)']",['Stopped'],['Driving Properly'],['Normal'],['Person Getting on/off School Bus'],['Had Been Drinking'],['Not Applicable'],['Not Applicable'],['Not Applicable'],False,"['50 to 54', 'unknown']",3.0
1320791.0,2012-10-19 08:00:00,8,2012,WILSON AVE,RIDGE RD,Major Arterial,North York,43.723945,-79.49419,621286.2535,4842313.5401,Unknown,Traffic Signal,Clear,Dark,Wet,154,Oakdale-Beverley Heights,26,Downsview-Roding-CFB (26),Non-Fatal Injury,0,0,1,0,0,0,0,1,0,0,0,0,0,Rear End,"['Passenger', 'Driver', 'Vehicle Owner', 'Other Property Owner']",West,"['Other', 'Automobile, Station Wagon']","['Going Ahead', 'Overtaking']","['Driving Properly', 'Improper Lane Change']",['Normal'],['Not Applicable'],['Not Applicable'],['Not Applicable'],['Not Applicable'],['Not Applicable'],False,"['unknown', '60 to 64', '20 to 24']",3.0
1320814.0,2012-09-15 08:00:00,1225,2012,PHARMACY AVE,TEESDALE PL,Minor Arterial,Scarborough,43.696986,-79.285388,638166.4307,4839646.1293,At Intersection,Traffic Signal,Clear,Daylight,Dry,121,Oakridge,121,Oakridge (121),Non-Fatal Injury,0,0,0,1,0,0,0,0,0,0,0,0,0,SMV Other,"['Vehicle Owner', 'Motorcycle Driver']",East,"['Other', 'Motorcycle']",['Turning Left'],['Lost control'],['Normal'],['Not Applicable'],['Not Applicable'],['Not Applicable'],['Not Applicable'],['Not Applicable'],False,"['unknown', '45 to 49']",3.0
1320816.0,2012-09-15 08:00:00,858,2012,EGLINTON AVE E,BIRCHMOUNT RD,Major Arterial,Scarborough,43.729945,-79.27789,638694.5845,4843319.2273,At Intersection,Traffic Signal,Clear,Daylight,Dry,120,Clairlea-Birchmount,120,Clairlea-Birchmount (120),Non-Fatal Injury,1,0,1,0,0,0,0,0,0,1,0,0,0,Pedestrian Collisions,"['Driver', 'Pedestrian']",North,"['Automobile, Station Wagon', 'Other']",['Turning Left'],['Failed to Yield Right of Way'],['Inattentive'],['Crossing with right of way'],['Normal'],['Not Applicable'],['Not Applicable'],['Not Applicable'],False,"['30 to 34', '70 to 74']",3.0
1320874.0,2012-09-15 08:00:00,1638,2012,DANFORTH Aven,CARLAW Aven,Major Arterial,Toronto and East York,43.678445,-79.34729,633219.2439,4837485.6,At Intersection,Traffic Signal,Clear,Daylight,Dry,68,North Riverdale,68,North Riverdale (68),Non-Fatal Injury,1,0,1,0,0,0,0,0,0,1,0,0,0,Pedestrian Collisions,"['Driver', 'Pedestrian']",East,"['Automobile, Station Wagon', 'Other']",['Turning Right'],['Failed to Yield Right of Way'],['Inattentive'],['Crossing with right of way'],['Normal'],['Not Applicable'],['Not Applicable'],['Not Applicable'],False,"['45 to 49', '80 to 84']",3.0
1320969.0,2012-10-19 08:00:00,1214,2012,KING ST E,BERKELEY ST,Major Arterial,Toronto and East York,43.652145,-79.36439,631898.445,4834537.3077,Unknown,Traffic Signal,Clear,Daylight,Dry,73,Moss Park,73,Moss Park (73),Non-Fatal Injury,0,0,1,0,0,0,0,0,0,0,0,0,0,Turning Movement,"['Driver', 'Vehicle Owner']",East,"['Automobile, Station Wagon', 'Other']","['Going Ahead', 'Making U Turn']","['Driving Properly', 'Improper Turn']",['Normal'],['Not Applicable'],['Not Applicable'],['Not Applicable'],['Not Applicable'],['Not Applicable'],False,"['45 to 49', 'unknown', '55 to 59']",3.0
1321027.0,2012-10-20 08:00:00,518,2012,DON VALLEY PARKWAY  S,SPANBRIDGE RD,Expressway,North York,43.714343,-79.325488,634896.1266,4841507.8284,Unknown,No Control,Clear,"Dark, artificial",Wet,44,Flemingdon Park,44,Flemingdon Park (44),Fatal,0,0,1,0,0,0,0,1,0,0,0,0,0,SMV Other,"['Passenger', 'Vehicle Owner', 'Driver', 'Other Property Owner']",South,"['Other', 'Automobile, Station Wagon']",['Going Ahead'],['Lost control'],['Unknown'],['Not Applicable'],['Not Applicable'],['Not Applicable'],['Not Applicable'],['Not Applicable'],True,"['15 to 19', 'unknown']",4.0
1321216.0,2012-10-21 08:00:00,325,2012,MCNICOLL AVE,BIRCHMOUNT RD,Minor Arterial,Scarborough,43.807944,-79.314189,635594.7457,4851922.1003,At Intersection,No Control,Clear,"Dark, artificial",Dry,116,Steeles,116,Steeles (116),Fatal,0,0,1,0,0,0,0,1,1,1,0,1,0,SMV Other,"['Passenger', 'Vehicle Owner', 'Driver']",East,"['Other', 'Automobile, Station Wagon']",['Going Ahead'],['Exceeding Speed Limit'],"['Ability Impaired, Alcohol Over .08']",['Not Applicable'],['Not Applicable'],['Not Applicable'],['Not Applicable'],['Not Applicable'],True,"['20 to 24', 'unknown']",4.0
1321287.0,2012-09-16 08:00:00,101,2012,DAVENPORT Rd,MOUNT ROYAL Ave,Minor Arterial,Toronto and East York,43.674545,-79.43259,626351.6222,4836918.9803,At Intersection,No Control,Clear,"Dark, artificial",Dry,94,Wychwood,94,Wychwood (94),Non-Fatal Injury,0,1,0,0,0,0,0,0,0,1,0,0,0,Cyclist Collisions,"['Moped Driver', 'Cyclist']",East,"['Moped', 'Bicycle']","['Going Ahead', 'Turning Left']",['Following too Close'],['Had Been Drinking'],['Not Applicable'],['Not Applicable'],['Cyclist and Driver travelling in same direction. One vehicle rear-ended the other.'],['Driving Properly'],['Had Been Drinking'],False,"['60 to 64', '30 to 34']",3.0
1321368.0,2012-09-17 08:00:00,851,2012,BAY St,FRONT St W,Major Arterial,Toronto and East York,43.645945,-79.37909,630726.4483,4833825.4558,At Intersection,Traffic Signal,Clear,Daylight,Dry,166,St Lawrence-East Bayfront-The Islands,77,Waterfront Communities-The Island (77),Non-Fatal Injury,0,1,0,0,1,0,0,0,0,1,0,0,0,Cyclist Collisions,"['Vehicle Owner', 'Truck Driver', 'Other', 'Other Property Owner', 'Cyclist']",North,"['Other', 'Truck - Open', 'Bicycle']","['Overtaking', 'Going Ahead']",['Improper Passing'],['Inattentive'],['Not Applicable'],['Not Applicable'],['Cyclist and Driver travelling in same direction. One vehicle sideswipes the other.'],['Driving Properly'],['Normal'],False,"['unknown', '45 to 49', '25 to 29']",3.0
1321399.0,2012-09-16 08:00:00,103,2012,DAVENPORT RD,MOUNT ROYAL AVE,Minor Arterial,Toronto and East York,43.674544,-79.43259,626351.6243,4836918.8693,Unknown,No Control,Clear,Dark,Dry,94,Wychwood,94,Wychwood (94),Non-Fatal Injury,1,0,1,0,0,0,0,0,0,0,0,0,0,Pedestrian Collisions,"['Driver', 'Pedestrian']",East,"['Automobile, Station Wagon']",['Going Ahead'],['Other'],['Normal'],['Other'],['Medical or Physical Disability'],['Not Applicable'],['Not Applicable'],['Not Applicable'],False,"['25 to 29', '60 to 64']",3.0
1321409.0,2012-09-16 08:00:00,138,2012,DUFFERIN St,SPRINGHURST Ave,Local,Toronto and East York,43.634085,-79.425502,627008.2676,4832436.1897,Unknown,Traffic Signal,Clear,"Dark, artificial",Dry,163,Fort York-Liberty Village,82,Niagara (82),Non-Fatal Injury,0,0,1,0,0,0,0,1,0,1,0,1,0,SMV Other,"['Vehicle Owner', 'Driver', 'Passenger', 'Other Property Owner']",North,"['Other', 'Automobile, Station Wagon']",['Going Ahead'],['Lost control'],"['Ability Impaired, Alcohol']",['Not Applicable'],['Not Applicable'],['Not Applicable'],['Not Applicable'],['Not Applicable'],False,"['unknown', '35 to 39', '40 to 44']",3.0
1321561.0,2012-10-22 08:00:00,1059,2012,FINCH AVE E,MILLIKEN BLVD,Major Arterial,Scarborough,43.801845,-79.29429,637209.2609,4851277.5099,At Intersection,Traffic Signal,Clear,Daylight,Dry,130,Milliken,130,Milliken (130),Non-Fatal Injury,0,1,1,0,0,0,0,0,0,0,0,0,0,Cyclist Collisions,"['Driver', 'Cyclist']",North,"['Automobile, Station Wagon', 'Bicycle']","['Turning Left', 'Going Ahead']",['Improper Turn'],['Inattentive'],['Not Applicable'],['Not Applicable'],['Motorist turned left across cyclists path.'],['Driving Properly'],['Normal'],False,"['75 to 79', '55 to 59']",3.0
1321562.0,2012-10-22 08:00:00,704,2012,SHEPPARD AVE W,KEELE ST,Major Arterial,North York,43.744645,-79.48739,621791.9987,4844622.5466,Unknown,No Control,Clear,Daylight,Dry,27,York University Heights,27,York University Heights (27),Non-Fatal Injury,1,0,1,0,0,0,0,0,0,0,0,0,0,Pedestrian Collisions,"['Vehicle Owner', 'Driver', 'Pedestrian']",Unknown,"['Other', 'Automobile, Station Wagon']",['Going Ahead'],['Driving Properly'],['Normal'],"['Crossing, no Traffic Control']",['Had Been Drinking'],['Not Applicable'],['Not Applicable'],['Not Applicable'],False,"['unknown', '65 to 69', '45 to 49']",3.0
1321770.0,2012-09-17 08:00:00,1630,2012,BAYVIEW AVE,FELDBAR CRT,Major Arterial,North York,43.783858,-79.391902,629395.9787,4849122.5577,Unknown,No Control,Clear,Daylight,Dry,52,Bayview Village,52,Bayview Village (52),Non-Fatal Injury,0,0,1,0,0,0,0,1,0,1,0,0,0,Rear End,"['Vehicle Owner', 'Driver', 'Passenger']",North,"['Other', 'Automobile, Station Wagon']","['Going Ahead', 'Slowing or Stopping']","['Following too Close', 'Driving Properly']",['Normal'],['Not Applicable'],['Not Applicable'],['Not Applicable'],['Not Applicable'],['Not Applicable'],False,"['unknown', '55 to 59', '45 to 49', '50 to 54']",3.0
1321792.0,2012-10-23 08:00:00,1937,2012,DIXON RD,CELESTINE DR,Major Arterial,Etobicoke York,43.693345,-79.56249,615843.8847,4838817.3024,At Intersection,Traffic Signal,Clear,"Dark, artificial",Dry,7,Willowridge-Martingrove-Richview,7,Willowridge-Martingrove-Richview (7),Non-Fatal Injury,1,0,1,0,0,0,0,0,0,0,0,0,0,Pedestrian Collisions,"['Vehicle Owner', 'Driver', 'Pedestrian']",North,"['Other', 'Automobile, Station Wagon']",['Going Ahead'],['Driving Properly'],['Normal'],['Running onto Roadway'],['Unknown'],['Not Applicable'],['Not Applicable'],['Not Applicable'],False,"['unknown', '50 to 54', '20 to 24']",3.0
1321943.0,2012-09-19 08:00:00,1846,2012,MIDLAND AVE,PASSMORE AVE,Major Arterial,Scarborough,43.820745,-79.29489,637117.7356,4853375.6667,At Intersection,Traffic Signal,Clear,Dusk,Dry,130,Milliken,130,Milliken (130),Non-Fatal Injury,1,0,1,0,0,1,0,0,0,0,0,0,0,Pedestrian Collisions,"['Other', 'Driver', 'Pedestrian']",North,"['Automobile, Station Wagon', 'Municipal Transit Bus (TTC)', 'Other']",['Turning Left'],['Driving Properly'],['Normal'],['Crossing without right of way'],['Inattentive'],['Not Applicable'],['Not Applicable'],['Not Applicable'],False,"['unknown', '45 to 49', '65 to 69']",3.0
1321983.0,2012-10-18 08:00:00,1944,2012,ROGERS RD,SILVERTHORN AVE,Minor Arterial,Etobicoke York,43.682745,-79.46329,623859.9464,4837783.3946,At Intersection,Traffic Signal,Rain,Dark,Wet,110,Keelesdale-Eglinton West,110,Keelesdale-Eglinton West (110),Non-Fatal Injury,1,0,1,0,0,0,0,0,0,1,0,0,0,Pedestrian Collisions,"['Driver', 'Pedestrian']",North,"['Automobile, Station Wagon', 'Other']",['Turning Left'],['Failed to Yield Right of Way'],['Unknown'],['Crossing with right of way'],['Normal'],['Not Applicable'],['Not Applicable'],['Not Applicable'],False,"['unknown', '50 to 54']",3.0
1322166.0,2012-09-07 08:00:00,2040,2012,BYNG AVE,DORIS AVE,Minor Arterial,North York,43.776945,-79.41319,627697.7357,4848321.7081,Unknown,Traffic Signal,Clear,"Dark, artificial",Dry,151,Yonge-Doris,51,Willowdale East (51),Non-Fatal Injury,1,0,1,0,0,0,0,0,0,1,0,0,0,Pedestrian Collisions,"['Vehicle Owner', 'Driver', 'Pedestrian']",East,"['Other', 'Automobile, Station Wagon']",['Turning Left'],['Failed to Yield Right of Way'],['Normal'],['Crossing with right of way'],['Normal'],['Not Applicable'],['Not Applicable'],['Not Applicable'],False,"['unknown', '60 to 64', '55 to 59']",3.0