accident_number,date,time,year,street1,street2,road_class,district,latitude,longitude,x,y,accident_location,traffctl,visibility,light,road_surface_condition,hood_158,neighbourhood_new,hood_140,neighbourhood_old,accident_class,pedestrian,cyclist,automobile,motorcycle,truck,trsn_city_veh,emerg_veh,passenger,speeding,aggressive_driving,redlight,alcohol,disability,impact_type,involvement_type,initial_direction,vehicle_type,manoeuver,driver_action,driver_condition,pedestrian_action,pedestrian_condition,cyclist_type,cyclist_action,cyclist_condition,injury,involvement_age,injury_severity_score
1327765.0,2012-11-27 10:00:00,1720,2012,MIDLAND AVE,KILCULLEN CASTLE GT,Major Arterial,Scarborough,43.809645,-79.28999,637537.2586,4852150.9644,Unknown,No Control,Clear,"Dark, artificial",Dry,130,Milliken,130,Milliken (130),Fatal,1,0,1,0,0,0,0,0,0,0,0,0,0,Pedestrian Collisions,"['Vehicle Owner', 'Driver', 'Pedestrian']",North,"['Other', 'Automobile, Station Wagon']",['Slowing or Stopping'],['Driving Properly'],['Normal'],"['Crossing, no Traffic Control']",['Unknown'],['Not Applicable'],['Not Applicable'],['Not Applicable'],True,"['unknown', '65 to 69', '40 to 44']",4.0
1327859.0,2012-10-17 08:00:00,715,2012,ELLESMERE RD,PARKINGTON CRES,Major Arterial,Scarborough,43.773345,-79.24629,641137.5436,4848192.8395,At Intersection,Traffic Signal,Clear,Daylight,Dry,142,Woburn North,137,Woburn (137),Non-Fatal Injury,1,0,1,0,0,0,0,0,0,0,0,0,0,Pedestrian Collisions,"['Driver', 'Pedestrian']",East,"['Automobile, Station Wagon', 'Other']",['Going Ahead'],['Driving Properly'],['Normal'],['Crossing without right of way'],['Inattentive'],['Not Applicable'],['Not Applicable'],['Not Applicable'],False,['35 to 39'],3.0
1327895.0,2012-11-28 10:00:00,1052,2012,KIPLING AVE,EGLINTON AVE W,Major Arterial,Etobicoke York,43.677145,-79.55089,616810.1321,4837034.3471,At Intersection,Traffic Signal,Clear,Daylight,Dry,10,Princess-Rosethorn,10,Princess-Rosethorn (10),Non-Fatal Injury,0,0,1,0,1,0,0,0,0,1,0,0,0,Turning Movement,"['Vehicle Owner', 'Truck Driver', 'Driver']",South,"['Other', 'Truck - Open', 'Automobile, Station Wagon']","['Going Ahead', 'Turning Left']","['Driving Properly', 'Failed to Yield Right of Way']","['Normal', 'Unknown']",['Not Applicable'],['Not Applicable'],['Not Applicable'],['Not Applicable'],['Not Applicable'],False,"['unknown', '70 to 74', '35 to 39', '85 to 89']",3.0
1327908.0,2012-11-27 10:00:00,230,2012,SCARLETT RD,RIVERVIEW HTS,Major Arterial,Etobicoke York,43.701145,-79.52689,618697.3951,4839733.9477,Unknown,No Control,Clear,"Dark, artificial",Dry,8,Humber Heights-Westmount,8,Humber Heights-Westmount (8),Non-Fatal Injury,0,0,1,0,0,0,0,0,1,1,0,0,0,SMV Other,"['Vehicle Owner', 'Driver', 'Other Property Owner']",South,"['Other', 'Automobile, Station Wagon']",['Going Ahead'],['Lost control'],['Unknown'],['Not Applicable'],['Not Applicable'],['Not Applicable'],['Not Applicable'],['Not Applicable'],False,"['unknown', '30 to 34']",3.0
1328002.0,2012-10-16 08:00:00,1900,2012,MIDLAND AVE,PRUDENTIAL DR,Major Arterial,Scarborough,43.749645,-79.26449,639727.9655,4845529.725,At Intersection,Traffic Signal,Clear,"Dark, artificial",Dry,126,Dorset Park,126,Dorset Park (126),Non-Fatal Injury,1,0,1,0,0,0,0,0,0,1,0,0,0,Pedestrian Collisions,"['Vehicle Owner', 'Driver', 'Pedestrian']",East,"['Other', 'Automobile, Station Wagon']",['Turning Left'],['Failed to Yield Right of Way'],['Normal'],['Crossing with right of way'],['Normal'],['Not Applicable'],['Not Applicable'],['Not Applicable'],False,"['unknown', '50 to 54', '30 to 34']",3.0
1328014.0,2012-10-16 08:00:00,1039,2012,BERNARD AVE,SPADINA RD,Minor Arterial,Toronto and East York,43.672145,-79.40599,628501.0373,4836693.2906,At Intersection,Traffic Signal,Clear,Daylight,Dry,95,Annex,95,Annex (95),Non-Fatal Injury,1,0,1,0,0,0,0,0,0,1,0,0,0,Pedestrian Collisions,"['Driver', 'Pedestrian']",North,"['Automobile, Station Wagon', 'Other']",['Turning Left'],['Failed to Yield Right of Way'],['Normal'],['Crossing with right of way'],['Normal'],['Not Applicable'],['Not Applicable'],['Not Applicable'],False,['70 to 74'],3.0
1328097.0,2012-10-19 08:00:00,350,2012,1144 ALBION RD,Not Applicable,Major Arterial,Etobicoke York,43.737559,-79.567287,615372.4322,4843721.1888,Unknown,No Control,Clear,Dark,Dry,3,Thistletown-Beaumond Heights,3,Thistletown-Beaumond Heights (3),Non-Fatal Injury,0,0,1,0,0,0,0,0,0,0,0,0,0,SMV Other,['Driver'],West,"['Automobile, Station Wagon']",['Going Ahead'],['Lost control'],['Other'],['Not Applicable'],['Not Applicable'],['Not Applicable'],['Not Applicable'],['Not Applicable'],False,['20 to 24'],3.0
1328148.0,2012-10-20 08:00:00,955,2012,EGLINTON AVE E,SUTHERLAND DR,Major Arterial,North York,43.713045,-79.36719,631539.4818,4841296.6422,At Intersection,Traffic Signal,Clear,Daylight,Dry,56,Leaside-Bennington,56,Leaside-Bennington (56),Non-Fatal Injury,1,0,1,0,0,0,0,0,0,1,0,0,0,Pedestrian Collisions,"['Driver', 'Pedestrian']",North,"['Automobile, Station Wagon', 'Other']",['Turning Left'],['Failed to Yield Right of Way'],['Normal'],['Crossing with right of way'],['Normal'],['Not Applicable'],['Not Applicable'],['Not Applicable'],False,"['80 to 84', '40 to 44']",3.0
1328243.0,2012-10-18 08:00:00,2108,2012,LAKE SHORE Blvd W,BATHURST St,Major Arterial,Toronto and East York,43.636473,-79.399638,629089.5182,4832741.306,At Intersection,Traffic Signal,Rain,"Dark, artificial",Wet,165,Harbourfront-CityPlace,77,Waterfront Communities-The Island (77),Non-Fatal Injury,0,0,1,0,0,0,0,1,0,1,1,0,0,Angle,"['Driver', 'Vehicle Owner', 'Passenger']",North,"['Automobile, Station Wagon', 'Other']",['Going Ahead'],"['Disobeyed Traffic Control', 'Driving Properly']","['Inattentive', 'Normal']",['Not Applicable'],['Not Applicable'],['Not Applicable'],['Not Applicable'],['Not Applicable'],False,"['20 to 24', 'unknown', '75 to 79', '40 to 44']",3.0
1328386.0,2012-11-30 10:00:00,1053,2012,RUNNYMEDE RD,DUNDAS ST W,Major Arterial,Toronto and East York,43.665545,-79.48209,622379.5956,4835845.2015,At Intersection,Traffic Signal,Clear,Daylight,Dry,90,Junction Area,90,Junction Area (90),Non-Fatal Injury,0,0,1,0,0,0,0,0,0,0,0,0,1,Rear End,"['Driver', 'Vehicle Owner']",South,"['Automobile, Station Wagon', 'Other']",['Going Ahead'],"['Lost control', 'Driving Properly']","['Medical or Physical Disability', 'Normal']",['Not Applicable'],['Not Applicable'],['Not Applicable'],['Not Applicable'],['Not Applicable'],False,"['70 to 74', 'unknown', '20 to 24']",3.0
1328482.0,2012-10-22 08:00:00,1343,2012,PARLIAMENT ST,CARLTON ST,Minor Arterial,Toronto and East York,43.664245,-79.36799,631581.6986,4835875.4576,At Intersection,Traffic Signal,Clear,Daylight,Dry,73,Moss Park,73,Moss Park (73),Non-Fatal Injury,1,0,1,0,0,0,0,0,0,1,0,0,0,Pedestrian Collisions,"['Driver', 'Pedestrian']",North,"['Automobile, Station Wagon', 'Other']",['Turning Right'],['Failed to Yield Right of Way'],['Normal'],['Crossing with right of way'],['Normal'],['Not Applicable'],['Not Applicable'],['Not Applicable'],False,"['20 to 24', '60 to 64']",3.0
1328489.0,2012-10-22 08:00:00,1525,2012,851 HUNTINGWOOD DR,Not Applicable,Minor Arterial,Scarborough,43.794787,-79.294872,637178.595,4850492.6414,At Intersection,No Control,Clear,Daylight,Dry,118,Tam O'Shanter-Sullivan,118,Tam O'Shanter-Sullivan (118),Non-Fatal Injury,0,0,1,0,0,0,0,0,0,1,0,0,0,Rear End,['Driver'],East,"['Automobile, Station Wagon']","['Going Ahead', 'Stopped']","['Following too Close', 'Driving Properly']","['Inattentive', 'Normal']",['Not Applicable'],['Not Applicable'],['Not Applicable'],['Not Applicable'],['Not Applicable'],False,"['55 to 59', '45 to 49', '50 to 54']",3.0
1328705.0,2012-12-02 10:00:00,237,2012,THE QUEENSWAY,PARK LAWN RD,Major Arterial,Etobicoke York,43.628745,-79.49169,621679.8804,4831743.9752,Unknown,No Control,Clear,"Dark, artificial",Wet,16,Stonegate-Queensway,16,Stonegate-Queensway (16),Non-Fatal Injury,1,0,1,0,0,0,0,1,0,1,0,0,0,Pedestrian Collisions,"['Passenger', 'Vehicle Owner', 'Driver', 'Pedestrian']",East,"['Other', 'Taxi']","['Other', 'Going Ahead']",['Other'],['Normal'],"['Crossing, no Traffic Control']",['Had Been Drinking'],['Not Applicable'],['Not Applicable'],['Not Applicable'],False,"['unknown', '35 to 39', '25 to 29']",3.0
1328738.0,2012-10-25 08:00:00,637,2012,SHUTER ST,VICTORIA ST,Minor Arterial,Toronto and East York,43.654345,-79.37879,630732.4177,4834758.8586,At Intersection,Traffic Signal,Clear,"Dawn, artificial",Dry,168,Downtown Yonge East,75,Church-Yonge Corridor (75),Non-Fatal Injury,1,0,1,0,0,0,0,0,0,1,0,0,0,Pedestrian Collisions,"['Vehicle Owner', 'Driver', 'Pedestrian']",East,"['Other', 'Automobile, Station Wagon']",['Turning Left'],['Failed to Yield Right of Way'],['Inattentive'],['Crossing with right of way'],['Normal'],['Not Applicable'],['Not Applicable'],['Not Applicable'],False,"['unknown', '45 to 49', '60 to 64']",3.0
1328809.0,2012-12-02 10:00:00,1745,2012,BRIMLEY RD,SHEPPARD AVE E,Major Arterial,Scarborough,43.787545,-79.26829,639333.9854,4849732.705,At Intersection,Traffic Signal,"Fog, Mist, Smoke, Dust","Dark, artificial",Wet,128,Agincourt South-Malvern West,128,Agincourt South-Malvern West (128),Non-Fatal Injury,1,0,1,0,0,0,0,0,0,1,0,0,0,Pedestrian Collisions,"['Driver', 'Pedestrian']",West,"['Automobile, Station Wagon', 'Other']",['Turning Right'],['Failed to Yield Right of Way'],['Unknown'],['Crossing with right of way'],['Normal'],['Not Applicable'],['Not Applicable'],['Not Applicable'],False,"['70 to 74', '75 to 79']",3.0
1328909.0,2012-11-29 10:00:00,125,2012,WARDEN AVE,TOWER DR,Major Arterial,Scarborough,43.754345,-79.29839,636987.8817,4845995.1033,At Intersection,Traffic Signal,Clear,Dark,Dry,119,Wexford/Maryvale,119,Wexford/Maryvale (119),Non-Fatal Injury,0,0,1,0,0,0,0,0,1,1,0,0,0,Rear End,"['Vehicle Owner', 'Driver']",South,"['Other', 'Automobile, Station Wagon']","['Stopped', 'Going Ahead']","['Driving Properly', 'Exceeding Speed Limit']","['Normal', 'Fatigue']",['Not Applicable'],['Not Applicable'],['Not Applicable'],['Not Applicable'],['Not Applicable'],False,"['unknown', '20 to 24', '30 to 34']",3.0
1329059.0,2012-12-03 10:00:00,1507,2012,ELM RD,FAIRLAWN AVE,Collector,North York,43.728645,-79.41439,627703.8562,4842955.4245,At Intersection,Stop Sign,Clear,Daylight,Dry,105,Lawrence Park North,105,Lawrence Park North (105),Fatal,1,0,1,0,0,0,0,0,0,1,0,0,0,Pedestrian Collisions,"['Driver', 'Pedestrian']",East,"['Automobile, Station Wagon', 'Other']",['Going Ahead'],['Failed to Yield Right of Way'],['Inattentive'],['Crossing with right of way'],['Normal'],['Not Applicable'],['Not Applicable'],['Not Applicable'],True,['85 to 89'],4.0
1329099.0,2012-10-28 08:00:00,2135,2012,FINCH AVE W,ARDWICK BLVD,Major Arterial,Etobicoke York,43.748745,-79.55759,616131.6806,4844977.103,At Intersection,Traffic Signal,Rain,"Dark, artificial",Wet,22,Humbermede,22,Humbermede (22),Non-Fatal Injury,1,0,1,0,0,0,0,0,0,1,0,0,0,Pedestrian Collisions,"['Vehicle Owner', 'Driver', 'Pedestrian']",North,"['Other', 'Automobile, Station Wagon']",['Turning Left'],['Failed to Yield Right of Way'],['Normal'],['Crossing with right of way'],['Normal'],['Not Applicable'],['Not Applicable'],['Not Applicable'],False,"['unknown', '25 to 29', '40 to 44']",3.0
1329108.0,2012-08-24 08:00:00,1410,2012,ISLINGTON AVE,BERGAMOT AVE,Major Arterial,Etobicoke York,43.716945,-79.55599,616322.0478,4841447.5062,At Intersection,Traffic Signal,Clear,Daylight,Dry,4,Rexdale-Kipling,4,Rexdale-Kipling (4),Non-Fatal Injury,0,0,1,0,0,0,0,1,0,1,0,0,0,Angle,"['Passenger', 'Driver', 'Vehicle Owner']",North,"['Other', 'Automobile, Station Wagon']",['Going Ahead'],"['Failed to Yield Right of Way', 'Driving Properly']",['Normal'],['Not Applicable'],['Not Applicable'],['Not Applicable'],['Not Applicable'],['Not Applicable'],False,"['85 to 89', '50 to 54', 'unknown', '60 to 64']",3.0
1329416.0,2012-12-04 10:00:00,1810,2012,SHORNCLIFFE RD,BRAMSHOTT RD,Minor Arterial,Etobicoke York,43.627045,-79.54259,617576.905,4831481.8257,At Intersection,No Control,Clear,"Dark, artificial",Wet,159,Etobicoke City Centre,14,Islington-City Centre West (14),Non-Fatal Injury,1,0,1,0,0,0,0,0,0,0,0,0,0,Pedestrian Collisions,"['Driver', 'Pedestrian']",South,"['Automobile, Station Wagon', 'Other']",['Going Ahead'],['Driving Properly'],['Normal'],"['Crossing, no Traffic Control']",['Unknown'],['Not Applicable'],['Not Applicable'],['Not Applicable'],False,"['45 to 49', '55 to 59']",3.0
1329449.0,2012-11-01 08:00:00,2128,2012,VICTORIA PARK Ave,BISCAYNE BLVD,Major Arterial,North York,43.729544,-79.30463,636541.8963,4843230.2795,Unknown,No Control,Clear,"Dark, artificial",Dry,119,Wexford/Maryvale,119,Wexford/Maryvale (119),Non-Fatal Injury,0,0,1,0,0,0,0,0,0,0,0,0,0,Turning Movement,"['Driver', 'Vehicle Owner']",South,"['Automobile, Station Wagon', 'Other']","['Going Ahead', 'Making U Turn']","['Driving Properly', 'Improper Turn']",['Normal'],['Not Applicable'],['Not Applicable'],['Not Applicable'],['Not Applicable'],['Not Applicable'],False,"['30 to 34', 'unknown', '20 to 24']",3.0
1329462.0,2012-10-31 08:00:00,719,2012,CASTLEFIELD AVE,CALEDONIA RD,Minor Arterial,North York,43.698445,-79.46349,623811.5176,4839526.795,At Intersection,Traffic Signal,Rain,Dark,Wet,108,Briar Hill-Belgravia,108,Briar Hill-Belgravia (108),Non-Fatal Injury,1,0,1,0,0,0,0,0,0,0,0,0,0,Pedestrian Collisions,"['Driver', 'Pedestrian']",South,"['Automobile, Station Wagon', 'Other']",['Turning Right'],['Improper Turn'],['Normal'],['Crossing with right of way'],['Normal'],['Not Applicable'],['Not Applicable'],['Not Applicable'],False,"['30 to 34', '35 to 39']",3.0
1329595.0,2012-10-29 08:00:00,2210,2012,SHAUGHNESSY BLVD,ROCHELLE CRES,Collector,North York,43.774345,-79.35359,632499.8041,4848126.5906,At Intersection,No Control,Rain,"Dark, artificial",Wet,47,Don Valley Village,47,Don Valley Village (47),Non-Fatal Injury,1,0,1,0,0,0,0,0,0,1,0,0,0,Pedestrian Collisions,"['Pedestrian', 'Driver']",South,"['Other', 'Automobile, Station Wagon']",['Turning Left'],['Failed to Yield Right of Way'],['Normal'],['Crossing with right of way'],['Normal'],['Not Applicable'],['Not Applicable'],['Not Applicable'],False,"['55 to 59', '35 to 39']",3.0
1329833.0,2012-11-02 08:00:00,100,2012,GLENHOLME AVE,ROGERS RD,Minor Arterial,Toronto and East York,43.686545,-79.44159,625601.0678,4838238.0725,At Intersection,Traffic Signal,Clear,Daylight,Dry,107,Oakwood Village,107,Oakwood Village (107),Non-Fatal Injury,1,0,1,0,0,0,0,0,0,1,0,0,0,Pedestrian Collisions,"['Driver', 'Pedestrian']",North,"['Automobile, Station Wagon', 'Other']",['Turning Left'],['Failed to Yield Right of Way'],['Inattentive'],['Crossing with right of way'],['Normal'],['Not Applicable'],['Not Applicable'],['Not Applicable'],False,"['55 to 59', '50 to 54']",3.0
1329835.0,2012-11-02 08:00:00,1933,2012,EGLINTON Ave E,RUMSEY Rd,Major Arterial,North York,43.712565,-79.369647,631342.592,4841239.4351,At Intersection,Traffic Signal,Clear,"Dusk, artificial",Dry,56,Leaside-Bennington,56,Leaside-Bennington (56),Non-Fatal Injury,0,0,1,0,0,0,0,0,0,1,1,0,0,Angle,"['Vehicle Owner', 'Driver', 'Other Property Owner']",East,"['Other', 'Automobile, Station Wagon']","['Going Ahead', 'Slowing or Stopping']","['Driving Properly', 'Disobeyed Traffic Control']",['Normal'],['Not Applicable'],['Not Applicable'],['Not Applicable'],['Not Applicable'],['Not Applicable'],False,"['unknown', '50 to 54', '35 to 39', '70 to 74']",3.0
1330074.0,2012-11-05 10:00:00,1320,2012,810 COLLEGE ST,Not Applicable,Major Arterial,Toronto and East York,43.654544,-79.42189,627256.4301,4834713.9585,Unknown,No Control,Clear,Daylight,Dry,81,Trinity-Bellwoods,81,Trinity-Bellwoods (81),Non-Fatal Injury,0,1,1,0,0,0,0,0,0,0,0,0,0,Cyclist Collisions,"['Driver', 'Cyclist']",West,"['Automobile, Station Wagon', 'Bicycle']","['Parked', 'Going Ahead']",['Other'],['Normal'],['Not Applicable'],['Not Applicable'],['Cyclist struck opened vehicle door'],['Driving Properly'],['Normal'],False,"['55 to 59', '20 to 24']",3.0
1330477.0,2012-12-10 10:00:00,2025,2012,BRIMLEY RD,ST ANDREWS RD,Major Arterial,Scarborough,43.762845,-79.25859,640172.1613,4847005.7572,Unknown,No Control,Clear,"Dark, artificial",Dry,156,Bendale-Glen Andrew,127,Bendale (127),Non-Fatal Injury,0,0,1,0,0,0,0,1,0,0,0,0,0,SMV Other,"['Passenger', 'Vehicle Owner', 'Driver', 'Other Property Owner']",North,"['Other', 'Automobile, Station Wagon']",['Going Ahead'],['Lost control'],['Normal'],['Not Applicable'],['Not Applicable'],['Not Applicable'],['Not Applicable'],['Not Applicable'],False,"['20 to 24', 'unknown']",3.0
1330495.0,2012-10-20 08:00:00,1145,2012,DUPONT ST,OSSINGTON AVE,Major Arterial,Toronto and East York,43.670345,-79.42749,626771.5886,4836460.2953,Unknown,No Control,Clear,Daylight,Dry,172,Dovercourt Village,93,Dovercourt-Wallace Emerson-Junction (93),Non-Fatal Injury,0,0,1,1,0,0,0,0,0,1,0,0,0,Turning Movement,"['Motorcycle Driver', 'Vehicle Owner', 'Driver']",East,"['Motorcycle', 'Other', 'Automobile, Station Wagon']","['Going Ahead', 'Making U Turn']","['Driving Properly', 'Improper Turn']","['Normal', 'Inattentive']",['Not Applicable'],['Not Applicable'],['Not Applicable'],['Not Applicable'],['Not Applicable'],False,"['30 to 34', 'unknown', '60 to 64']",3.0
1330905.0,2012-12-10 10:00:00,713,2012,KENNEDY RD,MERRIAN RD,Major Arterial,Scarborough,43.727445,-79.26589,639666.8577,4843061.7213,Unknown,Traffic Signal,Rain,"Dark, artificial",Wet,124,Kennedy Park,124,Kennedy Park (124),Non-Fatal Injury,1,0,1,0,0,0,0,0,0,1,0,0,0,Pedestrian Collisions,"['Driver', 'Pedestrian']",East,"['Automobile, Station Wagon', 'Other']",['Turning Left'],['Failed to Yield Right of Way'],['Normal'],['Crossing with right of way'],['Normal'],['Not Applicable'],['Not Applicable'],['Not Applicable'],False,"['25 to 29', '80 to 84']",3.0
1331518.0,2012-10-27 08:00:00,1900,2012,MCCOWAN RD,PITFIELD RD,Major Arterial,Scarborough,43.787345,-79.257289,640219.6073,4849729.069,At Intersection,Traffic Signal,Rain,"Dark, artificial",Wet,128,Agincourt South-Malvern West,128,Agincourt South-Malvern West (128),Non-Fatal Injury,0,0,1,0,0,0,0,1,0,1,0,0,0,Turning Movement,"['Passenger', 'Driver']",North,"['Automobile, Station Wagon']","['Turning Left', 'Going Ahead']","['Failed to Yield Right of Way', 'Driving Properly']","['Inattentive', 'Normal']",['Not Applicable'],['Not Applicable'],['Not Applicable'],['Not Applicable'],['Not Applicable'],False,"['50 to 54', '75 to 79', '70 to 74', '20 to 24', '35 to 39']",3.0
1331528.0,2012-11-09 10:00:00,1140,2012,WILSON Ave,YONGE St,Major Arterial,North York,43.744139,-79.406711,628289.2315,4844688.122,At Intersection,Traffic Signal,Clear,Daylight,Dry,40,St.Andrew-Windfields,40,St.Andrew-Windfields (40),Non-Fatal Injury,0,0,1,0,0,0,0,0,0,1,0,0,0,Turning Movement,['Driver'],East,"['Automobile, Station Wagon']","['Turning Left', 'Going Ahead']","['Failed to Yield Right of Way', 'Driving Properly']",['Normal'],['Not Applicable'],['Not Applicable'],['Not Applicable'],['Not Applicable'],['Not Applicable'],False,"['85 to 89', '50 to 54']",3.0
1331563.0,2012-11-09 10:00:00,2255,2012,KING ST W,TECUMSETH ST,Major Arterial,Toronto and East York,43.643515,-79.404651,628670.1191,4833515.6267,Unknown,No Control,Rain,"Dark, artificial",Wet,162,West Queen West,82,Niagara (82),Non-Fatal Injury,0,0,1,1,0,0,0,1,0,0,0,0,0,Approaching,"['Passenger', 'Motorcycle Driver', 'Driver']",East,"['Other', 'Motorcycle', 'Automobile, Station Wagon']",['Going Ahead'],"['Lost control', 'Driving Properly']",['Normal'],['Not Applicable'],['Not Applicable'],['Not Applicable'],['Not Applicable'],['Not Applicable'],False,"['30 to 34', '50 to 54']",3.0
1331576.0,2012-12-17 10:00:00,2030,2012,STEELES AVE E,MAXOME AVE,Major Arterial,North York,43.801045,-79.40619,628209.5238,4851009.2082,At Intersection,Traffic Signal,Clear,Dark,Dry,50,Newtonbrook East,50,Newtonbrook East (50),Non-Fatal Injury,1,0,1,0,0,0,0,0,0,0,0,0,0,Pedestrian Collisions,"['Driver', 'Pedestrian']",North,"['Automobile, Station Wagon', 'Other']",['Turning Left'],['Improper Turn'],['Inattentive'],['Crossing with right of way'],['Normal'],['Not Applicable'],['Not Applicable'],['Not Applicable'],False,"['55 to 59', '25 to 29']",3.0
1331648.0,2012-12-18 10:00:00,701,2012,CARLTON ST,PARLIAMENT ST,Minor Arterial,Toronto and East York,43.664443,-79.368091,631573.1228,4835897.288,At Intersection,Missing Control,Other,Dark,Other,71,Cabbagetown-South St.James Town,71,Cabbagetown-South St.James Town (71),Non-Fatal Injury,1,0,1,0,0,0,0,0,0,0,0,0,0,Pedestrian Collisions,"['Driver', 'Pedestrian']",Unknown,"['Automobile, Station Wagon', 'Other']","['Turning Left', 'Other']",[],[],['Not Applicable'],['Not Applicable'],['Not Applicable'],['Not Applicable'],['Not Applicable'],False,"['35 to 39', '55 to 59', '45 to 49']",3.0
1331690.0,2012-11-01 08:00:00,715,2012,STAINES RD,SEASONS DR,Collector,Scarborough,43.830445,-79.22369,642820.2666,4854573.4956,Unknown,No Control,Rain,Daylight,Wet,144,Morningside Heights,131,Rouge (131),Non-Fatal Injury,1,0,1,0,0,0,0,0,0,0,0,0,0,Pedestrian Collisions,"['Driver', 'Pedestrian']",North,"['Automobile, Station Wagon', 'Other']",['Going Ahead'],['Driving Properly'],['Normal'],['Walking on Roadway with Traffic'],['Normal'],['Not Applicable'],['Not Applicable'],['Not Applicable'],False,"['45 to 49', '20 to 24']",3.0
1331742.0,2020-07-18 08:00:00,218,2020,RIVERWOOD PKWY,HUMBER VALLEY RD,Local,Etobicoke York,43.640029,-79.490817,621727.5243,4832998.4849,Non Intersection,No Control,Clear,"Dark, artificial",Dry,16,Stonegate-Queensway,16,Stonegate-Queensway (16),Non-Fatal Injury,0,0,0,1,0,0,0,0,0,0,0,0,0,SMV Other,['Motorcycle Driver'],West,['Motorcycle'],['Going Ahead'],['Lost control'],['Normal'],['Not Applicable'],['Not Applicable'],['Not Applicable'],['Not Applicable'],['Not Applicable'],False,['25 to 29'],3.0
1331761.0,2012-12-18 10:00:00,700,2012,CARLTON ST,PARLIAMENT ST,Minor Arterial,Toronto and East York,43.664445,-79.36809,631573.199,4835897.5117,At Intersection,Traffic Signal,Clear,Dark,Dry,71,Cabbagetown-South St.James Town,71,Cabbagetown-South St.James Town (71),Non-Fatal Injury,1,0,0,0,1,0,0,0,0,0,0,0,0,Pedestrian Collisions,"['Vehicle Owner', 'Truck Driver', 'Pedestrian']",Unknown,"['Other', 'Truck - Open']",['Turning Left'],['Improper Turn'],['Unknown'],['Crossing with right of way'],['Unknown'],['Not Applicable'],['Not Applicable'],['Not Applicable'],False,"['unknown', '35 to 39', '55 to 59', '45 to 49']",3.0
1331849.0,2012-12-18 10:00:00,2100,2012,KINGSTON RD,BEECHGROVE DR,Major Arterial,Scarborough,43.776445,-79.17369,646972.8269,4848663.4679,At Intersection,No Control,Clear,Dark,Dry,136,West Hill,136,West Hill (136),Fatal,1,0,1,0,0,0,0,0,0,0,0,0,0,Pedestrian Collisions,"['Driver', 'Pedestrian']",North,"['Automobile, Station Wagon', 'Other']",['Going Ahead'],['Driving Properly'],['Normal'],"['Crossing, no Traffic Control']",['Unknown'],['Not Applicable'],['Not Applicable'],['Not Applicable'],True,"['25 to 29', '55 to 59']",4.0
1331914.0,2012-11-13 10:00:00,420,2012,470 RICHMOND ST E,Not Applicable,Major Arterial,Toronto and East York,43.654145,-79.36569,631789.2348,4834757.3686,Unknown,No Control,Clear,Dark,Dry,73,Moss Park,73,Moss Park (73),Non-Fatal Injury,1,0,0,0,1,0,0,0,0,0,0,0,0,Pedestrian Collisions,"['Vehicle Owner', 'Truck Driver', 'Pedestrian']",Unknown,"['Other', 'Truck - Open']",['Pulling Away from Shoulder or Curb'],['Driving Properly'],['Normal'],['Playing or Working on Highway'],['Normal'],['Not Applicable'],['Not Applicable'],['Not Applicable'],False,"['unknown', '50 to 54', '45 to 49']",3.0
1331941.0,2012-12-09 10:00:00,1715,2012,UNIVERSITY AVE,ELM ST,Major Arterial,Toronto and East York,43.656336,-79.388957,629908.2611,4834964.0173,At Intersection,Traffic Signal,Clear,"Dark, artificial",Dry,170,Yonge-Bay Corridor,76,Bay Street Corridor (76),Non-Fatal Injury,0,0,1,0,0,0,0,0,0,0,0,0,0,Sideswipe,"['Driver', 'Vehicle Owner']",South,"['Automobile, Station Wagon', 'Other']","['Stopped', 'Slowing or Stopping']","['Driving Properly', 'Lost control']","['Normal', 'Unknown']",['Not Applicable'],['Not Applicable'],['Not Applicable'],['Not Applicable'],['Not Applicable'],False,"['30 to 34', 'unknown']",3.0
133203.0,2020-01-20 10:00:00,940,2020,F G GARDINER XY  W,YONGE ST,Expressway,Toronto and East York,43.644503,-79.375179,631045.0095,4833671.4709,Non Intersection,No Control,Clear,Daylight,Dry,166,St Lawrence-East Bayfront-The Islands,77,Waterfront Communities-The Island (77),Non-Fatal Injury,0,0,1,0,0,0,0,0,0,0,0,0,1,SMV Other,['Driver'],West,"['Automobile, Station Wagon']","['Changing Lanes', 'Going Ahead']","['Other', 'Driving Properly']","['Medical or Physical Disability', 'Normal']",['Not Applicable'],['Not Applicable'],['Not Applicable'],['Not Applicable'],['Not Applicable'],False,"['60 to 64', '30 to 34']",3.0
1332159.0,2012-11-28 10:00:00,1723,2012,DONCASTER AVE,MAIN ST,Minor Arterial,Toronto and East York,43.691645,-79.30339,636727.919,4839023.0938,At Intersection,No Control,Clear,Dark,Dry,60,Woodbine-Lumsden,60,Woodbine-Lumsden (60),Non-Fatal Injury,1,0,1,0,0,0,0,0,0,1,0,0,0,Pedestrian Collisions,"['Driver', 'Pedestrian']",East,"['Automobile, Station Wagon', 'Other']",['Going Ahead'],['Failed to Yield Right of Way'],['Normal'],"['Crossing, no Traffic Control']",['Normal'],['Not Applicable'],['Not Applicable'],['Not Applicable'],False,"['unknown', '10 to 14']",3.0