accident_number,date,time,year,street1,street2,road_class,district,latitude,longitude,x,y,accident_location,traffctl,visibility,light,road_surface_condition,hood_158,neighbourhood_new,hood_140,neighbourhood_old,accident_class,pedestrian,cyclist,automobile,motorcycle,truck,trsn_city_veh,emerg_veh,passenger,speeding,aggressive_driving,redlight,alcohol,disability,impact_type,involvement_type,initial_direction,vehicle_type,manoeuver,driver_action,driver_condition,pedestrian_action,pedestrian_condition,cyclist_type,cyclist_action,cyclist_condition,injury,involvement_age,injury_severity_score
1361618.0,2013-05-06 08:00:00,1530,2013,PORTLAND ST,WESLEY ST,Collector,Etobicoke York,43.619745,-79.49649,621310.7472,4830737.3901,At Intersection,No Control,Clear,Daylight,Dry,160,Mimico-Queensway,17,Mimico (includes Humber Bay Shores) (17),Non-Fatal Injury,1,0,1,0,0,0,0,0,0,0,0,0,0,Pedestrian Collisions,"['Driver', 'Pedestrian']",South,"['Automobile, Station Wagon', 'Other']",['Going Ahead'],['Driving Properly'],['Normal'],"['Crossing, no Traffic Control']",['Inattentive'],['Not Applicable'],['Not Applicable'],['Not Applicable'],False,"['60 to 64', '20 to 24']",3.0
1361719.0,2013-05-07 08:00:00,948,2013,WOODBINE AVE,MORTIMER AVE,Major Arterial,Toronto and East York,43.692645,-79.315791,635726.2689,4839113.7841,Unknown,No Control,Clear,Daylight,Dry,60,Woodbine-Lumsden,60,Woodbine-Lumsden (60),Non-Fatal Injury,0,1,1,0,0,0,0,0,0,0,0,0,0,Cyclist Collisions,"['Vehicle Owner', 'Driver', 'Cyclist']",South,"['Automobile, Station Wagon', 'Bicycle']",['Going Ahead'],['Driving Properly'],['Normal'],['Not Applicable'],['Not Applicable'],"['Cyclist loses control and strikes object (pole, ttc track)']",['Lost control'],['Normal'],False,"['unknown', '55 to 59', '20 to 24']",3.0
1362257.0,2013-06-23 08:00:00,1620,2013,F G GARDINER XY  E,LAKE SHORE BLVD W,Major Arterial,Toronto and East York,43.633645,-79.43659,626114.7558,4832370.4168,Unknown,No Control,Clear,Daylight,Dry,85,South Parkdale,85,South Parkdale (85),Non-Fatal Injury,0,0,1,0,0,0,0,1,0,1,0,0,0,Rear End,"['Passenger', 'Driver']",East,"['Other', 'Automobile, Station Wagon']","['Slowing or Stopping', 'Stopped']","['Following too Close', 'Driving Properly']",['Normal'],['Not Applicable'],['Not Applicable'],['Not Applicable'],['Not Applicable'],['Not Applicable'],False,"['10 to 14', '35 to 39', '0 to 4', '25 to 29']",3.0
1362376.0,2013-05-08 08:00:00,1423,2013,EGLINTON AVE W,BRAEMAR AVE,Major Arterial,North York,43.704345,-79.40959,628142.2344,4840263.972,At Intersection,No Control,Clear,Daylight,Dry,100,Yonge-Eglinton,100,Yonge-Eglinton (100),Non-Fatal Injury,0,0,1,1,0,0,0,0,0,1,0,0,0,Turning Movement,"['Vehicle Owner', 'Driver', 'Motorcycle Driver']",East,"['Other', 'Automobile, Station Wagon', 'Motorcycle']","['Turning Left', 'Going Ahead']","['Driving Properly', 'Improper Passing']","['Normal', 'Inattentive']",['Not Applicable'],['Not Applicable'],['Not Applicable'],['Not Applicable'],['Not Applicable'],False,"['unknown', '20 to 24']",3.0
1362406.0,2013-05-08 08:00:00,1140,2013,NORTH QUEEN ST,VANSCO RD,Minor Arterial,Etobicoke York,43.623545,-79.53579,618132.3564,4831102.7603,Unknown,Stop Sign,Clear,Daylight,Dry,159,Etobicoke City Centre,14,Islington-City Centre West (14),Non-Fatal Injury,0,0,1,0,0,0,0,1,0,0,0,0,0,Turning Movement,"['Driver', 'Passenger']",East,"['Automobile, Station Wagon', 'Other']","['Turning Left', 'Going Ahead']","['Improper Turn', 'Driving Properly']","['Inattentive', 'Normal']",['Not Applicable'],['Not Applicable'],['Not Applicable'],['Not Applicable'],['Not Applicable'],False,"['55 to 59', '75 to 79']",3.0
1362428.0,2013-05-09 08:00:00,800,2013,VICTORIA PARK AVE,MUSGRAVE ST,Major Arterial,Toronto and East York,43.687945,-79.28699,638058.0816,4838639.3301,At Intersection,Traffic Signal,Clear,Daylight,Dry,122,Birchcliffe-Cliffside,122,Birchcliffe-Cliffside (122),Non-Fatal Injury,1,0,1,0,0,0,0,0,0,0,0,0,0,Pedestrian Collisions,"['Driver', 'Pedestrian']",South,"['Automobile, Station Wagon', 'Other']",['Going Ahead'],['Driving Properly'],['Normal'],['Crossing without right of way'],['Normal'],['Not Applicable'],['Not Applicable'],['Not Applicable'],False,"['60 to 64', '15 to 19']",3.0
136270.0,2020-01-20 10:00:00,1658,2020,ISLINGTON AVE,BROMLEY CRES,Major Arterial,Etobicoke York,43.662558,-79.531223,618424.149,4835442.1537,Intersection Related,No Control,Clear,Daylight,Loose Snow,9,Edenbridge-Humber Valley,9,Edenbridge-Humber Valley (9),Non-Fatal Injury,1,0,0,0,0,1,0,0,0,0,0,0,0,Pedestrian Collisions,"['Driver', 'Pedestrian']",North,['Municipal Transit Bus (TTC)'],['Going Ahead'],['Driving Properly'],['Normal'],['Crossing without right of way'],['Inattentive'],['Not Applicable'],['Not Applicable'],['Not Applicable'],False,"['45 to 49', '15 to 19']",3.0
1362767.0,2013-05-09 08:00:00,1738,2013,KING ST W,SIMCOE ST,Major Arterial,Toronto and East York,43.647383,-79.386096,630158.3023,4833974.1524,Unknown,Traffic Signal,Clear,Daylight,Dry,170,Yonge-Bay Corridor,76,Bay Street Corridor (76),Non-Fatal Injury,0,0,0,0,1,1,0,1,0,0,0,0,0,Other,"['Vehicle Owner', 'Passenger', 'Driver', 'Truck Driver']",East,"['Other', 'Municipal Transit Bus (TTC)', 'Truck - Open']","['Going Ahead', 'Stopped']",['Driving Properly'],['Normal'],['Not Applicable'],['Not Applicable'],['Not Applicable'],['Not Applicable'],['Not Applicable'],False,"['unknown', '30 to 34', '35 to 39', '55 to 59']",3.0
1362811.0,2013-06-20 08:00:00,1316,2013,MARTIN GROVE RD,409 E MARTIN GROVE RAMP,Major Arterial,Etobicoke York,43.697945,-79.57379,614924.4636,4839312.4703,At Intersection,Traffic Signal,Clear,Daylight,Dry,1,West Humber-Clairville,1,West Humber-Clairville (1),Non-Fatal Injury,0,1,1,0,0,0,0,0,0,0,0,0,0,Cyclist Collisions,"['Vehicle Owner', 'Driver', 'Cyclist']",East,"['Other', 'Automobile, Station Wagon', 'Bicycle']","['Turning Right', 'Going Ahead']",['Driving Properly'],['Normal'],['Not Applicable'],['Not Applicable'],"['Cyclist without ROW rides into path of motorist at inter, lnwy, dwy-Cyclist not turn.']",['Disobeyed Traffic Control'],['Normal'],False,"['unknown', '50 to 54', '55 to 59']",3.0
1362938.0,2013-05-10 08:00:00,1346,2013,QUEEN ST E,BOULTON AVE,Minor Arterial,Toronto and East York,43.659545,-79.34669,633309.4438,4835387.4629,Unknown,Pedestrian Crossover,Rain,Daylight,Wet,70,South Riverdale,70,South Riverdale (70),Non-Fatal Injury,0,0,1,0,1,0,0,0,0,1,0,0,0,Rear End,"['Vehicle Owner', 'Truck Driver', 'Driver']",East,"['Other', 'Truck - Open', 'Automobile, Station Wagon']","['Going Ahead', 'Slowing or Stopping']","['Following too Close', 'Driving Properly']","['Inattentive', 'Normal']",['Not Applicable'],['Not Applicable'],['Not Applicable'],['Not Applicable'],['Not Applicable'],False,"['unknown', '25 to 29', '55 to 59']",3.0
1363030.0,2013-06-27 08:00:00,1025,2013,DUNDAS ST W,CLOVERDALE MALL,Major Arterial,Etobicoke York,43.628993,-79.55492,616578.4056,4831680.7873,At Intersection,Traffic Signal,Clear,Daylight,Dry,159,Etobicoke City Centre,14,Islington-City Centre West (14),Non-Fatal Injury,1,0,1,0,0,0,0,0,0,1,0,0,0,Pedestrian Collisions,"['Driver', 'Pedestrian']",North,"['Automobile, Station Wagon', 'Other']",['Going Ahead'],['Failed to Yield Right of Way'],['Unknown'],['Crossing with right of way'],['Unknown'],['Not Applicable'],['Not Applicable'],['Not Applicable'],False,"['40 to 44', '50 to 54']",3.0
1363081.0,2013-06-27 08:00:00,2201,2013,DANFORTH RD,HUNTINGTON AVE,Major Arterial,Scarborough,43.727782,-79.252467,640747.1825,4843121.8624,Unknown,No Control,Clear,Dark,Dry,124,Kennedy Park,124,Kennedy Park (124),Non-Fatal Injury,1,0,1,0,0,0,0,0,0,0,0,0,0,Pedestrian Collisions,"['Pedestrian', 'Driver']",North,"['Other', 'Automobile, Station Wagon']","['Other', 'Going Ahead']",[],[],['Not Applicable'],['Not Applicable'],['Not Applicable'],['Not Applicable'],['Not Applicable'],False,['unknown'],3.0
1363269.0,2013-05-11 08:00:00,50,2013,WESTON RD,WALLASEY AVE,Major Arterial,Etobicoke York,43.718745,-79.53769,617792.686,4841673.2658,Unknown,No Control,"Fog, Mist, Smoke, Dust",Dark,Wet,23,Pelmo Park-Humberlea,23,Pelmo Park-Humberlea (23),Non-Fatal Injury,0,0,1,0,0,0,0,0,1,1,0,0,0,SMV Other,"['Driver', 'Other Property Owner']",South,"['Automobile, Station Wagon', 'Other']",['Going Ahead'],['Speed too Fast For Condition'],['Had Been Drinking'],['Not Applicable'],['Not Applicable'],['Not Applicable'],['Not Applicable'],['Not Applicable'],False,"['30 to 34', 'unknown']",3.0
1363450.0,2013-05-12 08:00:00,1258,2013,WARDEN AVE,DANFORTH RD,Minor Arterial,Scarborough,43.697165,-79.274829,639016.8899,4839683.6602,At Intersection,Traffic Signal,Rain,Daylight,Wet,121,Oakridge,121,Oakridge (121),Non-Fatal Injury,0,0,1,0,0,0,0,1,0,0,0,0,0,Approaching,"['Driver', 'Passenger']",North,"['Automobile, Station Wagon', 'Other']","['Changing Lanes', 'Going Ahead']","['Lost control', 'Driving Properly']","['Unknown', 'Normal']",['Not Applicable'],['Not Applicable'],['Not Applicable'],['Not Applicable'],['Not Applicable'],False,"['50 to 54', '5 to 9', '45 to 49', '10 to 14']",3.0
1363452.0,2013-05-20 08:00:00,1040,2013,LAKE SHORE BLVD W,REES ST,Major Arterial,Toronto and East York,43.639945,-79.38699,630102.2572,4833146.6642,At Intersection,Traffic Signal,Clear,Daylight,Dry,165,Harbourfront-CityPlace,77,Waterfront Communities-The Island (77),Non-Fatal Injury,0,1,1,0,0,0,0,0,0,0,0,0,0,Cyclist Collisions,"['Driver', 'Cyclist']",East,"['Automobile, Station Wagon', 'Bicycle']","['Turning Right', 'Going Ahead']",['Improper Turn'],['Inattentive'],['Not Applicable'],['Not Applicable'],"['Cyclist without ROW rides into path of motorist at inter, lnwy, dwy-Cyclist not turn.']",['Disobeyed Traffic Control'],['Inattentive'],False,"['35 to 39', '50 to 54']",3.0
1363537.0,2013-07-03 08:00:00,2105,2013,98 HAVENDALE RD,Not Applicable,Collector,Scarborough,43.792746,-79.284488,638018.7018,4850283.2196,Unknown,No Control,Clear,Dark,Dry,128,Agincourt South-Malvern West,128,Agincourt South-Malvern West (128),Fatal,0,0,1,1,0,0,0,0,1,1,0,0,0,SMV Other,"['Motorcycle Driver', 'Other']",Unknown,"['Motorcycle', 'Automobile, Station Wagon']","['Going Ahead', 'Parked']",['Lost control'],['Unknown'],['Not Applicable'],['Not Applicable'],['Not Applicable'],['Not Applicable'],['Not Applicable'],True,"['25 to 29', 'unknown']",4.0
1363559.0,2013-06-30 08:00:00,1243,2013,FINCH AVE W,OAKDALE RD,Major Arterial,Etobicoke York,43.755945,-79.52429,618798.5119,4845823.9901,At Intersection,Traffic Signal,Clear,Daylight,Dry,24,Black Creek,24,Black Creek (24),Non-Fatal Injury,1,0,1,0,0,0,0,0,0,1,0,0,0,Pedestrian Collisions,"['Driver', 'Pedestrian']",North,"['Automobile, Station Wagon', 'Other']",['Turning Left'],['Failed to Yield Right of Way'],['Normal'],['Crossing without right of way'],['Medical or Physical Disability'],['Not Applicable'],['Not Applicable'],['Not Applicable'],False,"['40 to 44', '85 to 89']",3.0
1363580.0,2013-05-12 08:00:00,1305,2013,LESLIE ST,LESMILL RD,Major Arterial,North York,43.762645,-79.36189,631857.537,4846813.8776,Unknown,No Control,Clear,Daylight,Dry,40,St.Andrew-Windfields,40,St.Andrew-Windfields (40),Non-Fatal Injury,0,0,1,0,0,0,0,0,0,0,0,0,1,SMV Other,"['Driver', 'Other Property Owner']",North,"['Automobile, Station Wagon', 'Other']",['Going Ahead'],"['Lost control', 'Driving Properly']","['Medical or Physical Disability', 'Normal']",['Not Applicable'],['Not Applicable'],['Not Applicable'],['Not Applicable'],['Not Applicable'],False,"['65 to 69', '25 to 29', 'unknown']",3.0
1363588.0,2013-05-13 08:00:00,1830,2013,BORDEN ST,BLOOR ST W,Major Arterial,Toronto and East York,43.665645,-79.40869,628297.2228,4835967.1996,Unknown,No Control,Clear,Daylight,Dry,79,University,79,University (79),Non-Fatal Injury,0,1,1,0,0,0,0,0,0,1,0,0,0,SMV Other,"['Driver - Not Hit', 'Moped Driver']",North,"['Automobile, Station Wagon', 'Moped']",['Going Ahead'],['Failed to Yield Right of Way'],['Normal'],['Not Applicable'],['Not Applicable'],['Not Applicable'],['Not Applicable'],['Not Applicable'],False,"['unknown', '40 to 44']",3.0
1363758.0,2013-05-14 08:00:00,956,2013,TECUMSETH ST,RICHMOND ST W,Local,Toronto and East York,43.645945,-79.40629,628532.7446,4833782.9699,At Intersection,Stop Sign,Clear,Daylight,Dry,162,West Queen West,82,Niagara (82),Non-Fatal Injury,0,0,1,0,0,0,0,0,0,0,0,0,1,SMV Unattended Vehicle,"['Driver', 'Other', 'Vehicle Owner']",South,"['Automobile, Station Wagon', 'Other']","['Going Ahead', 'Parked']",['Lost control'],['Medical or Physical Disability'],['Not Applicable'],['Not Applicable'],['Not Applicable'],['Not Applicable'],['Not Applicable'],False,"['40 to 44', 'unknown']",3.0
1363874.0,2013-05-15 08:00:00,701,2013,KINGSTON RD,LAWRENCE AVE E,Major Arterial,Scarborough,43.767646,-79.189586,645714.9447,4847658.1024,At Intersection,Traffic Signal,Rain,Daylight,Wet,136,West Hill,136,West Hill (136),Non-Fatal Injury,1,0,1,0,0,0,0,0,0,0,0,0,0,Pedestrian Collisions,"['Driver', 'Pedestrian']",South,"['Automobile, Station Wagon', 'Other']",['Slowing or Stopping'],['Driving Properly'],['Normal'],['Crossing without right of way'],['Normal'],['Not Applicable'],['Not Applicable'],['Not Applicable'],False,"['50 to 54', '75 to 79']",3.0
1364079.0,2013-07-05 08:00:00,2248,2013,MCCOWAN RD,LAWRENCE AVE E,Major Arterial,Scarborough,43.755545,-79.245387,641252.1072,4846217.4131,At Intersection,Traffic Signal,Clear,"Dark, artificial",Dry,157,Bendale South,127,Bendale (127),Fatal,1,0,1,0,0,0,0,0,0,0,0,0,0,Pedestrian Collisions,"['Driver', 'Pedestrian']",East,"['Automobile, Station Wagon']",['Going Ahead'],['Driving Properly'],['Normal'],['Crossing without right of way'],['Had Been Drinking'],['Not Applicable'],['Not Applicable'],['Not Applicable'],True,"['55 to 59', '75 to 79']",4.0
1364208.0,2013-07-06 08:00:00,2023,2013,DUNDAS ST E,POULETT ST,Major Arterial,Toronto and East York,43.659245,-79.36669,631697.4451,4835322.2035,Unknown,No Control,Clear,Daylight,Dry,73,Moss Park,73,Moss Park (73),Non-Fatal Injury,1,0,0,0,0,1,0,0,0,0,0,0,0,Pedestrian Collisions,"['Driver', 'Pedestrian', 'Vehicle Owner']",East,"['Municipal Transit Bus (TTC)', 'Other']",['Slowing or Stopping'],['Driving Properly'],['Normal'],['Running onto Roadway'],['Unknown'],['Not Applicable'],['Not Applicable'],['Not Applicable'],False,"['45 to 49', '55 to 59', 'unknown']",3.0
1364430.0,2013-07-08 08:00:00,1715,2013,MCCOWAN RD,KENHATCH BLVD,Major Arterial,Scarborough,43.801444,-79.263789,639663.7575,4851283.9978,Unknown,Traffic Signal,Rain,Daylight,Wet,129,Agincourt North,129,Agincourt North (129),Fatal,1,0,0,0,0,1,0,0,0,0,0,0,0,Pedestrian Collisions,"['Vehicle Owner', 'Driver', 'Pedestrian']",East,['Municipal Transit Bus (TTC)'],['Going Ahead'],['Driving Properly'],['Normal'],['Crossing without right of way'],['Inattentive'],['Not Applicable'],['Not Applicable'],['Not Applicable'],True,"['unknown', '50 to 54', '65 to 69']",4.0
1364785.0,2013-05-18 08:00:00,2118,2013,HOLLAND AVE,GLENBURN AVE,Local,Toronto and East York,43.715345,-79.30159,636819.0542,4841658.2869,At Intersection,Stop Sign,Clear,Dark,Dry,54,O'Connor-Parkview,54,O'Connor-Parkview (54),Non-Fatal Injury,0,0,1,0,0,0,0,1,0,1,0,0,0,Rear End,"['Driver', 'Passenger']",East,"['Automobile, Station Wagon', 'Other']","['Going Ahead', 'Stopped']","['Following too Close', 'Driving Properly']","['Inattentive', 'Normal']",['Not Applicable'],['Not Applicable'],['Not Applicable'],['Not Applicable'],['Not Applicable'],False,"['35 to 39', '55 to 59', '30 to 34']",3.0
1364796.0,2013-05-17 08:00:00,1406,2013,BATHURST ST,NINA ST,Major Arterial,Toronto and East York,43.679845,-79.41699,627597.9431,4837531.498,At Intersection,Traffic Signal,Clear,Daylight,Dry,94,Wychwood,94,Wychwood (94),Non-Fatal Injury,0,0,1,1,0,0,0,0,0,1,0,0,0,Sideswipe,"['Driver', 'Vehicle Owner', 'Motorcycle Driver']",North,"['Automobile, Station Wagon', 'Other', 'Motorcycle']","['Changing Lanes', 'Going Ahead']","['Driving Properly', 'Improper Passing']",['Normal'],['Not Applicable'],['Not Applicable'],['Not Applicable'],['Not Applicable'],['Not Applicable'],False,"['20 to 24', 'unknown', '35 to 39']",3.0
1365020.0,2013-05-21 08:00:00,1540,2013,OSSINGTON Ave,DUPONT St,Major Arterial,Toronto and East York,43.670045,-79.42899,626651.2924,4836424.6851,At Intersection,Traffic Signal,Clear,Daylight,Dry,172,Dovercourt Village,93,Dovercourt-Wallace Emerson-Junction (93),Non-Fatal Injury,0,0,1,0,0,0,0,1,1,1,0,0,0,Turning Movement,"['Driver', 'Passenger', 'Vehicle Owner']",North,"['Other', 'Automobile, Station Wagon']","['Going Ahead', 'Turning Left']","['Exceeding Speed Limit', 'Driving Properly']","['Unknown', 'Normal']",['Not Applicable'],['Not Applicable'],['Not Applicable'],['Not Applicable'],['Not Applicable'],False,"['20 to 24', '45 to 49', 'unknown', '35 to 39']",3.0
1365311.0,2013-07-11 08:00:00,1959,2013,WILSON HEIGHTS BLVD,WATERLOO AVE,Collector,North York,43.755345,-79.45989,623984.1612,4845851.7356,At Intersection,Traffic Signal,Clear,Dusk,Dry,34,Bathurst Manor,34,Bathurst Manor (34),Non-Fatal Injury,1,0,1,0,0,0,0,0,0,1,0,0,0,Pedestrian Collisions,"['Vehicle Owner', 'Driver', 'Pedestrian']",North,"['Other', 'Automobile, Station Wagon']",['Turning Left'],['Failed to Yield Right of Way'],['Inattentive'],['Crossing with right of way'],['Normal'],['Not Applicable'],['Not Applicable'],['Not Applicable'],False,"['unknown', '45 to 49', '25 to 29']",3.0
1365621.0,2013-07-13 08:00:00,1845,2013,FINCH AVE E,MIDLAND AVE,Major Arterial,Scarborough,43.803745,-79.28629,637848.4268,4851501.8312,At Intersection,Traffic Signal,Clear,Daylight,Dry,128,Agincourt South-Malvern West,128,Agincourt South-Malvern West (128),Non-Fatal Injury,1,0,1,0,0,0,0,0,0,1,0,0,0,Pedestrian Collisions,"['Driver', 'Pedestrian']",North,"['Automobile, Station Wagon', 'Other']",['Turning Left'],['Failed to Yield Right of Way'],['Inattentive'],['Crossing with right of way'],['Normal'],['Not Applicable'],['Not Applicable'],['Not Applicable'],False,"['60 to 64', '65 to 69']",3.0
1365622.0,2013-05-23 08:00:00,1815,2013,KEELE ST,401 C E KEELE ST RAMP E,Major Arterial,Etobicoke York,43.721145,-79.48089,622363.2179,4842022.1107,At Intersection,Traffic Signal,Clear,Daylight,Dry,29,Maple Leaf,29,Maple Leaf (29),Non-Fatal Injury,1,0,1,0,0,0,0,0,0,1,0,0,0,Pedestrian Collisions,"['Driver', 'Pedestrian']",East,"['Automobile, Station Wagon', 'Other']",['Turning Right'],['Failed to Yield Right of Way'],['Inattentive'],['Crossing with right of way'],['Normal'],['Not Applicable'],['Not Applicable'],['Not Applicable'],False,"['60 to 64', '70 to 74']",3.0
1365635.0,2013-07-14 08:00:00,340,2013,F G GARDINER XY  E,ISLINGTON Ave,Expressway,Etobicoke York,43.620745,-79.51069,620163.0177,4830827.8043,Unknown,No Control,Clear,"Dark, artificial",Dry,160,Mimico-Queensway,17,Mimico (includes Humber Bay Shores) (17),Non-Fatal Injury,0,0,1,0,0,0,0,1,0,0,0,1,0,Sideswipe,"['Passenger', 'Driver']",West,"['Other', 'Automobile, Station Wagon']","['Going Ahead', 'Unknown']","['Lost control', 'Other']","['Ability Impaired, Alcohol Over .08', 'Unknown']",['Not Applicable'],['Not Applicable'],['Not Applicable'],['Not Applicable'],['Not Applicable'],False,"['25 to 29', 'unknown']",3.0
1365697.0,2013-05-25 08:00:00,1022,2013,41 WAYSIDE Ave,Not Applicable,Collector,Scarborough,43.801745,-79.30019,636734.8813,4851256.6376,Unknown,No Control,Clear,Daylight,Dry,148,East L'Amoreaux,117,L'Amoreaux (117),Non-Fatal Injury,1,0,1,0,0,0,0,0,0,0,0,0,0,Pedestrian Collisions,"['Driver', 'Pedestrian']",East,"['Automobile, Station Wagon', 'Other']",['Reversing'],['Other'],['Inattentive'],['Other'],['Normal'],['Not Applicable'],['Not Applicable'],['Not Applicable'],False,"['25 to 29', '80 to 84']",3.0
1365705.0,2013-05-26 08:00:00,1905,2013,CENTRE Ave,DUNDAS St W,Local,Toronto and East York,43.654545,-79.38699,630070.7408,4834768.1847,Unknown,No Control,Clear,"Daylight, artificial",Dry,170,Yonge-Bay Corridor,76,Bay Street Corridor (76),Non-Fatal Injury,1,0,1,0,0,0,0,0,0,0,0,0,0,Pedestrian Collisions,"['Vehicle Owner', 'Driver', 'Pedestrian']",South,"['Other', 'Automobile, Station Wagon']",['Reversing'],['Other'],['Unknown'],['Other'],['Had Been Drinking'],['Not Applicable'],['Not Applicable'],['Not Applicable'],False,"['unknown', '25 to 29', '30 to 34']",3.0
1365804.0,2013-05-23 08:00:00,1850,2013,GERRARD St E,BROADVIEW Ave,Minor Arterial,Toronto and East York,43.665745,-79.35139,632916.7867,4836068.5151,Unknown,No Control,Clear,Daylight,Dry,68,North Riverdale,68,North Riverdale (68),Non-Fatal Injury,0,1,1,0,0,0,0,0,0,1,0,0,0,Cyclist Collisions,"['Driver', 'Cyclist']",East,"['Automobile, Station Wagon', 'Bicycle']","['Parked', 'Going Ahead']",['Failed to Yield Right of Way'],['Normal'],['Not Applicable'],['Not Applicable'],['Cyclist struck opened vehicle door'],['Driving Properly'],['Normal'],False,"['50 to 54', '35 to 39']",3.0
1366035.0,2013-05-28 08:00:00,1755,2013,SCARLETT Rd,FOXWELL St,Minor Arterial,Etobicoke York,43.669345,-79.50159,620799.7963,4836238.6617,At Intersection,Stop Sign,Rain,Daylight,Wet,111,Rockcliffe-Smythe,111,Rockcliffe-Smythe (111),Non-Fatal Injury,0,0,1,0,0,0,0,0,0,0,0,0,0,Turning Movement,"['Vehicle Owner', 'Driver']",North,"['Other', 'Automobile, Station Wagon']","['Turning Left', 'Going Ahead']","['Improper Turn', 'Driving Properly']",['Normal'],['Not Applicable'],['Not Applicable'],['Not Applicable'],['Not Applicable'],['Not Applicable'],False,"['unknown', '65 to 69', '40 to 44']",3.0
1366092.0,2013-05-29 08:00:00,2230,2013,LAKE SHORE Blvd W,THIRTY SEVENTH St,Major Arterial,Etobicoke York,43.593345,-79.53819,617997.7582,4827745.2774,At Intersection,Traffic Signal,Clear,"Dark, artificial",Dry,19,Long Branch,19,Long Branch (19),Non-Fatal Injury,0,0,1,1,0,0,0,0,0,0,0,0,0,Turning Movement,"['Motorcycle Driver', 'Driver']",West,"['Motorcycle', 'Automobile, Station Wagon']","['Going Ahead', 'Turning Left']","['Driving Properly', 'Improper Turn']","['Normal', 'Inattentive']",['Not Applicable'],['Not Applicable'],['Not Applicable'],['Not Applicable'],['Not Applicable'],False,"['15 to 19', '55 to 59']",3.0
1366122.0,2013-07-11 08:00:00,1939,2013,BROADVIEW Ave,DANFORTH Ave,Minor Arterial,Toronto and East York,43.676545,-79.35889,632288.3732,4837256.0124,Unknown,No Control,Clear,Daylight,Dry,67,Playter Estates-Danforth,67,Playter Estates-Danforth (67),Non-Fatal Injury,1,1,1,0,0,0,0,0,0,0,0,0,0,Pedestrian Collisions,"['Pedestrian', 'Cyclist']",East,"['Automobile, Station Wagon', 'Bicycle']",['Going Ahead'],[],[],"['Crossing, no Traffic Control']",['Inattentive'],['Cyclist strikes pedestrian.'],['Driving Properly'],['Normal'],False,"['unknown', '35 to 39']",3.0
1366140.0,2013-06-27 08:00:00,205,2013,DAVENPORT Rd,CHRISTIE St,Minor Arterial,Toronto and East York,43.675545,-79.42309,627115.3295,4837044.5586,At Intersection,Traffic Signal,Clear,"Dark, artificial",Dry,94,Wychwood,94,Wychwood (94),Non-Fatal Injury,0,1,1,0,0,0,0,0,0,1,1,0,0,Cyclist Collisions,"['Driver', 'Cyclist']",North,"['Automobile, Station Wagon', 'Bicycle']",['Going Ahead'],['Disobeyed Traffic Control'],['Unknown'],['Not Applicable'],['Not Applicable'],"['Motorist without ROW drives into path of cyclist at inter, lnwy, dwy-Driver not turn.']",['Driving Properly'],['Normal'],False,"['unknown', '50 to 54']",3.0
1366152.0,2013-07-11 08:00:00,2225,2013,WATSON ST,OLD KINGSTON RD,Minor Arterial,Scarborough,43.782145,-79.172488,647055.5838,4849298.6785,At Intersection,No Control,Clear,"Dark, artificial",Dry,133,Centennial Scarborough,133,Centennial Scarborough (133),Fatal,1,0,1,0,0,0,0,0,0,1,0,0,0,Pedestrian Collisions,"['Driver', 'Pedestrian']",West,"['Automobile, Station Wagon']",['Turning Left'],['Failed to Yield Right of Way'],['Inattentive'],['Crossing with right of way'],['Normal'],['Not Applicable'],['Not Applicable'],['Not Applicable'],True,"['35 to 39', '40 to 44', '45 to 49']",4.0
1366215.0,2013-05-30 08:00:00,1800,2013,DANFORTH AVE,FENWICK AVE,Major Arterial,Toronto and East York,43.678245,-79.34849,633122.9573,4837461.4605,Unknown,No Control,Clear,Daylight,Dry,67,Playter Estates-Danforth,67,Playter Estates-Danforth (67),Non-Fatal Injury,1,0,1,0,0,0,0,0,0,0,0,0,0,Pedestrian Collisions,"['Driver', 'Pedestrian']",North,"['Automobile, Station Wagon', 'Other']",['Making U Turn'],['Improper Turn'],['Inattentive'],"['Crossing, no Traffic Control']",['Normal'],['Not Applicable'],['Not Applicable'],['Not Applicable'],False,"['85 to 89', '75 to 79']",3.0
1366293.0,2013-05-31 08:00:00,1017,2013,FINCH AVE E,SKYMARK DR,Major Arterial,North York,43.79309,-79.352252,632566.0447,4850210.6571,At Intersection,Traffic Signal,Clear,Daylight,Dry,47,Don Valley Village,47,Don Valley Village (47),Non-Fatal Injury,1,0,1,0,0,0,0,0,0,0,0,0,1,Pedestrian Collisions,"['Driver', 'Pedestrian']",North,"['Automobile, Station Wagon']",['Turning Left'],['Improper Turn'],['Medical or Physical Disability'],['Crossing with right of way'],['Normal'],['Not Applicable'],['Not Applicable'],['Not Applicable'],False,"['90 to 94', '75 to 79']",3.0
1366347.0,2013-07-03 08:00:00,1319,2013,LAKE SHORE BLVD W,BAY ST,Major Arterial,Toronto and East York,43.642996,-79.377811,630836.0026,4833499.9464,Unknown,Traffic Signal,Clear,Daylight,Dry,166,St Lawrence-East Bayfront-The Islands,77,Waterfront Communities-The Island (77),Fatal,1,0,1,0,0,0,0,1,0,1,0,0,0,Pedestrian Collisions,"['Vehicle Owner', 'Driver', 'Passenger', 'Pedestrian']",North,"['Automobile, Station Wagon']","['Going Ahead', 'Changing Lanes']","['Driving Properly', 'Improper Lane Change']","['Normal', 'Inattentive']",['On Sidewalk or Shoulder'],['Unknown'],['Not Applicable'],['Not Applicable'],['Not Applicable'],True,"['unknown', '65 to 69', '50 to 54', '5 to 9', '15 to 19', '40 to 44', '55 to 59', '70 to 74', '45 to 49']",4.0