accident_number,date,time,year,street1,street2,road_class,district,latitude,longitude,x,y,accident_location,traffctl,visibility,light,road_surface_condition,hood_158,neighbourhood_new,hood_140,neighbourhood_old,accident_class,pedestrian,cyclist,automobile,motorcycle,truck,trsn_city_veh,emerg_veh,passenger,speeding,aggressive_driving,redlight,alcohol,disability,impact_type,involvement_type,initial_direction,vehicle_type,manoeuver,driver_action,driver_condition,pedestrian_action,pedestrian_condition,cyclist_type,cyclist_action,cyclist_condition,injury,involvement_age,injury_severity_score
1381629.0,2013-08-03 08:00:00,1904,2013,ELMHURST Ave,YONGE St,Collector,North York,43.763011,-79.412151,627811.0258,4846775.7288,Unknown,No Control,Clear,Daylight,Dry,38,Lansing-Westgate,38,Lansing-Westgate (38),Non-Fatal Injury,1,0,1,0,0,0,0,0,0,0,0,0,0,Pedestrian Collisions,"['Vehicle Owner', 'Driver', 'Pedestrian']",North,"['Other', 'Automobile, Station Wagon']",['Reversing'],['Other'],['Inattentive'],['Other'],['Normal'],['Not Applicable'],['Not Applicable'],['Not Applicable'],False,"['unknown', '20 to 24', '15 to 19', '50 to 54']",3.0
1381650.0,2013-08-03 08:00:00,2213,2013,JANE St,TRETHEWEY Dr,Major Arterial,Etobicoke York,43.697585,-79.502368,620680.4388,4839373.9597,Unknown,Traffic Signal,Clear,"Dark, artificial",Dry,30,Brookhaven-Amesbury,30,Brookhaven-Amesbury (30),Non-Fatal Injury,1,0,1,0,0,0,0,0,0,0,0,0,0,Pedestrian Collisions,"['Driver', 'Pedestrian']",East,"['Automobile, Station Wagon']",['Going Ahead'],['Driving Properly'],['Normal'],['Crossing without right of way'],['Inattentive'],['Not Applicable'],['Not Applicable'],['Not Applicable'],False,"['35 to 39', '20 to 24']",3.0
1381694.0,2013-10-08 08:00:00,1130,2013,O CONNOR Dr,SUNRISE Ave,Major Arterial,Toronto and East York,43.718432,-79.304561,636572.7027,4841996.2429,Unknown,No Control,Clear,Daylight,Dry,43,Victoria Village,43,Victoria Village (43),Non-Fatal Injury,0,0,1,0,0,1,0,1,0,0,0,0,0,Other,"['Passenger', 'Vehicle Owner', 'Driver']",North,"['Other', 'Municipal Transit Bus (TTC)', 'Taxi']","['Slowing or Stopping', 'Making U Turn']","['Driving Properly', 'Improper Turn']",['Unknown'],['Not Applicable'],['Not Applicable'],['Not Applicable'],['Not Applicable'],['Not Applicable'],False,"['65 to 69', 'unknown', '50 to 54']",3.0
1381722.0,2013-08-05 08:00:00,2329,2013,GERRARD ST E,HIGHFIELD RD,Minor Arterial,Toronto and East York,43.671599,-79.324931,635036.9009,4836761.4142,Unknown,No Control,Clear,Dark,Dry,65,Greenwood-Coxwell,65,Greenwood-Coxwell (65),Non-Fatal Injury,1,0,1,0,0,0,0,0,0,0,0,0,0,Pedestrian Collisions,"['Driver', 'Pedestrian']",East,"['Automobile, Station Wagon', 'Other']",['Going Ahead'],['Driving Properly'],['Normal'],"['Crossing, no Traffic Control']",['Inattentive'],['Not Applicable'],['Not Applicable'],['Not Applicable'],False,"['60 to 64', '85 to 89']",3.0
1381745.0,2013-08-05 08:00:00,1210,2013,ISLINGTON AVE,THE QUEENSWAY,Major Arterial,Etobicoke York,43.623583,-79.514774,619827.8646,4831137.0968,Unknown,Traffic Signal,Clear,Daylight,Dry,16,Stonegate-Queensway,16,Stonegate-Queensway (16),Non-Fatal Injury,1,0,1,0,0,0,0,0,0,1,0,0,0,Pedestrian Collisions,"['Vehicle Owner', 'Driver', 'Pedestrian']",East,"['Other', 'Automobile, Station Wagon']",['Turning Right'],['Failed to Yield Right of Way'],['Normal'],['Crossing with right of way'],['Normal'],['Not Applicable'],['Not Applicable'],['Not Applicable'],False,"['unknown', '20 to 24', '85 to 89']",3.0
1381801.0,2013-09-27 08:00:00,422,2013,BAYVIEW BLOOR DVP RAMP,BAYVIEW BLOOR DVP N RAMP,Expressway,Toronto and East York,43.683283,-79.36021,632167.1724,4838002.2552,Unknown,Yield Sign,Clear,Dark,Dry,57,Broadview North,57,Broadview North (57),Non-Fatal Injury,0,0,1,0,0,0,0,1,0,0,0,1,0,SMV Other,"['Passenger', 'Driver']",North,"['Other', 'Automobile, Station Wagon']",['Merging'],[],"['Ability Impaired, Alcohol']",['Not Applicable'],['Not Applicable'],['Not Applicable'],['Not Applicable'],['Not Applicable'],False,"['unknown', '30 to 34']",3.0
1381878.0,2013-10-21 08:00:00,1914,2013,5930 FINCH AVE E,Not Applicable,Minor Arterial,Scarborough,43.817439,-79.222263,642966.0481,4853131.4283,Unknown,No Control,Rain,Daylight,Wet,144,Morningside Heights,132,Malvern (132),Non-Fatal Injury,0,1,1,0,0,0,0,0,0,1,0,0,0,Cyclist Collisions,"['Driver', 'Cyclist']",East,"['Automobile, Station Wagon', 'Bicycle']",['Going Ahead'],['Following too Close'],['Inattentive'],['Not Applicable'],['Not Applicable'],['Cyclist and Driver travelling in same direction. One vehicle rear-ended the other.'],['Driving Properly'],['Inattentive'],False,['60 to 64'],3.0
1382121.0,2013-08-08 08:00:00,725,2013,JANE ST,ALLIANCE AVE,Major Arterial,Etobicoke York,43.67546,-79.49538,621288.1239,4836926.8748,Unknown,No Control,Clear,Daylight,Dry,111,Rockcliffe-Smythe,111,Rockcliffe-Smythe (111),Non-Fatal Injury,0,0,1,0,0,0,0,1,0,0,0,0,0,Approaching,"['Passenger', 'Driver']",North,"['Other', 'Automobile, Station Wagon']",['Going Ahead'],"['Driving Properly', 'Other']",['Normal'],['Not Applicable'],['Not Applicable'],['Not Applicable'],['Not Applicable'],['Not Applicable'],False,"['55 to 59', '40 to 44']",3.0
1382346.0,2013-10-21 08:00:00,702,2013,RUSHLEY DR,LAWRENCE AVE E,Major Arterial,Scarborough,43.752963,-79.258067,640237.3448,4845909.0947,Unknown,No Control,Rain,"Dawn, artificial",Wet,157,Bendale South,127,Bendale (127),Non-Fatal Injury,0,1,1,0,0,0,0,0,0,1,0,0,0,Cyclist Collisions,"['Driver', 'Cyclist']",East,"['Automobile, Station Wagon', 'Bicycle']","['Turning Left', 'Going Ahead']",['Failed to Yield Right of Way'],['Unknown'],['Not Applicable'],['Not Applicable'],['Motorist turned left across cyclists path.'],['Driving Properly'],['Normal'],False,"['unknown', '30 to 34']",3.0
1382388.0,2013-08-13 08:00:00,1639,2013,ST CLAIR AVE W,DUFFERIN ST,Major Arterial,Toronto and East York,43.677951,-79.443073,625499.4611,4837281.3475,At Intersection,Traffic Signal,Clear,Daylight,Dry,92,Corso Italia-Davenport,92,Corso Italia-Davenport (92),Non-Fatal Injury,0,1,0,0,0,1,0,0,0,0,0,0,0,Cyclist Collisions,"['Vehicle Owner', 'Driver', 'Cyclist']",South,"['Street Car', 'Bicycle']",['Going Ahead'],['Driving Properly'],['Normal'],['Not Applicable'],['Not Applicable'],"['Cyclist without ROW rides into path of motorist at inter, lnwy, dwy-Cyclist not turn.']",['Disobeyed Traffic Control'],['Inattentive'],False,"['unknown', '30 to 34', '55 to 59']",3.0
1382461.0,2013-08-15 08:00:00,1140,2013,LAWRENCE Ave E,COLLINSGROVE Rd,Minor Arterial,Scarborough,43.76916,-79.182834,646254.7101,4847838.1605,At Intersection,Traffic Signal,Clear,Daylight,Dry,136,West Hill,136,West Hill (136),Non-Fatal Injury,1,0,1,0,0,0,0,0,0,1,0,0,0,Pedestrian Collisions,"['Driver', 'Pedestrian']",North,"['Automobile, Station Wagon', 'Other']",['Turning Left'],['Failed to Yield Right of Way'],['Normal'],['Crossing with right of way'],['Normal'],['Not Applicable'],['Not Applicable'],['Not Applicable'],False,"['75 to 79', '80 to 84']",3.0
1382610.0,2013-08-17 08:00:00,228,2013,BLOOR ST W,CLINTON ST,Major Arterial,Toronto and East York,43.663825,-79.417209,627614.2394,4835751.9253,Unknown,No Control,Clear,Dark,Dry,80,Palmerston-Little Italy,80,Palmerston-Little Italy (80),Non-Fatal Injury,0,0,1,0,0,0,0,1,0,0,0,0,0,Turning Movement,"['Passenger', 'Driver', 'Other']",West,"['Other', 'Automobile, Station Wagon']","['Making U Turn', 'Parked', 'Going Ahead']","['Improper Turn', 'Driving Properly']","['Fatigue', 'Normal']",['Not Applicable'],['Not Applicable'],['Not Applicable'],['Not Applicable'],['Not Applicable'],False,"['35 to 39', '30 to 34', 'unknown', '15 to 19']",3.0
1382675.0,2013-08-16 08:00:00,1340,2013,QUEEN ST W,OHARA AVE,Major Arterial,Toronto and East York,43.641043,-79.434192,626292.6966,4833195.705,Unknown,No Control,Clear,Daylight,Dry,85,South Parkdale,85,South Parkdale (85),Non-Fatal Injury,1,0,1,0,0,0,0,0,0,0,0,0,0,Pedestrian Collisions,"['Driver', 'Pedestrian']",East,"['Automobile, Station Wagon', 'Other']",['Going Ahead'],['Driving Properly'],['Normal'],"['Crossing, no Traffic Control']",['Inattentive'],['Not Applicable'],['Not Applicable'],['Not Applicable'],False,"['45 to 49', '15 to 19']",3.0
1382682.0,2013-08-16 08:00:00,1756,2013,DANFORTH AVE,COXWELL AVE,Major Arterial,Toronto and East York,43.683501,-79.322917,635172.5343,4838086.5757,Unknown,No Control,Clear,Daylight,Dry,64,Woodbine Corridor,64,Woodbine Corridor (64),Non-Fatal Injury,1,0,1,0,0,0,0,0,0,0,0,0,0,Pedestrian Collisions,"['Driver', 'Pedestrian']",South,"['Automobile, Station Wagon', 'Other']",['Going Ahead'],['Driving Properly'],['Normal'],['Walking on Roadway with Traffic'],['Inattentive'],['Not Applicable'],['Not Applicable'],['Not Applicable'],False,['65 to 69'],3.0
1382722.0,2013-08-18 08:00:00,1915,2013,TWYN RIVERS Dr,SHEPPARD Ave E,Collector,Scarborough,43.81454,-79.156947,648226.0153,4852924.3989,Unknown,No Control,Clear,Dark,Dry,144,Morningside Heights,131,Rouge (131),Non-Fatal Injury,0,0,0,1,0,0,0,0,0,0,0,0,0,SMV Other,"['Vehicle Owner', 'Motorcycle Driver']",West,"['Other', 'Motorcycle']",['Going Ahead'],['Lost control'],['Normal'],['Not Applicable'],['Not Applicable'],['Not Applicable'],['Not Applicable'],['Not Applicable'],False,"['unknown', '40 to 44']",3.0
1382904.0,2013-08-20 08:00:00,1335,2013,DAN LECKIE WAY,LAKE SHORE BLVD W,Major Arterial,Toronto and East York,43.637316,-79.397136,629289.5304,4832838.8261,At Intersection,Traffic Signal,Clear,Daylight,Dry,165,Harbourfront-CityPlace,77,Waterfront Communities-The Island (77),Non-Fatal Injury,1,0,1,0,0,0,0,0,0,1,0,0,0,Pedestrian Collisions,"['Driver', 'Pedestrian']",East,"['Automobile, Station Wagon', 'Other']",['Turning Right'],['Failed to Yield Right of Way'],['Normal'],['Crossing with right of way'],['Normal'],['Not Applicable'],['Not Applicable'],['Not Applicable'],False,"['40 to 44', '0 to 4', '35 to 39']",3.0
1382978.0,2013-07-15 08:00:00,1153,2013,KENNEDY RD,KENMARK BLVD,Major Arterial,Scarborough,43.729945,-79.266986,639572.7767,4843337.5366,Unknown,Stop Sign,Clear,Daylight,Dry,124,Kennedy Park,124,Kennedy Park (124),Non-Fatal Injury,1,0,1,0,0,0,0,0,0,1,0,0,0,Pedestrian Collisions,"['Driver', 'Pedestrian']",South,"['Automobile, Station Wagon', 'Other']",['Turning Right'],['Failed to Yield Right of Way'],['Inattentive'],['Crossing with right of way'],['Normal'],['Not Applicable'],['Not Applicable'],['Not Applicable'],False,"['35 to 39', '65 to 69']",3.0
1383434.0,2013-08-22 08:00:00,1850,2013,ST CLAIR AVE W,LAUGHTON AVE,Major Arterial,Toronto and East York,43.674712,-79.457637,624332.1767,4836899.6799,Unknown,Traffic Signal,Clear,Daylight,Dry,91,Weston-Pelham Park,91,Weston-Pellam Park (91),Non-Fatal Injury,1,0,0,0,0,1,0,0,0,0,0,0,0,Pedestrian Collisions,"['Vehicle Owner', 'Driver', 'Pedestrian']",South,"['Other', 'Municipal Transit Bus (TTC)']",['Going Ahead'],['Driving Properly'],['Normal'],"['Crossing, no Traffic Control']",['Inattentive'],['Not Applicable'],['Not Applicable'],['Not Applicable'],False,"['unknown', '40 to 44', '20 to 24']",3.0
1383447.0,2013-08-23 08:00:00,1730,2013,OLD YORK MILLS RD,YONGE ST,Major Arterial,North York,43.743292,-79.406482,628309.4799,4844594.4049,Unknown,Stop Sign,Clear,Daylight,Dry,41,Bridle Path-Sunnybrook-York Mills,41,Bridle Path-Sunnybrook-York Mills (41),Non-Fatal Injury,0,1,1,0,0,0,0,0,0,1,0,0,0,Cyclist Collisions,"['Vehicle Owner', 'Driver', 'Cyclist']",South,"['Other', 'Automobile, Station Wagon', 'Bicycle']","['Turning Right', 'Going Ahead']",['Failed to Yield Right of Way'],['Normal'],['Not Applicable'],['Not Applicable'],"['Motorist turns right at non-signal Inter.(stop, yield, no cont.,and dwy) and strikes cyclist.']",['Driving Properly'],['Normal'],False,"['unknown', '45 to 49', '30 to 34']",3.0
1383479.0,2013-08-23 08:00:00,845,2013,GREENWOOD AVE,GERRARD ST E,Minor Arterial,Toronto and East York,43.671061,-79.328082,634784.0822,4836696.5372,Unknown,No Control,Clear,Daylight,Dry,70,South Riverdale,70,South Riverdale (70),Non-Fatal Injury,0,1,1,0,0,0,0,0,0,1,0,0,0,Turning Movement,"['Vehicle Owner', 'Driver', 'Moped Driver']",South,"['Other', 'Automobile, Station Wagon', 'Moped']","['Turning Right', 'Going Ahead']","['Failed to Yield Right of Way', 'Driving Properly']","['Inattentive', 'Normal']",['Not Applicable'],['Not Applicable'],['Not Applicable'],['Not Applicable'],['Not Applicable'],False,"['unknown', '25 to 29', '40 to 44']",3.0
1383674.0,2013-08-26 08:00:00,808,2013,BRIMLEY Rd,DORCOT Ave,Major Arterial,Scarborough,43.759646,-79.257388,640276.392,4846652.4942,Unknown,No Control,Rain,Daylight,Wet,156,Bendale-Glen Andrew,127,Bendale (127),Non-Fatal Injury,0,0,1,0,0,0,0,0,0,0,0,0,0,Turning Movement,['Driver'],South,"['Automobile, Station Wagon']","['Making U Turn', 'Going Ahead']","['Improper Turn', 'Driving Properly']","['Normal', 'Inattentive']",['Not Applicable'],['Not Applicable'],['Not Applicable'],['Not Applicable'],['Not Applicable'],False,['55 to 59'],3.0
1383697.0,2013-08-28 08:00:00,2015,2013,LAWRENCE Ave E,BARRYMORE Rd,Major Arterial,Scarborough,43.754271,-79.251552,640758.7857,4846065.4198,Unknown,Traffic Signal,Clear,"Dark, artificial",Dry,157,Bendale South,127,Bendale (127),Non-Fatal Injury,1,0,1,0,0,0,0,0,0,0,0,0,0,Pedestrian Collisions,"['Driver', 'Pedestrian']",North,"['Automobile, Station Wagon', 'Other']",['Going Ahead'],['Driving Properly'],['Normal'],['Crossing without right of way'],['Unknown'],['Not Applicable'],['Not Applicable'],['Not Applicable'],False,"['25 to 29', '70 to 74']",3.0
1383782.0,2013-08-03 08:00:00,1610,2013,DANFORTH Ave,BROADVIEW Ave,Major Arterial,Toronto and East York,43.676192,-79.358859,632291.6478,4837216.8564,Unknown,Traffic Signal,Clear,Daylight,Dry,68,North Riverdale,68,North Riverdale (68),Non-Fatal Injury,0,0,1,1,0,0,0,0,0,1,1,0,0,Angle,"['Motorcycle Driver', 'Vehicle Owner', 'Driver']",East,"['Motorcycle', 'Other', 'Automobile, Station Wagon']","['Going Ahead', 'Stopped']","['Driving Properly', 'Disobeyed Traffic Control']","['Normal', 'Inattentive']",['Not Applicable'],['Not Applicable'],['Not Applicable'],['Not Applicable'],['Not Applicable'],False,"['40 to 44', 'unknown', '75 to 79']",3.0
1383802.0,2013-10-29 08:00:00,1130,2013,DUNDAS ST W,ROYAL YORK RD,Major Arterial,Etobicoke York,43.658003,-79.517085,619573.1146,4834956.5386,Unknown,No Control,Clear,Daylight,Dry,15,Kingsway South,15,Kingsway South (15),Non-Fatal Injury,0,0,1,0,0,0,0,1,0,0,0,0,1,SMV Other,"['Passenger', 'Driver']",West,"['Other', 'Automobile, Station Wagon']",['Going Ahead'],['Lost control'],['Medical or Physical Disability'],['Not Applicable'],['Not Applicable'],['Not Applicable'],['Not Applicable'],['Not Applicable'],False,"['65 to 69', '80 to 84']",3.0
1383943.0,2013-08-27 08:00:00,2020,2013,YONGE St,BELSIZE Dr,Major Arterial,Toronto and East York,43.700286,-79.397029,629163.0233,4839832.6554,At Intersection,Traffic Signal,Rain,"Dark, artificial",Wet,174,South Eglinton-Davisville,104,Mount Pleasant West (104),Non-Fatal Injury,1,0,0,0,1,0,0,0,0,1,0,0,0,Pedestrian Collisions,"['Truck Driver', 'Pedestrian']",East,"['Truck - Open', 'Other']",['Turning Left'],['Failed to Yield Right of Way'],['Inattentive'],['Crossing with right of way'],['Normal'],['Not Applicable'],['Not Applicable'],['Not Applicable'],False,['25 to 29'],3.0
1383954.0,2013-10-30 08:00:00,45,2013,DUFFERIN ST,ST CLAIR AVE W,Major Arterial,Toronto and East York,43.67789,-79.443042,625502.0871,4837274.6195,Intersection Related,No Control,Rain,"Dark, artificial",Wet,92,Corso Italia-Davenport,92,Corso Italia-Davenport (92),Non-Fatal Injury,1,0,0,0,0,1,0,0,0,0,0,0,0,Pedestrian Collisions,"['Other', 'Driver', 'Pedestrian']",East,['Municipal Transit Bus (TTC)'],['Going Ahead'],['Driving Properly'],['Normal'],['Running onto Roadway'],['Had Been Drinking'],['Not Applicable'],['Not Applicable'],['Not Applicable'],False,"['unknown', '45 to 49', '75 to 79']",3.0
1384025.0,2013-08-29 08:00:00,1005,2013,EGLINTON AVE E,BRIMLEY RD,Major Arterial,Scarborough,43.736685,-79.248081,641079.53,4844118.1327,Unknown,Traffic Signal,Clear,Daylight,Dry,124,Kennedy Park,124,Kennedy Park (124),Non-Fatal Injury,1,0,1,0,0,0,0,0,0,1,0,0,0,Pedestrian Collisions,"['Vehicle Owner', 'Driver', 'Pedestrian']",South,"['Other', 'Automobile, Station Wagon']",['Turning Left'],['Failed to Yield Right of Way'],['Normal'],['Crossing with right of way'],['Normal'],['Not Applicable'],['Not Applicable'],['Not Applicable'],False,"['unknown', '55 to 59', '25 to 29']",3.0
1384076.0,2013-09-29 08:00:00,1939,2013,ISLINGTON Ave,BEAUMONDE HEIGHTS Dr,Major Arterial,Etobicoke York,43.743189,-79.568057,615299.6189,4844345.4089,Unknown,No Control,Clear,"Dark, artificial",Dry,3,Thistletown-Beaumond Heights,3,Thistletown-Beaumond Heights (3),Non-Fatal Injury,0,0,1,0,0,0,0,1,0,0,0,1,0,Approaching,"['Passenger', 'Driver', 'Vehicle Owner']",North,"['Other', 'Automobile, Station Wagon']",['Going Ahead'],"['Driving Properly', 'Lost control']","['Normal', 'Ability Impaired, Alcohol Over .08']",['Not Applicable'],['Not Applicable'],['Not Applicable'],['Not Applicable'],['Not Applicable'],False,"['45 to 49', '30 to 34', 'unknown']",3.0
1384077.0,2013-08-31 08:00:00,1400,2013,45 OVERLEA Blvd,Not Applicable,Major Arterial,North York,43.705756,-79.349002,633020.8496,4840516.1191,Unknown,No Control,Clear,Daylight,Dry,55,Thorncliffe Park,55,Thorncliffe Park (55),Non-Fatal Injury,0,0,0,1,0,0,0,0,0,0,0,0,0,SMV Other,"['Vehicle Owner', 'Motorcycle Driver']",East,"['Other', 'Motorcycle']",['Going Ahead'],['Lost control'],['Normal'],['Not Applicable'],['Not Applicable'],['Not Applicable'],['Not Applicable'],['Not Applicable'],False,"['unknown', '35 to 39']",3.0
1384088.0,2013-08-30 08:00:00,1340,2013,KING St W,SHAW St,Major Arterial,Toronto and East York,43.641425,-79.415004,627839.5401,4833267.5067,Unknown,Traffic Signal,Clear,Daylight,Dry,162,West Queen West,82,Niagara (82),Non-Fatal Injury,0,0,1,0,0,0,0,1,0,0,0,0,0,Approaching,"['Passenger', 'Vehicle Owner', 'Driver']",East,"['Other', 'Automobile, Station Wagon']",['Going Ahead'],"['Driving Properly', 'Other']","['Normal', 'Unknown']",['Not Applicable'],['Not Applicable'],['Not Applicable'],['Not Applicable'],['Not Applicable'],False,"['30 to 34', 'unknown']",3.0
1384125.0,2013-09-01 08:00:00,1220,2013,HARBORD St,EUCLID Ave,Minor Arterial,Toronto and East York,43.66075,-79.413425,627925.8624,4835416.2333,Unknown,Traffic Controller,Clear,Daylight,Dry,80,Palmerston-Little Italy,80,Palmerston-Little Italy (80),Non-Fatal Injury,0,1,1,0,0,0,0,0,0,0,0,0,0,Cyclist Collisions,"['Driver', 'Cyclist']",East,"['Automobile, Station Wagon', 'Bicycle']","['Going Ahead', 'Changing Lanes']",['Driving Properly'],['Normal'],['Not Applicable'],['Not Applicable'],['Cyclist and Driver travelling in same direction. One vehicle sideswipes the other.'],['Improper Lane Change'],['Inattentive'],False,"['70 to 74', '60 to 64']",3.0
1384474.0,2013-10-30 08:00:00,1022,2013,CHILTERN HILL RD,EGLINTON AVE W,Major Arterial,North York,43.700518,-79.427753,626686.855,4839811.0163,Unknown,Stop Sign,Clear,Daylight,Dry,106,Humewood-Cedarvale,106,Humewood-Cedarvale (106),Fatal,1,0,1,0,0,0,0,0,0,1,0,0,0,Pedestrian Collisions,"['Driver', 'Pedestrian']",South,['Delivery Van'],['Going Ahead'],['Failed to Yield Right of Way'],['Inattentive'],['Crossing with right of way'],['Unknown'],['Not Applicable'],['Not Applicable'],['Not Applicable'],True,"['unknown', '55 to 59', 'Over 95']",4.0
1384542.0,2013-10-28 08:00:00,1902,2013,DAVENPORT Rd,GREENLAW Ave,Minor Arterial,Toronto and East York,43.672,-79.445606,625307.6667,4836616.5798,At Intersection,No Control,Clear,Dusk,Dry,171,Junction-Wallace Emerson,93,Dovercourt-Wallace Emerson-Junction (93),Non-Fatal Injury,0,1,1,0,0,0,0,0,0,1,0,0,0,Cyclist Collisions,"['Driver', 'Cyclist']",East,"['Automobile, Station Wagon', 'Bicycle']","['Turning Left', 'Going Ahead']",['Failed to Yield Right of Way'],['Normal'],['Not Applicable'],['Not Applicable'],['Motorist turned left across cyclists path.'],['Driving Properly'],['Normal'],False,"['25 to 29', '30 to 34']",3.0
1384646.0,2013-11-01 08:00:00,551,2013,DUNDAS St E,REGENT St,Major Arterial,Toronto and East York,43.659845,-79.36409,631905.7773,4835392.9718,Unknown,No Control,Rain,"Dark, artificial",Wet,72,Regent Park,72,Regent Park (72),Non-Fatal Injury,1,0,1,0,0,0,0,0,1,1,0,0,0,Pedestrian Collisions,"['Driver', 'Pedestrian']",Unknown,"['Automobile, Station Wagon', 'Other']",['Going Ahead'],['Speed too Fast For Condition'],['Inattentive'],['Other'],['Normal'],['Not Applicable'],['Not Applicable'],['Not Applicable'],False,"['30 to 34', 'unknown']",3.0
1384688.0,2013-09-05 08:00:00,1345,2013,BLOOR St W,PRINCE EDWARD Dr S,Major Arterial,Etobicoke York,43.64868,-79.505443,620530.5101,4833937.9424,At Intersection,Traffic Signal,Clear,Daylight,Dry,16,Stonegate-Queensway,16,Stonegate-Queensway (16),Non-Fatal Injury,0,0,0,1,0,1,0,0,0,1,0,0,0,Turning Movement,"['Driver', 'Vehicle Owner', 'Motorcycle Driver']",East,"['Municipal Transit Bus (TTC)', 'Other', 'Motorcycle']","['Going Ahead', 'Turning Left']","['Driving Properly', 'Failed to Yield Right of Way']","['Normal', 'Inattentive']",['Not Applicable'],['Not Applicable'],['Not Applicable'],['Not Applicable'],['Not Applicable'],False,"['50 to 54', 'unknown', '45 to 49']",3.0
1385120.0,2013-10-15 08:00:00,726,2013,947 WARDEN Ave,Not Applicable,Major Arterial,Scarborough,43.734305,-79.29021,637692.3576,4843782.9219,Unknown,No Control,Clear,Daylight,Dry,119,Wexford/Maryvale,119,Wexford/Maryvale (119),Non-Fatal Injury,0,0,1,0,0,0,0,0,0,1,0,0,0,Approaching,['Driver'],North,"['Automobile, Station Wagon']","['Going Ahead', 'Changing Lanes']","['Failed to Yield Right of Way', 'Driving Properly']","['Inattentive', 'Normal']",['Not Applicable'],['Not Applicable'],['Not Applicable'],['Not Applicable'],['Not Applicable'],False,"['50 to 54', '35 to 39', '45 to 49']",3.0
1385276.0,2013-11-03 09:00:00,1625,2013,18 LONGSPUR RD,Not Applicable,Collector,Toronto and East York,43.705802,-79.325069,634949.0485,4840559.9099,Unknown,No Control,Clear,Daylight,Dry,54,O'Connor-Parkview,54,O'Connor-Parkview (54),Fatal,1,0,1,0,0,0,0,0,0,0,0,0,0,Pedestrian Collisions,"['Driver', 'Pedestrian']",West,"['Automobile, Station Wagon', 'Other']",['Reversing'],['Other'],['Normal'],['Other'],['Normal'],['Not Applicable'],['Not Applicable'],['Not Applicable'],True,"['60 to 64', '85 to 89']",4.0
1385463.0,2013-09-09 08:00:00,1250,2013,KING St W,WILSON PARK Rd,Major Arterial,Toronto and East York,43.636626,-79.441554,625708.1078,4832693.965,Unknown,No Control,Clear,Daylight,Dry,85,South Parkdale,85,South Parkdale (85),Non-Fatal Injury,0,0,0,1,0,0,0,1,0,0,0,0,0,Sideswipe,"['Motorcycle Driver', 'Motorcycle Passenger']",East,['Motorcycle'],['Going Ahead'],"['Driving Properly', 'Lost control']",['Normal'],['Not Applicable'],['Not Applicable'],['Not Applicable'],['Not Applicable'],['Not Applicable'],False,"['25 to 29', '30 to 34']",3.0
1385469.0,2013-09-09 08:00:00,1047,2013,LAKE SHORE BLVD E,BOOTH AVE,Major Arterial,Toronto and East York,43.653514,-79.340778,633799.539,4834727.156,Unknown,Stop Sign,Clear,Daylight,Dry,70,South Riverdale,70,South Riverdale (70),Non-Fatal Injury,0,1,1,0,0,0,0,0,0,1,0,0,0,Cyclist Collisions,"['Vehicle Owner', 'Driver', 'Cyclist']",South,"['Other', 'Automobile, Station Wagon', 'Bicycle']","['Turning Right', 'Going Ahead']",['Failed to Yield Right of Way'],['Inattentive'],['Not Applicable'],['Not Applicable'],"['Motorist turns right at non-signal Inter.(stop, yield, no cont.,and dwy) and strikes cyclist.']",['Driving Properly'],['Normal'],False,"['unknown', '45 to 49', '65 to 69']",3.0
1385611.0,2013-09-30 08:00:00,857,2013,LAKE SHORE BLVD W,NET DR,Major Arterial,Toronto and East York,43.634032,-79.438045,625996.5762,4832411.1886,Unknown,No Control,Clear,Daylight,Dry,85,South Parkdale,85,South Parkdale (85),Fatal,0,0,1,0,0,0,0,1,0,0,0,0,0,Turning Movement,"['Vehicle Owner', 'Driver', 'Passenger']",East,"['Automobile, Station Wagon']","['Turning Left', 'Going Ahead']","['Improper Turn', 'Driving Properly']",['Normal'],['Not Applicable'],['Not Applicable'],['Not Applicable'],['Not Applicable'],['Not Applicable'],True,"['unknown', '20 to 24', '55 to 59', '35 to 39']",4.0
1385686.0,2013-11-07 10:00:00,926,2013,STEELES AVE E,STRAWBERRY HILLS DR,Major Arterial,Scarborough,43.829833,-79.280391,638262.7124,4854409.1739,Unknown,Missing Control,Other,Daylight,Other,130,Milliken,130,Milliken (130),Non-Fatal Injury,0,0,1,0,0,0,0,0,0,0,0,0,0,Other,['Driver'],Unknown,"['Automobile, Station Wagon']",['Unknown'],[],[],['Not Applicable'],['Not Applicable'],['Not Applicable'],['Not Applicable'],['Not Applicable'],False,"['70 to 74', '30 to 34']",3.0
1385893.0,2013-10-20 08:00:00,2014,2013,SHALLMAR BLVD,BATHURST ST,Major Arterial,North York,43.704264,-79.426135,626809.3317,4840229.5354,Unknown,No Control,Clear,"Dark, artificial",Dry,102,Forest Hill North,102,Forest Hill North (102),Non-Fatal Injury,1,0,1,0,0,0,0,1,0,1,0,0,0,Pedestrian Collisions,"['Pedestrian', 'Passenger', 'Driver']",South,"['Other', 'Automobile, Station Wagon']",['Turning Left'],['Failed to Yield Right of Way'],['Inattentive'],['Crossing with right of way'],['Had Been Drinking'],['Not Applicable'],['Not Applicable'],['Not Applicable'],False,"['50 to 54', '85 to 89', '80 to 84']",3.0