accident_number,date,time,year,street1,street2,road_class,district,latitude,longitude,x,y,accident_location,traffctl,visibility,light,road_surface_condition,hood_158,neighbourhood_new,hood_140,neighbourhood_old,accident_class,pedestrian,cyclist,automobile,motorcycle,truck,trsn_city_veh,emerg_veh,passenger,speeding,aggressive_driving,redlight,alcohol,disability,impact_type,involvement_type,initial_direction,vehicle_type,manoeuver,driver_action,driver_condition,pedestrian_action,pedestrian_condition,cyclist_type,cyclist_action,cyclist_condition,injury,involvement_age,injury_severity_score
1385904.0,2013-10-28 08:00:00,1200,2013,MORNINGSIDE AVE,401 C E MORNINGSIDE AVE S RAMP,Major Arterial,Scarborough,43.794856,-79.196506,645092.1265,4850668.0517,Unknown,Traffic Signal,Clear,Daylight,Dry,135,Morningside,135,Morningside (135),Non-Fatal Injury,0,0,1,0,0,0,0,0,0,0,0,0,0,Rear End,['Driver'],North,"['Automobile, Station Wagon']","['Stopped', 'Reversing']",['Other'],['Normal'],['Not Applicable'],['Not Applicable'],['Not Applicable'],['Not Applicable'],['Not Applicable'],False,"['55 to 59', 'unknown']",3.0
1385964.0,2013-10-21 08:00:00,2025,2013,WILSON AVE,NORTHGATE DR,Major Arterial,North York,43.730326,-79.468089,623375.4891,4843060.7707,Unknown,Traffic Signal,Rain,"Dark, artificial",Wet,155,Downsview,26,Downsview-Roding-CFB (26),Non-Fatal Injury,1,0,1,0,0,0,0,0,0,1,0,0,0,Pedestrian Collisions,"['Vehicle Owner', 'Driver', 'Pedestrian']",North,"['Other', 'Automobile, Station Wagon']",['Turning Left'],['Failed to Yield Right of Way'],['Normal'],['Crossing with right of way'],['Normal'],['Not Applicable'],['Not Applicable'],['Not Applicable'],False,"['unknown', '50 to 54', '20 to 24']",3.0
1385995.0,2013-10-07 08:00:00,626,2013,DUPONT St,HOWLAND Ave,Major Arterial,Toronto and East York,43.673678,-79.41183,628026.9816,4836854.5207,Unknown,Traffic Signal,Rain,Daylight,Wet,95,Annex,95,Annex (95),Non-Fatal Injury,0,0,1,0,0,0,0,0,0,0,0,0,0,Turning Movement,"['Driver', 'Vehicle Owner']",East,"['Automobile, Station Wagon', 'Other']","['Going Ahead', 'Making U Turn']","['Driving Properly', 'Improper Turn']",['Normal'],['Not Applicable'],['Not Applicable'],['Not Applicable'],['Not Applicable'],['Not Applicable'],False,"['20 to 24', 'unknown', '35 to 39']",3.0
1386051.0,2013-10-22 08:00:00,811,2013,BATHURST ST,COLLEGE ST,Major Arterial,Toronto and East York,43.656409,-79.40768,628398.34,4834942.982,At Intersection,Traffic Signal,Clear,Daylight,Dry,78,Kensington-Chinatown,78,Kensington-Chinatown (78),Non-Fatal Injury,0,1,1,0,0,0,0,0,0,0,0,0,0,Cyclist Collisions,"['Driver', 'Cyclist']",South,"['Automobile, Station Wagon', 'Bicycle']","['Turning Left', 'Going Ahead']",['Driving Properly'],['Normal'],['Not Applicable'],['Not Applicable'],"['Cyclist without ROW rides into path of motorist at inter, lnwy, dwy-Cyclist not turn.']",['Other'],['Normal'],False,"['50 to 54', '45 to 49']",3.0
1386112.0,2013-10-07 08:00:00,855,2013,GERRARD ST W,UNIVERSITY AVE,Minor Arterial,Toronto and East York,43.657805,-79.388194,629966.6179,4835128.3641,Unknown,No Control,Clear,Daylight,Wet,170,Yonge-Bay Corridor,76,Bay Street Corridor (76),Non-Fatal Injury,1,0,1,0,0,0,0,0,0,0,0,0,0,Pedestrian Collisions,"['Driver', 'Pedestrian']",East,"['Automobile, Station Wagon', 'Other']",['Going Ahead'],['Driving Properly'],['Normal'],['Running onto Roadway'],['Inattentive'],['Not Applicable'],['Not Applicable'],['Not Applicable'],False,"['55 to 59', '15 to 19']",3.0
1386246.0,2013-06-23 08:00:00,1015,2013,1491 LAKE SHORE BLVD W,Not Applicable,Major Arterial,Toronto and East York,43.635951,-79.442912,625599.9734,4832616.942,Non Intersection,Stop Sign,Clear,Daylight,Dry,85,South Parkdale,85,South Parkdale (85),Non-Fatal Injury,0,1,1,0,0,0,0,0,0,1,0,0,0,Cyclist Collisions,"['Driver', 'Cyclist']",North,"['Automobile, Station Wagon', 'Bicycle']",['Going Ahead'],['Failed to Yield Right of Way'],['Inattentive'],['Not Applicable'],['Not Applicable'],"['Motorist without ROW drives into path of cyclist at inter, lnwy, dwy-Driver not turn.']",['Driving Properly'],['Normal'],False,"['40 to 44', '25 to 29']",3.0
1386339.0,2013-09-11 08:00:00,16,2013,STEELES AVE E,PICKERING TOWN LINE,Minor Arterial,Scarborough,43.855197,-79.171344,646968.2837,4857414.3532,Unknown,No Control,Clear,Dark,Dry,144,Morningside Heights,131,Rouge (131),Non-Fatal Injury,0,0,0,1,0,0,0,0,0,0,0,0,0,Sideswipe,['Motorcycle Driver'],West,['Motorcycle'],"['Changing Lanes', 'Going Ahead']","['Lost control', 'Driving Properly']",['Normal'],['Not Applicable'],['Not Applicable'],['Not Applicable'],['Not Applicable'],['Not Applicable'],False,"['25 to 29', '20 to 24']",3.0
1386391.0,2013-06-17 08:00:00,1430,2013,DANFORTH Road,MACK Aven,Minor Arterial,Scarborough,43.700145,-79.27269,639182.3603,4840018.2204,Unknown,Traffic Signal,Clear,Daylight,Dry,121,Oakridge,121,Oakridge (121),Non-Fatal Injury,0,0,1,0,1,0,0,0,0,0,0,0,0,Angle,"['Vehicle Owner', 'Truck Driver', 'Driver']",East,"['Other', 'Truck - Open', 'Automobile, Station Wagon']","['Unknown', 'Going Ahead', 'Stopped']",[],[],['Not Applicable'],['Not Applicable'],['Not Applicable'],['Not Applicable'],['Not Applicable'],False,"['unknown', '45 to 49', '55 to 59']",3.0
1386411.0,2013-10-08 08:00:00,1452,2013,LAWRENCE AVE E,SCARBOROUGH GOLF CLUB RD,Major Arterial,Scarborough,43.76184,-79.215831,643616.4289,4846967.4037,Unknown,Traffic Signal,Clear,Daylight,Dry,141,Golfdale-Cedarbrae-Woburn,137,Woburn (137),Non-Fatal Injury,1,0,1,0,0,0,0,0,0,0,0,0,0,Pedestrian Collisions,"['Driver', 'Pedestrian']",East,"['Automobile, Station Wagon', 'Other']",['Turning Right'],['Improper Turn'],['Normal'],['Crossing with right of way'],['Normal'],['Not Applicable'],['Not Applicable'],['Not Applicable'],False,"['20 to 24', '70 to 74']",3.0
1386526.0,2013-09-13 08:00:00,722,2013,ROSELAWN AVE,BATHURST ST,Major Arterial,North York,43.705184,-79.426357,626789.505,4840331.3747,Unknown,Traffic Signal,Clear,Daylight,Dry,102,Forest Hill North,102,Forest Hill North (102),Non-Fatal Injury,0,0,1,0,0,0,0,0,0,1,1,0,0,Angle,['Driver'],East,"['Automobile, Station Wagon']","['Going Ahead', 'Stopped']","['Driving Properly', 'Disobeyed Traffic Control']",['Normal'],['Not Applicable'],['Not Applicable'],['Not Applicable'],['Not Applicable'],['Not Applicable'],False,"['55 to 59', '50 to 54', '75 to 79']",3.0
1386536.0,2013-10-05 08:00:00,1922,2013,4750 DUFFERIN ST,Not Applicable,Major Arterial,North York,43.776274,-79.468707,623231.3741,4848163.0542,Unknown,No Control,Clear,Dark,Dry,34,Bathurst Manor,34,Bathurst Manor (34),Non-Fatal Injury,0,0,1,1,0,0,0,1,0,1,0,0,0,Turning Movement,"['Motorcycle Passenger', 'Motorcycle Driver', 'Driver']",North,"['Motorcycle', 'Automobile, Station Wagon']","['Going Ahead', 'Turning Left']","['Driving Properly', 'Failed to Yield Right of Way']",['Normal'],['Not Applicable'],['Not Applicable'],['Not Applicable'],['Not Applicable'],['Not Applicable'],False,"['50 to 54', '25 to 29', '55 to 59']",3.0
1386590.0,2013-10-09 08:00:00,1658,2013,SECORD AVE,BARRINGTON AVE,Collector,Toronto and East York,43.692603,-79.302364,636808.4258,4839131.1855,Unknown,Stop Sign,Clear,Daylight,Dry,61,Taylor-Massey,61,Taylor-Massey (61),Non-Fatal Injury,1,0,1,0,0,0,0,1,0,1,0,0,0,Pedestrian Collisions,"['Passenger', 'Driver', 'Pedestrian']",North,"['Other', 'Automobile, Station Wagon']",['Going Ahead'],['Failed to Yield Right of Way'],['Inattentive'],['Crossing with right of way'],['Normal'],['Not Applicable'],['Not Applicable'],['Not Applicable'],False,"['0 to 4', '20 to 24', '40 to 44']",3.0
1386644.0,2013-09-14 08:00:00,1649,2013,SPADINA AVE,BALDWIN ST,Major Arterial,Toronto and East York,43.65549,-79.399074,629094.2699,4834854.2681,Unknown,No Control,Clear,Daylight,Dry,78,Kensington-Chinatown,78,Kensington-Chinatown (78),Non-Fatal Injury,1,0,0,0,0,1,0,0,0,0,0,0,0,Pedestrian Collisions,"['Vehicle Owner', 'Driver', 'Pedestrian']",West,"['Other', 'Municipal Transit Bus (TTC)']",['Going Ahead'],['Driving Properly'],['Normal'],"['Crossing, no Traffic Control']",['Inattentive'],['Not Applicable'],['Not Applicable'],['Not Applicable'],False,"['unknown', '40 to 44', '35 to 39']",3.0
1386767.0,2013-10-11 08:00:00,1515,2013,1092 KEELE ST,Not Applicable,Local,Etobicoke York,43.67919,-79.47034,623298.9881,4837378.0596,Unknown,No Control,Clear,Daylight,Dry,91,Weston-Pelham Park,91,Weston-Pellam Park (91),Non-Fatal Injury,1,0,1,0,0,0,0,0,0,0,0,0,0,Pedestrian Collisions,"['Driver', 'Pedestrian']",East,"['Automobile, Station Wagon', 'Other']",['Going Ahead'],['Driving Properly'],['Normal'],['Running onto Roadway'],['Inattentive'],['Not Applicable'],['Not Applicable'],['Not Applicable'],False,"['30 to 34', '5 to 9']",3.0
1386819.0,2013-09-15 08:00:00,1125,2013,DON MILLS Rd,O CONNOR Dr,Major Arterial,Toronto and East York,43.695563,-79.339641,633797.745,4839399.1059,Unknown,Traffic Signal,Clear,Daylight,Dry,58,Old East York,58,Old East York (58),Non-Fatal Injury,0,0,1,0,1,0,0,1,1,1,0,0,0,Rear End,"['Driver', 'Truck Driver', 'Passenger', 'Vehicle Owner']",South,"['Automobile, Station Wagon', 'Truck - Open', 'Other']","['Stopped', 'Going Ahead']","['Driving Properly', 'Exceeding Speed Limit']","['Normal', 'Ability Impaired, Drugs']",['Not Applicable'],['Not Applicable'],['Not Applicable'],['Not Applicable'],['Not Applicable'],False,"['45 to 49', '40 to 44', '30 to 34', '60 to 64', 'unknown', '25 to 29', '65 to 69']",3.0
1386836.0,2013-10-11 08:00:00,1650,2013,SHEPPARD Ave E,SHAUGHNESSY BLVD,Major Arterial,North York,43.773719,-79.353313,632523.4795,4848057.507,Unknown,Traffic Signal,Clear,Daylight,Dry,53,Henry Farm,53,Henry Farm (53),Non-Fatal Injury,0,0,1,0,0,0,0,0,0,1,0,0,0,Turning Movement,['Driver'],East,"['Automobile, Station Wagon']","['Turning Left', 'Going Ahead']","['Failed to Yield Right of Way', 'Driving Properly']","['Inattentive', 'Normal']",['Not Applicable'],['Not Applicable'],['Not Applicable'],['Not Applicable'],['Not Applicable'],False,"['45 to 49', '20 to 24']",3.0
1386873.0,2013-10-11 08:00:00,927,2013,DANFORTH Ave,WOODINGTON Ave,Major Arterial,Toronto and East York,43.683932,-79.32088,635335.7488,4838137.7664,Unknown,Traffic Signal,Clear,Daylight,Dry,64,Woodbine Corridor,64,Woodbine Corridor (64),Non-Fatal Injury,1,0,1,0,0,0,0,0,0,1,0,0,0,Pedestrian Collisions,"['Vehicle Owner', 'Driver', 'Pedestrian']",North,"['Other', 'Automobile, Station Wagon']",['Turning Left'],['Failed to Yield Right of Way'],['Normal'],['Crossing with right of way'],['Normal'],['Not Applicable'],['Not Applicable'],['Not Applicable'],False,"['unknown', '50 to 54', '60 to 64']",3.0
1386897.0,2013-09-15 08:00:00,1937,2013,DUPONT St,DOVERCOURT Rd,Major Arterial,Toronto and East York,43.669692,-79.43275,626348.9075,4836379.7461,Unknown,Traffic Signal,Rain,"Dark, artificial",Wet,172,Dovercourt Village,93,Dovercourt-Wallace Emerson-Junction (93),Non-Fatal Injury,0,1,1,0,0,0,0,0,0,1,0,0,0,Cyclist Collisions,"['Driver', 'Cyclist']",West,"['Automobile, Station Wagon', 'Bicycle']","['Going Ahead', 'Stopped']",['Improper Passing'],['Inattentive'],['Not Applicable'],['Not Applicable'],['Cyclist and Driver travelling in same direction. One vehicle rear-ended the other.'],['Driving Properly'],['Normal'],False,"['20 to 24', '30 to 34']",3.0
1387019.0,2013-09-18 08:00:00,837,2013,FINCH AVE E,SANDHURST CRCL,Major Arterial,Scarborough,43.808814,-79.262767,639728.7846,4852104.281,Unknown,Traffic Signal,Clear,Daylight,Dry,129,Agincourt North,129,Agincourt North (129),Non-Fatal Injury,1,0,1,0,0,0,0,0,0,0,0,0,0,Pedestrian Collisions,"['Driver', 'Pedestrian']",North,"['Automobile, Station Wagon', 'Other']",['Turning Left'],['Improper Turn'],['Inattentive'],['Crossing with right of way'],['Normal'],['Not Applicable'],['Not Applicable'],['Not Applicable'],False,"['55 to 59', '70 to 74']",3.0
1387238.0,2013-09-21 08:00:00,2140,2013,QUEEN ST W,BATHURST ST,Major Arterial,Toronto and East York,43.647116,-79.403972,628717.1921,4833916.6173,At Intersection,Traffic Signal,Clear,"Dark, artificial",Dry,164,Wellington Place,77,Waterfront Communities-The Island (77),Non-Fatal Injury,0,1,1,0,0,0,0,0,0,0,0,0,0,Cyclist Collisions,"['Driver', 'Cyclist']",East,"['Automobile, Station Wagon', 'Bicycle']","['Changing Lanes', 'Going Ahead']",['Improper Lane Change'],['Had Been Drinking'],['Not Applicable'],['Not Applicable'],['Cyclist and Driver travelling in same direction. One vehicle sideswipes the other.'],['Driving Properly'],['Normal'],False,"['15 to 19', '40 to 44']",3.0
1387287.0,2013-10-13 08:00:00,1331,2013,SHEPPARD Ave W,SENTINEL Rd,Major Arterial,North York,43.743838,-79.490878,621512.7832,4844527.7956,Unknown,No Control,Rain,Daylight,Wet,155,Downsview,26,Downsview-Roding-CFB (26),Non-Fatal Injury,0,0,1,0,0,0,0,1,0,0,0,0,0,Rear End,"['Driver', 'Passenger']",East,"['Automobile, Station Wagon', 'Other']","['Making U Turn', 'Going Ahead']","['Improper Turn', 'Driving Properly']","['Inattentive', 'Normal']",['Not Applicable'],['Not Applicable'],['Not Applicable'],['Not Applicable'],['Not Applicable'],False,"['40 to 44', '5 to 9', '10 to 14', '50 to 54']",3.0
1387422.0,2013-09-23 08:00:00,1355,2013,DON MILLS RD,EGLINTON AVE E,Major Arterial,North York,43.720492,-79.338863,633804.9578,4842169.0826,Unknown,Traffic Signal,Clear,Daylight,Dry,44,Flemingdon Park,44,Flemingdon Park (44),Non-Fatal Injury,0,0,1,1,0,0,0,0,0,1,0,0,0,Turning Movement,"['Motorcycle Driver', 'Driver']",North,"['Motorcycle', 'Automobile, Station Wagon']","['Going Ahead', 'Turning Left']","['Driving Properly', 'Failed to Yield Right of Way']",['Normal'],['Not Applicable'],['Not Applicable'],['Not Applicable'],['Not Applicable'],['Not Applicable'],False,"['40 to 44', '80 to 84']",3.0
1387438.0,2013-09-25 08:00:00,1127,2013,DIXON Rd,MARTIN GROVE Rd,Major Arterial,Etobicoke York,43.691245,-79.572307,615056.7769,4838570.4017,Unknown,No Control,Clear,Daylight,Dry,1,West Humber-Clairville,1,West Humber-Clairville (1),Non-Fatal Injury,0,0,1,0,0,0,0,1,0,1,0,0,0,Sideswipe,"['Driver', 'Passenger']",East,"['Automobile, Station Wagon', 'Other']","['Going Ahead', 'Changing Lanes']","['Driving Properly', 'Failed to Yield Right of Way']","['Normal', 'Inattentive']",['Not Applicable'],['Not Applicable'],['Not Applicable'],['Not Applicable'],['Not Applicable'],False,"['40 to 44', '5 to 9', '20 to 24']",3.0
1387447.0,2013-09-17 08:00:00,1527,2013,KINGSTON RD,MIDLAND AVE,Major Arterial,Scarborough,43.711112,-79.24818,641131.5995,4841277.7044,Unknown,Traffic Signal,Clear,Daylight,Dry,123,Cliffcrest,123,Cliffcrest (123),Non-Fatal Injury,0,0,1,0,0,0,0,1,0,0,0,0,0,Turning Movement,"['Driver', 'Passenger']",East,"['Automobile, Station Wagon', 'Other']","['Going Ahead', 'Turning Left', 'Stopped']","['Driving Properly', 'Improper Turn']","['Normal', 'Inattentive']",['Not Applicable'],['Not Applicable'],['Not Applicable'],['Not Applicable'],['Not Applicable'],False,"['75 to 79', '60 to 64', '85 to 89', '65 to 69']",3.0
1387491.0,2013-09-25 08:00:00,2025,2013,923 AVENUE Rd,Not Applicable,Major Arterial,Toronto and East York,43.701007,-79.407092,628350.6278,4839897.1046,Unknown,No Control,Clear,"Dark, artificial",Dry,100,Yonge-Eglinton,100,Yonge-Eglinton (100),Non-Fatal Injury,0,0,1,0,0,0,0,1,0,0,0,0,0,SMV Other,"['Vehicle Owner', 'Passenger', 'Other Property Owner', 'Driver']",North,"['Other', 'Automobile, Station Wagon']",['Going Ahead'],['Lost control'],['Normal'],['Not Applicable'],['Not Applicable'],['Not Applicable'],['Not Applicable'],['Not Applicable'],False,"['unknown', '55 to 59', '50 to 54']",3.0
1387644.0,2013-09-26 08:00:00,1830,2013,COLLEGE St,SHAW St,Major Arterial,Toronto and East York,43.654845,-79.420291,627384.7359,4834749.842,Unknown,Stop Sign,Clear,Daylight,Dry,81,Trinity-Bellwoods,81,Trinity-Bellwoods (81),Non-Fatal Injury,0,1,1,0,0,0,0,0,0,1,0,0,0,Cyclist Collisions,"['Vehicle Owner', 'Driver', 'Cyclist']",South,"['Other', 'Automobile, Station Wagon', 'Bicycle']","['Turning Left', 'Going Ahead']",['Failed to Yield Right of Way'],['Inattentive'],['Not Applicable'],['Not Applicable'],['Motorist turned left across cyclists path.'],['Driving Properly'],['Normal'],False,"['unknown', '25 to 29', '40 to 44']",3.0
1387683.0,2013-10-03 08:00:00,748,2013,1090 DON MILLS Rd,Not Applicable,Major Arterial,North York,43.733699,-79.342525,633480.6408,4843630.0068,Unknown,No Control,Clear,Daylight,Dry,42,Banbury-Don Mills,42,Banbury-Don Mills (42),Non-Fatal Injury,0,1,1,0,0,0,0,0,0,1,0,0,0,Cyclist Collisions,"['Driver', 'Cyclist']",North,"['Automobile, Station Wagon', 'Bicycle']","['Turning Left', 'Going Ahead']",['Failed to Yield Right of Way'],['Inattentive'],['Not Applicable'],['Not Applicable'],['Motorist turned left across cyclists path.'],['Driving Properly'],['Normal'],False,"['20 to 24', '45 to 49']",3.0
1387708.0,2013-10-02 08:00:00,752,2013,77 KING St W,Not Applicable,Major Arterial,Toronto and East York,43.648146,-79.38219,630471.6652,4834065.0271,Unknown,No Control,Clear,Daylight,Dry,170,Yonge-Bay Corridor,76,Bay Street Corridor (76),Non-Fatal Injury,0,1,1,0,0,0,0,0,1,1,0,0,0,Cyclist Collisions,"['Driver', 'Cyclist']",East,"['Automobile, Station Wagon', 'Bicycle']","['Going Ahead', 'Stopped', 'Overtaking']","['Exceeding Speed Limit', 'Other']","['Normal', 'Inattentive']",['Not Applicable'],['Not Applicable'],['Cyclist struck opened vehicle door'],['Driving Properly'],['Normal'],False,"['35 to 39', '55 to 59', '30 to 34']",3.0
1387866.0,2013-09-30 08:00:00,1640,2013,EGLINTON Ave E,SUTHERLAND Dr,Major Arterial,North York,43.713069,-79.367221,631536.9319,4841299.2585,Unknown,Traffic Signal,Clear,Daylight,Dry,56,Leaside-Bennington,56,Leaside-Bennington (56),Non-Fatal Injury,0,0,1,1,0,0,0,0,0,1,0,0,0,Turning Movement,"['Motorcycle Driver', 'Driver']",East,"['Motorcycle', 'Automobile, Station Wagon']","['Going Ahead', 'Turning Left']","['Driving Properly', 'Failed to Yield Right of Way']",['Normal'],['Not Applicable'],['Not Applicable'],['Not Applicable'],['Not Applicable'],['Not Applicable'],False,"['20 to 24', '45 to 49']",3.0
1387882.0,2013-09-28 08:00:00,1136,2013,LOWER SHERBOURNE Stre,THE ESPLANADE,Minor Arterial,Toronto and East York,43.649043,-79.36729,631671.3598,4834188.1843,Unknown,Traffic Signal,Clear,Daylight,Dry,166,St Lawrence-East Bayfront-The Islands,77,Waterfront Communities-The Island (77),Non-Fatal Injury,1,0,1,0,0,0,0,0,0,1,0,0,0,Pedestrian Collisions,"['Driver', 'Pedestrian']",East,"['Automobile, Station Wagon', 'Other']",['Turning Left'],['Failed to Yield Right of Way'],['Inattentive'],['Crossing with right of way'],['Normal'],['Not Applicable'],['Not Applicable'],['Not Applicable'],False,"['75 to 79', '80 to 84']",3.0
1387900.0,2013-09-29 08:00:00,1305,2013,BIRCHMOUNT Rd,BERTRAND Ave,Major Arterial,Scarborough,43.735228,-79.279865,638523.3397,4843902.6789,Unknown,Traffic Signal,Clear,Daylight,Dry,119,Wexford/Maryvale,119,Wexford/Maryvale (119),Non-Fatal Injury,0,0,1,0,0,0,0,1,0,1,0,0,0,Turning Movement,"['Passenger', 'Driver']",North,"['Other', 'Automobile, Station Wagon']","['Turning Left', 'Going Ahead']","['Failed to Yield Right of Way', 'Driving Properly']",['Normal'],['Not Applicable'],['Not Applicable'],['Not Applicable'],['Not Applicable'],['Not Applicable'],False,"['55 to 59', '40 to 44', '70 to 74', '75 to 79']",3.0
1387944.0,2013-10-09 08:00:00,1018,2013,DAVENPORT RD,MOUNT ROYAL AVE,Minor Arterial,Toronto and East York,43.674498,-79.432582,626352.3657,4836913.7726,At Intersection,No Control,Clear,Daylight,Dry,94,Wychwood,94,Wychwood (94),Non-Fatal Injury,0,1,1,0,0,0,0,0,0,0,0,0,0,Cyclist Collisions,"['Vehicle Owner', 'Driver', 'Cyclist']",West,"['Delivery Van', 'Bicycle']","['Turning Right', 'Going Ahead']",['Improper Turn'],['Inattentive'],['Not Applicable'],['Not Applicable'],"['Motorist turns right at non-signal Inter.(stop, yield, no cont.,and dwy) and strikes cyclist.']",['Driving Properly'],['Normal'],False,"['unknown', '45 to 49', '50 to 54']",3.0
1387956.0,2013-10-14 08:00:00,1800,2013,LAWRENCE Ave E,GREENHOLM CRCL,Major Arterial,Scarborough,43.760314,-79.222965,643045.8085,4846785.57,Unknown,Traffic Signal,Clear,Daylight,Dry,141,Golfdale-Cedarbrae-Woburn,137,Woburn (137),Non-Fatal Injury,1,0,1,0,0,0,0,0,0,1,1,1,0,Pedestrian Collisions,"['Driver', 'Pedestrian']",South,"['Automobile, Station Wagon', 'Other']",['Going Ahead'],['Disobeyed Traffic Control'],"['Ability Impaired, Alcohol']",['Crossing with right of way'],['Normal'],['Not Applicable'],['Not Applicable'],['Not Applicable'],False,"['50 to 54', '60 to 64']",3.0
1388126.0,2013-10-25 08:00:00,1032,2013,DANFORTH AVE,CHISHOLM AVE,Major Arterial,Toronto and East York,43.687815,-79.303394,636736.2999,4838597.712,Unknown,No Control,Clear,Daylight,Dry,62,East End-Danforth,62,East End-Danforth (62),Non-Fatal Injury,0,0,1,0,0,0,0,0,0,0,0,0,0,Turning Movement,"['Vehicle Owner', 'Other', 'Driver']",East,"['Other', 'Automobile, Station Wagon']","['Parked', 'Turning Left', 'Going Ahead']","['Driving Properly', 'Other']",['Unknown'],['Not Applicable'],['Not Applicable'],['Not Applicable'],['Not Applicable'],['Not Applicable'],False,"['unknown', '40 to 44', '60 to 64']",3.0
1388238.0,2013-10-31 08:00:00,2045,2013,DANFORTH AVE,BARRINGTON AVE,Major Arterial,Toronto and East York,43.688437,-79.30054,636964.9021,4838671.5038,Unknown,No Control,Rain,"Dark, artificial",Wet,62,East End-Danforth,62,East End-Danforth (62),Non-Fatal Injury,1,0,1,0,0,0,0,0,0,0,0,0,0,Pedestrian Collisions,"['Driver', 'Vehicle Owner', 'Pedestrian']",East,"['Automobile, Station Wagon', 'Other']",['Going Ahead'],['Driving Properly'],['Normal'],['Running onto Roadway'],['Inattentive'],['Not Applicable'],['Not Applicable'],['Not Applicable'],False,"['30 to 34', 'unknown', '5 to 9']",3.0
1388364.0,2013-10-29 08:00:00,1525,2013,DON MILLS Rd,DON VALLEY PARKWAY  S,Major Arterial,Toronto and East York,43.700644,-79.337688,633943.8124,4839966.5759,Unknown,No Control,Clear,Daylight,Dry,58,Old East York,58,Old East York (58),Non-Fatal Injury,0,0,1,0,0,0,0,1,0,0,0,0,0,Approaching,"['Passenger', 'Driver']",North,"['Other', 'Automobile, Station Wagon']",['Going Ahead'],"['Driving Properly', 'Lost control']","['Normal', 'Inattentive']",['Not Applicable'],['Not Applicable'],['Not Applicable'],['Not Applicable'],['Not Applicable'],False,"['30 to 34', '55 to 59', '35 to 39']",3.0
1388412.0,2013-11-03 09:00:00,920,2013,THE DONWAY  W,LAWRENCE AVE E,Minor Arterial,North York,43.738459,-79.347087,633102.7008,4844151.3358,Unknown,No Control,Clear,Daylight,Dry,42,Banbury-Don Mills,42,Banbury-Don Mills (42),Non-Fatal Injury,0,0,1,0,0,0,0,1,1,1,0,0,0,SMV Other,"['Passenger', 'Driver', 'Other Property Owner']",North,"['Other', 'Automobile, Station Wagon']",['Going Ahead'],['Exceeding Speed Limit'],['Inattentive'],['Not Applicable'],['Not Applicable'],['Not Applicable'],['Not Applicable'],['Not Applicable'],False,"['25 to 29', '20 to 24', 'unknown']",3.0
1388425.0,2013-11-03 09:00:00,1130,2013,WARDEN Ave,FINCH Ave E,Major Arterial,Scarborough,43.796763,-79.315753,635494.222,4850677.7095,Unknown,Traffic Signal,Clear,Daylight,Dry,148,East L'Amoreaux,117,L'Amoreaux (117),Non-Fatal Injury,0,0,1,0,0,0,0,0,0,1,1,0,0,Turning Movement,['Driver'],North,"['Automobile, Station Wagon']","['Going Ahead', 'Turning Left']","['Disobeyed Traffic Control', 'Driving Properly']","['Unknown', 'Normal']",['Not Applicable'],['Not Applicable'],['Not Applicable'],['Not Applicable'],['Not Applicable'],False,"['60 to 64', '80 to 84']",3.0
1388451.0,2013-11-04 10:00:00,2009,2013,YONGE St,DAVISVILLE Ave,Major Arterial,Toronto and East York,43.698291,-79.396632,629199.2976,4839611.7014,Unknown,No Control,Clear,"Dawn, artificial",Dry,174,South Eglinton-Davisville,104,Mount Pleasant West (104),Non-Fatal Injury,0,0,1,0,0,0,0,1,0,1,0,0,0,Rear End,"['Passenger', 'Driver']",South,"['Other', 'Automobile, Station Wagon']",['Going Ahead'],"['Driving Properly', 'Following too Close']",['Normal'],['Not Applicable'],['Not Applicable'],['Not Applicable'],['Not Applicable'],['Not Applicable'],False,"['65 to 69', '75 to 79', '30 to 34']",3.0
1388459.0,2013-11-04 10:00:00,1435,2013,VINE Ave,JACKSON Pl,Local,Toronto and East York,43.66659,-79.467273,623572.0642,4835983.2259,Unknown,No Control,Clear,Daylight,Dry,90,Junction Area,90,Junction Area (90),Non-Fatal Injury,0,0,1,0,0,0,0,0,0,0,0,0,0,Turning Movement,['Driver'],East,"['Automobile, Station Wagon']","['Going Ahead', 'Turning Left']","['Driving Properly', 'Improper Turn']",['Normal'],['Not Applicable'],['Not Applicable'],['Not Applicable'],['Not Applicable'],['Not Applicable'],False,['50 to 54'],3.0
1388488.0,2013-11-01 08:00:00,500,2013,LAKE SHORE BLVD W,BATHURST ST,Major Arterial,Toronto and East York,43.636473,-79.399638,629089.5182,4832741.306,Unknown,Traffic Signal,Rain,Dark,Wet,165,Harbourfront-CityPlace,77,Waterfront Communities-The Island (77),Non-Fatal Injury,0,1,1,0,0,0,0,0,0,0,0,0,0,Cyclist Collisions,"['Cyclist', 'Driver']",South,"['Bicycle', 'Automobile, Station Wagon']",['Going Ahead'],['Driving Properly'],['Normal'],['Not Applicable'],['Not Applicable'],['Cyclist and Driver travelling in same direction. One vehicle rear-ended the other.'],['Disobeyed Traffic Control'],['Inattentive'],False,"['30 to 34', '20 to 24']",3.0
1388506.0,2013-09-22 08:00:00,1750,2013,KIPLING Ave,ESTHER LORRIE Dr,Major Arterial,Etobicoke York,43.731658,-79.576381,614651.3725,4843053.1765,Unknown,No Control,Clear,Daylight,Dry,4,Rexdale-Kipling,4,Rexdale-Kipling (4),Non-Fatal Injury,0,0,1,0,0,0,0,1,0,1,0,0,0,Rear End,"['Vehicle Owner', 'Driver', 'Passenger']",South,"['Other', 'Automobile, Station Wagon']","['Going Ahead', 'Turning Right']","['Following too Close', 'Improper Turn']",['Inattentive'],['Not Applicable'],['Not Applicable'],['Not Applicable'],['Not Applicable'],['Not Applicable'],False,"['unknown', '40 to 44', '30 to 34', '35 to 39']",3.0