accident_number,date,time,year,street1,street2,road_class,district,latitude,longitude,x,y,accident_location,traffctl,visibility,light,road_surface_condition,hood_158,neighbourhood_new,hood_140,neighbourhood_old,accident_class,pedestrian,cyclist,automobile,motorcycle,truck,trsn_city_veh,emerg_veh,passenger,speeding,aggressive_driving,redlight,alcohol,disability,impact_type,involvement_type,initial_direction,vehicle_type,manoeuver,driver_action,driver_condition,pedestrian_action,pedestrian_condition,cyclist_type,cyclist_action,cyclist_condition,injury,involvement_age,injury_severity_score
1388519.0,2013-08-25 08:00:00,1615,2013,THE EAST MALL,EAST MALL CRES,Minor Arterial,Etobicoke York,43.631426,-79.552326,616782.9601,4831954.6477,Unknown,Traffic Signal,Clear,Daylight,Dry,159,Etobicoke City Centre,14,Islington-City Centre West (14),Non-Fatal Injury,0,0,1,0,0,0,0,0,0,1,1,0,0,Turning Movement,"['Vehicle Owner', 'Driver']",North,"['Other', 'Automobile, Station Wagon']","['Going Ahead', 'Turning Left']","['Disobeyed Traffic Control', 'Driving Properly']",['Normal'],['Not Applicable'],['Not Applicable'],['Not Applicable'],['Not Applicable'],['Not Applicable'],False,"['unknown', '35 to 39', '25 to 29']",3.0
1388613.0,2013-11-03 09:00:00,902,2013,SANDHURST CRCL,FINCH AVE E,Major Arterial,Scarborough,43.808814,-79.262767,639728.7846,4852104.281,Unknown,Traffic Signal,Clear,Daylight,Dry,129,Agincourt North,129,Agincourt North (129),Non-Fatal Injury,1,0,1,0,0,0,0,0,0,1,0,0,0,Pedestrian Collisions,"['Driver', 'Pedestrian']",North,"['Automobile, Station Wagon', 'Other']",['Turning Left'],['Failed to Yield Right of Way'],['Other'],['Crossing with right of way'],['Normal'],['Not Applicable'],['Not Applicable'],['Not Applicable'],False,"['60 to 64', '0 to 4', '5 to 9']",3.0
1388623.0,2013-11-01 08:00:00,2240,2013,BAY ST,LAKE SHORE BLVD W,Major Arterial,Toronto and East York,43.644187,-79.37833,630791.5582,4833631.4044,Unknown,No Control,Clear,"Dark, artificial",Dry,166,St Lawrence-East Bayfront-The Islands,77,Waterfront Communities-The Island (77),Non-Fatal Injury,1,0,1,0,0,0,0,0,0,0,0,0,0,Pedestrian Collisions,"['Driver', 'Pedestrian']",East,"['Automobile, Station Wagon', 'Other']",['Going Ahead'],['Driving Properly'],['Normal'],['Running onto Roadway'],"['Ability Impaired, Alcohol']",['Not Applicable'],['Not Applicable'],['Not Applicable'],False,"['25 to 29', '20 to 24']",3.0
1388642.0,2013-03-06 10:00:00,2010,2013,BRIMLEY Rd,EAGLEDANCE Dr,Major Arterial,Scarborough,43.824977,-79.286044,637819.3621,4853860.4005,Unknown,Traffic Signal,Clear,"Dark, artificial",Dry,130,Milliken,130,Milliken (130),Non-Fatal Injury,0,0,1,0,0,0,0,0,0,1,1,0,0,Angle,"['Driver', 'Vehicle Owner']",North,"['Automobile, Station Wagon', 'Other']",['Going Ahead'],"['Disobeyed Traffic Control', 'Driving Properly']","['Inattentive', 'Normal']",['Not Applicable'],['Not Applicable'],['Not Applicable'],['Not Applicable'],['Not Applicable'],False,"['50 to 54', 'unknown']",3.0
1393549.0,2020-07-26 08:00:00,2119,2020,881 SHEPPARD AVE W,Not Applicable,Major Arterial,North York,43.751918,-79.455127,624374.7013,4845478.2573,Non Intersection,No Control,Clear,"Dark, artificial",Dry,33,Clanton Park,33,Clanton Park (33),Fatal,1,0,1,0,0,0,0,0,1,1,0,0,0,Pedestrian Collisions,"['Driver', 'Pedestrian']",East,"['Automobile, Station Wagon']",['Going Ahead'],['Exceeding Speed Limit'],['Normal'],"['Crossing, no Traffic Control']",['Unknown'],['Not Applicable'],['Not Applicable'],['Not Applicable'],True,['25 to 29'],4.0
139578.0,2020-01-21 10:00:00,701,2020,ALNESS ST,SUPERTEST RD,Minor Arterial,North York,43.776736,-79.474407,622771.7153,4848205.8983,At Intersection,Traffic Signal,Clear,"Dark, artificial",Dry,27,York University Heights,27,York University Heights (27),Fatal,1,0,0,0,1,0,0,0,0,1,0,0,0,Pedestrian Collisions,"['Truck Driver', 'Pedestrian']",East,['Truck-Tractor'],['Turning Right'],['Failed to Yield Right of Way'],['Inattentive'],['Crossing with right of way'],['Unknown'],['Not Applicable'],['Not Applicable'],['Not Applicable'],True,"['50 to 54', '25 to 29']",4.0
13999959.0,2013-11-30 10:00:00,1556,2013,BLOOR ST W,NEILSON DR,Major Arterial,Etobicoke York,43.63444,-79.567218,615575.8451,4832268.5483,Unknown,Traffic Signal,Other,Daylight,Other,12,Markland Wood,12,Markland Wood (12),Fatal,0,0,1,0,0,0,0,0,0,0,0,0,0,Turning Movement,['Driver'],West,"['Automobile, Station Wagon']","['Turning Left', 'Going Ahead']","['Improper Turn', 'Driving Properly']",['Unknown'],['Not Applicable'],['Not Applicable'],['Not Applicable'],['Not Applicable'],['Not Applicable'],True,"['35 to 39', '30 to 34']",4.0
1402441.0,2020-07-28 08:00:00,700,2020,STANLEY AVE,STATION RD,Local,Etobicoke York,43.614997,-79.494197,621505.3221,4830213.4192,Intersection Related,Stop Sign,Clear,Daylight,Dry,160,Mimico-Queensway,17,Mimico (includes Humber Bay Shores) (17),Fatal,1,0,1,0,0,0,0,0,0,0,0,0,0,Pedestrian Collisions,"['Pedestrian', 'Driver']",East,"['Automobile, Station Wagon']",['Going Ahead'],['Driving Properly'],['Inattentive'],['Walking on Roadway with Traffic'],['Normal'],['Not Applicable'],['Not Applicable'],['Not Applicable'],True,"['80 to 84', '65 to 69']",4.0
1411275.0,2020-07-28 08:00:00,845,2020,MIDLAND  AVE,COPTHORNE  AVE,Major Arterial,Scarborough,43.820635,-79.294894,637117.6658,4853363.4428,At Intersection,Traffic Signal,Clear,Daylight,Dry,130,Milliken,130,Milliken (130),Non-Fatal Injury,1,0,1,0,0,0,0,0,0,1,0,0,0,Pedestrian Collisions,"['Driver', 'Pedestrian']",South,"['Automobile, Station Wagon']",['Turning Right'],['Failed to Yield Right of Way'],['Inattentive'],['Crossing with right of way'],['Normal'],['Not Applicable'],['Not Applicable'],['Not Applicable'],False,"['55 to 59', '60 to 64']",3.0
141375171.0,2014-01-19 10:00:00,2145,2014,EGLINTON AVE W,NORTHCLIFFE BLVD,Major Arterial,North York,43.69625,-79.447673,625090.6223,4839306.7506,At Intersection,Traffic Signal,Clear,"Dark, artificial",Wet,107,Oakwood Village,107,Oakwood Village (107),Fatal,1,0,1,0,0,0,0,0,0,0,0,0,0,Pedestrian Collisions,"['Driver', 'Pedestrian']",South,"['Automobile, Station Wagon']",['Going Ahead'],['Driving Properly'],['Normal'],['Crossing without right of way'],['Unknown'],['Not Applicable'],['Not Applicable'],['Not Applicable'],True,"['15 to 19', '35 to 39']",4.0
141413547.0,2014-01-26 10:00:00,1310,2014,SHEPPARD AVE E,CONSUMERS RD,Major Arterial,North York,43.775088,-79.331226,634297.9694,4848245.1453,Unknown,Traffic Signal,Snow,Daylight,Loose Snow,53,Henry Farm,53,Henry Farm (53),Fatal,0,0,1,0,0,0,0,1,0,0,0,0,0,Rear End,"['Driver', 'Passenger']",East,"['Automobile, Station Wagon', 'Passenger Van']","['Stopped', 'Going Ahead']","['Driving Properly', 'Other']","['Normal', 'Unknown']",['Not Applicable'],['Not Applicable'],['Not Applicable'],['Not Applicable'],['Not Applicable'],True,"['50 to 54', '15 to 19', '70 to 74']",4.0
141513588.0,2014-02-12 10:00:00,127,2014,DANFORTH RD,HIBBERTS DR,Minor Arterial,Scarborough,43.708708,-79.267062,639615.9753,4840978.7286,Unknown,No Control,Clear,"Dark, artificial",Dry,120,Clairlea-Birchmount,120,Clairlea-Birchmount (120),Fatal,1,0,1,0,0,0,0,0,0,0,0,0,0,Pedestrian Collisions,"['Driver', 'Pedestrian']",Unknown,"['Automobile, Station Wagon']",['Going Ahead'],['Driving Properly'],['Normal'],['Other'],['Had Been Drinking'],['Not Applicable'],['Not Applicable'],['Not Applicable'],True,"['55 to 59', '50 to 54']",4.0
141518658.0,2014-02-12 10:00:00,2017,2014,ST CLAIR AVE E,HERRON AVE,Major Arterial,Scarborough,43.711142,-79.285129,638154.7786,4841218.7876,Unknown,No Control,Clear,"Dark, artificial",Ice,120,Clairlea-Birchmount,120,Clairlea-Birchmount (120),Fatal,1,0,1,0,0,0,0,0,1,1,0,0,0,Pedestrian Collisions,"['Driver', 'Pedestrian']",East,['Pick Up Truck'],['Going Ahead'],['Driving Properly'],['Unknown'],"['Crossing, no Traffic Control']",['Unknown'],['Not Applicable'],['Not Applicable'],['Not Applicable'],True,"['40 to 44', '15 to 19']",4.0
141603063.0,2014-02-26 10:00:00,1646,2014,YORK MILLS RD,UPJOHN RD,Major Arterial,North York,43.75495,-79.350871,632761.5239,4845976.8351,Unknown,No Control,Clear,Daylight,Dry,42,Banbury-Don Mills,42,Banbury-Don Mills (42),Fatal,0,0,1,0,0,0,0,1,0,1,0,0,0,Turning Movement,"['Passenger', 'Driver']",West,"['Automobile, Station Wagon']","['Turning Left', 'Stopped', 'Going Ahead']","['Failed to Yield Right of Way', 'Driving Properly']","['Inattentive', 'Normal']",['Not Applicable'],['Not Applicable'],['Not Applicable'],['Not Applicable'],['Not Applicable'],True,"['10 to 14', '30 to 34', '55 to 59', '80 to 84']",4.0
141649049.0,2014-03-06 10:00:00,735,2014,PRINCE EDWARD DR N,SHAND AVE,Collector,Etobicoke York,43.65729,-79.509113,620217.3556,4834888.8698,Unknown,No Control,Snow,Daylight,Slush,15,Kingsway South,15,Kingsway South (15),Fatal,0,0,1,0,0,0,0,0,0,0,0,0,0,SMV Other,['Driver'],South,"['Automobile, Station Wagon']",['Pulling Onto Shoulder or towardCurb'],['Lost control'],['Unknown'],['Not Applicable'],['Not Applicable'],['Not Applicable'],['Not Applicable'],['Not Applicable'],True,['50 to 54'],4.0
1417758.0,2020-07-30 08:00:00,953,2020,746 OSSINGTON AVE,Not Applicable,Minor Arterial,Toronto and East York,43.662532,-79.425884,626917.5259,4835595.0134,At/Near Private Drive,No Control,Clear,Daylight,Dry,172,Dovercourt Village,93,Dovercourt-Wallace Emerson-Junction (93),Non-Fatal Injury,1,0,0,0,0,1,0,0,0,0,0,0,0,Pedestrian Collisions,"['Driver', 'Pedestrian']",East,['Municipal Transit Bus (TTC)'],['Turning Right'],['Driving Properly'],['Normal'],"['Crossing, no Traffic Control']",['Normal'],['Not Applicable'],['Not Applicable'],['Not Applicable'],False,"['40 to 44', '70 to 74']",3.0
1419288.0,2020-07-30 08:00:00,1340,2020,SPADINA AVE,COLLEGE ST,Major Arterial,Scarborough,43.657874,-79.400012,629013.5258,4835117.5838,At Intersection,Traffic Signal,Clear,Daylight,Dry,78,Kensington-Chinatown,78,Kensington-Chinatown (78),Non-Fatal Injury,0,1,1,0,0,0,0,0,0,0,0,0,0,Cyclist Collisions,"['Cyclist', 'Driver']",North,"['Bicycle', 'Pick Up Truck']","['Changing Lanes', 'Going Ahead']",['Driving Properly'],['Normal'],['Not Applicable'],['Not Applicable'],['Cyclist and Driver travelling in same direction. One vehicle sideswipes the other.'],['Improper Lane Change'],['Inattentive'],False,"['20 to 24', '45 to 49']",3.0
141945030.0,2014-04-23 08:00:00,1755,2014,DUNDAS ST W,KENSINGTON AVE,Major Arterial,Toronto and East York,43.652541,-79.39986,629037.2042,4834525.5204,Unknown,No Control,Clear,"Daylight, artificial",Dry,78,Kensington-Chinatown,78,Kensington-Chinatown (78),Fatal,1,0,1,0,0,0,0,0,0,0,0,0,0,Pedestrian Collisions,"['Driver', 'Pedestrian']",South,"['Automobile, Station Wagon']",['Going Ahead'],['Driving Properly'],['Normal'],"['Crossing, no Traffic Control']",['Inattentive'],['Not Applicable'],['Not Applicable'],['Not Applicable'],True,"['50 to 54', '25 to 29']",4.0
142041479.0,2014-05-08 08:00:00,2108,2014,RENFORTH DR,ERINGATE DR,Minor Arterial,Etobicoke York,43.660464,-79.583576,614206.9843,4835136.1957,Unknown,No Control,Clear,"Dusk, artificial",Dry,11,Eringate-Centennial-West Deane,11,Eringate-Centennial-West Deane (11),Fatal,0,0,1,1,0,0,0,0,1,1,0,0,0,Turning Movement,"['Driver', 'Motorcycle Driver']",North,"['Automobile, Station Wagon', 'Motorcycle']","['Turning Left', 'Going Ahead']","['Improper Turn', 'Exceeding Speed Limit']","['Normal', 'Unknown']",['Not Applicable'],['Not Applicable'],['Not Applicable'],['Not Applicable'],['Not Applicable'],True,"['25 to 29', '20 to 24']",4.0
142049204.0,2014-05-10 08:00:00,233,2014,DUNDAS ST W,AUGUSTA AVE,Major Arterial,Toronto and East York,43.652262,-79.401134,628935.0633,4834492.5535,Unknown,No Control,Clear,"Dark, artificial",Dry,78,Kensington-Chinatown,78,Kensington-Chinatown (78),Fatal,1,0,1,0,0,0,0,1,0,0,0,0,0,Pedestrian Collisions,"['Pedestrian', 'Driver', 'Passenger']",West,"['Automobile, Station Wagon']","['Changing Lanes', 'Stopped']","['Improper Lane Change', 'Driving Properly']","['Unknown', 'Normal']",['Other'],['Had Been Drinking'],['Not Applicable'],['Not Applicable'],['Not Applicable'],True,"['25 to 29', '30 to 34', '60 to 64', '20 to 24']",4.0
142120007.0,2014-05-21 08:00:00,610,2014,HIGHWAY 27  S,BELFIELD RD,Major Arterial,Etobicoke York,43.699229,-79.587123,613847.6487,4839436.6824,Unknown,Traffic Signal,Clear,Daylight,Dry,1,West Humber-Clairville,1,West Humber-Clairville (1),Fatal,0,0,1,0,0,0,0,0,0,0,0,0,0,Rear End,['Driver'],South,"['Automobile, Station Wagon']","['Going Ahead', 'Stopped']","['Other', 'Driving Properly']",['Normal'],['Not Applicable'],['Not Applicable'],['Not Applicable'],['Not Applicable'],['Not Applicable'],True,"['60 to 64', '35 to 39', '30 to 34', '50 to 54', '40 to 44']",4.0
1421797.0,2020-07-30 08:00:00,1950,2020,ISLINGTON AVE,BLOOR ST W,Major Arterial,Etobicoke York,43.644576,-79.523395,619090.8449,4833456.2251,At Intersection,Traffic Signal,Clear,Daylight,Dry,16,Stonegate-Queensway,16,Stonegate-Queensway (16),Non-Fatal Injury,0,0,1,1,0,0,0,0,0,1,0,0,0,Turning Movement,"['Driver', 'Motorcycle Driver']",North,"['Automobile, Station Wagon', 'Motorcycle']","['Turning Left', 'Going Ahead']","['Failed to Yield Right of Way', 'Driving Properly']","['Inattentive', 'Normal']",['Not Applicable'],['Not Applicable'],['Not Applicable'],['Not Applicable'],['Not Applicable'],False,"['45 to 49', '25 to 29']",3.0
142211983.0,2014-06-03 08:00:00,1250,2014,53 CRAIGMORE CRES,Not Applicable,Local,North York,43.763236,-79.397456,628993.4006,4846823.5029,Unknown,No Control,Clear,Daylight,Dry,153,Avondale,51,Willowdale East (51),Fatal,1,0,1,0,0,0,0,0,0,0,0,0,0,Pedestrian Collisions,"['Driver', 'Pedestrian']",North,"['Automobile, Station Wagon']",['Reversing'],['Other'],['Unknown'],['Other'],['Normal'],['Not Applicable'],['Not Applicable'],['Not Applicable'],True,"['75 to 79', '85 to 89']",4.0
142300273.0,2014-06-16 08:00:00,827,2014,BROADVIEW AVE,FAIRVIEW BLVD,Minor Arterial,Toronto and East York,43.675116,-79.357845,632375.7527,4837098.9697,Unknown,No Control,Rain,Daylight,Wet,68,North Riverdale,68,North Riverdale (68),Fatal,0,0,0,1,0,0,0,0,0,0,0,0,0,SMV Other,['Motorcycle Driver'],North,['Motorcycle'],['Going Ahead'],['Driving Properly'],['Unknown'],['Not Applicable'],['Not Applicable'],['Not Applicable'],['Not Applicable'],['Not Applicable'],True,['45 to 49'],4.0
142454660.0,2014-07-08 08:00:00,1024,2014,MCNICOLL AVE,PHARMACY AVE,Minor Arterial,Scarborough,43.804114,-79.330722,634273.5158,4851469.7571,At Intersection,Traffic Signal,Clear,Daylight,Dry,116,Steeles,116,Steeles (116),Fatal,0,0,1,0,0,0,0,1,0,1,1,0,0,Angle,"['Driver', 'Passenger']",South,"['Automobile, Station Wagon', 'Delivery Van']",['Going Ahead'],"['Driving Properly', 'Disobeyed Traffic Control']","['Normal', 'Inattentive']",['Not Applicable'],['Not Applicable'],['Not Applicable'],['Not Applicable'],['Not Applicable'],True,"['80 to 84', '30 to 34', '90 to 94', '85 to 89']",4.0
142471584.0,2014-07-10 08:00:00,1909,2014,BLOOR ST W,DUNDAS ST W,Minor Arterial,Toronto and East York,43.656863,-79.452602,624775.0338,4834924.872,Unknown,No Control,Clear,Daylight,Dry,88,High Park North,88,High Park North (88),Fatal,1,0,1,0,0,0,0,0,0,0,0,0,0,Pedestrian Collisions,"['Driver', 'Pedestrian']",East,"['Automobile, Station Wagon']",['Reversing'],['Other'],['Normal'],['Other'],['Unknown'],['Not Applicable'],['Not Applicable'],['Not Applicable'],True,"['50 to 54', '65 to 69']",4.0
142510103.0,2014-07-16 08:00:00,1615,2014,MCRAE DR,MILLWOOD RD,Collector,North York,43.704775,-79.368121,631482.5611,4840376.6642,At Intersection,Traffic Signal,Clear,Daylight,Dry,56,Leaside-Bennington,56,Leaside-Bennington (56),Fatal,1,0,1,0,0,0,0,0,0,1,0,0,0,Pedestrian Collisions,"['Driver', 'Pedestrian']",South,['Passenger Van'],['Turning Right'],['Failed to Yield Right of Way'],['Had Been Drinking'],['Crossing with right of way'],['Normal'],['Not Applicable'],['Not Applicable'],['Not Applicable'],True,"['50 to 54', '5 to 9']",4.0
142586405.0,2014-07-28 08:00:00,553,2014,HUMBERLINE DR,FINCH AVE W,Major Arterial,Etobicoke York,43.73503,-79.617862,611304.4259,4843371.1288,At Intersection,Traffic Signal,Rain,"Dawn, artificial",Wet,1,West Humber-Clairville,1,West Humber-Clairville (1),Fatal,1,0,0,0,0,1,0,0,0,0,0,0,0,Pedestrian Collisions,"['Driver', 'Pedestrian']",North,['Intercity Bus'],['Turning Left'],['Driving Properly'],['Normal'],['Crossing without right of way'],['Unknown'],['Not Applicable'],['Not Applicable'],['Not Applicable'],True,"['60 to 64', '30 to 34']",4.0
142588079.0,2014-07-28 08:00:00,1200,2014,DUDLEY AVE,FINCH AVE E,Major Arterial,North York,43.781047,-79.409702,627969.682,4848782.6839,Unknown,Stop Sign,Clear,Daylight,Dry,152,East Willowdale,51,Willowdale East (51),Fatal,0,0,1,0,0,0,0,1,0,1,0,0,0,Turning Movement,"['Passenger', 'Driver']",East,"['Automobile, Station Wagon']","['Going Ahead', 'Turning Left']","['Driving Properly', 'Disobeyed Traffic Control']","['Normal', 'Unknown']",['Not Applicable'],['Not Applicable'],['Not Applicable'],['Not Applicable'],['Not Applicable'],True,"['60 to 64', '65 to 69', '70 to 74', '90 to 94']",4.0
142655086.0,2014-08-07 08:00:00,1618,2014,5800 YONGE ST,Not Applicable,Major Arterial,North York,43.784381,-79.416683,627400.8409,4849142.2086,At Intersection,Traffic Signal,Clear,Daylight,Dry,50,Newtonbrook East,50,Newtonbrook East (50),Fatal,1,0,1,0,0,0,0,1,0,1,1,0,0,Pedestrian Collisions,"['Driver', 'Passenger', 'Pedestrian']",South,"['Automobile, Station Wagon']","['Going Ahead', 'Turning Left']","['Disobeyed Traffic Control', 'Driving Properly']",['Normal'],['On Sidewalk or Shoulder'],['Unknown'],['Not Applicable'],['Not Applicable'],['Not Applicable'],True,"['25 to 29', '20 to 24', '40 to 44']",4.0
142657110.0,2014-08-07 08:00:00,2214,2014,ST CLAIR AVE W,LANSDOWNE AVE,Major Arterial,Toronto and East York,43.675994,-79.45193,624789.5734,4837050.6333,Unknown,No Control,Clear,"Dark, artificial",Dry,92,Corso Italia-Davenport,92,Corso Italia-Davenport (92),Fatal,1,0,0,0,0,1,0,0,0,0,0,0,0,Pedestrian Collisions,"['Driver', 'Pedestrian']",Unknown,['Street Car'],['Going Ahead'],['Driving Properly'],['Unknown'],['Coming From Behind Parked Vehicle'],['Unknown'],['Not Applicable'],['Not Applicable'],['Not Applicable'],True,"['50 to 54', '65 to 69']",4.0
142723300.0,2014-08-17 08:00:00,2306,2014,DAWES RD,GOWER ST,Minor Arterial,Toronto and East York,43.702246,-79.296924,637224.8282,4840211.1675,At Intersection,Traffic Signal,Clear,"Dark, artificial",Dry,61,Taylor-Massey,61,Taylor-Massey (61),Fatal,1,0,1,0,0,0,0,1,0,1,0,0,0,Pedestrian Collisions,"['Driver', 'Passenger', 'Pedestrian']",East,"['Automobile, Station Wagon']",['Turning Left'],['Failed to Yield Right of Way'],['Inattentive'],['Crossing with right of way'],['Unknown'],['Not Applicable'],['Not Applicable'],['Not Applicable'],True,"['40 to 44', '10 to 14', '60 to 64']",4.0
142723818.0,2014-08-18 08:00:00,125,2014,QUEEN ST E,TRACY ST,Major Arterial,Toronto and East York,43.656085,-79.362254,632062.0609,4834978.2943,Unknown,No Control,Clear,"Dark, artificial",Dry,73,Moss Park,73,Moss Park (73),Fatal,1,0,1,0,0,0,0,0,0,0,0,0,0,Pedestrian Collisions,"['Driver', 'Pedestrian']",Unknown,['Passenger Van'],['Going Ahead'],['Lost control'],['Inattentive'],['On Sidewalk or Shoulder'],"['Normal', 'Unknown']",['Not Applicable'],['Not Applicable'],['Not Applicable'],True,"['25 to 29', '45 to 49', '60 to 64']",4.0
142740894.0,2014-08-20 08:00:00,1639,2014,VICTORIA PARK AVE,O CONNOR DR,Major Arterial,North York,43.723372,-79.302089,636760.5913,4842548.9785,At Intersection,Traffic Signal,Clear,Daylight,Dry,120,Clairlea-Birchmount,120,Clairlea-Birchmount (120),Fatal,1,0,1,0,0,0,0,0,0,1,0,0,0,Pedestrian Collisions,"['Pedestrian', 'Driver']",East,['Delivery Van'],['Turning Left'],['Failed to Yield Right of Way'],['Inattentive'],['Crossing with right of way'],"['Unknown', 'Normal']",['Not Applicable'],['Not Applicable'],['Not Applicable'],True,"['75 to 79', '55 to 59']",4.0
142879736.0,2014-09-10 08:00:00,620,2014,OKEEFE LANE,DUNDAS SQ,Laneway,Toronto and East York,43.655387,-79.379863,630643.6317,4834872.8964,Unknown,No Control,Clear,"Dark, artificial",Dry,168,Downtown Yonge East,75,Church-Yonge Corridor (75),Fatal,1,0,0,0,1,0,0,0,0,0,0,0,0,Pedestrian Collisions,"['Truck Driver', 'Pedestrian']",South,['Truck - Dump'],['Reversing'],['Other'],['Inattentive'],['Other'],['Had Been Drinking'],['Not Applicable'],['Not Applicable'],['Not Applicable'],True,"['30 to 34', '25 to 29']",4.0
142937129.0,2014-09-18 08:00:00,2001,2014,ST CLAIR AVE W,DEER PARK CRES,Major Arterial,Toronto and East York,43.687525,-79.396793,629209.4424,4838415.7372,Unknown,No Control,Clear,"Dark, artificial",Dry,97,Yonge-St.Clair,97,Yonge-St.Clair (97),Fatal,1,0,0,0,0,1,0,0,0,0,0,0,0,Pedestrian Collisions,"['Driver', 'Pedestrian']",East,['Street Car'],['Going Ahead'],['Driving Properly'],['Normal'],"['Crossing, no Traffic Control']",['Unknown'],['Not Applicable'],['Not Applicable'],['Not Applicable'],True,"['60 to 64', '75 to 79']",4.0
142962876.0,2014-09-22 08:00:00,2059,2014,KING ST W,CLOSE AVE,Major Arterial,Toronto and East York,43.63745,-79.434711,626258.3608,4832795.8668,Unknown,Pedestrian Crossover,Clear,"Dark, artificial",Dry,85,South Parkdale,85,South Parkdale (85),Fatal,1,0,1,0,0,0,0,0,0,1,0,0,0,Pedestrian Collisions,"['Driver', 'Pedestrian']",East,"['Automobile, Station Wagon']",['Going Ahead'],['Failed to Yield Right of Way'],['Inattentive'],"['Crossing, Pedestrian Crossover']",['Unknown'],['Not Applicable'],['Not Applicable'],['Not Applicable'],True,"['25 to 29', '35 to 39']",4.0
143015764.0,2014-09-30 08:00:00,1608,2014,ST CLAIR AVE W,KEELE ST,Major Arterial,Etobicoke York,43.672331,-79.468509,623460.643,4836618.9996,Unknown,No Control,Clear,Daylight,Dry,90,Junction Area,90,Junction Area (90),Fatal,1,0,0,0,0,1,0,0,0,0,0,0,0,Pedestrian Collisions,"['Driver', 'Pedestrian']",East,['Street Car'],['Slowing or Stopping'],['Driving Properly'],['Normal'],"['Crossing, no Traffic Control']",['Unknown'],['Not Applicable'],['Not Applicable'],['Not Applicable'],True,"['45 to 49', '70 to 74']",4.0
143022510.0,2014-10-01 08:00:00,1620,2014,35 IRWIN RD,Not Applicable,Local,Etobicoke York,43.725997,-79.55511,616375.4101,4842454.0927,Unknown,No Control,Clear,Daylight,Wet,5,Elms-Old Rexdale,5,Elms-Old Rexdale (5),Fatal,0,0,0,1,0,0,0,0,1,1,0,0,0,SMV Other,['Motorcycle Driver'],East,['Motorcycle'],['Going Ahead'],['Lost control'],['Unknown'],['Not Applicable'],['Not Applicable'],['Not Applicable'],['Not Applicable'],['Not Applicable'],True,['20 to 24'],4.0
143084786.0,2014-10-11 08:00:00,1024,2014,LAWRENCE AVE W,ALLEN X N LAWRENCE RAMP,Major Arterial,North York,43.716307,-79.443202,625409.0785,4841541.1154,At Intersection,Traffic Signal,Clear,Daylight,Dry,32,Englemount-Lawrence,32,Englemount-Lawrence (32),Fatal,1,0,0,0,0,1,0,0,0,0,0,0,0,Pedestrian Collisions,"['Driver', 'Pedestrian']",North,['Municipal Transit Bus (TTC)'],['Turning Left'],['Improper Turn'],['Normal'],['Crossing with right of way'],['Normal'],['Not Applicable'],['Not Applicable'],['Not Applicable'],True,"['30 to 34', '65 to 69']",4.0
143117140.0,2014-10-16 08:00:00,1927,2014,VICTORIA PARK AVE,EGLINTON AVE E,Major Arterial,North York,43.725833,-79.303104,636673.239,4842820.6341,Unknown,No Control,Rain,"Dark, artificial",Wet,119,Wexford/Maryvale,119,Wexford/Maryvale (119),Fatal,1,0,1,0,0,0,0,0,0,0,0,0,0,Pedestrian Collisions,"['Driver', 'Pedestrian']",South,"['Automobile, Station Wagon']",['Going Ahead'],['Driving Properly'],['Normal'],"['Crossing, no Traffic Control']",['Unknown'],['Not Applicable'],['Not Applicable'],['Not Applicable'],True,"['50 to 54', '55 to 59']",4.0
143234908.0,2014-11-04 10:00:00,807,2014,ORTON PARK RD,SLAN AVE,Minor Arterial,Scarborough,43.777968,-79.211902,643894.0134,4848765.4927,Unknown,No Control,Clear,Daylight,Dry,135,Morningside,135,Morningside (135),Fatal,0,0,1,0,0,0,0,0,1,1,0,0,0,SMV Other,['Driver'],North,"['Automobile, Station Wagon']",['Going Ahead'],['Lost control'],['Unknown'],['Not Applicable'],['Not Applicable'],['Not Applicable'],['Not Applicable'],['Not Applicable'],True,['25 to 29'],4.0
143250160.0,2014-11-06 10:00:00,1254,2014,MIDLAND AVE,GILDER DR,Major Arterial,Scarborough,43.736033,-79.258769,640220.3523,4844027.5738,At Intersection,Traffic Signal,Clear,Daylight,Dry,138,Eglinton East,138,Eglinton East (138),Fatal,1,0,1,0,0,0,0,0,0,0,0,0,0,Pedestrian Collisions,"['Pedestrian', 'Driver']",North,['Passenger Van'],['Going Ahead'],['Lost control'],['Normal'],['On Sidewalk or Shoulder'],['Normal'],['Not Applicable'],['Not Applicable'],['Not Applicable'],True,"['40 to 44', '30 to 34']",4.0
143335677.0,2014-11-20 10:00:00,1245,2014,2440 DUNDAS ST W,Not Applicable,Minor Arterial,Toronto and East York,43.658259,-79.452983,624741.4207,4835079.3432,At Intersection,Traffic Signal,Clear,Daylight,Dry,88,High Park North,88,High Park North (88),Fatal,1,0,1,0,0,0,0,0,0,1,0,0,0,Pedestrian Collisions,"['Pedestrian', 'Driver']",East,['Delivery Van'],['Turning Left'],['Failed to Yield Right of Way'],['Inattentive'],['Crossing with right of way'],['Unknown'],['Not Applicable'],['Not Applicable'],['Not Applicable'],True,"['65 to 69', '55 to 59']",4.0
143339762.0,2014-11-21 10:00:00,600,2014,FINCH AVE W,DRIFTWOOD AVE,Major Arterial,Etobicoke York,43.758048,-79.513431,619668.5043,4846073.1915,At Intersection,Traffic Signal,Clear,"Dawn, artificial",Dry,25,Glenfield-Jane Heights,25,Glenfield-Jane Heights (25),Fatal,1,0,1,0,0,0,0,0,0,0,0,0,0,Pedestrian Collisions,"['Pedestrian', 'Driver']",East,"['Automobile, Station Wagon']",['Going Ahead'],['Driving Properly'],['Normal'],['Crossing without right of way'],['Unknown'],['Not Applicable'],['Not Applicable'],['Not Applicable'],True,"['60 to 64', '40 to 44']",4.0