accident_number,date,time,year,street1,street2,road_class,district,latitude,longitude,x,y,accident_location,traffctl,visibility,light,road_surface_condition,hood_158,neighbourhood_new,hood_140,neighbourhood_old,accident_class,pedestrian,cyclist,automobile,motorcycle,truck,trsn_city_veh,emerg_veh,passenger,speeding,aggressive_driving,redlight,alcohol,disability,impact_type,involvement_type,initial_direction,vehicle_type,manoeuver,driver_action,driver_condition,pedestrian_action,pedestrian_condition,cyclist_type,cyclist_action,cyclist_condition,injury,involvement_age,injury_severity_score
143357519.0,2014-11-24 10:00:00,350,2014,DON VALLEY PARKWAY  N,LEASIDE BDGE,Major Arterial,Toronto and East York,43.697508,-79.349437,633004.039,4839599.3643,Unknown,No Control,Rain,"Dark, artificial",Wet,58,Old East York,58,Old East York (58),Fatal,0,0,1,0,0,0,0,0,1,1,0,1,0,SMV Other,['Driver'],North,"['Automobile, Station Wagon']",['Going Ahead'],['Exceeding Speed Limit'],"['Ability Impaired, Alcohol']",['Not Applicable'],['Not Applicable'],['Not Applicable'],['Not Applicable'],['Not Applicable'],True,['20 to 24'],4.0
143362651.0,2014-11-24 10:00:00,1800,2014,ELLESMERE RD,MILITARY TRL,Major Arterial,Scarborough,43.779742,-79.217136,643468.5681,4848953.4394,At Intersection,Traffic Signal,Clear,"Dark, artificial",Dry,135,Morningside,135,Morningside (135),Fatal,0,0,1,0,0,0,0,0,0,1,1,1,0,Angle,['Driver'],South,"['Automobile, Station Wagon']",['Going Ahead'],"['Disobeyed Traffic Control', 'Driving Properly']","['Ability Impaired, Alcohol', 'Unknown']",['Not Applicable'],['Not Applicable'],['Not Applicable'],['Not Applicable'],['Not Applicable'],True,"['25 to 29', '20 to 24']",4.0
143380193.0,2014-11-27 10:00:00,1420,2014,549 COLLEGE ST,Not Applicable,Major Arterial,Toronto and East York,43.655574,-79.412013,628050.7154,4834843.5484,Unknown,No Control,Clear,Daylight,Dry,81,Trinity-Bellwoods,81,Trinity-Bellwoods (81),Fatal,0,0,1,0,0,0,0,1,0,0,0,0,0,SMV Other,"['Passenger', 'Driver']",North,"['Automobile, Station Wagon']",['Going Ahead'],['Lost control'],['Inattentive'],['Not Applicable'],['Not Applicable'],['Not Applicable'],['Not Applicable'],['Not Applicable'],True,"['90 to 94', '65 to 69']",4.0
143440580.0,2014-12-07 10:00:00,944,2014,KENNEDY RD,RANSTONE GDNS,Major Arterial,Scarborough,43.742171,-79.272052,639136.4486,4844686.8956,Unknown,Traffic Signal,Clear,Daylight,Dry,125,Ionview,125,Ionview (125),Fatal,0,0,1,0,0,0,0,0,0,0,0,0,0,Approaching,"['Driver', 'Truck Driver']",North,"['Automobile, Station Wagon', 'Tow Truck']",['Going Ahead'],"['Lost control', 'Driving Properly']","['Unknown', 'Normal']",['Not Applicable'],['Not Applicable'],['Not Applicable'],['Not Applicable'],['Not Applicable'],True,"['80 to 84', '60 to 64', '50 to 54']",4.0
143471771.0,2014-12-12 10:00:00,1320,2014,SHEPPARD AVE E,404 N SHEPPARD W RAMP,Major Arterial,North York,43.77582,-79.337749,633771.3802,4848315.8851,Unknown,Traffic Signal,Clear,Daylight,Wet,53,Henry Farm,53,Henry Farm (53),Fatal,0,0,1,0,0,0,0,1,0,1,1,0,0,Turning Movement,"['Passenger', 'Driver']",East,"['Automobile, Station Wagon']","['Going Ahead', 'Turning Left']","['Disobeyed Traffic Control', 'Driving Properly']","['Inattentive', 'Normal']",['Not Applicable'],['Not Applicable'],['Not Applicable'],['Not Applicable'],['Not Applicable'],True,"['50 to 54', '20 to 24', '40 to 44']",4.0
143474139.0,2014-12-12 10:00:00,1840,2014,COXWELL AVE,COSBURN AVE,Minor Arterial,Toronto and East York,43.694125,-79.328006,634738.5664,4839258.237,At Intersection,Traffic Signal,Clear,"Dusk, artificial",Dry,59,Danforth East York,59,Danforth East York (59),Fatal,1,0,1,0,0,0,0,0,0,0,0,0,0,Pedestrian Collisions,"['Pedestrian', 'Driver']",North,"['Automobile, Station Wagon']",['Turning Left'],['Improper Turn'],['Inattentive'],['Crossing with right of way'],['Normal'],['Not Applicable'],['Not Applicable'],['Not Applicable'],True,"['40 to 44', '75 to 79']",4.0
143507481.0,2014-12-18 10:00:00,843,2014,6030 BATHURST ST,Not Applicable,Major Arterial,North York,43.788577,-79.446666,624979.5078,4849562.5326,Unknown,No Control,Clear,Daylight,Dry,36,Newtonbrook West,36,Newtonbrook West (36),Fatal,1,0,1,0,0,0,0,1,0,0,0,0,0,Pedestrian Collisions,"['Pedestrian', 'Driver', 'Passenger']",East,"['Automobile, Station Wagon']",['Going Ahead'],['Driving Properly'],['Normal'],['Running onto Roadway'],['Inattentive'],['Not Applicable'],['Not Applicable'],['Not Applicable'],True,"['75 to 79', '25 to 29', 'unknown']",4.0
144397.0,2020-01-21 10:00:00,1900,2020,OAKWOOD AVE,VAUGHAN RD,Minor Arterial,North York,43.69258,-79.44083,625649.7188,4838909.493,At Intersection,Traffic Signal,Clear,"Dark, artificial",Wet,107,Oakwood Village,107,Oakwood Village (107),Non-Fatal Injury,0,0,1,0,0,0,0,0,0,0,0,0,0,Turning Movement,['Driver'],North,"['Automobile, Station Wagon']","['Turning Left', 'Going Ahead']","['Improper Turn', 'Driving Properly']","['Inattentive', 'Normal']",['Not Applicable'],['Not Applicable'],['Not Applicable'],['Not Applicable'],['Not Applicable'],False,"['65 to 69', '55 to 59']",3.0
1468565.0,2020-08-06 08:00:00,1557,2020,941 PROGRESS AVE,Not Applicable,Minor Arterial,Scarborough,43.783114,-79.231799,642280.6105,4849302.646,Non Intersection,No Control,Clear,Daylight,Dry,142,Woburn North,137,Woburn (137),Non-Fatal Injury,1,0,1,0,0,0,0,0,0,0,0,0,0,Pedestrian Collisions,"['Driver', 'Pedestrian']",South,"['Automobile, Station Wagon']",['Going Ahead'],['Driving Properly'],['Normal'],"['Crossing, no Traffic Control']",['Inattentive'],['Not Applicable'],['Not Applicable'],['Not Applicable'],False,"['35 to 39', '50 to 54']",3.0
1472371.0,2020-08-07 08:00:00,700,2020,HORNER AVE,ALDERBRAE AVE,Minor Arterial,Etobicoke York,43.602622,-79.540775,617770.9953,4828771.9289,At Intersection,Stop Sign,Clear,Daylight,Dry,20,Alderwood,20,Alderwood (20),Non-Fatal Injury,0,0,1,1,0,0,0,0,0,1,0,0,0,Turning Movement,"['Driver', 'Motorcycle Driver']",South,"['Automobile, Station Wagon', 'Motorcycle']","['Turning Left', 'Going Ahead']","['Failed to Yield Right of Way', 'Driving Properly']",['Normal'],['Not Applicable'],['Not Applicable'],['Not Applicable'],['Not Applicable'],['Not Applicable'],False,"['55 to 59', '30 to 34']",3.0
1487545.0,2020-08-09 08:00:00,1106,2020,YONGE  ST,ELM  ST,Major Arterial,Toronto and East York,43.657725,-79.381496,630506.8844,4835129.9924,Intersection Related,No Control,Clear,Daylight,Dry,168,Downtown Yonge East,75,Church-Yonge Corridor (75),Non-Fatal Injury,1,0,0,0,0,1,0,0,0,0,0,0,0,Pedestrian Collisions,"['Driver', 'Pedestrian']",South,['Municipal Transit Bus (TTC)'],['Going Ahead'],['Driving Properly'],['Normal'],"['Crossing, no Traffic Control']",['Inattentive'],['Not Applicable'],['Not Applicable'],['Not Applicable'],False,"['40 to 44', '30 to 34']",3.0
1488478.0,2020-08-09 08:00:00,1345,2020,KINGSTON RD,BROOKLAWN AVE,Major Arterial,Scarborough,43.721976,-79.235935,642092.4217,4842505.2335,At Intersection,Traffic Signal,Clear,Daylight,Dry,123,Cliffcrest,123,Cliffcrest (123),Non-Fatal Injury,0,0,1,0,0,0,0,1,1,1,0,0,0,Rear End,"['Driver', 'Passenger']",West,"['Automobile, Station Wagon']","['Going Ahead', 'Stopped']","['Speed too Fast For Condition', 'Driving Properly']","['Inattentive', 'Normal']",['Not Applicable'],['Not Applicable'],['Not Applicable'],['Not Applicable'],['Not Applicable'],False,"['35 to 39', '60 to 64', '55 to 59']",3.0
1491395.0,2020-08-09 08:00:00,2239,2020,GOLDSMITH AVE,CHRYSLER CRES,Local,Etobicoke York,43.743945,-79.305675,636425.0241,4844828.0031,Non Intersection,No Control,Clear,Dark,Dry,119,Wexford/Maryvale,119,Wexford/Maryvale (119),Non-Fatal Injury,0,0,0,1,0,0,0,0,1,1,0,0,0,SMV Unattended Vehicle,['Motorcycle Driver'],East,['Motorcycle'],['Going Ahead'],['Lost control'],['Unknown'],['Not Applicable'],['Not Applicable'],['Not Applicable'],['Not Applicable'],['Not Applicable'],False,['40 to 44'],3.0
1492582.0,2020-08-10 08:00:00,551,2020,MARKHAM RD,FINCH  AVE E,Major Arterial,Scarborough,43.812899,-79.243037,641306.0874,4852591.4955,At Intersection,Traffic Signal,Clear,"Dark, artificial",Dry,145,Malvern West,132,Malvern (132),Non-Fatal Injury,1,0,1,0,0,0,0,1,0,1,0,0,0,Pedestrian Collisions,"['Driver', 'Passenger', 'Pedestrian']",South,"['Automobile, Station Wagon']",['Turning Left'],['Failed to Yield Right of Way'],['Normal'],['Crossing with right of way'],['Normal'],['Not Applicable'],['Not Applicable'],['Not Applicable'],False,"['25 to 29', '20 to 24', '50 to 54']",3.0
1494344.0,2020-08-10 08:00:00,1117,2020,OAKWOOD AVE,JESMOND AVE,Minor Arterial,North York,43.689456,-79.439487,625764.4783,4838564.566,At Intersection,Traffic Signal,Clear,Daylight,Dry,107,Oakwood Village,107,Oakwood Village (107),Non-Fatal Injury,0,1,1,0,0,0,0,0,0,0,0,0,0,Cyclist Collisions,"['Cyclist', 'Driver']",North,"['Bicycle', 'Automobile, Station Wagon']","['Making U Turn', 'Going Ahead']",['Driving Properly'],['Normal'],['Not Applicable'],['Not Applicable'],['Not Applicable'],['Improper Turn'],['Normal'],False,"['15 to 19', '65 to 69']",3.0
1501323.0,2020-08-11 08:00:00,1109,2020,THE EAST MALL,MONTEBELLO GDNS,Minor Arterial,Etobicoke York,43.647765,-79.559978,616134.1917,4833758.5615,Non Intersection,Stop Sign,Clear,Daylight,Dry,158,Islington,14,Islington-City Centre West (14),Fatal,1,0,1,0,0,0,0,0,0,0,0,0,0,Pedestrian Collisions,"['Pedestrian', 'Driver']",East,"['Automobile, Station Wagon']",['Turning Left'],['Improper Turn'],['Normal'],"['Crossing, no Traffic Control']",['Unknown'],['Not Applicable'],['Not Applicable'],['Not Applicable'],True,"['0 to 4', '35 to 39', '80 to 84', '5 to 9']",4.0
1510299.0,2020-08-12 08:00:00,1528,2020,ST CLAIR AVE E,NORTH BONNINGTON AVE,Major Arterial,Scarborough,43.715445,-79.265682,639711.5018,4841729.2956,At Intersection,No Control,Clear,Daylight,Dry,120,Clairlea-Birchmount,120,Clairlea-Birchmount (120),Non-Fatal Injury,0,0,1,0,0,0,0,1,1,1,0,0,0,Rear End,"['Driver', 'Passenger']",West,"['Automobile, Station Wagon']","['Going Ahead', 'Stopped']","['Speed too Fast For Condition', 'Driving Properly']","['Other', 'Normal']",['Not Applicable'],['Not Applicable'],['Not Applicable'],['Not Applicable'],['Not Applicable'],False,"['unknown', '50 to 54', '25 to 29', '85 to 89', '65 to 69', '70 to 74']",3.0
1521326.0,2020-08-14 08:00:00,445,2020,LAKE SHORE BLVD E,CHERRY ST,Major Arterial,Toronto and East York,43.648921,-79.355998,632582.2917,4834192.6135,Intersection Related,Traffic Signal,Clear,"Dawn, artificial",Dry,166,St Lawrence-East Bayfront-The Islands,77,Waterfront Communities-The Island (77),Fatal,1,0,0,0,0,0,0,0,0,0,0,0,0,Pedestrian Collisions,"['Pedestrian', 'Driver']",East,['Other'],['Going Ahead'],['Other'],['Unknown'],['Crossing without right of way'],['Other'],['Not Applicable'],['Not Applicable'],['Not Applicable'],True,"['60 to 64', 'unknown']",4.0
1522941.0,2020-08-14 08:00:00,1105,2020,CALEDONIA RD,GLENGROVE AVE,Minor Arterial,North York,43.706359,-79.465266,623652.1361,4840403.1037,At Intersection,No Control,Clear,Daylight,Dry,31,Yorkdale-Glen Park,31,Yorkdale-Glen Park (31),Fatal,1,0,1,0,0,0,0,0,0,0,0,0,0,Pedestrian Collisions,"['Pedestrian', 'Driver']",West,"['Automobile, Station Wagon']",['Going Ahead'],['Driving Properly'],['Normal'],"['Crossing, no Traffic Control']","['Unknown', 'Inattentive']",['Not Applicable'],['Not Applicable'],['Not Applicable'],True,"['0 to 4', '45 to 49', '20 to 24']",4.0
1533233.0,2020-08-15 08:00:00,1835,2020,THE WESTWAY,SANDWELL DR,Minor Arterial,Etobicoke York,43.683776,-79.564822,615674.3474,4837751.282,Intersection Related,No Control,Clear,Daylight,Dry,7,Willowridge-Martingrove-Richview,7,Willowridge-Martingrove-Richview (7),Non-Fatal Injury,0,0,1,1,0,0,0,0,0,1,0,0,0,Turning Movement,"['Driver', 'Motorcycle Driver']",East,"['Pick Up Truck', 'Motorcycle']","['Turning Right', 'Going Ahead']","['Improper Turn', 'Driving Properly']","['Inattentive', 'Normal']",['Not Applicable'],['Not Applicable'],['Not Applicable'],['Not Applicable'],['Not Applicable'],False,"['65 to 69', '25 to 29']",3.0
1535541.0,2020-08-16 08:00:00,145,2020,YONGE ST,GERRARD ST E,Major Arterial,Toronto and East York,43.659022,-79.382076,630457.3072,4835273.1294,Intersection Related,No Control,Clear,"Dark, artificial",Dry,168,Downtown Yonge East,75,Church-Yonge Corridor (75),Non-Fatal Injury,0,0,0,1,0,0,0,1,0,0,0,0,0,SMV Other,"['Motorcycle Driver', 'Motorcycle Passenger']",North,['Motorcycle'],['Unknown'],['Lost control'],['Normal'],['Not Applicable'],['Not Applicable'],['Not Applicable'],['Not Applicable'],['Not Applicable'],False,['30 to 34'],3.0
1548237.0,2020-08-17 08:00:00,2335,2020,455 FINCHDENE SQ,Not Applicable,Local,Scarborough,43.816489,-79.236324,641837.4955,4853001.7114,Non Intersection,No Control,Clear,Dark,Dry,144,Morningside Heights,131,Rouge (131),Non-Fatal Injury,0,0,0,1,0,0,0,0,0,0,0,0,0,SMV Other,['Motorcycle Driver'],South,['Motorcycle'],['Going Ahead'],['Lost control'],['Unknown'],['Not Applicable'],['Not Applicable'],['Not Applicable'],['Not Applicable'],['Not Applicable'],False,['35 to 39'],3.0
1551312.0,2020-08-18 08:00:00,1235,2020,HILDA AVE,MOORE PARK AVE,Collector,North York,43.792048,-79.42683,626568.1769,4849978.1816,At Intersection,Stop Sign,Clear,Daylight,Dry,36,Newtonbrook West,36,Newtonbrook West (36),Non-Fatal Injury,0,1,1,0,0,0,0,0,0,0,0,0,0,Cyclist Collisions,"['Cyclist', 'Driver']",East,"['Bicycle', 'Automobile, Station Wagon']",['Going Ahead'],['Driving Properly'],['Normal'],['Not Applicable'],['Not Applicable'],"['Cyclist without ROW rides into path of motorist at inter, lnwy, dwy-Cyclist not turn.']",['Disobeyed Traffic Control'],['Inattentive'],False,"['10 to 14', '80 to 84']",3.0
1554066.0,2020-08-18 08:00:00,1925,2020,KENNEDY RD,FLORA DR,Major Arterial,Scarborough,43.747805,-79.274371,638936.6827,4845308.7441,At/Near Private Drive,No Control,Clear,Daylight,Dry,126,Dorset Park,126,Dorset Park (126),Non-Fatal Injury,0,0,1,1,0,1,0,0,0,1,0,0,0,Turning Movement,"['Driver', 'Motorcycle Driver']",East,"['Automobile, Station Wagon', 'Motorcycle', 'Municipal Transit Bus (TTC)']","['Turning Right', 'Going Ahead']","['Failed to Yield Right of Way', 'Driving Properly']","['Inattentive', 'Normal']",['Not Applicable'],['Not Applicable'],['Not Applicable'],['Not Applicable'],['Not Applicable'],False,"['60 to 64', '55 to 59', '35 to 39']",3.0
1558610.0,2020-08-19 08:00:00,1244,2020,JARVIS ST,SHUTER ST,Major Arterial,Toronto and East York,43.655287,-79.373874,631126.7919,4834871.2371,At Intersection,Traffic Signal,Clear,Daylight,Dry,73,Moss Park,73,Moss Park (73),Non-Fatal Injury,0,0,0,1,1,0,0,0,1,1,0,0,0,Turning Movement,"['Motorcycle Driver', 'Truck Driver']",North,"['Motorcycle', 'Truck - Closed (Blazer, etc)']","['Going Ahead', 'Turning Left']","['Exceeding Speed Limit', 'Driving Properly']","['Inattentive', 'Normal']",['Not Applicable'],['Not Applicable'],['Not Applicable'],['Not Applicable'],['Not Applicable'],False,"['30 to 34', '60 to 64']",3.0
1559839.0,2020-08-19 08:00:00,1537,2020,WARDEN AVE,ST CLAIR AVE E,Major Arterial,Scarborough,43.711974,-79.280963,638488.4907,4841318.1454,At Intersection,Traffic Signal,Clear,Daylight,Dry,120,Clairlea-Birchmount,120,Clairlea-Birchmount (120),Non-Fatal Injury,0,0,1,0,0,0,0,0,0,0,0,0,0,SMV Other,['Driver'],West,"['Automobile, Station Wagon']",['Going Ahead'],['Lost control'],['Inattentive'],['Not Applicable'],['Not Applicable'],['Not Applicable'],['Not Applicable'],['Not Applicable'],False,['40 to 44'],3.0
1566873.0,2020-08-20 08:00:00,1535,2020,SHEPPARD AVE W,KEELE ST,Major Arterial,North York,43.744704,-79.486408,621870.9481,4844630.5435,At Intersection,Traffic Signal,Clear,Daylight,Dry,155,Downsview,26,Downsview-Roding-CFB (26),Non-Fatal Injury,1,0,1,0,0,0,0,1,1,1,1,0,0,Pedestrian Collisions,"['Driver', 'Passenger', 'Pedestrian']",South,"['Automobile, Station Wagon', 'Delivery Van']","['Turning Right', 'Going Ahead']","['Disobeyed Traffic Control', 'Driving Properly']","['Normal', 'Unknown']",['On Sidewalk or Shoulder'],['Normal'],['Not Applicable'],['Not Applicable'],['Not Applicable'],False,"['40 to 44', '45 to 49', '50 to 54', '20 to 24']",3.0
1567749.0,2020-08-20 08:00:00,1743,2020,1602 BATHURST ST,Not Applicable,Major Arterial,North York,43.688666,-79.420535,627293.5388,4838505.7426,Non Intersection,No Control,Clear,Daylight,Dry,101,Forest Hill South,101,Forest Hill South (101),Non-Fatal Injury,1,0,1,0,0,0,0,0,0,0,0,0,0,Pedestrian Collisions,"['Driver', 'Pedestrian']",North,"['Automobile, Station Wagon']",['Going Ahead'],['Driving Properly'],['Normal'],"['Crossing, no Traffic Control']",['Normal'],['Not Applicable'],['Not Applicable'],['Not Applicable'],False,"['20 to 24', '30 to 34']",3.0
1573372.0,2020-08-21 08:00:00,1417,2020,JARVIS ST,DUNDAS ST E,Major Arterial,Toronto and East York,43.657691,-79.374805,631046.488,4835136.7623,Non Intersection,No Control,Clear,Daylight,Dry,73,Moss Park,73,Moss Park (73),Non-Fatal Injury,0,0,1,1,0,0,0,0,0,1,0,0,0,Angle,"['Driver', 'Motorcycle Driver']",North,"['Automobile, Station Wagon', 'Motorcycle']","['Merging', 'Going Ahead']","['Failed to Yield Right of Way', 'Driving Properly']",['Normal'],['Not Applicable'],['Not Applicable'],['Not Applicable'],['Not Applicable'],['Not Applicable'],False,"['25 to 29', '60 to 64']",3.0
1584883.0,2020-08-23 08:00:00,421,2020,ST CLAIR AVE E,KENNEDY RD,Major Arterial,Scarborough,43.716452,-79.261302,640061.9996,4841848.5303,At Intersection,Traffic Signal,Clear,"Dark, artificial",Dry,120,Clairlea-Birchmount,120,Clairlea-Birchmount (120),Non-Fatal Injury,0,1,0,0,0,0,0,0,0,0,0,0,0,Cyclist Collisions,"['Driver', 'Cyclist']",North,['Bicycle'],['Going Ahead'],['Other'],['Unknown'],['Not Applicable'],['Not Applicable'],"['Motorist without ROW drives into path of cyclist at inter, lnwy, dwy-Driver not turn.']",['Driving Properly'],['Normal'],False,"['unknown', '40 to 44']",3.0
1600299.0,2020-08-25 08:00:00,1011,2020,ROYAL YORK RD,SIMPSON AVE,Minor Arterial,Etobicoke York,43.618308,-79.499255,621090.5356,4830573.7577,At Intersection,No Control,Clear,Daylight,Dry,160,Mimico-Queensway,17,Mimico (includes Humber Bay Shores) (17),Non-Fatal Injury,0,1,1,0,0,0,0,0,0,0,0,0,0,Cyclist Collisions,"['Driver', 'Cyclist']",South,"['Automobile, Station Wagon', 'Bicycle']","['Stopped', 'Going Ahead']",['Driving Properly'],['Normal'],['Not Applicable'],['Not Applicable'],['Cyclist and Driver travelling in same direction. One vehicle rear-ended the other.'],['Driving Properly'],['Had Been Drinking'],False,"['30 to 34', '50 to 54']",3.0
1603307.0,2020-08-25 08:00:00,1736,2020,HOWARD ST,EDGEDALE RD,Local,Toronto and East York,43.671263,-79.373225,631144.3347,4836646.6113,At Intersection,Stop Sign,Clear,Daylight,Dry,74,North St.James Town,74,North St.James Town (74),Non-Fatal Injury,0,1,1,0,0,0,0,0,0,0,0,0,0,Cyclist Collisions,"['Cyclist', 'Driver']",East,"['Bicycle', 'Automobile, Station Wagon']","['Going Ahead', 'Turning Left']",['Driving Properly'],['Normal'],['Not Applicable'],['Not Applicable'],"['Cyclist without ROW rides into path of motorist at inter, lnwy, dwy-Cyclist not turn.']",['Wrong Way on One Way Road'],['Normal'],False,"['30 to 34', '25 to 29']",3.0
1604895.0,2020-08-25 08:00:00,2148,2020,F G GARDINER XY  E,LAKE SHORE BLVD E,Expressway,Toronto and East York,43.653227,-79.341464,633744.8565,4834694.1749,Non Intersection,No Control,Clear,"Dark, artificial",Dry,70,South Riverdale,70,South Riverdale (70),Non-Fatal Injury,0,0,1,1,0,0,0,0,1,1,0,0,0,Rear End,"['Motorcycle Driver', 'Driver']",East,"['Motorcycle', 'Automobile, Station Wagon']","['Going Ahead', 'Stopped']","['Speed too Fast For Condition', 'Driving Properly']","['Inattentive', 'Normal']",['Not Applicable'],['Not Applicable'],['Not Applicable'],['Not Applicable'],['Not Applicable'],False,"['40 to 44', '30 to 34']",3.0
1630486.0,2020-08-29 08:00:00,1419,2020,YONGE ST,FLORENCE AVE,Major Arterial,North York,43.758155,-79.410083,627987.8411,4846239.5907,At Intersection,Traffic Signal,Clear,Daylight,Dry,153,Avondale,51,Willowdale East (51),Non-Fatal Injury,0,0,1,1,0,0,0,0,0,1,0,0,0,Turning Movement,"['Driver', 'Motorcycle Driver']",North,"['Automobile, Station Wagon', 'Motorcycle']","['Turning Left', 'Going Ahead']","['Failed to Yield Right of Way', 'Driving Properly']",['Normal'],['Not Applicable'],['Not Applicable'],['Not Applicable'],['Not Applicable'],['Not Applicable'],False,"['75 to 79', '25 to 29']",3.0
1636966.0,2020-08-30 08:00:00,1340,2020,BRIMLEY RD,BARKDENE HILLS,Collector,Etobicoke York,43.714793,-79.238925,641868.5314,4841702.3333,Non Intersection,No Control,Clear,Daylight,Dry,123,Cliffcrest,123,Cliffcrest (123),Non-Fatal Injury,0,1,1,0,0,0,0,0,0,1,0,0,0,Cyclist Collisions,"['Driver', 'Cyclist']",North,"['Automobile, Station Wagon', 'Bicycle']",['Going Ahead'],['Improper Passing'],['Unknown'],['Not Applicable'],['Not Applicable'],['Cyclist and Driver travelling in same direction. One vehicle rear-ended the other.'],['Driving Properly'],['Normal'],False,"['unknown', '25 to 29']",3.0
1650701.0,2020-09-01 08:00:00,1205,2020,EGLINTON AVE E,BELLAMY RD N,Major Arterial,Scarborough,43.740187,-79.232021,642364.5344,4844534.5559,At Intersection,Traffic Signal,Clear,Daylight,Dry,138,Eglinton East,138,Eglinton East (138),Non-Fatal Injury,0,0,1,0,0,0,0,1,0,1,0,0,0,Turning Movement,"['Driver', 'Passenger']",East,"['Automobile, Station Wagon']","['Turning Left', 'Going Ahead']","['Failed to Yield Right of Way', 'Driving Properly']","['Inattentive', 'Normal']",['Not Applicable'],['Not Applicable'],['Not Applicable'],['Not Applicable'],['Not Applicable'],False,"['65 to 69', '30 to 34', '10 to 14']",3.0
1650875.0,2020-09-01 08:00:00,1238,2020,BLOOR ST W,GLADSTONE AVE,Major Arterial,Toronto and East York,43.660174,-79.433826,626282.1171,4835321.0079,At Intersection,No Control,Clear,Daylight,Dry,83,Dufferin Grove,83,Dufferin Grove (83),Non-Fatal Injury,0,1,1,0,0,0,0,0,0,0,0,0,0,Cyclist Collisions,"['Driver', 'Cyclist']",East,"['Automobile, Station Wagon', 'Bicycle']","['Slowing or Stopping', 'Going Ahead']",['Improper Lane Change'],['Normal'],['Not Applicable'],['Not Applicable'],['Cyclist and Driver travelling in same direction. One vehicle sideswipes the other.'],['Driving Properly'],['Normal'],False,['50 to 54'],3.0
1655498.0,2020-09-02 08:00:00,230,2020,67 POTTERY RD,Not Applicable,Minor Arterial,Toronto and East York,43.68669,-79.360172,632162.7532,4838380.7101,Non Intersection,No Control,Rain,"Dark, artificial",Wet,57,Broadview North,57,Broadview North (57),Non-Fatal Injury,0,0,1,0,0,0,0,0,0,0,0,0,0,SMV Other,['Driver'],West,"['Automobile, Station Wagon']",['Going Ahead'],['Lost control'],['Normal'],['Not Applicable'],['Not Applicable'],['Not Applicable'],['Not Applicable'],['Not Applicable'],False,['40 to 44'],3.0
1656894.0,2020-09-02 08:00:00,937,2020,BATHURST ST,WOLSELEY ST,Major Arterial,Toronto and East York,43.647952,-79.404285,628690.1636,4834008.9806,At Intersection,No Control,Clear,Daylight,Dry,78,Kensington-Chinatown,78,Kensington-Chinatown (78),Non-Fatal Injury,0,0,0,0,0,1,0,1,0,0,0,0,0,Other,"['Driver', 'Passenger']",South,['Municipal Transit Bus (TTC)'],['Slowing or Stopping'],['Driving Properly'],['Normal'],['Not Applicable'],['Not Applicable'],['Not Applicable'],['Not Applicable'],['Not Applicable'],False,"['45 to 49', '35 to 39']",3.0
1670162.0,2020-09-04 08:00:00,431,2020,DUNDAS ST W,NOTTINGHAM DR,Major Arterial,Etobicoke York,43.655867,-79.522228,619162.6362,4834711.9098,Non Intersection,No Control,Clear,"Dark, artificial",Dry,15,Kingsway South,15,Kingsway South (15),Fatal,0,0,0,1,0,0,0,0,0,0,0,0,0,SMV Other,['Motorcycle Driver'],West,['Motorcycle'],['Going Ahead'],['Lost control'],['Unknown'],['Not Applicable'],['Not Applicable'],['Not Applicable'],['Not Applicable'],['Not Applicable'],True,"['30 to 34', 'unknown']",4.0
1670339.0,2020-09-04 08:00:00,551,2020,FINCH AVE W,400 N FINCH E RAMP,Major Arterial,Etobicoke York,43.755072,-79.527622,618531.9988,4845722.2571,Non Intersection,No Control,Clear,"Dark, artificial",Dry,25,Glenfield-Jane Heights,25,Glenfield-Jane Heights (25),Fatal,0,1,1,0,0,0,0,0,0,1,0,0,0,Cyclist Collisions,"['Cyclist', 'Driver']",West,"['Automobile, Station Wagon', 'Bicycle']",['Going Ahead'],['Following too Close'],['Unknown'],['Not Applicable'],['Not Applicable'],['Cyclist and Driver travelling in same direction. One vehicle rear-ended the other.'],['Driving Properly'],['Normal'],True,"['unknown', '50 to 54', '60 to 64']",4.0
1673785.0,2020-09-04 08:00:00,1543,2020,BIRCHMOUNT RD,CASS AVE,Major Arterial,Scarborough,43.77888,-79.297031,637041.2476,4848722.3418,At Intersection,No Control,Clear,Daylight,Dry,118,Tam O'Shanter-Sullivan,118,Tam O'Shanter-Sullivan (118),Fatal,0,0,1,1,0,0,0,0,1,1,0,0,0,Turning Movement,"['Driver', 'Motorcycle Driver']",North,"['Automobile, Station Wagon', 'Motorcycle']","['Turning Left', 'Going Ahead']","['Failed to Yield Right of Way', 'Exceeding Speed Limit']","['Inattentive', 'Normal']",['Not Applicable'],['Not Applicable'],['Not Applicable'],['Not Applicable'],['Not Applicable'],True,"['25 to 29', '30 to 34']",4.0
1675722.0,2020-09-04 08:00:00,2030,2020,WILSON  AVE,AVENUE  RD,Major Arterial,North York,43.739798,-79.421603,627099.3247,4844183.0365,Intersection Related,Traffic Signal,Clear,Daylight,Dry,39,Bedford Park-Nortown,39,Bedford Park-Nortown (39),Non-Fatal Injury,1,0,1,0,1,0,0,0,0,0,0,0,0,Pedestrian Collisions,"['Driver', 'Truck Driver', 'Pedestrian']",West,"['Automobile, Station Wagon', 'Truck - Closed (Blazer, etc)']","['Going Ahead', 'Stopped']","['Other', 'Driving Properly']","['Unknown', 'Normal']",['Crossing with right of way'],['Normal'],['Not Applicable'],['Not Applicable'],['Not Applicable'],False,"['20 to 24', 'unknown', '30 to 34', '70 to 74', '80 to 84']",3.0