accident_number,date,time,year,street1,street2,road_class,district,latitude,longitude,x,y,accident_location,traffctl,visibility,light,road_surface_condition,hood_158,neighbourhood_new,hood_140,neighbourhood_old,accident_class,pedestrian,cyclist,automobile,motorcycle,truck,trsn_city_veh,emerg_veh,passenger,speeding,aggressive_driving,redlight,alcohol,disability,impact_type,involvement_type,initial_direction,vehicle_type,manoeuver,driver_action,driver_condition,pedestrian_action,pedestrian_condition,cyclist_type,cyclist_action,cyclist_condition,injury,involvement_age,injury_severity_score
1676151.0,2020-09-04 08:00:00,2146,2020,AVENUE RD,BLOOR ST W,Major Arterial,Toronto and East York,43.668646,-79.394099,629467.1625,4836323.1689,At Intersection,Traffic Signal,Clear,Dark,Dry,169,Bay-Cloverhill,76,Bay Street Corridor (76),Non-Fatal Injury,0,0,1,1,0,0,0,0,1,1,0,0,0,Turning Movement,"['Driver', 'Motorcycle Driver']",North,"['Automobile, Station Wagon', 'Motorcycle']","['Turning Left', 'Going Ahead']","['Improper Turn', 'Driving Properly']",['Normal'],['Not Applicable'],['Not Applicable'],['Not Applicable'],['Not Applicable'],['Not Applicable'],False,"['25 to 29', '30 to 34']",3.0
1676594.0,2020-09-04 08:00:00,2314,2020,LAWRENCE AVE E,MORNINGSIDE AVE,Major Arterial,Scarborough,43.768134,-79.187076,645915.7831,4847716.7227,Non Intersection,No Control,Clear,"Dark, artificial",Dry,136,West Hill,136,West Hill (136),Non-Fatal Injury,1,0,1,0,0,0,0,0,0,0,0,0,0,Pedestrian Collisions,"['Driver', 'Pedestrian']",East,"['Automobile, Station Wagon']",['Going Ahead'],['Driving Properly'],['Normal'],['Pushing/Working on Vehicle'],"['Ability Impaired, Alcohol']",['Not Applicable'],['Not Applicable'],['Not Applicable'],False,"['20 to 24', '25 to 29']",3.0
1684477.0,2020-09-06 08:00:00,433,2020,WESTON RD,TORYORK  DR,Major Arterial,Etobicoke York,43.753264,-79.542667,617324.3436,4845500.0323,Intersection Related,Traffic Signal,Clear,"Dark, artificial",Dry,21,Humber Summit,21,Humber Summit (21),Non-Fatal Injury,1,0,1,0,0,0,0,0,1,1,0,0,0,Pedestrian Collisions,"['Driver', 'Pedestrian']",East,"['Automobile, Station Wagon']",['Going Ahead'],['Lost control'],['Unknown'],['On Sidewalk or Shoulder'],['Normal'],['Not Applicable'],['Not Applicable'],['Not Applicable'],False,"['40 to 44', '25 to 29']",3.0
1685668.0,2020-09-06 08:00:00,1100,2020,ROGERS RD,BOON AVE,Minor Arterial,Etobicoke York,43.684645,-79.449245,624988.0483,4838015.4864,At Intersection,No Control,Clear,Daylight,Dry,109,Caledonia-Fairbank,109,Caledonia-Fairbank (109),Non-Fatal Injury,0,0,1,1,0,0,0,0,0,0,0,0,0,Rear End,"['Motorcycle Driver', 'Driver']",West,"['Motorcycle', 'Automobile, Station Wagon']",['Going Ahead'],"['Lost control', 'Driving Properly']","['Inattentive', 'Normal']",['Not Applicable'],['Not Applicable'],['Not Applicable'],['Not Applicable'],['Not Applicable'],False,"['50 to 54', '25 to 29']",3.0
1690188.0,2020-09-07 08:00:00,1,2020,KINGSTON RD,BELLAMY RD S,Major Arterial,Scarborough,43.733206,-79.223132,643096.9489,4843774.5246,Non Intersection,No Control,Clear,"Dark, artificial",Dry,139,Scarborough Village,139,Scarborough Village (139),Non-Fatal Injury,0,0,1,1,0,0,0,0,0,0,0,0,0,Rear End,"['Driver', 'Motorcycle Driver']",West,"['Automobile, Station Wagon', 'Motorcycle']",['Going Ahead'],['Other'],['Unknown'],['Not Applicable'],['Not Applicable'],['Not Applicable'],['Not Applicable'],['Not Applicable'],False,"['60 to 64', '50 to 54']",3.0
169709.0,2020-01-25 10:00:00,505,2020,F G GARDINER XY  W,LOWER SHERBOURNE ST,Expressway,Scarborough,43.646361,-79.367122,631690.7694,4833890.5797,Non Intersection,No Control,Rain,"Dark, artificial",Wet,166,St Lawrence-East Bayfront-The Islands,77,Waterfront Communities-The Island (77),Non-Fatal Injury,0,0,0,0,1,0,0,0,0,0,0,0,0,SMV Other,['Truck Driver'],West,"['Truck - Closed (Blazer, etc)']",['Going Ahead'],['Lost control'],['Inattentive'],['Not Applicable'],['Not Applicable'],['Not Applicable'],['Not Applicable'],['Not Applicable'],False,['25 to 29'],3.0
1717092.0,2020-09-10 08:00:00,2240,2020,BLOOR ST E,CHURCH ST,Major Arterial,Toronto and East York,43.670973,-79.383121,630347.1768,4836598.8052,Intersection Related,Traffic Signal,Clear,"Dark, artificial",Dry,167,Church-Wellesley,75,Church-Yonge Corridor (75),Non-Fatal Injury,0,1,0,1,0,0,0,1,1,1,0,0,0,SMV Other,"['Motorcycle Driver', 'Moped Passenger']",East,['Motorcycle'],['Going Ahead'],['Improper Passing'],['Inattentive'],['Not Applicable'],['Not Applicable'],['Not Applicable'],['Not Applicable'],['Not Applicable'],False,"['40 to 44', '35 to 39']",3.0
1725469.0,2020-09-12 08:00:00,256,2020,DUNDAS  ST E,PARLIAMENT ST,Major Arterial,Toronto and East York,43.659369,-79.365978,631754.5846,4835337.1058,Intersection Related,Traffic Signal,Clear,"Dark, artificial",Dry,72,Regent Park,72,Regent Park (72),Non-Fatal Injury,1,0,1,0,0,0,0,0,0,1,1,0,0,Pedestrian Collisions,"['Driver', 'Pedestrian']",East,"['Automobile, Station Wagon']",['Going Ahead'],['Disobeyed Traffic Control'],['Unknown'],['Crossing with right of way'],['Normal'],['Not Applicable'],['Not Applicable'],['Not Applicable'],False,"['25 to 29', '50 to 54']",3.0
1740995.0,2020-09-14 08:00:00,1200,2020,VICTORIA ST,SHUTER ST,Collector,Toronto and East York,43.655104,-79.379085,630706.9823,4834842.6908,Non Intersection,No Control,Clear,Daylight,Dry,168,Downtown Yonge East,75,Church-Yonge Corridor (75),Non-Fatal Injury,1,0,1,0,0,0,0,0,0,0,0,0,0,Pedestrian Collisions,"['Driver', 'Pedestrian']",South,"['Automobile, Station Wagon']",['Going Ahead'],['Other'],['Inattentive'],['Other'],['Normal'],['Not Applicable'],['Not Applicable'],['Not Applicable'],False,"['60 to 64', '35 to 39']",3.0
1743037.0,2020-09-14 08:00:00,1722,2020,LAKE SHORE BLVD E,LESLIE ST,Major Arterial,Toronto and East York,43.659163,-79.32841,634784.2655,4835374.5705,Intersection Related,Traffic Signal,Clear,Daylight,Dry,70,South Riverdale,70,South Riverdale (70),Non-Fatal Injury,1,0,1,0,0,0,0,0,0,1,0,0,0,Pedestrian Collisions,"['Driver', 'Pedestrian']",South,['Passenger Van'],['Turning Right'],['Failed to Yield Right of Way'],['Unknown'],['Crossing with right of way'],['Normal'],['Not Applicable'],['Not Applicable'],['Not Applicable'],False,['unknown'],3.0
1759488.0,2020-09-16 08:00:00,2230,2020,POTTERY RD,BROADVIEW AVE,Minor Arterial,Toronto and East York,43.686358,-79.358859,632269.3059,4838345.9302,Non Intersection,No Control,Clear,"Dark, artificial",Dry,57,Broadview North,57,Broadview North (57),Non-Fatal Injury,0,0,0,1,0,0,0,0,1,1,0,0,0,SMV Other,['Motorcycle Driver'],West,['Motorcycle'],['Going Ahead'],['Speed too Fast For Condition'],['Normal'],['Not Applicable'],['Not Applicable'],['Not Applicable'],['Not Applicable'],['Not Applicable'],False,['25 to 29'],3.0
1764344.0,2020-09-17 08:00:00,1544,2020,BELFIELD RD,MARTIN GROVE RD,Major Arterial,Etobicoke York,43.701876,-79.575588,614772.0788,4839746.5706,At Intersection,Traffic Signal,Clear,Daylight,Dry,1,West Humber-Clairville,1,West Humber-Clairville (1),Non-Fatal Injury,1,0,1,0,0,0,0,0,0,1,0,0,0,Pedestrian Collisions,"['Driver', 'Pedestrian']",East,['Pick Up Truck'],['Turning Left'],['Failed to Yield Right of Way'],['Unknown'],['Crossing with right of way'],['Normal'],['Not Applicable'],['Not Applicable'],['Not Applicable'],False,"['25 to 29', '50 to 54']",3.0
1766011.0,2020-09-17 08:00:00,2000,2020,QUEEN ST E,CARROLL ST,Major Arterial,Toronto and East York,43.658259,-79.352199,632868.0745,4835235.7987,At Intersection,Pedestrian Crossover,Clear,"Dark, artificial",Dry,70,South Riverdale,70,South Riverdale (70),Non-Fatal Injury,1,0,1,0,0,0,0,0,0,0,0,0,0,Pedestrian Collisions,"['Driver', 'Pedestrian']",South,"['Automobile, Station Wagon']",['Going Ahead'],['Other'],['Had Been Drinking'],['Running onto Roadway'],['Inattentive'],['Not Applicable'],['Not Applicable'],['Not Applicable'],False,"['55 to 59', '35 to 39']",3.0
1766820.0,2020-09-17 08:00:00,2240,2020,WARDEN AVE,401 C E WARDEN N RAMP,Major Arterial,Scarborough,43.769049,-79.303577,636536.8446,4847619.6415,At Intersection,Traffic Signal,Clear,"Dark, artificial",Dry,119,Wexford/Maryvale,119,Wexford/Maryvale (119),Fatal,0,0,1,1,0,0,0,0,0,0,0,0,0,Turning Movement,"['Motorcycle Driver', 'Driver']",North,"['Motorcycle', 'Automobile, Station Wagon']","['Going Ahead', 'Turning Left']",['Other'],"['Normal', 'Unknown']",['Not Applicable'],['Not Applicable'],['Not Applicable'],['Not Applicable'],['Not Applicable'],True,"['30 to 34', '20 to 24']",4.0
1772544.0,2020-09-18 08:00:00,1818,2020,MUTUAL ST,CARLTON ST,Local,Toronto and East York,43.66239,-79.378139,630767.4487,4835653.3884,Non Intersection,No Control,Clear,"Dusk, artificial",Dry,167,Church-Wellesley,75,Church-Yonge Corridor (75),Non-Fatal Injury,1,0,1,0,0,0,0,0,0,0,0,0,0,Pedestrian Collisions,"['Driver', 'Pedestrian']",North,"['Automobile, Station Wagon']",['Going Ahead'],['Other'],['Unknown'],"['Crossing, no Traffic Control']",['Had Been Drinking'],['Not Applicable'],['Not Applicable'],['Not Applicable'],False,"['unknown', '60 to 64']",3.0
1774332.0,2020-09-18 08:00:00,2310,2020,KENNEDY RD,VILLAGE GREEN  SQ,Major Arterial,Scarborough,43.777182,-79.285518,637971.6369,4848552.8749,At Intersection,Traffic Signal,Clear,"Dark, artificial",Dry,128,Agincourt South-Malvern West,128,Agincourt South-Malvern West (128),Non-Fatal Injury,0,0,1,1,0,0,0,0,0,1,0,0,0,Turning Movement,"['Driver', 'Motorcycle Driver']",North,"['Automobile, Station Wagon', 'Motorcycle']","['Turning Left', 'Going Ahead']","['Failed to Yield Right of Way', 'Driving Properly']",['Normal'],['Not Applicable'],['Not Applicable'],['Not Applicable'],['Not Applicable'],['Not Applicable'],False,"['50 to 54', '20 to 24']",3.0
1776003.0,2020-09-19 08:00:00,616,2020,KIPLING AVE,STEVENSON RD,Major Arterial,Etobicoke York,43.744391,-79.582729,614115.9422,4844458.5939,At Intersection,Stop Sign,Clear,Daylight,Dry,2,Mount Olive-Silverstone-Jamestown,2,Mount Olive-Silverstone-Jamestown (2),Fatal,1,0,1,0,0,0,0,0,0,0,0,1,0,Pedestrian Collisions,"['Driver', 'Pedestrian']",East,"['Automobile, Station Wagon']",['Going Ahead'],['Driving Properly'],"['Ability Impaired, Alcohol']",['Crossing without right of way'],['Inattentive'],['Not Applicable'],['Not Applicable'],['Not Applicable'],True,"['20 to 24', '60 to 64']",4.0
178057130.0,2017-11-22 10:00:00,1110,2017,BAYVIEW AVE,LAWRENCE AVE E,Major Arterial,North York,43.730132,-79.381397,630357.8879,4843171.9518,Non Intersection,No Control,Clear,Daylight,Dry,41,Bridle Path-Sunnybrook-York Mills,41,Bridle Path-Sunnybrook-York Mills (41),Non-Fatal Injury,0,0,1,0,0,0,0,0,0,0,0,0,0,SMV Other,['Driver'],South,"['Automobile, Station Wagon']",['Going Ahead'],['Driving Properly'],['Normal'],['Not Applicable'],['Not Applicable'],['Not Applicable'],['Not Applicable'],['Not Applicable'],False,['30 to 34'],3.0
1780907.0,2020-09-19 08:00:00,2125,2020,ST CLAIR AVE W,HARVIE AVE,Local,Etobicoke York,43.676394,-79.449786,624961.5721,4837098.2864,Intersection Related,No Control,Clear,"Dark, artificial",Dry,92,Corso Italia-Davenport,92,Corso Italia-Davenport (92),Non-Fatal Injury,1,0,0,0,0,1,0,0,0,0,0,0,0,Pedestrian Collisions,"['Driver', 'Pedestrian']",South,['Municipal Transit Bus (TTC)'],['Going Ahead'],['Lost control'],['Inattentive'],['Crossing without right of way'],['Normal'],['Not Applicable'],['Not Applicable'],['Not Applicable'],False,"['30 to 34', '50 to 54']",3.0
1784235.0,2020-09-20 08:00:00,1101,2020,4400 DUFFERIN ST,STANSTEAD DR,Major Arterial,North York,43.76538,-79.466136,623460.6908,4846956.941,Intersection Related,Traffic Signal,Clear,Daylight,Dry,34,Bathurst Manor,34,Bathurst Manor (34),Non-Fatal Injury,1,0,1,0,0,0,0,1,0,0,0,0,0,Pedestrian Collisions,"['Driver', 'Passenger', 'Pedestrian']",South,"['Automobile, Station Wagon']",['Going Ahead'],['Driving Properly'],['Normal'],['Crossing without right of way'],['Normal'],['Not Applicable'],['Not Applicable'],['Not Applicable'],False,"['35 to 39', '45 to 49']",3.0
1787576.0,2020-09-20 08:00:00,2058,2020,SEWELLS RD,KENGATE DR,Local,Scarborough,43.81919,-79.202976,644512.9072,4853359.4182,Intersection Related,No Control,Clear,"Dark, artificial",Dry,144,Morningside Heights,131,Rouge (131),Non-Fatal Injury,1,0,1,0,0,0,0,0,0,0,0,0,0,Pedestrian Collisions,"['Driver', 'Pedestrian']",East,"['Automobile, Station Wagon']",['Turning Left'],['Improper Turn'],['Inattentive'],['Crossing with right of way'],['Normal'],['Not Applicable'],['Not Applicable'],['Not Applicable'],False,"['40 to 44', '20 to 24']",3.0
1789627.0,2020-09-21 08:00:00,615,2020,LAWRENCE AVE E,CROCKFORD  BLVD,Major Arterial,Scarborough,43.746028,-79.291232,637583.1981,4845083.2385,Intersection Related,Traffic Signal,Clear,Dark,Dry,119,Wexford/Maryvale,119,Wexford/Maryvale (119),Non-Fatal Injury,1,0,0,0,1,0,0,0,0,1,0,0,0,Pedestrian Collisions,"['Truck Driver', 'Pedestrian']",North,"['Truck - Closed (Blazer, etc)']",['Turning Left'],['Failed to Yield Right of Way'],['Normal'],['Crossing with right of way'],['Normal'],['Not Applicable'],['Not Applicable'],['Not Applicable'],False,"['60 to 64', '55 to 59']",3.0
1799525.0,2020-09-22 08:00:00,1350,2020,WILSON AVE,CLAYSON RD,Major Arterial,Etobicoke York,43.717372,-79.524051,618894.065,4841540.2487,Non Intersection,No Control,Clear,Daylight,Dry,154,Oakdale-Beverley Heights,26,Downsview-Roding-CFB (26),Non-Fatal Injury,0,0,1,1,0,0,0,0,0,1,0,0,0,Turning Movement,"['Driver', 'Motorcycle Driver']",East,"['Automobile, Station Wagon', 'Motorcycle']","['Turning Left', 'Going Ahead']","['Failed to Yield Right of Way', 'Driving Properly']",['Normal'],['Not Applicable'],['Not Applicable'],['Not Applicable'],['Not Applicable'],['Not Applicable'],False,"['75 to 79', '40 to 44']",3.0
180484.0,2020-01-26 10:00:00,1932,2020,KINGSTON RD,WEST HILL DR,Major Arterial,Scarborough,43.774241,-79.18172,646331.9783,4848404.4542,Intersection Related,No Control,Rain,"Dark, artificial",Wet,136,West Hill,136,West Hill (136),Non-Fatal Injury,1,0,1,0,0,0,0,1,0,0,0,0,0,Pedestrian Collisions,"['Driver', 'Passenger', 'Pedestrian']",East,"['Automobile, Station Wagon']",['Going Ahead'],['Driving Properly'],['Normal'],"['Crossing, no Traffic Control']",['Normal'],['Not Applicable'],['Not Applicable'],['Not Applicable'],False,"['55 to 59', '50 to 54', '75 to 79']",3.0
1810261.0,2020-09-23 08:00:00,2314,2020,DON VALLEY PARKWAY  S,WYNFORD DR,Expressway,North York,43.728041,-79.330615,634452.4537,4843020.8587,Non Intersection,No Control,Clear,Dark,Dry,42,Banbury-Don Mills,42,Banbury-Don Mills (42),Non-Fatal Injury,0,0,0,1,0,0,0,0,1,1,0,0,0,SMV Other,['Motorcycle Driver'],South,['Motorcycle'],['Going Ahead'],['Lost control'],['Inattentive'],['Not Applicable'],['Not Applicable'],['Not Applicable'],['Not Applicable'],['Not Applicable'],False,['30 to 34'],3.0
1815972.0,2020-09-20 08:00:00,1812,2020,DUNDAS ST W,DENISON AVE,Major Arterial,Toronto and East York,43.651957,-79.402225,628847.7347,4834456.9846,At Intersection,Traffic Signal,Clear,Daylight,Dry,78,Kensington-Chinatown,78,Kensington-Chinatown (78),Fatal,0,1,1,0,0,0,0,0,0,0,0,0,0,Cyclist Collisions,"['Cyclist', 'Driver']",East,"['Bicycle', 'Automobile, Station Wagon']",['Going Ahead'],['Driving Properly'],['Normal'],['Not Applicable'],['Not Applicable'],"['Cyclist loses control and strikes object (pole, ttc track)']",['Lost control'],['Unknown'],True,"['35 to 39', '65 to 69']",4.0
1828214.0,2020-09-26 08:00:00,1137,2020,BRIMLEY RD,PROGRESS AVE,Major Arterial,Scarborough,43.77521,-79.263149,639776.3803,4848371.3757,At Intersection,Traffic Signal,Clear,Daylight,Dry,156,Bendale-Glen Andrew,127,Bendale (127),Non-Fatal Injury,0,0,1,0,0,0,0,0,0,0,0,0,0,SMV Other,['Driver'],South,"['Automobile, Station Wagon']",['Going Ahead'],['Lost control'],['Unknown'],['Not Applicable'],['Not Applicable'],['Not Applicable'],['Not Applicable'],['Not Applicable'],False,['75 to 79'],3.0
1830669.0,2020-09-26 08:00:00,1754,2020,ST CLAIR AVE E,PHARMACY AVE,Major Arterial,Scarborough,43.70978,-79.290897,637693.206,4841057.9202,At Intersection,Traffic Signal,Clear,Daylight,Dry,120,Clairlea-Birchmount,120,Clairlea-Birchmount (120),Non-Fatal Injury,0,0,1,0,0,0,0,1,0,1,0,0,0,Rear End,"['Driver', 'Passenger']",West,"['Automobile, Station Wagon']","['Going Ahead', 'Stopped']","['Following too Close', 'Driving Properly']",['Normal'],['Not Applicable'],['Not Applicable'],['Not Applicable'],['Not Applicable'],['Not Applicable'],False,"['60 to 64', '70 to 74', '65 to 69']",3.0
1832925.0,2020-09-27 08:00:00,33,2020,DON VALLEY PARKWAY  N,SPANBRIDGE RD,Expressway,North York,43.713195,-79.325092,634930.6046,4841380.971,At Intersection,No Control,Clear,"Dark, artificial",Dry,44,Flemingdon Park,44,Flemingdon Park (44),Non-Fatal Injury,0,0,1,1,0,0,0,0,1,1,0,0,0,Rear End,"['Motorcycle Driver', 'Driver']",North,"['Motorcycle', 'Automobile, Station Wagon']",['Going Ahead'],"['Lost control', 'Driving Properly']","['Inattentive', 'Normal']",['Not Applicable'],['Not Applicable'],['Not Applicable'],['Not Applicable'],['Not Applicable'],False,"['35 to 39', '40 to 44']",3.0
1844601.0,2020-09-28 08:00:00,1625,2020,2301 BRIMLEY RD,HUNTINGWOOD DR,Major Arterial,Scarborough,43.796858,-79.272662,638960.6219,4850759.7118,At/Near Private Drive,Traffic Signal,Clear,Daylight,Dry,129,Agincourt North,129,Agincourt North (129),Non-Fatal Injury,1,0,1,0,0,0,0,0,0,1,0,0,0,Pedestrian Collisions,"['Driver', 'Pedestrian']",East,"['Automobile, Station Wagon']",['Turning Left'],['Failed to Yield Right of Way'],['Inattentive'],['Crossing with right of way'],['Normal'],['Not Applicable'],['Not Applicable'],['Not Applicable'],False,"['70 to 74', '80 to 84']",3.0
187607.0,2020-01-27 10:00:00,1817,2020,MORNINGSIDE AVE,401 C E MORNINGSIDE AVE S RAMP,Major Arterial,Scarborough,43.795348,-79.196597,645083.6147,4850722.5368,Non Intersection,No Control,Clear,"Dark, artificial",Dry,134,Highland Creek,134,Highland Creek (134),Non-Fatal Injury,1,0,1,0,0,0,0,0,0,0,0,0,0,Pedestrian Collisions,"['Driver', 'Pedestrian']",North,"['Automobile, Station Wagon']",['Going Ahead'],['Driving Properly'],['Normal'],"['Crossing, no Traffic Control']",['Inattentive'],['Not Applicable'],['Not Applicable'],['Not Applicable'],False,"['50 to 54', '35 to 39']",3.0
188016123.0,2018-03-24 08:00:00,1700,2018,BAYVIEW AVE,THE BRIDLE PATH,Major Arterial,North York,43.739215,-79.382404,630257.0915,4844179.1682,Non Intersection,No Control,Clear,Daylight,Dry,41,Bridle Path-Sunnybrook-York Mills,41,Bridle Path-Sunnybrook-York Mills (41),Non-Fatal Injury,1,0,1,0,0,0,0,0,0,0,0,0,0,Pedestrian Collisions,"['Driver', 'Pedestrian']",North,"['Automobile, Station Wagon']",['Changing Lanes'],['Driving Properly'],['Unknown'],['Other'],['Unknown'],['Not Applicable'],['Not Applicable'],['Not Applicable'],False,"['unknown', '25 to 29']",3.0
1884326.0,2020-10-04 08:00:00,1152,2020,ADELAIDE ST E,POWER ST,Major Arterial,Toronto and East York,43.654006,-79.362697,632030.8947,4834746.6888,At Intersection,Stop Sign,Rain,Daylight,Wet,73,Moss Park,73,Moss Park (73),Non-Fatal Injury,0,0,1,0,0,0,0,1,0,1,0,0,0,Turning Movement,"['Driver', 'Passenger']",North,"['Automobile, Station Wagon']","['Turning Right', 'Going Ahead']","['Improper Turn', 'Other']",['Normal'],['Not Applicable'],['Not Applicable'],['Not Applicable'],['Not Applicable'],['Not Applicable'],False,"['30 to 34', '35 to 39']",3.0
188526.0,2020-01-27 10:00:00,2030,2020,3775 DUNDAS ST W,Not Applicable,Major Arterial,Etobicoke York,43.665305,-79.49982,620950.6062,4835792.5456,Non Intersection,No Control,Clear,"Dark, artificial",Dry,114,Lambton Baby Point,114,Lambton Baby Point (114),Fatal,1,0,1,0,0,0,0,0,0,0,0,0,0,Pedestrian Collisions,"['Pedestrian', 'Driver']",East,"['Automobile, Station Wagon']",['Going Ahead'],['Driving Properly'],['Normal'],"['Crossing, no Traffic Control']",['Normal'],['Not Applicable'],['Not Applicable'],['Not Applicable'],True,"['75 to 79', '40 to 44']",4.0
1886672.0,2020-10-04 08:00:00,1906,2020,FINCH AVE W,DUFFERIN ST,Major Arterial,North York,43.768782,-79.466884,623393.4886,4847333.6693,At Intersection,Traffic Signal,Rain,"Dark, artificial",Wet,34,Bathurst Manor,34,Bathurst Manor (34),Non-Fatal Injury,1,0,1,0,0,0,0,0,0,0,0,0,0,Pedestrian Collisions,"['Driver', 'Pedestrian']",West,"['Automobile, Station Wagon']",['Turning Left'],['Improper Turn'],['Normal'],['Crossing with right of way'],['Normal'],['Not Applicable'],['Not Applicable'],['Not Applicable'],False,"['20 to 24', '80 to 84']",3.0
1887920.0,2020-10-05 08:00:00,1,2020,73 QUEENS PARK  CRES E,Not Applicable,Major Arterial,Toronto and East York,43.66585,-79.391856,629654.0138,4836016.1387,Non Intersection,Traffic Signal,Clear,"Dark, artificial",Wet,169,Bay-Cloverhill,76,Bay Street Corridor (76),Non-Fatal Injury,1,0,1,0,0,0,0,0,0,0,0,0,0,Pedestrian Collisions,"['Driver', 'Pedestrian']",North,"['Automobile, Station Wagon']",['Going Ahead'],['Driving Properly'],['Normal'],['Running onto Roadway'],['Inattentive'],['Not Applicable'],['Not Applicable'],['Not Applicable'],False,"['25 to 29', '40 to 44']",3.0
1888884.0,2020-10-05 08:00:00,712,2020,JANE ST,GRANDRAVINE DR,Major Arterial,North York,43.747023,-79.515086,619557.2269,4844846.314,At Intersection,Traffic Signal,Clear,Daylight,Dry,25,Glenfield-Jane Heights,25,Glenfield-Jane Heights (25),Non-Fatal Injury,1,0,1,0,0,0,0,0,0,0,0,0,0,Pedestrian Collisions,"['Driver', 'Pedestrian']",North,['Passenger Van'],['Going Ahead'],['Driving Properly'],['Normal'],['Crossing without right of way'],['Inattentive'],['Not Applicable'],['Not Applicable'],['Not Applicable'],False,"['55 to 59', '60 to 64']",3.0
1892662.0,2020-10-05 08:00:00,1640,2020,BATHURST ST,SHEPPARD AVE W,Major Arterial,North York,43.756091,-79.438609,625695.8079,4845966.6658,Non Intersection,No Control,Clear,Daylight,Dry,34,Bathurst Manor,34,Bathurst Manor (34),Non-Fatal Injury,1,0,1,0,0,0,0,0,0,0,0,0,0,Pedestrian Collisions,"['Driver', 'Pedestrian']",South,['Passenger Van'],['Going Ahead'],['Driving Properly'],['Normal'],['Other'],['Inattentive'],['Not Applicable'],['Not Applicable'],['Not Applicable'],False,"['30 to 34', '15 to 19']",3.0
1894720.0,2020-10-05 08:00:00,2312,2020,UNIVERSITY AVE,COLLEGE ST,Major Arterial,Toronto and East York,43.659785,-79.390453,629780.1975,4835344.7333,At Intersection,Traffic Signal,Clear,"Dusk, artificial",Dry,170,Yonge-Bay Corridor,76,Bay Street Corridor (76),Non-Fatal Injury,1,0,1,0,0,0,0,0,0,1,0,0,0,Pedestrian Collisions,"['Driver', 'Pedestrian']",West,"['Automobile, Station Wagon']",['Turning Right'],['Failed to Yield Right of Way'],['Normal'],['Crossing with right of way'],['Normal'],['Not Applicable'],['Not Applicable'],['Not Applicable'],False,"['55 to 59', '65 to 69']",3.0
1902177.0,2020-10-07 08:00:00,300,2020,LANSDOWNE AVE,COLLEGE ST,Minor Arterial,Toronto and East York,43.650939,-79.43996,625806.8052,4834286.0228,At Intersection,Traffic Signal,Clear,Dark,Dry,83,Dufferin Grove,83,Dufferin Grove (83),Non-Fatal Injury,0,0,1,0,0,0,0,1,1,1,0,0,0,SMV Other,"['Driver', 'Passenger']",North,"['Automobile, Station Wagon']",['Going Ahead'],['Lost control'],['Unknown'],['Not Applicable'],['Not Applicable'],['Not Applicable'],['Not Applicable'],['Not Applicable'],False,"['10 to 14', '15 to 19']",3.0
1912366.0,2020-10-08 08:00:00,1410,2020,LAWRENCE AVE W,BATHURST ST,Major Arterial,North York,43.719187,-79.429775,626484.6511,4841881.3836,At Intersection,Traffic Signal,Rain,Daylight,Wet,39,Bedford Park-Nortown,39,Bedford Park-Nortown (39),Non-Fatal Injury,1,0,1,0,0,0,0,0,0,0,0,0,0,Pedestrian Collisions,"['Driver', 'Pedestrian']",East,"['Automobile, Station Wagon']",['Turning Right'],['Improper Turn'],['Unknown'],['Crossing with right of way'],['Normal'],['Not Applicable'],['Not Applicable'],['Not Applicable'],False,"['unknown', '70 to 74']",3.0
1915138.0,2020-10-08 08:00:00,2330,2020,COLLEGE ST,RUSHOLME PARK CRES,Major Arterial,Toronto and East York,43.652789,-79.430248,626586.1341,4834506.2589,Non Intersection,No Control,Clear,"Dark, artificial",Dry,84,Little Portugal,84,Little Portugal (84),Fatal,0,0,1,1,0,0,0,0,0,0,0,0,0,SMV Unattended Vehicle,"['Other', 'Motorcycle Driver']",East,"['Automobile, Station Wagon', 'Motorcycle']","['Parked', 'Going Ahead']",['Lost control'],['Unknown'],['Not Applicable'],['Not Applicable'],['Not Applicable'],['Not Applicable'],['Not Applicable'],True,"['unknown', '35 to 39']",4.0
1927144.0,2020-10-10 08:00:00,1759,2020,JANE ST,GOLDWIN AVE,Major Arterial,Etobicoke York,43.689208,-79.500339,620860.7647,4838446.5352,At Intersection,Stop Sign,Clear,Daylight,Dry,115,Mount Dennis,115,Mount Dennis (115),Non-Fatal Injury,0,0,1,1,0,0,0,0,0,0,0,0,0,Turning Movement,"['Driver', 'Motorcycle Driver']",North,"['Pick Up Truck', 'Motorcycle']","['Turning Left', 'Going Ahead']","['Improper Turn', 'Driving Properly']","['Inattentive', 'Normal']",['Not Applicable'],['Not Applicable'],['Not Applicable'],['Not Applicable'],['Not Applicable'],False,"['35 to 39', '45 to 49']",3.0
1931088.0,2020-10-11 08:00:00,1120,2020,WOODBINE AVE,KINGSTON RD,Major Arterial,Etobicoke York,43.673857,-79.307887,636405.8154,4837040.0839,At Intersection,Traffic Signal,Clear,Daylight,Dry,63,The Beaches,63,The Beaches (63),Non-Fatal Injury,0,1,1,0,0,0,0,0,0,1,0,0,0,Cyclist Collisions,"['Driver', 'Cyclist']",North,"['Pick Up Truck', 'Bicycle']","['Turning Left', 'Going Ahead']",['Failed to Yield Right of Way'],['Inattentive'],['Not Applicable'],['Not Applicable'],['Motorist turned left across cyclists path.'],['Driving Properly'],['Normal'],False,"['45 to 49', '40 to 44']",3.0