accident_number,date,time,year,street1,street2,road_class,district,latitude,longitude,x,y,accident_location,traffctl,visibility,light,road_surface_condition,hood_158,neighbourhood_new,hood_140,neighbourhood_old,accident_class,pedestrian,cyclist,automobile,motorcycle,truck,trsn_city_veh,emerg_veh,passenger,speeding,aggressive_driving,redlight,alcohol,disability,impact_type,involvement_type,initial_direction,vehicle_type,manoeuver,driver_action,driver_condition,pedestrian_action,pedestrian_condition,cyclist_type,cyclist_action,cyclist_condition,injury,involvement_age,injury_severity_score
1934074.0,2020-10-11 08:00:00,2030,2020,Kingston Road,Glen Everest Road,Major Arterial,Scarborough,43.697543,-79.256755,640472.4553,4839756.1065,At Intersection,Traffic Signal,Clear,"Dusk, artificial",Dry,122,Birchcliffe-Cliffside,122,Birchcliffe-Cliffside (122),Non-Fatal Injury,0,1,0,1,0,0,0,0,0,0,0,0,0,Cyclist Collisions,"['Cyclist', 'Motorcycle Driver']",North,"['Bicycle', 'Motorcycle']",['Going Ahead'],['Driving Properly'],['Normal'],['Not Applicable'],['Not Applicable'],"['Cyclist without ROW rides into path of motorist at inter, lnwy, dwy-Cyclist not turn.']",['Failed to Yield Right of Way'],['Inattentive'],False,"['15 to 19', '30 to 34']",3.0
1940250.0,2020-10-12 08:00:00,2250,2020,MCCOWAN RD,BRIDLEY DR,Major Arterial,Scarborough,43.815261,-79.270801,639067.6231,4852806.7893,Non Intersection,No Control,Rain,"Dark, artificial",Wet,129,Agincourt North,129,Agincourt North (129),Property Damage O,0,0,1,0,0,0,0,1,0,0,0,0,0,SMV Other,"['Driver', 'Passenger']",South,"['Automobile, Station Wagon']",['Going Ahead'],['Lost control'],['Unknown'],['Not Applicable'],['Not Applicable'],['Not Applicable'],['Not Applicable'],['Not Applicable'],False,"['20 to 24', '25 to 29']",3.0
1942115.0,2020-10-13 08:00:00,906,2020,ALBION RD,MARTIN GROVE RD,Major Arterial,Etobicoke York,43.741854,-79.594165,613199.9127,4844161.135,At Intersection,Traffic Signal,Clear,Daylight,Dry,2,Mount Olive-Silverstone-Jamestown,2,Mount Olive-Silverstone-Jamestown (2),Non-Fatal Injury,1,0,1,0,0,0,0,0,0,1,0,0,0,Pedestrian Collisions,"['Driver', 'Pedestrian']",East,"['Automobile, Station Wagon']",['Turning Right'],['Failed to Yield Right of Way'],['Normal'],['Crossing with right of way'],['Normal'],['Not Applicable'],['Not Applicable'],['Not Applicable'],False,"['30 to 34', '55 to 59']",3.0
1945158.0,2020-10-13 08:00:00,1622,2020,RUNNYMEDE RD,DUNDAS ST W,Minor Arterial,Etobicoke York,43.664527,-79.481677,622414.9626,4835732.7485,Non Intersection,No Control,Clear,Daylight,Dry,90,Junction Area,90,Junction Area (90),Non-Fatal Injury,0,0,1,0,0,0,0,0,0,0,0,0,0,Rear End,['Driver'],North,"['Delivery Van', 'Automobile, Station Wagon']","['Going Ahead', 'Stopped']","['Lost control', 'Driving Properly']","['Inattentive', 'Normal']",['Not Applicable'],['Not Applicable'],['Not Applicable'],['Not Applicable'],['Not Applicable'],False,"['50 to 54', '40 to 44']",3.0
1957732.0,2020-10-15 08:00:00,1227,2020,22 ELKHORN DR,Not Applicable,Local,North York,43.770354,-79.381053,630298.2821,4847639.7459,Non Intersection,No Control,Rain,Daylight,Wet,52,Bayview Village,52,Bayview Village (52),Fatal,1,0,0,0,1,0,0,0,0,0,0,0,0,Pedestrian Collisions,"['Driver', 'Pedestrian']",East,"['Truck - Closed (Blazer, etc)']",['Reversing'],['Other'],['Inattentive'],['On Sidewalk or Shoulder'],['Normal'],['Not Applicable'],['Not Applicable'],['Not Applicable'],True,"['60 to 64', '80 to 84']",4.0
1973407.0,2020-10-17 08:00:00,1909,2020,JANE  ST,SAN ROMANOWAY,Major Arterial,North York,43.759394,-79.518192,619282.5673,4846215.8167,At Intersection,Traffic Signal,Clear,"Dark, artificial",Dry,24,Black Creek,24,Black Creek (24),Non-Fatal Injury,1,0,1,0,0,0,0,1,0,0,0,0,0,Pedestrian Collisions,"['Driver', 'Passenger', 'Pedestrian']",North,"['Automobile, Station Wagon']",['Going Ahead'],['Driving Properly'],['Normal'],['Crossing without right of way'],['Inattentive'],['Not Applicable'],['Not Applicable'],['Not Applicable'],False,"['65 to 69', 'unknown', '25 to 29']",3.0
1985100.0,2020-10-19 08:00:00,1641,2020,GERRARD ST E,JONES AVE,Minor Arterial,Toronto and East York,43.669436,-79.334415,634277.1563,4836505.788,Non Intersection,No Control,Rain,"Daylight, artificial",Wet,70,South Riverdale,70,South Riverdale (70),Non-Fatal Injury,0,0,0,1,0,0,0,0,0,0,0,0,0,SMV Other,['Motorcycle Driver'],West,['Motorcycle'],['Changing Lanes'],['Lost control'],['Normal'],['Not Applicable'],['Not Applicable'],['Not Applicable'],['Not Applicable'],['Not Applicable'],False,['70 to 74'],3.0
1994232.0,2020-10-21 08:00:00,8,2020,SHEPPARD AVE E,KENNEDY RD,Major Arterial,Scarborough,43.782828,-79.289821,637612.3983,4849172.7895,Non Intersection,No Control,Clear,"Dark, artificial",Dry,118,Tam O'Shanter-Sullivan,118,Tam O'Shanter-Sullivan (118),Fatal,0,0,1,0,0,0,0,0,0,0,0,0,1,SMV Other,['Driver'],East,"['Automobile, Station Wagon']",['Going Ahead'],['Lost control'],['Medical or Physical Disability'],['Not Applicable'],['Not Applicable'],['Not Applicable'],['Not Applicable'],['Not Applicable'],True,['50 to 54'],4.0
1995407.0,2020-10-21 08:00:00,744,2020,LAWRENCE AVE E,ASTERFIELD DR,Minor Arterial,Scarborough,43.771083,-79.173892,646969.7062,4848067.5741,At Intersection,No Control,Rain,"Dark, artificial",Wet,136,West Hill,136,West Hill (136),Non-Fatal Injury,0,0,1,0,1,0,0,0,0,0,0,0,0,Turning Movement,"['Driver', 'Truck Driver']",East,"['Automobile, Station Wagon', 'Truck - Closed (Blazer, etc)']","['Turning Left', 'Going Ahead']","['Improper Turn', 'Driving Properly']","['Inattentive', 'Normal']",['Not Applicable'],['Not Applicable'],['Not Applicable'],['Not Applicable'],['Not Applicable'],False,"['55 to 59', '50 to 54']",3.0
2000034069.0,2022-01-06 10:00:00,1209,2022,174 DELAWARE AVE,Not Applicable,Local,Toronto and East York,43.660174,-79.427699,626776.1479,4835330.3515,Non Intersection,No Control,Clear,Daylight,Dry,80,Palmerston-Little Italy,80,Palmerston-Little Italy (80),Non-Fatal Injury,1,0,1,0,0,0,0,0,0,0,0,0,0,Pedestrian Collisions,"['Driver', 'Pedestrian']",North,"['Automobile, Station Wagon']",['Going Ahead'],['Driving Properly'],['Normal'],"['Crossing, no Traffic Control']",['Inattentive'],['Not Applicable'],['Not Applicable'],['Not Applicable'],False,"['30 to 34', '5 to 9']",3.0
2000036960.0,2022-01-06 10:00:00,1942,2022,LAWRENCE AVE E,BROCKLEY DR,Major Arterial,Scarborough,43.751959,-79.262477,639884.6452,4845790.1277,At Intersection,Traffic Signal,Clear,Dark,Dry,157,Bendale South,127,Bendale (127),Fatal,1,0,1,0,0,0,0,1,0,1,0,0,0,Pedestrian Collisions,"['Passenger', 'Driver', 'Pedestrian']",East,"['Automobile, Station Wagon']",['Going Ahead'],['Failed to Yield Right of Way'],['Unknown'],['Crossing without right of way'],['Normal'],['Not Applicable'],['Not Applicable'],['Not Applicable'],True,"['20 to 24', '75 to 79']",4.0
2000038978.0,2022-01-07 10:00:00,622,2022,DON VALLEY PARKWAY  N,LEASIDE BDGE,Expressway,Toronto and East York,43.697722,-79.348224,633101.3113,4839625.0786,Non Intersection,No Control,Clear,"Dark, artificial",Dry,58,Old East York,58,Old East York (58),Non-Fatal Injury,0,0,1,0,0,0,0,1,1,1,0,0,0,SMV Other,"['Driver', 'Passenger']",South,"['Automobile, Station Wagon']",['Going Ahead'],"['Lost control', 'Driving Properly']","['Unknown', 'Normal']",['Not Applicable'],['Not Applicable'],['Not Applicable'],['Not Applicable'],['Not Applicable'],False,"['25 to 29', '40 to 44']",3.0
2000039834.0,2022-01-07 10:00:00,938,2022,MIDDLEFIELD RD,STEELES AVE E,Minor Arterial,Scarborough,43.832621,-79.267932,639257.9865,4854739.7305,At Intersection,Traffic Signal,Clear,Daylight,Dry,130,Milliken,130,Milliken (130),Non-Fatal Injury,1,0,1,0,0,0,0,0,0,1,0,0,0,Pedestrian Collisions,"['Driver', 'Pedestrian']",North,"['Automobile, Station Wagon']",['Turning Left'],['Failed to Yield Right of Way'],['Normal'],['Crossing with right of way'],['Normal'],['Not Applicable'],['Not Applicable'],['Not Applicable'],False,"['65 to 69', '50 to 54']",3.0
2000083530.0,2022-01-13 10:00:00,2130,2022,WESTON RD,LANYARD RD,Major Arterial,Etobicoke York,43.748164,-79.54156,617423.4372,4844935.1717,At Intersection,Traffic Signal,Clear,"Dark, artificial",Dry,22,Humbermede,22,Humbermede (22),Non-Fatal Injury,1,0,1,0,0,0,0,0,0,1,0,0,0,Pedestrian Collisions,"['Driver', 'Pedestrian']",North,"['Automobile, Station Wagon']",['Turning Left'],['Failed to Yield Right of Way'],['Inattentive'],['Crossing with right of way'],['Normal'],['Not Applicable'],['Not Applicable'],['Not Applicable'],False,"['60 to 64', '55 to 59']",3.0
2000088172.0,2022-01-14 10:00:00,1441,2022,DAVENPORT RD,LANSDOWNE AVE,Minor Arterial,Toronto and East York,43.671485,-79.448261,625094.7015,4836555.3749,At Intersection,Traffic Signal,Clear,Daylight,Dry,171,Junction-Wallace Emerson,93,Dovercourt-Wallace Emerson-Junction (93),Non-Fatal Injury,1,0,1,0,0,0,0,0,0,0,0,0,0,Pedestrian Collisions,"['Driver', 'Pedestrian']",East,['Pick Up Truck'],['Turning Left'],['Driving Properly'],['Normal'],['Crossing without right of way'],['Had Been Drinking'],['Not Applicable'],['Not Applicable'],['Not Applicable'],False,"['55 to 59', '75 to 79']",3.0
2000129056.0,2022-01-20 10:00:00,1610,2022,VICTORIA PARK AVE,COMBERMERE DR,Major Arterial,North York,43.755992,-79.314578,635680.9324,4846151.3806,At Intersection,Traffic Signal,Clear,Daylight,Dry,119,Wexford/Maryvale,119,Wexford/Maryvale (119),Non-Fatal Injury,0,0,1,0,0,0,0,1,1,1,0,0,0,Rear End,"['Driver', 'Passenger']",South,"['Automobile, Station Wagon']","['Going Ahead', 'Stopped']","['Speed too Fast For Condition', 'Driving Properly']",['Normal'],['Not Applicable'],['Not Applicable'],['Not Applicable'],['Not Applicable'],['Not Applicable'],False,"['20 to 24', '60 to 64', '80 to 84']",3.0
2000130290.0,2022-01-20 10:00:00,1910,2022,1875 STEELES AVE W,Not Applicable,Major Arterial,North York,43.787585,-79.468059,623260.2761,4849420.2782,Non Intersection,No Control,Clear,"Dark, artificial",Dry,34,Bathurst Manor,34,Bathurst Manor (34),Property Damage O,0,0,1,0,0,0,0,0,0,1,0,0,0,Turning Movement,['Driver'],East,"['Pick Up Truck', 'Automobile, Station Wagon']","['Turning Left', 'Going Ahead']","['Failed to Yield Right of Way', 'Driving Properly']","['Inattentive', 'Normal']",['Not Applicable'],['Not Applicable'],['Not Applicable'],['Not Applicable'],['Not Applicable'],False,"['25 to 29', '70 to 74']",3.0
2000144156.0,2022-01-22 10:00:00,1914,2022,92 ASHRIDGE DR,Not Applicable,Local,Scarborough,43.81531,-79.268764,639231.333,4852815.6577,Non Intersection,No Control,Clear,"Dark, artificial",Packed Snow,129,Agincourt North,129,Agincourt North (129),Non-Fatal Injury,1,0,1,0,0,0,0,0,0,0,0,0,0,Pedestrian Collisions,"['Driver', 'Pedestrian']",North,"['Automobile, Station Wagon']",['Going Ahead'],[],[],['Person Getting on/off Vehicle'],['Normal'],['Not Applicable'],['Not Applicable'],['Not Applicable'],False,"['unknown', '90 to 94']",3.0
2000145218.0,2022-01-22 10:00:00,2306,2022,WESTON RD,DEE AVE,Major Arterial,Etobicoke York,43.711131,-79.535136,618013.3629,4840831.2581,Intersection Related,No Control,Clear,"Dark, artificial",Dry,23,Pelmo Park-Humberlea,23,Pelmo Park-Humberlea (23),Fatal,1,0,1,0,0,0,0,0,0,1,0,0,0,Pedestrian Collisions,"['Driver', 'Pedestrian']",North,"['Automobile, Station Wagon']",['Going Ahead'],['Improper Passing'],['Unknown'],['Crossing without right of way'],['Other'],['Not Applicable'],['Not Applicable'],['Not Applicable'],True,"['30 to 34', '50 to 54']",4.0
2000170861.0,2022-01-26 10:00:00,1600,2022,STEELES AV W,NORFINCH DR,Major Arterial,Etobicoke York,43.772772,-79.533733,618005.2313,4847679.3771,Non Intersection,No Control,Clear,Daylight,Dry,24,Black Creek,24,Black Creek (24),Non-Fatal Injury,0,0,1,0,0,0,0,0,0,0,0,0,0,Sideswipe,['Driver'],West,"['Automobile, Station Wagon', 'School Bus']","['Going Ahead', 'Stopped']","['Other', 'Driving Properly']","['Other', 'Normal']",['Not Applicable'],['Not Applicable'],['Not Applicable'],['Not Applicable'],['Not Applicable'],False,"['25 to 29', '50 to 54', '40 to 44']",3.0
2000176791.0,2022-01-27 10:00:00,1447,2022,FINCH AVE W,ELANA DR,Major Arterial,North York,43.756823,-79.519908,619149.5345,4845927.7993,At/Near Private Drive,No Control,Clear,Daylight,Wet,25,Glenfield-Jane Heights,25,Glenfield-Jane Heights (25),Non-Fatal Injury,1,0,1,0,0,0,0,0,0,0,0,0,0,Pedestrian Collisions,"['Driver', 'Pedestrian']",East,"['Automobile, Station Wagon']",['Going Ahead'],['Driving Properly'],['Normal'],"['Crossing, no Traffic Control']",['Inattentive'],['Not Applicable'],['Not Applicable'],['Not Applicable'],False,"['35 to 39', '45 to 49']",3.0
2000184133.0,2022-01-28 10:00:00,1506,2022,THE QUEENSWAY,ISLINGTON AVE,Major Arterial,Etobicoke York,43.623351,-79.515498,619769.9126,4831110.2857,Non Intersection,No Control,Clear,Daylight,Dry,159,Etobicoke City Centre,14,Islington-City Centre West (14),Fatal,1,0,1,0,0,0,0,1,0,1,0,0,0,Pedestrian Collisions,"['Passenger', 'Driver', 'Pedestrian']",East,"['Automobile, Station Wagon']",['Turning Right'],['Failed to Yield Right of Way'],['Inattentive'],['On Sidewalk or Shoulder'],['Normal'],['Not Applicable'],['Not Applicable'],['Not Applicable'],True,"['30 to 34', '80 to 84']",4.0
2000196904.0,2022-01-30 10:00:00,1415,2022,GARDINER XWY W,STRACHAN AVE,Expressway,Toronto and East York,43.636824,-79.414432,627895.4373,4832757.3878,Non Intersection,No Control,Clear,Daylight,Dry,163,Fort York-Liberty Village,82,Niagara (82),Non-Fatal Injury,0,0,1,0,0,0,0,1,1,1,0,0,0,Rear End,"['Driver', 'Passenger']",West,"['Automobile, Station Wagon']",['Going Ahead'],"['Lost control', 'Driving Properly']","['Inattentive', 'Normal']",['Not Applicable'],['Not Applicable'],['Not Applicable'],['Not Applicable'],['Not Applicable'],False,"['35 to 39', '30 to 34']",3.0
2000220559.0,2022-02-02 10:00:00,2000,2022,BATHURST ST,WOLSELEY ST,Major Arterial,Toronto and East York,43.647952,-79.404285,628690.1636,4834008.9806,At Intersection,No Control,Snow,Dark,Wet,78,Kensington-Chinatown,78,Kensington-Chinatown (78),Non-Fatal Injury,0,0,1,0,0,0,0,0,0,0,0,0,1,SMV Other,['Driver'],South,"['Automobile, Station Wagon']",['Going Ahead'],['Lost control'],['Medical or Physical Disability'],['Not Applicable'],['Not Applicable'],['Not Applicable'],['Not Applicable'],['Not Applicable'],False,['60 to 64'],3.0
2000223282.0,2022-02-03 10:00:00,922,2022,F G GARDINER XY  W,ROYAL YORK RD,Expressway,Etobicoke York,43.622718,-79.501651,620888.3697,4831060.051,Non Intersection,No Control,Clear,Daylight,Wet,160,Mimico-Queensway,17,Mimico (includes Humber Bay Shores) (17),Fatal,0,0,1,0,1,0,0,0,1,1,0,0,0,Rear End,"['Driver', 'Truck Driver']",West,"['Automobile, Station Wagon', 'Truck - Open']",['Going Ahead'],"['Exceeding Speed Limit', 'Driving Properly']","['Inattentive', 'Normal']",['Not Applicable'],['Not Applicable'],['Not Applicable'],['Not Applicable'],['Not Applicable'],True,['25 to 29'],4.0
2000226271.0,2022-02-03 10:00:00,1655,2022,JANE ST,DRIFTWOOD AVE,Major Arterial,North York,43.765837,-79.519641,619153.1338,4846929.3214,At Intersection,Traffic Signal,Drifting Snow,Dusk,Wet,24,Black Creek,24,Black Creek (24),Non-Fatal Injury,1,0,1,0,0,0,0,0,0,1,0,0,0,Pedestrian Collisions,"['Driver', 'Pedestrian']",South,"['Automobile, Station Wagon']",['Turning Left'],['Failed to Yield Right of Way'],['Unknown'],['Crossing with right of way'],['Normal'],['Not Applicable'],['Not Applicable'],['Not Applicable'],False,"['50 to 54', '65 to 69']",3.0
2000232737.0,2022-02-04 10:00:00,1623,2022,SHEPPARD AVE E,YONGE ST,Major Arterial,North York,43.761584,-79.41006,627982.3814,4846620.4682,Non Intersection,No Control,Clear,Daylight,Slush,153,Avondale,51,Willowdale East (51),Non-Fatal Injury,1,0,1,0,0,0,0,0,0,0,0,0,0,Pedestrian Collisions,"['Driver', 'Pedestrian']",East,"['Automobile, Station Wagon']",['Going Ahead'],['Driving Properly'],['Normal'],"['Crossing, no Traffic Control']",['Normal'],['Not Applicable'],['Not Applicable'],['Not Applicable'],False,"['65 to 69', '80 to 84']",3.0
2000258732.0,2022-02-08 10:00:00,2039,2022,BIRCHMOUNT ROAD,ZENITH DR,Minor Arterial,Scarborough,43.711009,-79.269771,639392.3849,4841229.7287,Intersection Related,Stop Sign,Clear,Dark,Dry,120,Clairlea-Birchmount,120,Clairlea-Birchmount (120),Non-Fatal Injury,1,0,1,0,0,0,0,0,0,0,0,0,0,Pedestrian Collisions,"['Driver', 'Pedestrian']",Unknown,['Pick Up Truck'],['Turning Left'],['Lost control'],['Normal'],['On Sidewalk or Shoulder'],['Normal'],['Not Applicable'],['Not Applicable'],['Not Applicable'],False,"['50 to 54', '30 to 34']",3.0
2000267263.0,2022-02-10 10:00:00,700,2022,WILLIAM R ALLEN RD,TRANSIT RD,Major Arterial,North York,43.741763,-79.45425,624466.3527,4844351.7128,At Intersection,Traffic Signal,Clear,Daylight,Wet,33,Clanton Park,33,Clanton Park (33),Non-Fatal Injury,0,0,1,0,1,0,0,0,0,1,1,0,0,Turning Movement,"['Truck Driver', 'Driver']",East,"['Truck-Tractor', 'Automobile, Station Wagon']","['Going Ahead', 'Turning Left']","['Disobeyed Traffic Control', 'Driving Properly']",['Normal'],['Not Applicable'],['Not Applicable'],['Not Applicable'],['Not Applicable'],['Not Applicable'],False,"['25 to 29', '65 to 69']",3.0
2000271559.0,2022-02-10 10:00:00,1900,2022,YONGE ST,ERSKINE AVE,Major Arterial,North York,43.711005,-79.399272,628959.2995,4841019.6592,At Intersection,No Control,Clear,"Dark, artificial",Dry,173,North Toronto,104,Mount Pleasant West (104),Non-Fatal Injury,1,0,1,0,0,0,0,1,0,1,0,0,0,Pedestrian Collisions,"['Driver', 'Passenger', 'Pedestrian']",North,"['Automobile, Station Wagon']",['Turning Left'],['Failed to Yield Right of Way'],['Inattentive'],['Crossing with right of way'],['Normal'],['Not Applicable'],['Not Applicable'],['Not Applicable'],False,"['30 to 34', '35 to 39', '60 to 64']",3.0
2000284125.0,2022-02-12 10:00:00,1945,2022,384 O CONNOR DR,Not Applicable,Major Arterial,Toronto and East York,43.695937,-79.33755,633965.4144,4839444.0202,Non Intersection,No Control,Clear,"Dark, artificial",Dry,58,Old East York,58,Old East York (58),Non-Fatal Injury,0,0,0,0,0,1,0,1,0,0,0,0,0,Other,"['Driver', 'Passenger']",West,['Municipal Transit Bus (TTC)'],['Slowing or Stopping'],['Driving Properly'],['Normal'],['Not Applicable'],['Not Applicable'],['Not Applicable'],['Not Applicable'],['Not Applicable'],False,"['40 to 44', '65 to 69']",3.0
2000320162.0,2022-02-18 10:00:00,1144,2022,BAY ST,COLLEGE ST,Major Arterial,Etobicoke York,43.660742,-79.385814,630152.1831,4835458.2876,At Intersection,Traffic Signal,Clear,Daylight,Wet,170,Yonge-Bay Corridor,76,Bay Street Corridor (76),Fatal,1,0,1,0,0,0,0,0,0,1,0,0,0,Pedestrian Collisions,"['Pedestrian', 'Driver']",North,"['Automobile, Station Wagon']",['Turning Right'],['Failed to Yield Right of Way'],['Normal'],['Crossing with right of way'],['Normal'],['Not Applicable'],['Not Applicable'],['Not Applicable'],True,['80 to 84'],4.0
2000348171.0,2022-02-22 10:00:00,2350,2022,484 WILSON HEIGHTS BLVD,Not Applicable,Minor Arterial,North York,43.746848,-79.454181,624461.3706,4844916.5801,Non Intersection,No Control,Clear,"Dark, artificial",Wet,155,Downsview,26,Downsview-Roding-CFB (26),Non-Fatal Injury,0,0,1,0,0,0,0,0,0,0,0,0,0,SMV Other,['Driver'],North,"['Automobile, Station Wagon']",['Going Ahead'],['Lost control'],['Unknown'],['Not Applicable'],['Not Applicable'],['Not Applicable'],['Not Applicable'],['Not Applicable'],False,['25 to 29'],3.0
2000368462.0,2022-02-25 10:00:00,2216,2022,BAYVIEW AV,DAVISVILLE AV,Major Arterial,North York,43.702994,-79.374103,631004.4582,4840169.3889,Intersection Related,Traffic Signal,Snow,"Dark, artificial",Wet,56,Leaside-Bennington,56,Leaside-Bennington (56),Non-Fatal Injury,1,0,1,0,0,0,0,0,0,1,0,0,0,Pedestrian Collisions,"['Driver', 'Pedestrian']",North,['Pick Up Truck'],['Turning Left'],['Failed to Yield Right of Way'],['Unknown'],['Crossing with right of way'],['Normal'],['Not Applicable'],['Not Applicable'],['Not Applicable'],False,"['50 to 54', '45 to 49']",3.0
2000370303.0,2022-02-26 10:00:00,813,2022,BURNHAMTHORPE RD,HIGHWAY 427 C N,Major Arterial,Etobicoke York,43.645625,-79.562526,615932.8168,4833517.3252,Overpass or Bridge,No Control,Clear,Daylight,Dry,158,Islington,14,Islington-City Centre West (14),Non-Fatal Injury,0,1,1,0,0,0,0,0,0,0,0,0,0,Cyclist Collisions,"['Driver', 'Cyclist']",East,"['Automobile, Station Wagon', 'Bicycle']",['Going Ahead'],['Other'],['Unknown'],['Not Applicable'],['Not Applicable'],['Cyclist and Driver travelling in same direction. One vehicle sideswipes the other.'],['Driving Properly'],['Normal'],False,"['unknown', '60 to 64']",3.0
2000372294.0,2022-02-26 10:00:00,1430,2022,THE QUEENSWAY,SHERWAY GARDENS RD,Major Arterial,Etobicoke York,43.614997,-79.552219,616823.4077,4830130.1575,At Intersection,Traffic Signal,Clear,Daylight,Dry,159,Etobicoke City Centre,14,Islington-City Centre West (14),Non-Fatal Injury,1,0,1,0,0,0,0,0,0,1,0,0,0,Pedestrian Collisions,"['Driver', 'Pedestrian']",North,"['Automobile, Station Wagon']",['Turning Right'],['Failed to Yield Right of Way'],['Inattentive'],['Crossing with right of way'],['Normal'],['Not Applicable'],['Not Applicable'],['Not Applicable'],False,"['40 to 44', '65 to 69']",3.0
2000375775.0,2022-02-27 10:00:00,348,2022,YORE RD,KEELE ST,Major Arterial,Etobicoke York,43.691695,-79.474223,622960.4428,4838761.1438,Intersection Related,No Control,Clear,"Dark, artificial",Dry,112,Beechborough-Greenbrook,112,Beechborough-Greenbrook (112),Fatal,0,0,1,0,0,0,0,0,0,0,0,0,0,SMV Other,['Driver'],West,"['Automobile, Station Wagon']",['Going Ahead'],['Lost control'],['Unknown'],['Not Applicable'],['Not Applicable'],['Not Applicable'],['Not Applicable'],['Not Applicable'],True,['20 to 24'],4.0
2000383216.0,2022-02-28 10:00:00,1050,2022,FINCH AVE E,MCCOWAN RD,Major Arterial,Scarborough,43.807955,-79.266467,639433.1825,4852002.6334,At Intersection,Traffic Signal,Clear,Daylight,Dry,129,Agincourt North,129,Agincourt North (129),Fatal,1,0,0,0,0,1,0,0,0,0,0,0,0,Pedestrian Collisions,"['Pedestrian', 'Driver']",East,['Municipal Transit Bus (TTC)'],['Turning Right'],['Improper Turn'],['Normal'],['Crossing with right of way'],['Normal'],['Not Applicable'],['Not Applicable'],['Not Applicable'],True,['45 to 49'],4.0
2000415804.0,2022-03-05 10:00:00,120,2022,BRIMORTON DR,MCCOWAN RD,Collector,Scarborough,43.765364,-79.248927,640944.0629,4847301.9331,Intersection Related,Traffic Signal,Clear,"Dark, artificial",Dry,142,Woburn North,137,Woburn (137),Non-Fatal Injury,0,0,1,0,0,0,0,1,1,1,0,0,0,SMV Other,"['Driver', 'Passenger']",West,"['Automobile, Station Wagon']",['Going Ahead'],['Lost control'],['Inattentive'],['Not Applicable'],['Not Applicable'],['Not Applicable'],['Not Applicable'],['Not Applicable'],False,['20 to 24'],3.0
2000422292.0,2022-03-06 10:00:00,240,2022,LAKE SHORE BLVD W,JAMESON AVE,Major Arterial,Toronto and East York,43.633368,-79.43645,626126.6287,4832339.8652,Non Intersection,No Control,Clear,Dark,Dry,85,South Parkdale,85,South Parkdale (85),Fatal,0,0,1,0,0,0,0,1,0,0,0,0,0,SMV Other,"['Passenger', 'Driver']",East,"['Automobile, Station Wagon']",['Going Ahead'],['Lost control'],['Unknown'],['Not Applicable'],['Not Applicable'],['Not Applicable'],['Not Applicable'],['Not Applicable'],True,"['15 to 19', '30 to 34']",4.0
2000425405.0,2022-03-06 10:00:00,1521,2022,DUNDAS ST E,BOND ST,Local,Toronto and East York,43.656188,-79.378276,630769.8659,4834964.358,At/Near Private Drive,No Control,Clear,Daylight,Dry,168,Downtown Yonge East,75,Church-Yonge Corridor (75),Fatal,1,0,1,0,0,0,0,0,0,1,0,0,0,Pedestrian Collisions,"['Vehicle Owner', 'Pedestrian', 'Driver']",Unknown,"['Automobile, Station Wagon']",['Turning Right'],['Failed to Yield Right of Way'],['Inattentive'],['On Sidewalk or Shoulder'],"['Ability Impaired, Alcohol']",['Not Applicable'],['Not Applicable'],['Not Applicable'],True,"['unknown', '45 to 49', '55 to 59']",4.0
2000427556.0,2022-03-06 10:00:00,2233,2022,460 PAPE AVE,Not Applicable,Minor Arterial,Toronto and East York,43.671691,-79.341853,633672.5021,4836744.2233,Non Intersection,No Control,Clear,Dark,Dry,69,Blake-Jones,69,Blake-Jones (69),Non-Fatal Injury,1,0,1,0,0,0,0,0,0,1,0,0,0,Pedestrian Collisions,"['Driver', 'Pedestrian']",South,"['Automobile, Station Wagon']",['Going Ahead'],['Driving Properly'],['Normal'],"['Crossing, no Traffic Control']","['Ability Impaired, Alcohol']",['Not Applicable'],['Not Applicable'],['Not Applicable'],False,"['45 to 49', '15 to 19']",3.0
2000427862.0,2022-03-07 10:00:00,5,2022,145 STEELES AVE E,Not Applicable,Major Arterial,North York,43.80054,-79.408313,628039.8224,4850949.8331,Non Intersection,No Control,Clear,"Dark, artificial",Dry,50,Newtonbrook East,50,Newtonbrook East (50),Non-Fatal Injury,0,0,1,0,0,0,0,1,0,0,0,0,0,Approaching,"['Driver', 'Passenger']",West,"['Pick Up Truck', 'Delivery Van', 'Automobile, Station Wagon']",['Going Ahead'],"['Lost control', 'Driving Properly']","['Had Been Drinking', 'Normal']",['Not Applicable'],['Not Applicable'],['Not Applicable'],['Not Applicable'],['Not Applicable'],False,"['45 to 49', '65 to 69', '55 to 59', '25 to 29']",3.0
2000429734.0,2022-03-07 10:00:00,930,2022,BATHURST ST,JOICEY BLVD,Major Arterial,North York,43.733817,-79.433131,626183.5942,4843501.139,At Intersection,Traffic Signal,Rain,Daylight,Wet,39,Bedford Park-Nortown,39,Bedford Park-Nortown (39),Non-Fatal Injury,1,0,1,0,0,0,0,0,0,1,0,0,0,Pedestrian Collisions,"['Driver', 'Pedestrian']",East,['Pick Up Truck'],['Turning Left'],['Failed to Yield Right of Way'],['Normal'],['Crossing with right of way'],['Normal'],['Not Applicable'],['Not Applicable'],['Not Applicable'],False,"['30 to 34', '80 to 84']",3.0