accident_number,date,time,year,street1,street2,road_class,district,latitude,longitude,x,y,accident_location,traffctl,visibility,light,road_surface_condition,hood_158,neighbourhood_new,hood_140,neighbourhood_old,accident_class,pedestrian,cyclist,automobile,motorcycle,truck,trsn_city_veh,emerg_veh,passenger,speeding,aggressive_driving,redlight,alcohol,disability,impact_type,involvement_type,initial_direction,vehicle_type,manoeuver,driver_action,driver_condition,pedestrian_action,pedestrian_condition,cyclist_type,cyclist_action,cyclist_condition,injury,involvement_age,injury_severity_score
2000435603.0,2022-03-08 10:00:00,700,2022,DUNDAS ST W,ANNETTE ST,Minor Arterial,North York,43.664412,-79.458736,624264.8374,4835754.0816,At Intersection,Traffic Signal,Clear,Daylight,Dry,90,Junction Area,90,Junction Area (90),Non-Fatal Injury,0,0,1,0,0,0,0,0,0,1,0,0,0,Rear End,['Driver'],South,"['Automobile, Station Wagon']","['Going Ahead', 'Stopped']","['Failed to Yield Right of Way', 'Driving Properly']","['Inattentive', 'Normal']",['Not Applicable'],['Not Applicable'],['Not Applicable'],['Not Applicable'],['Not Applicable'],False,"['75 to 79', '65 to 69', 'unknown']",3.0
2000444231.0,2022-03-09 10:00:00,1100,2022,DANFORTH AVE,WOODBINE AVE,Major Arterial,Toronto and East York,43.685603,-79.31274,635988.058,4838336.6702,Intersection Related,Traffic Signal,Clear,Daylight,Dry,62,East End-Danforth,62,East End-Danforth (62),Non-Fatal Injury,0,0,1,0,1,0,0,0,0,0,0,0,0,Rear End,"['Truck Driver', 'Driver']",West,"['Truck - Dump', 'Automobile, Station Wagon']",['Slowing or Stopping'],"['Lost control', 'Driving Properly']","['Inattentive', 'Normal']",['Not Applicable'],['Not Applicable'],['Not Applicable'],['Not Applicable'],['Not Applicable'],False,['45 to 49'],3.0
2000444865.0,2022-03-09 10:00:00,1251,2022,WILSON AVENUE,CLAYSON ROAD,Major Arterial,North York,43.717593,-79.522998,618978.452,4841566.3049,At Intersection,Traffic Signal,Clear,Daylight,Dry,154,Oakdale-Beverley Heights,26,Downsview-Roding-CFB (26),Non-Fatal Injury,0,0,1,1,0,0,0,0,1,1,1,0,0,Turning Movement,"['Driver', 'Motorcycle Driver']",East,"['Automobile, Station Wagon', 'Motorcycle']","['Turning Left', 'Going Ahead']","['Failed to Yield Right of Way', 'Disobeyed Traffic Control']","['Inattentive', 'Unknown']",['Not Applicable'],['Not Applicable'],['Not Applicable'],['Not Applicable'],['Not Applicable'],False,"['70 to 74', '20 to 24']",3.0
2000459968.0,2022-03-11 10:00:00,1445,2022,MARKHAM RD,NASHDENE RD,Major Arterial,Scarborough,43.820166,-79.24615,641038.6066,4853393.303,At Intersection,Traffic Signal,Clear,Daylight,Dry,144,Morningside Heights,131,Rouge (131),Non-Fatal Injury,1,0,0,0,1,0,0,0,0,0,0,0,0,Pedestrian Collisions,"['Truck Driver', 'Pedestrian']",North,['Truck-Tractor'],['Going Ahead'],['Driving Properly'],['Normal'],['Other'],['Medical or Physical Disability'],['Not Applicable'],['Not Applicable'],['Not Applicable'],False,"['50 to 54', '20 to 24']",3.0
2000469670.0,2022-03-13 09:00:00,324,2022,RATHBURN RD,CENTENNIAL PARK ROAD,Minor Arterial,Etobicoke York,43.65053,-79.581714,614375.9764,4834035.4633,Non Intersection,No Control,Clear,"Dark, artificial",Dry,11,Eringate-Centennial-West Deane,11,Eringate-Centennial-West Deane (11),Non-Fatal Injury,0,0,1,0,0,0,0,0,1,1,0,1,0,SMV Other,['Driver'],West,"['Automobile, Station Wagon']",['Going Ahead'],['Lost control'],"['Ability Impaired, Alcohol']",['Not Applicable'],['Not Applicable'],['Not Applicable'],['Not Applicable'],['Not Applicable'],False,['35 to 39'],3.0
2000495169.0,2022-03-16 08:00:00,1945,2022,15 THORNCLIFFE PARK DR,Not Applicable,Collector,North York,43.703654,-79.347598,633138.6244,4840284.916,Non Intersection,No Control,"Fog, Mist, Smoke, Dust","Dark, artificial",Dry,55,Thorncliffe Park,55,Thorncliffe Park (55),Non-Fatal Injury,1,0,1,0,0,0,0,0,0,1,0,0,0,Pedestrian Collisions,"['Driver', 'Pedestrian']",West,"['Automobile, Station Wagon']",['Turning Left'],['Failed to Yield Right of Way'],['Inattentive'],"['Crossing, no Traffic Control']",['Normal'],['Not Applicable'],['Not Applicable'],['Not Applicable'],False,"['20 to 24', '75 to 79']",3.0
2000518219.0,2022-03-20 08:00:00,252,2022,BATHURST ST,NIAGARA ST,Major Arterial,Toronto and East York,43.641841,-79.401851,628899.5306,4833334.0521,At Intersection,Traffic Signal,Rain,"Dark, artificial",Wet,164,Wellington Place,77,Waterfront Communities-The Island (77),Non-Fatal Injury,1,0,1,0,0,0,0,1,0,1,0,0,0,Pedestrian Collisions,"['Driver', 'Pedestrian', 'Passenger']",North,['Pick Up Truck'],['Turning Left'],['Failed to Yield Right of Way'],['Had Been Drinking'],['Crossing with right of way'],['Normal'],['Not Applicable'],['Not Applicable'],['Not Applicable'],False,"['30 to 34', '25 to 29', '15 to 19']",3.0
2000545515.0,2022-03-23 08:00:00,2330,2022,YONGE ST,PATRICIA AVE,Major Arterial,North York,43.790183,-79.418094,627274.9899,4849784.44,At Intersection,Traffic Signal,Rain,"Dark, artificial",Wet,50,Newtonbrook East,50,Newtonbrook East (50),Non-Fatal Injury,0,0,1,0,0,0,0,1,0,1,1,0,0,Turning Movement,"['Driver', 'Passenger']",East,"['Automobile, Station Wagon']","['Going Ahead', 'Turning Left']","['Disobeyed Traffic Control', 'Driving Properly']","['Inattentive', 'Normal']",['Not Applicable'],['Not Applicable'],['Not Applicable'],['Not Applicable'],['Not Applicable'],False,"['65 to 69', '35 to 39', '20 to 24']",3.0
2000584749.0,2022-03-29 08:00:00,1718,2022,WILSON AVE,WENDELL AVE,Major Arterial,Etobicoke York,43.716788,-79.52705,618653.6334,4841471.0899,Intersection Related,Traffic Signal,Clear,Daylight,Dry,154,Oakdale-Beverley Heights,26,Downsview-Roding-CFB (26),Non-Fatal Injury,0,1,1,0,0,0,0,0,0,1,1,0,0,Cyclist Collisions,"['Driver', 'Cyclist']",East,"['Automobile, Station Wagon', 'Bicycle']","['Going Ahead', 'Turning Left']",['Disobeyed Traffic Control'],['Inattentive'],['Not Applicable'],['Not Applicable'],['Not Applicable'],['Driving Properly'],['Normal'],False,"['15 to 19', '55 to 59']",3.0
2000598961.0,2022-03-31 08:00:00,1736,2022,LAKE SHORE BLVD W,SUPERIOR AVE,Major Arterial,Etobicoke York,43.614878,-79.48862,621955.5826,4830208.3782,At Intersection,Traffic Signal,Clear,Daylight,Dry,161,Humber Bay Shores,17,Mimico (includes Humber Bay Shores) (17),Fatal,1,0,1,0,0,0,0,0,0,1,1,0,0,Pedestrian Collisions,"['Pedestrian', 'Driver', 'Other']",East,"['Automobile, Station Wagon', 'Other']","['Going Ahead', 'Parked']",['Disobeyed Traffic Control'],['Inattentive'],['Crossing with right of way'],['Normal'],['Not Applicable'],['Not Applicable'],['Not Applicable'],True,"['40 to 44', '35 to 39', '75 to 79', 'unknown']",4.0
2000627947.0,2022-04-05 08:00:00,125,2022,LANSDOWNE AVE,LAPPIN AVE,Minor Arterial,Etobicoke York,43.664824,-79.445697,625315.2629,4835819.4522,Non Intersection,No Control,Clear,"Dark, artificial",Dry,171,Junction-Wallace Emerson,93,Dovercourt-Wallace Emerson-Junction (93),Fatal,1,0,1,0,0,0,0,0,0,0,0,0,0,Pedestrian Collisions,"['Pedestrian', 'Driver']",South,['Pick Up Truck'],['Going Ahead'],['Driving Properly'],['Normal'],"['Crossing, no Traffic Control']",['Inattentive'],['Not Applicable'],['Not Applicable'],['Not Applicable'],True,"['45 to 49', '40 to 44']",4.0
2000630643.0,2022-04-05 08:00:00,1230,2022,FINCH AVE W,400 S FINCH E RAMP,Major Arterial,Etobicoke York,43.753958,-79.532718,618123.9402,4845591.2511,Non Intersection,No Control,Clear,Daylight,Dry,22,Humbermede,22,Humbermede (22),Fatal,1,0,0,0,1,0,0,0,0,0,0,0,0,Pedestrian Collisions,"['Driver', 'Pedestrian']",West,['Truck-Tractor'],['Going Ahead'],['Driving Properly'],['Normal'],['Walking on Roadway with Traffic'],['Inattentive'],['Not Applicable'],['Not Applicable'],['Not Applicable'],True,"['35 to 39', '60 to 64']",4.0
2000662470.0,2022-04-09 08:00:00,2338,2022,KNIGHTON DR,WYNDCLIFF CR,Local,North York,43.737357,-79.31544,635653.6275,4844080.2723,At Intersection,Stop Sign,Clear,"Dark, artificial",Dry,43,Victoria Village,43,Victoria Village (43),Non-Fatal Injury,0,0,0,1,0,0,0,0,0,0,0,0,0,SMV Other,['Motorcycle Driver'],South,['Motorcycle'],['Turning Left'],['Lost control'],['Normal'],['Not Applicable'],['Not Applicable'],['Not Applicable'],['Not Applicable'],['Not Applicable'],False,['15 to 19'],3.0
2000673769.0,2022-04-11 08:00:00,1607,2022,22 BENTON RD,Not Applicable,Collector,Unknown,43.708949,-79.471324,623158.7399,4840681.7412,At/Near Private Drive,No Control,Clear,Daylight,Dry,30,Brookhaven-Amesbury,30,Brookhaven-Amesbury (30),Non-Fatal Injury,0,0,1,0,0,0,0,0,0,0,0,0,0,SMV Other,['Driver'],North,"['Automobile, Station Wagon']",['Reversing'],['Other'],['Other'],['Not Applicable'],['Not Applicable'],['Not Applicable'],['Not Applicable'],['Not Applicable'],False,['15 to 19'],3.0
2000677048.0,2022-04-12 08:00:00,556,2022,DANFORTH RD,MACKINAC CR,Major Arterial,Scarborough,43.749533,-79.244441,641342.4171,4845551.3024,Intersection Related,No Control,Clear,Dark,Dry,157,Bendale South,127,Bendale (127),Non-Fatal Injury,0,0,1,0,0,0,0,0,0,0,0,0,0,Approaching,['Driver'],North,"['Automobile, Station Wagon']",['Going Ahead'],"['Lost control', 'Driving Properly']","['Unknown', 'Normal']",['Not Applicable'],['Not Applicable'],['Not Applicable'],['Not Applicable'],['Not Applicable'],False,"['25 to 29', '35 to 39']",3.0
2000692125.0,2022-04-14 08:00:00,316,2022,SPADINA AVE,KING ST W,Major Arterial,Toronto and East York,43.644992,-79.394862,629456.4697,4833694.8896,Non Intersection,No Control,Rain,"Dark, artificial",Wet,164,Wellington Place,77,Waterfront Communities-The Island (77),Fatal,1,0,1,0,0,0,0,0,1,1,0,0,0,Pedestrian Collisions,"['Pedestrian', 'Driver']",East,"['Automobile, Station Wagon']",['Going Ahead'],['Exceeding Speed Limit'],['Unknown'],"['Crossing, no Traffic Control']",['Normal'],['Not Applicable'],['Not Applicable'],['Not Applicable'],True,"['30 to 34', 'unknown']",4.0
2000697983.0,2022-04-14 08:00:00,2042,2022,CALEDONIA RD,KITCHENER AVE,Minor Arterial,North York,43.688998,-79.460521,624070.2402,4838482.014,At Intersection,Traffic Signal,Clear,"Dark, artificial",Dry,109,Caledonia-Fairbank,109,Caledonia-Fairbank (109),Non-Fatal Injury,0,1,1,0,0,0,0,1,0,0,0,0,0,Cyclist Collisions,"['Driver', 'Cyclist', 'Cyclist Passenger']",North,"['Automobile, Station Wagon', 'Bicycle']","['Turning Left', 'Going Ahead']",['Improper Turn'],['Normal'],['Not Applicable'],['Not Applicable'],['Motorist turned left across cyclists path.'],['Driving Properly'],['Normal'],False,"['55 to 59', '20 to 24', '15 to 19']",3.0
2000699120.0,2022-04-15 08:00:00,43,2022,DON VALLEY PARKWAY  S,LEASIDE BDGE,Expressway,Toronto and East York,43.697924,-79.350124,632947.7599,4839644.4651,Non Intersection,No Control,Clear,"Dark, artificial",Dry,57,Broadview North,57,Broadview North (57),Fatal,1,0,1,0,0,0,0,0,0,0,0,0,0,Pedestrian Collisions,"['Pedestrian', 'Driver']",South,"['Automobile, Station Wagon']",['Going Ahead'],['Driving Properly'],['Normal'],['Other'],['Unknown'],['Not Applicable'],['Not Applicable'],['Not Applicable'],True,"['35 to 39', '60 to 64']",4.0
2000699426.0,2022-04-15 08:00:00,211,2022,665 KENNEDY RD,Not Applicable,Major Arterial,Scarborough,43.726008,-79.265292,639718.3629,4842903.1293,Non Intersection,No Control,Clear,"Dark, artificial",Dry,124,Kennedy Park,124,Kennedy Park (124),Non-Fatal Injury,0,0,1,0,0,0,0,1,0,1,0,0,0,Turning Movement,"['Driver', 'Passenger']",North,"['Automobile, Station Wagon']","['Turning Left', 'Going Ahead']","['Failed to Yield Right of Way', 'Driving Properly']","['Inattentive', 'Normal']",['Not Applicable'],['Not Applicable'],['Not Applicable'],['Not Applicable'],['Not Applicable'],False,"['25 to 29', '60 to 64']",3.0
2000709624.0,2022-04-16 08:00:00,1635,2022,GERRARD ST W,ELIZABETH ST,Minor Arterial,Toronto and East York,43.658164,-79.385913,630149.7707,4835171.8112,Non Intersection,No Control,Clear,Daylight,Dry,170,Yonge-Bay Corridor,76,Bay Street Corridor (76),Non-Fatal Injury,1,0,1,0,0,0,0,0,0,0,0,0,0,Pedestrian Collisions,"['Driver', 'Pedestrian']",South,"['Automobile, Station Wagon']",['Going Ahead'],['Driving Properly'],['Normal'],"['Crossing, no Traffic Control']",['Inattentive'],['Not Applicable'],['Not Applicable'],['Not Applicable'],False,"['35 to 39', '55 to 59']",3.0
2000718408.0,2022-04-18 08:00:00,554,2022,MARTIN GROVE RD,GARFELLA DR,Minor Arterial,Etobicoke York,43.744216,-79.595325,613102.0594,4844421.8846,At Intersection,Traffic Signal,Clear,"Dark, artificial",Dry,2,Mount Olive-Silverstone-Jamestown,2,Mount Olive-Silverstone-Jamestown (2),Non-Fatal Injury,1,0,1,0,0,0,0,0,0,0,0,0,0,Pedestrian Collisions,"['Driver', 'Pedestrian']",East,"['Automobile, Station Wagon']",['Turning Left'],['Driving Properly'],['Inattentive'],['Crossing with right of way'],['Normal'],['Not Applicable'],['Not Applicable'],['Not Applicable'],False,"['25 to 29', '40 to 44']",3.0
2000722938.0,2022-04-18 08:00:00,2120,2022,KENNEDY RD,STEELES AVE E,Major Arterial,Scarborough,43.823619,-79.307025,636135.3475,4853674.8288,At Intersection,Traffic Signal,Rain,"Dark, artificial",Slush,130,Milliken,130,Milliken (130),Non-Fatal Injury,0,1,0,0,1,0,0,0,0,0,0,0,0,Cyclist Collisions,"['Cyclist', 'Truck Driver']",East,"['Bicycle', 'Truck - Closed (Blazer, etc)']","['Going Ahead', 'Turning Left']",['Driving Properly'],['Normal'],['Not Applicable'],['Not Applicable'],"['Cyclist without ROW rides into path of motorist at inter, lnwy, dwy-Cyclist not turn.']",['Other'],['Normal'],False,"['60 to 64', '25 to 29']",3.0
2000725125.0,2022-04-19 08:00:00,837,2022,1491 LAKE SHORE BLVD W,Not Applicable,Major Arterial,Toronto and East York,43.636389,-79.444042,625507.911,4832663.8782,Non Intersection,No Control,Clear,Daylight,Dry,85,South Parkdale,85,South Parkdale (85),Non-Fatal Injury,0,0,1,1,0,0,0,0,0,1,0,0,0,Rear End,"['Motorcycle Driver', 'Driver']",East,"['Motorcycle', 'Pick Up Truck']",['Going Ahead'],"['Improper Passing', 'Driving Properly']",['Normal'],['Not Applicable'],['Not Applicable'],['Not Applicable'],['Not Applicable'],['Not Applicable'],False,"['35 to 39', '20 to 24']",3.0
2000729543.0,2022-04-19 08:00:00,2015,2022,LAKE SHORE BLVD W,LAKE CRES,Major Arterial,Etobicoke York,43.606276,-79.490588,621814.144,4829250.1335,Non Intersection,No Control,Clear,"Dark, artificial",Dry,160,Mimico-Queensway,17,Mimico (includes Humber Bay Shores) (17),Non-Fatal Injury,0,0,1,0,0,0,0,0,1,1,0,0,0,Approaching,['Driver'],East,"['Automobile, Station Wagon', 'Pick Up Truck']",['Going Ahead'],"['Lost control', 'Driving Properly']","['Unknown', 'Normal']",['Not Applicable'],['Not Applicable'],['Not Applicable'],['Not Applicable'],['Not Applicable'],False,"['20 to 24', '30 to 34']",3.0
2000746819.0,2022-04-22 08:00:00,1000,2022,SPADINA AV,QUEEN ST W,Major Arterial,Toronto and East York,43.648761,-79.396351,629328.2899,4834111.1645,Intersection Related,Traffic Signal,Clear,Daylight,Dry,164,Wellington Place,77,Waterfront Communities-The Island (77),Non-Fatal Injury,0,1,0,0,1,0,0,0,0,1,0,0,0,Cyclist Collisions,"['Truck Driver', 'Cyclist']",South,"['Truck - Dump', 'Bicycle']",['Going Ahead'],['Improper Passing'],['Normal'],['Not Applicable'],['Not Applicable'],['Not Applicable'],['Driving Properly'],['Normal'],False,"['50 to 54', '35 to 39']",3.0
2000768413.0,2022-04-25 08:00:00,1345,2022,452 DANFORTH AVE,Not Applicable,Major Arterial,Toronto and East York,43.677825,-79.350108,632993.462,4837412.218,Non Intersection,No Control,Rain,Daylight,Wet,68,North Riverdale,68,North Riverdale (68),Non-Fatal Injury,1,1,0,0,0,0,0,0,1,1,0,0,0,Pedestrian Collisions,"['Moped Driver', 'Pedestrian']",North,['Moped'],['Going Ahead'],['Speed too Fast For Condition'],['Inattentive'],['Person Getting on/off Vehicle'],['Inattentive'],['Not Applicable'],['Not Applicable'],['Not Applicable'],False,"['35 to 39', '5 to 9']",3.0
2000773802.0,2022-04-26 08:00:00,1003,2022,WESTON RD,HUMBER BLVD,Major Arterial,Etobicoke York,43.683356,-79.480282,622489.1234,4837826.0185,Intersection Related,No Control,Clear,Daylight,Dry,111,Rockcliffe-Smythe,111,Rockcliffe-Smythe (111),Non-Fatal Injury,0,0,1,1,0,0,0,0,1,1,0,0,0,Sideswipe,"['Motorcycle Driver', 'Driver']",South,"['Motorcycle', 'Automobile, Station Wagon', 'Passenger Van']","['Going Ahead', 'Changing Lanes']","['Failed to Yield Right of Way', 'Driving Properly']","['Inattentive', 'Normal']",['Not Applicable'],['Not Applicable'],['Not Applicable'],['Not Applicable'],['Not Applicable'],False,"['30 to 34', '60 to 64']",3.0
2000774562.0,2022-04-26 08:00:00,1149,2022,BLUFFWOOD DR,STEELES AVE E,Major Arterial,North York,43.807639,-79.376056,630619.2179,4851788.7029,At Intersection,Traffic Signal,Clear,Daylight,Dry,49,Bayview Woods-Steeles,49,Bayview Woods-Steeles (49),Fatal,1,0,1,0,0,0,0,0,0,0,0,0,0,Pedestrian Collisions,"['Pedestrian', 'Driver']",North,"['Automobile, Station Wagon']",['Turning Right'],['Improper Turn'],['Inattentive'],['Crossing with right of way'],['Inattentive'],['Not Applicable'],['Not Applicable'],['Not Applicable'],True,"['Over 95', '60 to 64']",4.0
2000785196.0,2022-04-27 08:00:00,2135,2022,MORNINGSIDE AVE,FINCH AVE E,Minor Arterial,Scarborough,43.819625,-79.221034,643059.6646,4853376.3444,At Intersection,Traffic Signal,Clear,"Dark, artificial",Dry,145,Malvern West,132,Malvern (132),Non-Fatal Injury,1,0,1,0,0,0,0,1,1,1,0,0,0,Pedestrian Collisions,"['Driver', 'Passenger', 'Pedestrian']",North,"['Automobile, Station Wagon']",['Turning Left'],['Exceeding Speed Limit'],['Inattentive'],['Crossing with right of way'],['Normal'],['Not Applicable'],['Not Applicable'],['Not Applicable'],False,"['25 to 29', '20 to 24']",3.0
2000833786.0,2022-05-04 08:00:00,2315,2022,KEELE ST,TORO RD,Major Arterial,North York,43.759757,-79.490039,621548.1098,4846297.0651,Intersection Related,Traffic Signal,Clear,"Dark, artificial",Dry,27,York University Heights,27,York University Heights (27),Non-Fatal Injury,0,1,1,0,0,0,0,0,0,1,0,0,0,Cyclist Collisions,"['Driver', 'Cyclist']",North,"['Automobile, Station Wagon', 'Bicycle']",['Going Ahead'],['Other'],['Unknown'],['Not Applicable'],['Not Applicable'],['Cyclist and Driver travelling in same direction. One vehicle rear-ended the other.'],['Driving Properly'],['Unknown'],False,"['20 to 24', '40 to 44']",3.0
2000850476.0,2022-05-07 08:00:00,935,2022,REINER RD,FAYWOOD BLVD,Collector,North York,43.749636,-79.450214,624774.9826,4845232.1963,At Intersection,Stop Sign,Clear,Daylight,Dry,33,Clanton Park,33,Clanton Park (33),Non-Fatal Injury,1,0,1,0,0,0,0,0,0,1,0,0,0,Pedestrian Collisions,"['Driver', 'Pedestrian']",North,"['Automobile, Station Wagon']",['Turning Left'],['Failed to Yield Right of Way'],['Inattentive'],['Crossing with right of way'],['Normal'],['Not Applicable'],['Not Applicable'],['Not Applicable'],False,"['50 to 54', '70 to 74']",3.0
2000852942.0,2022-05-07 08:00:00,1630,2022,PARKVIEW AVE,LONGMORE ST,Local,North York,43.773455,-79.401767,628624.4865,4847951.7721,Non Intersection,No Control,Clear,Daylight,Dry,152,East Willowdale,51,Willowdale East (51),Non-Fatal Injury,0,0,0,1,0,0,0,0,1,1,0,0,0,SMV Other,['Motorcycle Driver'],East,['Motorcycle'],['Going Ahead'],['Lost control'],['Normal'],['Not Applicable'],['Not Applicable'],['Not Applicable'],['Not Applicable'],['Not Applicable'],False,['50 to 54'],3.0
2000860343.0,2022-05-08 08:00:00,1915,2022,ST CLAIR AVE W,GUNNS RD,Major Arterial,Etobicoke York,43.67171,-79.47108,623254.652,4836546.206,Intersection Related,Traffic Signal,Clear,Daylight,Dry,90,Junction Area,90,Junction Area (90),Non-Fatal Injury,0,0,1,0,0,0,0,1,1,1,1,0,0,Turning Movement,"['Driver', 'Passenger']",South,"['Automobile, Station Wagon']","['Going Ahead', 'Turning Right']","['Other', 'Disobeyed Traffic Control', 'Driving Properly']","['Inattentive', 'Normal']",['Not Applicable'],['Not Applicable'],['Not Applicable'],['Not Applicable'],['Not Applicable'],False,"['15 to 19', '25 to 29', '35 to 39', '0 to 4']",3.0
2000874402.0,2022-05-10 08:00:00,1632,2022,CONSILIUM PL,PROGRESS AVE,Minor Arterial,Scarborough,43.776595,-79.250499,640791.1742,4848546.6365,At Intersection,Traffic Signal,Clear,Daylight,Dry,142,Woburn North,137,Woburn (137),Non-Fatal Injury,0,0,1,1,0,0,0,0,0,0,0,0,0,Turning Movement,"['Driver', 'Motorcycle Driver']",East,"['Automobile, Station Wagon', 'Motorcycle']","['Turning Left', 'Going Ahead']","['Improper Turn', 'Driving Properly']","['Inattentive', 'Normal']",['Not Applicable'],['Not Applicable'],['Not Applicable'],['Not Applicable'],['Not Applicable'],False,"['50 to 54', '55 to 59']",3.0
2000874869.0,2022-05-10 08:00:00,1728,2022,ELLESMERE RD,MIDLAND AVE,Major Arterial,Scarborough,43.767852,-79.271076,639155.4973,4847540.8027,At Intersection,Traffic Signal,Clear,Daylight,Dry,156,Bendale-Glen Andrew,127,Bendale (127),Non-Fatal Injury,1,0,1,0,0,0,0,0,0,0,0,0,0,Pedestrian Collisions,"['Driver', 'Pedestrian']",East,"['Automobile, Station Wagon']",['Going Ahead'],['Driving Properly'],['Inattentive'],['Crossing without right of way'],['Inattentive'],['Not Applicable'],['Not Applicable'],['Not Applicable'],False,"['55 to 59', '10 to 14']",3.0
2000881205.0,2022-05-11 08:00:00,1455,2022,NORTH QUEEN ST,NOVA RD,Minor Arterial,Etobicoke York,43.616034,-79.556918,616442.2346,4830238.729,At Intersection,Traffic Signal,Clear,Daylight,Dry,159,Etobicoke City Centre,14,Islington-City Centre West (14),Non-Fatal Injury,0,0,1,0,0,0,0,0,0,0,0,0,0,SMV Other,['Driver'],East,"['Automobile, Station Wagon']",['Turning Left'],['Lost control'],['Unknown'],['Not Applicable'],['Not Applicable'],['Not Applicable'],['Not Applicable'],['Not Applicable'],False,['80 to 84'],3.0
2000899254.0,2022-05-13 08:00:00,2210,2022,SALINAS CRT,ROSELAWN AVE,Local,Toronto and East York,43.70048,-79.449024,624972.9661,4839774.5132,Intersection Related,No Control,Clear,"Dark, artificial",Dry,108,Briar Hill-Belgravia,108,Briar Hill-Belgravia (108),Fatal,0,1,0,1,0,0,0,0,0,0,0,0,0,SMV Other,['Moped Driver'],East,['Motorcycle'],['Going Ahead'],['Lost control'],['Had Been Drinking'],['Not Applicable'],['Not Applicable'],['Not Applicable'],['Not Applicable'],['Not Applicable'],True,['35 to 39'],4.0
2000905786.0,2022-05-14 08:00:00,2045,2022,151 CHERRY ST,Not Applicable,Collector,Toronto and East York,43.639537,-79.347293,633305.0781,4833164.3419,Non Intersection,No Control,Clear,"Dark, artificial",Loose Sand or Gravel,70,South Riverdale,70,South Riverdale (70),Non-Fatal Injury,0,0,0,1,0,0,0,1,1,1,0,0,0,SMV Other,"['Motorcycle Driver', 'Motorcycle Passenger']",North,['Motorcycle'],['Going Ahead'],['Lost control'],['Normal'],['Not Applicable'],['Not Applicable'],['Not Applicable'],['Not Applicable'],['Not Applicable'],False,"['60 to 64', '75 to 79']",3.0
2000933204.0,2022-05-18 08:00:00,1642,2022,WILSON AVE,KEELE ST,Major Arterial,North York,43.726569,-79.482028,622260.5181,4842622.8433,At Intersection,Traffic Signal,Clear,Daylight,Dry,155,Downsview,26,Downsview-Roding-CFB (26),Non-Fatal Injury,1,0,1,0,0,0,0,0,0,1,0,0,0,Pedestrian Collisions,"['Driver', 'Pedestrian']",East,"['Automobile, Station Wagon']","['Turning Left', 'Going Ahead']",['Failed to Yield Right of Way'],['Normal'],['Crossing with right of way'],['Normal'],['Not Applicable'],['Not Applicable'],['Not Applicable'],False,"['70 to 74', '50 to 54']",3.0
2000945428.0,2022-05-20 08:00:00,1045,2022,ISLINGTON AVE,PRINCESS MARGARET BLVD,Major Arterial,Etobicoke York,43.675574,-79.537082,617926.2558,4836879.4045,At Intersection,Traffic Signal,Clear,Daylight,Dry,9,Edenbridge-Humber Valley,9,Edenbridge-Humber Valley (9),Non-Fatal Injury,0,0,1,0,0,0,0,0,0,1,1,0,0,Angle,['Driver'],North,"['Pick Up Truck', 'Off Road - Other']","['Going Ahead', 'Other']","['Disobeyed Traffic Control', 'Driving Properly']","['Inattentive', 'Normal']",['Not Applicable'],['Not Applicable'],['Not Applicable'],['Not Applicable'],['Not Applicable'],False,"['40 to 44', '30 to 34']",3.0
2000962188.0,2022-05-22 08:00:00,1443,2022,DUFFERIN ST,CROATIA ST,Major Arterial,Toronto and East York,43.658274,-79.434741,626212.32,4835108.5957,At Intersection,Stop Sign,Clear,Daylight,Dry,83,Dufferin Grove,83,Dufferin Grove (83),Non-Fatal Injury,1,0,1,0,0,0,0,1,0,1,0,0,0,Pedestrian Collisions,"['Driver', 'Passenger', 'Pedestrian']",East,"['Automobile, Station Wagon']",['Turning Left'],['Failed to Yield Right of Way'],['Inattentive'],['Crossing without right of way'],['Inattentive'],['Not Applicable'],['Not Applicable'],['Not Applicable'],False,"['60 to 64', '40 to 44', '65 to 69']",3.0
2000963706.0,2022-05-22 08:00:00,1911,2022,2467 QUEEN ST E,Not Applicable,Minor Arterial,Toronto and East York,43.673403,-79.283077,638406.8845,4837030.7607,At Intersection,Stop Sign,Clear,Daylight,Dry,63,The Beaches,63,The Beaches (63),Fatal,0,0,1,0,0,0,0,0,0,0,0,0,0,SMV Other,"['Driver', 'Other']",South,"['Pick Up Truck', 'Automobile, Station Wagon']","['Going Ahead', 'Parked']",['Lost control'],['Unknown'],['Not Applicable'],['Not Applicable'],['Not Applicable'],['Not Applicable'],['Not Applicable'],True,"['65 to 69', 'unknown']",4.0
2000984362.0,2022-05-25 08:00:00,1656,2022,COLLEGE ST,EUCLID AVE,Major Arterial,Toronto and East York,43.655512,-79.411853,628063.7492,4834836.9094,Non Intersection,No Control,Clear,Daylight,Dry,81,Trinity-Bellwoods,81,Trinity-Bellwoods (81),Non-Fatal Injury,0,1,1,0,0,0,0,0,0,0,0,0,0,Cyclist Collisions,"['Cyclist', 'Driver']",West,"['Bicycle', 'Automobile, Station Wagon']",['Going Ahead'],['Driving Properly'],['Normal'],['Not Applicable'],['Not Applicable'],['Cyclist and Driver travelling in same direction. One vehicle sideswipes the other.'],['Driving Properly'],['Had Been Drinking'],False,"['40 to 44', '30 to 34']",3.0