accident_number,date,time,year,street1,street2,road_class,district,latitude,longitude,x,y,accident_location,traffctl,visibility,light,road_surface_condition,hood_158,neighbourhood_new,hood_140,neighbourhood_old,accident_class,pedestrian,cyclist,automobile,motorcycle,truck,trsn_city_veh,emerg_veh,passenger,speeding,aggressive_driving,redlight,alcohol,disability,impact_type,involvement_type,initial_direction,vehicle_type,manoeuver,driver_action,driver_condition,pedestrian_action,pedestrian_condition,cyclist_type,cyclist_action,cyclist_condition,injury,involvement_age,injury_severity_score
2000986496.0,2022-05-25 08:00:00,2312,2022,LAKE SHORE BLVD W,BRITISH COLUMBIA RD,Major Arterial,Toronto and East York,43.630168,-79.426128,626966.0181,4832000.1996,Non Intersection,No Control,Clear,"Dark, artificial",Dry,163,Fort York-Liberty Village,82,Niagara (82),Fatal,0,0,1,0,0,0,0,0,0,0,0,0,0,Approaching,['Driver'],East,"['Automobile, Station Wagon']",['Going Ahead'],"['Lost control', 'Driving Properly']",['Normal'],['Not Applicable'],['Not Applicable'],['Not Applicable'],['Not Applicable'],['Not Applicable'],True,"['20 to 24', '40 to 44']",4.0
2000988089.0,2022-05-26 08:00:00,831,2022,STEELES AVE E,MAXOME AVE,Major Arterial,North York,43.800986,-79.406207,628208.2825,4851002.629,At Intersection,Traffic Signal,Clear,Daylight,Dry,50,Newtonbrook East,50,Newtonbrook East (50),Non-Fatal Injury,0,1,1,0,0,0,0,0,0,0,0,0,0,Cyclist Collisions,"['Driver', 'Cyclist']",North,"['Automobile, Station Wagon', 'Bicycle']","['Turning Left', 'Going Ahead']",['Improper Turn'],['Inattentive'],['Not Applicable'],['Not Applicable'],['Motorist turned left across cyclists path.'],['Driving Properly'],['Normal'],False,['20 to 24'],3.0
2001001629.0,2022-05-27 08:00:00,2341,2022,6 KEMP SQUARE,Not Applicable,Local,Unknown,43.699996,-79.495494,621229.4972,4839651.7622,Non Intersection,No Control,Clear,"Dark, artificial",Dry,30,Brookhaven-Amesbury,30,Brookhaven-Amesbury (30),Non-Fatal Injury,0,0,1,0,0,0,0,0,0,0,0,1,0,SMV Other,['Driver'],South,"['Automobile, Station Wagon']",['Going Ahead'],['Lost control'],"['Ability Impaired, Alcohol Over .08']",['Not Applicable'],['Not Applicable'],['Not Applicable'],['Not Applicable'],['Not Applicable'],False,['45 to 49'],3.0
2001007343.0,2022-05-28 08:00:00,2015,2022,DON VALLEY PARKWAY  S,LAWRENCE AVE E,Expressway,North York,43.739955,-79.332233,634295.504,4844341.46,Non Intersection,No Control,Clear,Daylight,Dry,42,Banbury-Don Mills,42,Banbury-Don Mills (42),Non-Fatal Injury,0,0,1,1,0,0,0,0,0,1,0,0,0,Rear End,"['Motorcycle Driver', 'Driver']",South,"['Motorcycle', 'Automobile, Station Wagon']","['Going Ahead', 'Slowing or Stopping']","['Following too Close', 'Driving Properly']","['Inattentive', 'Normal']",['Not Applicable'],['Not Applicable'],['Not Applicable'],['Not Applicable'],['Not Applicable'],False,"['40 to 44', '15 to 19']",3.0
2001020904.0,2022-05-30 08:00:00,1847,2022,QUEENS QUAY E,MERCHANTS WHARF,Minor Arterial,Toronto and East York,43.645484,-79.364284,631921.5749,4833797.6847,At Intersection,No Control,Clear,Daylight,Dry,166,St Lawrence-East Bayfront-The Islands,77,Waterfront Communities-The Island (77),Non-Fatal Injury,0,1,1,0,0,0,0,0,0,0,0,0,0,Cyclist Collisions,"['Driver', 'Cyclist']",East,"['Automobile, Station Wagon', 'Bicycle']","['Turning Right', 'Going Ahead']",['Improper Turn'],['Normal'],['Not Applicable'],['Not Applicable'],"['Motorist turns right at non-signal Inter.(stop, yield, no cont.,and dwy) and strikes cyclist.']",['Driving Properly'],['Normal'],False,"['50 to 54', '10 to 14']",3.0
2001021476.0,2022-05-30 08:00:00,2012,2022,THE DONWAY E,GUYTOI CRT,Minor Arterial,North York,43.732337,-79.341464,633569.1146,4843480.4465,Intersection Related,No Control,Clear,"Dusk, artificial",Dry,42,Banbury-Don Mills,42,Banbury-Don Mills (42),Non-Fatal Injury,1,0,1,0,0,0,0,0,0,0,0,0,0,Pedestrian Collisions,"['Driver', 'Pedestrian']",East,"['Automobile, Station Wagon']",['Going Ahead'],['Driving Properly'],['Normal'],['Running onto Roadway'],['Other'],['Not Applicable'],['Not Applicable'],['Not Applicable'],False,"['30 to 34', '20 to 24']",3.0
2001027552.0,2022-05-31 08:00:00,1636,2022,EASTERN AVE,WOODFIELD RD,Minor Arterial,Toronto and East York,43.663516,-79.320537,635409.305,4835870.8498,At Intersection,Stop Sign,Clear,Daylight,Dry,63,The Beaches,63,The Beaches (63),Non-Fatal Injury,0,0,1,0,0,0,0,1,0,1,0,0,0,Angle,"['Driver', 'Passenger']",South,"['Automobile, Station Wagon']",['Going Ahead'],"['Disobeyed Traffic Control', 'Driving Properly']",['Normal'],['Not Applicable'],['Not Applicable'],['Not Applicable'],['Not Applicable'],['Not Applicable'],False,"['20 to 24', '25 to 29']",3.0
2001048848.0,2022-06-03 08:00:00,1240,2022,25 RIPLEY AVE,Not Applicable,Local,Unknown,43.637358,-79.474689,623033.8379,4832725.6156,Non Intersection,No Control,Clear,Daylight,Dry,87,High Park-Swansea,87,High Park-Swansea (87),Non-Fatal Injury,1,0,1,0,0,0,0,0,1,1,0,0,0,Pedestrian Collisions,"['Driver', 'Pedestrian']",North,['Delivery Van'],['Going Ahead'],['Other'],['Inattentive'],['Pushing/Working on Vehicle'],['Normal'],['Not Applicable'],['Not Applicable'],['Not Applicable'],False,"['45 to 49', '30 to 34']",3.0
2001049162.0,2022-06-03 08:00:00,1443,2022,GERRARD ST E,NORMANDY BLVD,Minor Arterial,Toronto and East York,43.679259,-79.313381,635950.7239,4837631.03,At Intersection,No Control,Clear,Daylight,Dry,64,Woodbine Corridor,64,Woodbine Corridor (64),Non-Fatal Injury,0,0,1,1,0,0,0,0,0,0,0,0,0,Turning Movement,"['Driver', 'Motorcycle Driver']",East,"['Automobile, Station Wagon', 'Motorcycle']","['Turning Left', 'Going Ahead']","['Improper Turn', 'Driving Properly']",['Unknown'],['Not Applicable'],['Not Applicable'],['Not Applicable'],['Not Applicable'],['Not Applicable'],False,"['60 to 64', '45 to 49']",3.0
2001058259.0,2022-06-04 08:00:00,1945,2022,MARKHAM RD,STEELES AVE E,Major Arterial,Scarborough,43.836528,-79.251148,640598.2559,4855202.066,At Intersection,Traffic Signal,Clear,Daylight,Dry,144,Morningside Heights,131,Rouge (131),Non-Fatal Injury,0,0,1,0,0,0,0,1,0,1,0,0,0,Turning Movement,"['Driver', 'Passenger']",North,"['Automobile, Station Wagon', 'Pick Up Truck']","['Turning Left', 'Going Ahead']","['Failed to Yield Right of Way', 'Driving Properly']","['Inattentive', 'Normal']",['Not Applicable'],['Not Applicable'],['Not Applicable'],['Not Applicable'],['Not Applicable'],False,"['25 to 29', '60 to 64', '45 to 49', '65 to 69', '55 to 59']",3.0
2001063847.0,2022-06-05 08:00:00,1625,2022,KING ST W,CLOSE AVE,Major Arterial,Toronto and East York,43.637389,-79.43468,626260.9891,4832789.1392,Non Intersection,No Control,Clear,Daylight,Dry,85,South Parkdale,85,South Parkdale (85),Non-Fatal Injury,1,0,1,0,0,0,0,0,0,0,0,0,0,Pedestrian Collisions,"['Driver', 'Pedestrian']",East,"['Automobile, Station Wagon']",['Going Ahead'],['Driving Properly'],['Normal'],['Running onto Roadway'],['Inattentive'],['Not Applicable'],['Not Applicable'],['Not Applicable'],False,"['30 to 34', '25 to 29']",3.0
2001085402.0,2022-06-08 08:00:00,1554,2022,DUNDAS ST W,LAKEVIEW AVE,Minor Arterial,Toronto and East York,43.649314,-79.42274,627198.9271,4834131.7956,Intersection Related,No Control,Clear,Daylight,Dry,81,Trinity-Bellwoods,81,Trinity-Bellwoods (81),Non-Fatal Injury,0,1,1,0,0,0,0,0,0,0,0,0,0,Cyclist Collisions,"['Driver', 'Cyclist']",West,"['Pick Up Truck', 'Bicycle']","['Changing Lanes', 'Going Ahead']",['Improper Lane Change'],['Inattentive'],['Not Applicable'],['Not Applicable'],['Cyclist and Driver travelling in same direction. One vehicle sideswipes the other.'],['Driving Properly'],['Normal'],False,['55 to 59'],3.0
2001096338.0,2022-06-10 08:00:00,307,2022,695 MIDLAND AVE,Not Applicable,Major Arterial,Scarborough,43.726344,-79.254642,640575.3687,4842958.4591,Non Intersection,No Control,Clear,"Dark, artificial",Dry,124,Kennedy Park,124,Kennedy Park (124),Non-Fatal Injury,0,0,1,0,0,0,0,0,0,0,0,0,0,SMV Other,['Driver'],North,"['Automobile, Station Wagon']",['Going Ahead'],['Lost control'],['Had Been Drinking'],['Not Applicable'],['Not Applicable'],['Not Applicable'],['Not Applicable'],['Not Applicable'],False,['20 to 24'],3.0
2001097209.0,2022-06-10 08:00:00,749,2022,THE WEST MALL,BURNHAMTHORPE RD,Major Arterial,Etobicoke York,43.64448,-79.567203,615557.8075,4833383.6362,At Intersection,Traffic Signal,Clear,Daylight,Dry,13,Etobicoke West Mall,13,Etobicoke West Mall (13),Non-Fatal Injury,0,0,0,0,1,0,0,1,0,1,0,0,0,Turning Movement,"['Truck Driver', 'Driver', 'Passenger']",South,"['Truck (other)', 'Other']","['Turning Right', 'Going Ahead']","['Failed to Yield Right of Way', 'Driving Properly']","['Inattentive', 'Normal']",['Not Applicable'],['Not Applicable'],['Not Applicable'],['Not Applicable'],['Not Applicable'],False,"['45 to 49', '55 to 59', '50 to 54']",3.0
2001105848.0,2022-06-11 08:00:00,1140,2022,DUFFERIN ST,ORFUS RD,Major Arterial,North York,43.720385,-79.456126,624359.5298,4841974.5617,Intersection Related,Traffic Signal,Clear,Daylight,Dry,31,Yorkdale-Glen Park,31,Yorkdale-Glen Park (31),Non-Fatal Injury,0,0,1,0,0,0,0,0,0,1,0,0,0,SMV Other,['Driver'],South,"['Automobile, Station Wagon']",['Going Ahead'],['Lost control'],['Normal'],['Not Applicable'],['Not Applicable'],['Not Applicable'],['Not Applicable'],['Not Applicable'],False,['90 to 94'],3.0
2001109273.0,2022-06-11 08:00:00,1236,2022,YONGE ST,ALBERTUS AVE,Major Arterial,North York,43.714495,-79.400012,628892.2005,4841406.1222,Intersection Related,No Control,Clear,"Dark, artificial",Dry,99,Mount Pleasant East,99,Mount Pleasant East (99),Non-Fatal Injury,1,0,1,0,0,0,0,0,0,0,0,0,0,Pedestrian Collisions,"['Driver', 'Pedestrian']",South,"['Automobile, Station Wagon']",['Going Ahead'],['Driving Properly'],['Normal'],"['Crossing, no Traffic Control']",['Inattentive'],['Not Applicable'],['Not Applicable'],['Not Applicable'],False,"['65 to 69', '20 to 24']",3.0
2001122186.0,2022-06-13 08:00:00,1815,2022,SHEPPARD AVE W,SENTINEL RD,Major Arterial,North York,43.743579,-79.491809,621438.3432,4844497.6647,At Intersection,Traffic Signal,Clear,Daylight,Dry,155,Downsview,26,Downsview-Roding-CFB (26),Fatal,0,0,1,1,0,0,0,0,1,1,0,0,0,Turning Movement,"['Driver', 'Motorcycle Driver']",East,"['Automobile, Station Wagon', 'Motorcycle']","['Turning Left', 'Going Ahead']","['Failed to Yield Right of Way', 'Speed too Fast For Condition']","['Normal', 'Other']",['Not Applicable'],['Not Applicable'],['Not Applicable'],['Not Applicable'],['Not Applicable'],True,"['40 to 44', '35 to 39']",4.0
2001126945.0,2022-06-14 08:00:00,1159,2022,836 BLOOR ST W,Not Applicable,Major Arterial,Toronto and East York,43.662306,-79.423663,627097.0789,4835573.3131,Non Intersection,No Control,Clear,Daylight,Dry,80,Palmerston-Little Italy,80,Palmerston-Little Italy (80),Non-Fatal Injury,1,1,0,0,0,0,0,0,0,0,0,0,0,Pedestrian Collisions,"['Cyclist', 'Pedestrian']",North,['Bicycle'],['Going Ahead'],[],[],"['Crossing, no Traffic Control']",['Inattentive'],['Cyclist strikes pedestrian.'],['Driving Properly'],['Unknown'],False,"['20 to 24', '75 to 79']",3.0
2001127226.0,2022-06-14 08:00:00,1246,2022,HUMBERLINE DR,HUDDERSFIELD RD,Minor Arterial,Etobicoke York,43.74034,-79.619365,611173.5608,4843958.8615,At/Near Private Drive,No Control,Clear,Daylight,Dry,1,West Humber-Clairville,1,West Humber-Clairville (1),Non-Fatal Injury,0,0,1,0,1,0,0,0,0,0,0,0,0,Angle,"['Truck Driver', 'Driver']",South,"['Truck - Closed (Blazer, etc)', 'Automobile, Station Wagon']","['Reversing', 'Going Ahead']","['Other', 'Driving Properly']",['Normal'],['Not Applicable'],['Not Applicable'],['Not Applicable'],['Not Applicable'],['Not Applicable'],False,"['30 to 34', '80 to 84']",3.0
2001145268.0,2022-06-16 08:00:00,1930,2022,OVERLEA BLVD,THORNCLIFFE PARK DR,Major Arterial,North York,43.707385,-79.343669,633446.919,4840705.614,At Intersection,Traffic Signal,Clear,Daylight,Dry,55,Thorncliffe Park,55,Thorncliffe Park (55),Non-Fatal Injury,0,1,1,0,0,0,0,1,0,0,0,0,0,Cyclist Collisions,"['Cyclist', 'Driver', 'Passenger']",East,"['Bicycle', 'Automobile, Station Wagon']",['Going Ahead'],['Driving Properly'],['Normal'],['Not Applicable'],['Not Applicable'],"['Cyclist without ROW rides into path of motorist at inter, lnwy, dwy-Cyclist not turn.']",['Disobeyed Traffic Control'],['Inattentive'],False,"['10 to 14', '80 to 84']",3.0
2001153999.0,2022-06-17 08:00:00,2350,2022,360 ROYAL YORK RD,Not Applicable,Minor Arterial,Unknown,43.617835,-79.499057,621107.4613,4830521.514,At/Near Private Drive,No Control,Clear,Dark,Dry,160,Mimico-Queensway,17,Mimico (includes Humber Bay Shores) (17),Non-Fatal Injury,0,0,1,1,0,0,0,0,0,1,0,0,0,Turning Movement,"['Driver', 'Motorcycle Driver']",North,"['Automobile, Station Wagon', 'Motorcycle']","['Turning Left', 'Going Ahead']","['Failed to Yield Right of Way', 'Driving Properly']","['Inattentive', 'Normal']",['Not Applicable'],['Not Applicable'],['Not Applicable'],['Not Applicable'],['Not Applicable'],False,"['50 to 54', '45 to 49']",3.0
2001159151.0,2022-06-18 08:00:00,1855,2022,GAMBLE AVE,PAPE AVE,Major Arterial,Toronto and East York,43.690329,-79.349132,633044.4911,4838802.5253,At Intersection,Stop Sign,Clear,Daylight,Dry,58,Old East York,58,Old East York (58),Non-Fatal Injury,1,0,1,0,0,0,0,0,0,1,0,0,0,Pedestrian Collisions,"['Driver', 'Pedestrian']",East,"['Automobile, Station Wagon']",['Going Ahead'],['Failed to Yield Right of Way'],['Inattentive'],['Crossing with right of way'],['Normal'],['Not Applicable'],['Not Applicable'],['Not Applicable'],False,['60 to 64'],3.0
2001159560.0,2022-06-18 08:00:00,2015,2022,BRIMLEY RD,EGLINTON AVE E,Major Arterial,Scarborough,43.736624,-79.24805,641082.1697,4844111.4105,At Intersection,Traffic Signal,Clear,Daylight,Dry,124,Kennedy Park,124,Kennedy Park (124),Non-Fatal Injury,1,0,1,0,0,0,0,0,0,0,0,0,0,Pedestrian Collisions,"['Driver', 'Pedestrian']",North,"['Automobile, Station Wagon']",['Turning Left'],['Improper Turn'],['Inattentive'],['Crossing with right of way'],['Normal'],['Not Applicable'],['Not Applicable'],['Not Applicable'],False,"['35 to 39', '25 to 29']",3.0
2001166978.0,2022-06-20 08:00:00,47,2022,MARKHAM RD,BLAKEMANOR BLVD,Major Arterial,Scarborough,43.749045,-79.221446,643194.9621,4845536.599,Non Intersection,No Control,Clear,"Dark, artificial",Dry,141,Golfdale-Cedarbrae-Woburn,137,Woburn (137),Fatal,1,0,0,0,0,1,0,0,0,0,0,0,0,Pedestrian Collisions,"['Pedestrian', 'Driver']",North,['Municipal Transit Bus (TTC)'],['Going Ahead'],['Driving Properly'],['Normal'],['Running onto Roadway'],['Other'],['Not Applicable'],['Not Applicable'],['Not Applicable'],True,['30 to 34'],4.0
2001169875.0,2022-06-20 08:00:00,1235,2022,BRIMLEY RD,BRIMORTON DR,Major Arterial,Scarborough,43.764178,-79.259158,640123.3281,4847152.8461,Non Intersection,No Control,Clear,Daylight,Dry,156,Bendale-Glen Andrew,127,Bendale (127),Non-Fatal Injury,0,0,1,0,0,0,0,0,1,1,0,0,0,SMV Other,['Driver'],North,"['Automobile, Station Wagon']",['Going Ahead'],['Lost control'],['Unknown'],['Not Applicable'],['Not Applicable'],['Not Applicable'],['Not Applicable'],['Not Applicable'],False,['15 to 19'],3.0
2001175617.0,2022-06-21 08:00:00,906,2022,28 TREMONT CRES,Not Applicable,Local,North York,43.736521,-79.352756,632650.4729,4843927.0003,Non Intersection,No Control,Clear,Daylight,Dry,42,Banbury-Don Mills,42,Banbury-Don Mills (42),Fatal,1,0,0,0,1,0,0,0,0,0,0,0,0,Pedestrian Collisions,"['Pedestrian', 'Driver']",East,['Truck (other)'],['Reversing'],['Other'],['Normal'],['Walking on Roadway Against Traffic'],['Normal'],['Not Applicable'],['Not Applicable'],['Not Applicable'],True,"['85 to 89', '35 to 39']",4.0
2001178288.0,2022-06-21 08:00:00,1530,2022,ADELAIDE ST E,POWER ST,Major Arterial,North York,43.654006,-79.362697,632030.8947,4834746.6888,At Intersection,Stop Sign,Clear,Daylight,Dry,73,Moss Park,73,Moss Park (73),Non-Fatal Injury,0,0,1,1,0,0,0,0,1,1,0,0,0,Angle,"['Motorcycle Driver', 'Driver']",East,"['Motorcycle', 'Automobile, Station Wagon']",['Going Ahead'],"['Exceeding Speed Limit', 'Driving Properly']",['Normal'],['Not Applicable'],['Not Applicable'],['Not Applicable'],['Not Applicable'],['Not Applicable'],False,['25 to 29'],3.0
2001187840.0,2022-06-22 08:00:00,2046,2022,WILLIAM R ALLEN RD,SHEPPARD AVE W,Major Arterial,North York,43.750247,-79.46336,623715.3158,4845280.339,Non Intersection,No Control,Clear,"Dark, artificial",Dry,155,Downsview,26,Downsview-Roding-CFB (26),Non-Fatal Injury,0,0,1,0,0,0,0,1,1,1,0,0,0,SMV Other,"['Driver', 'Passenger']",South,"['Automobile, Station Wagon']",['Going Ahead'],['Failed to Yield Right of Way'],['Other'],['Not Applicable'],['Not Applicable'],['Not Applicable'],['Not Applicable'],['Not Applicable'],False,"['60 to 64', '40 to 44']",3.0
2001202991.0,2022-06-24 08:00:00,2210,2022,1760 Albion Rd,Not Applicable,Major Arterial,Etobicoke York,43.743365,-79.603,612485.6712,4844316.9197,Non Intersection,No Control,Clear,"Dark, artificial",Dry,1,West Humber-Clairville,1,West Humber-Clairville (1),Fatal,0,0,1,1,0,0,0,0,0,0,0,0,0,Turning Movement,"['Motorcycle Driver', 'Driver']",East,"['Automobile, Station Wagon']","['Going Ahead', 'Turning Left']","['Driving Properly', 'Improper Turn']","['Normal', 'Inattentive']",['Not Applicable'],['Not Applicable'],['Not Applicable'],['Not Applicable'],['Not Applicable'],True,"['60 to 64', '20 to 24']",4.0
2001212143.0,2022-06-26 08:00:00,600,2022,SPADINA AVE,QUEEN ST W,Major Arterial,Toronto and East York,43.648482,-79.396251,629336.9535,4834080.3338,Non Intersection,No Control,Clear,Daylight,Dry,164,Wellington Place,77,Waterfront Communities-The Island (77),Non-Fatal Injury,0,1,1,0,0,0,0,0,0,0,0,0,0,Cyclist Collisions,"['Driver', 'Cyclist']",South,"['Automobile, Station Wagon', 'Bicycle']",['Going Ahead'],['Other'],['Other'],['Not Applicable'],['Not Applicable'],['Cyclist and Driver travelling in same direction. One vehicle sideswipes the other.'],['Other'],['Other'],False,"['unknown', '30 to 34']",3.0
2001217698.0,2022-06-27 08:00:00,238,2022,QUEEN ST W,BELLWOODS AVE,Major Arterial,Toronto and East York,43.645774,-79.410747,628173.6474,4833757.085,At Intersection,No Control,Clear,"Dark, artificial",Dry,162,West Queen West,82,Niagara (82),Non-Fatal Injury,0,1,1,0,0,0,0,0,0,1,0,0,0,Cyclist Collisions,"['Driver', 'Cyclist']",East,"['Automobile, Station Wagon', 'Bicycle']","['Turning Left', 'Going Ahead']",['Failed to Yield Right of Way'],['Inattentive'],['Not Applicable'],['Not Applicable'],['Motorist turned left across cyclists path.'],['Driving Properly'],['Normal'],False,"['55 to 59', '25 to 29']",3.0
2001223141.0,2022-06-27 08:00:00,1956,2022,BAY ST,SCOLLARD ST,Major Arterial,Toronto and East York,43.672064,-79.390491,629750.6758,4836708.421,At Intersection,Traffic Signal,Clear,Daylight,Dry,95,Annex,95,Annex (95),Non-Fatal Injury,0,0,1,0,0,0,0,0,0,1,1,0,0,Angle,['Driver'],North,"['Other', 'Automobile, Station Wagon']",['Going Ahead'],"['Disobeyed Traffic Control', 'Driving Properly']",['Normal'],['Not Applicable'],['Not Applicable'],['Not Applicable'],['Not Applicable'],['Not Applicable'],False,"['55 to 59', 'unknown']",3.0
2001244232.0,2022-06-30 08:00:00,1813,2022,ORTON PARK RD,BRIMORTON DR,Minor Arterial,Scarborough,43.77064,-79.208415,644192.2392,4847957.6696,Non Intersection,No Control,Clear,Daylight,Dry,141,Golfdale-Cedarbrae-Woburn,137,Woburn (137),Non-Fatal Injury,0,0,1,0,0,0,0,0,1,1,0,0,1,SMV Other,['Driver'],North,"['Automobile, Station Wagon']",['Going Ahead'],['Lost control'],['Medical or Physical Disability'],['Not Applicable'],['Not Applicable'],['Not Applicable'],['Not Applicable'],['Not Applicable'],False,['70 to 74'],3.0
2001244804.0,2022-06-30 08:00:00,1942,2022,575 CENTENNIAL PARK BLVD,Not Applicable,Collector,Unknown,43.653765,-79.595409,613265.4705,4834375.9675,At/Near Private Drive,No Control,Clear,Daylight,Dry,11,Eringate-Centennial-West Deane,11,Eringate-Centennial-West Deane (11),Non-Fatal Injury,0,0,0,1,0,0,0,0,1,1,0,0,0,SMV Other,['Motorcycle Driver'],North,['Motorcycle'],['Going Ahead'],['Lost control'],['Normal'],['Not Applicable'],['Not Applicable'],['Not Applicable'],['Not Applicable'],['Not Applicable'],False,['50 to 54'],3.0
2001252821.0,2022-07-01 08:00:00,2341,2022,WELLINGTON ST W,UNIVERSITY AVE,Major Arterial,Toronto and East York,43.646311,-79.384059,630324.9025,4833858.2897,At Intersection,Traffic Signal,Clear,"Dark, artificial",Wet,170,Yonge-Bay Corridor,76,Bay Street Corridor (76),Fatal,1,0,1,0,0,0,0,1,0,1,1,1,0,Pedestrian Collisions,"['Pedestrian', 'Driver', 'Passenger']",Unknown,"['Automobile, Station Wagon']",['Going Ahead'],"['Disobeyed Traffic Control', 'Driving Properly']","['Ability Impaired, Alcohol Over .08', 'Normal']","['Crossing with right of way', 'On Sidewalk or Shoulder']",['Normal'],['Not Applicable'],['Not Applicable'],['Not Applicable'],True,"['25 to 29', '30 to 34', '50 to 54', '45 to 49']",4.0
2001253169.0,2022-07-02 08:00:00,42,2022,ADELAIDE ST E,YONGE ST,Major Arterial,Toronto and East York,43.650336,-79.378429,630770.2294,4834314.1752,At Intersection,Traffic Signal,Clear,"Dark, artificial",Dry,168,Downtown Yonge East,75,Church-Yonge Corridor (75),Non-Fatal Injury,1,0,1,0,0,0,0,0,1,1,0,0,0,Pedestrian Collisions,"['Driver', 'Pedestrian']",East,"['Automobile, Station Wagon']",['Going Ahead'],['Exceeding Speed Limit'],['Normal'],['Crossing without right of way'],['Normal'],['Not Applicable'],['Not Applicable'],['Not Applicable'],False,['20 to 24'],3.0
2001257548.0,2022-07-02 08:00:00,1809,2022,ADELAIDE ST W,PORTLAND ST,Major Arterial,Toronto and East York,43.645659,-79.400592,628992.9053,4833760.0465,At Intersection,Traffic Signal,Clear,Daylight,Dry,164,Wellington Place,77,Waterfront Communities-The Island (77),Non-Fatal Injury,0,1,0,0,1,0,0,0,0,1,0,0,0,Cyclist Collisions,"['Truck Driver', 'Cyclist']",North,"['Truck (other)', 'Bicycle']","['Turning Right', 'Going Ahead']",['Failed to Yield Right of Way'],['Normal'],['Not Applicable'],['Not Applicable'],['Motorist turning right on green or amber at signalized intersection strikes cyclist.'],['Driving Properly'],['Normal'],False,"['45 to 49', '15 to 19']",3.0
2001265655.0,2022-07-03 08:00:00,2245,2022,701 WARDEN AVE,Not Applicable,Minor Arterial,Scarborough,43.710311,-79.280322,638543.9632,4841134.5164,Non Intersection,No Control,Clear,"Dusk, artificial",Dry,121,Oakridge,121,Oakridge (121),Fatal,0,0,1,0,0,0,0,1,0,0,0,0,0,Rear End,"['Driver', 'Passenger']",South,"['Automobile, Station Wagon']",['Going Ahead'],"['Driving Properly', 'Lost control']","['Normal', 'Unknown']",['Not Applicable'],['Not Applicable'],['Not Applicable'],['Not Applicable'],['Not Applicable'],True,"['40 to 44', '55 to 59', '45 to 49', '75 to 79', '0 to 4', '5 to 9', '85 to 89']",4.0
2001272860.0,2022-07-04 08:00:00,2145,2022,LAKE SHORE BV W,ONTARIO PLACE BV,Major Arterial,Toronto and East York,43.632376,-79.410892,628190.4417,4832268.8412,Non Intersection,No Control,Clear,"Dark, artificial",Dry,163,Fort York-Liberty Village,82,Niagara (82),Non-Fatal Injury,0,0,1,1,0,0,0,0,1,1,0,0,0,Sideswipe,"['Motorcycle Driver', 'Driver']",East,"['Motorcycle', 'Pick Up Truck']",['Going Ahead'],"['Exceeding Speed Limit', 'Driving Properly']","['Inattentive', 'Normal']",['Not Applicable'],['Not Applicable'],['Not Applicable'],['Not Applicable'],['Not Applicable'],False,"['20 to 24', '30 to 34']",3.0
2001286974.0,2022-07-06 08:00:00,1945,2022,KING ST W,GWYNNE AVE,Major Arterial,Toronto and East York,43.638579,-79.428821,626731.0875,4832930.2328,Intersection Related,No Control,Clear,"Dusk, artificial",Dry,85,South Parkdale,85,South Parkdale (85),Non-Fatal Injury,1,0,1,0,0,0,0,0,0,0,0,0,0,Pedestrian Collisions,"['Driver', 'Pedestrian']",North,"['Automobile, Station Wagon']",['Going Ahead'],['Driving Properly'],['Normal'],['Crossing without right of way'],['Inattentive'],['Not Applicable'],['Not Applicable'],['Not Applicable'],False,['25 to 29'],3.0
2001292860.0,2022-07-07 08:00:00,1605,2022,KEELE ST,MURRAY ROSS PARKWAY,Major Arterial,North York,43.767241,-79.492,621375.1174,4847125.3987,At Intersection,Traffic Signal,Clear,Daylight,Dry,27,York University Heights,27,York University Heights (27),Non-Fatal Injury,0,1,0,0,1,0,0,0,0,0,0,0,0,Cyclist Collisions,"['Truck Driver', 'Cyclist']",South,"['Truck-Tractor', 'Bicycle']","['Turning Right', 'Going Ahead']",['Improper Turn'],['Inattentive'],['Not Applicable'],['Not Applicable'],['Motorist turning right on red at signalized intersection strikes cyclist.'],['Driving Properly'],['Normal'],False,"['55 to 59', '70 to 74']",3.0
2001311462.0,2022-07-09 08:00:00,2233,2022,DON VALLEY PARKWAY  S,DVP S YORK MILLS E RAMP,Expressway,North York,43.758597,-79.335994,633951.0566,4846405.8441,Non Intersection,No Control,Clear,"Dark, artificial",Dry,149,Parkwoods-O'Connor Hills,45,Parkwoods-Donalda (45),Non-Fatal Injury,0,0,1,1,0,0,0,1,1,1,0,0,0,Rear End,"['Driver', 'Passenger']",South,"['Motorcycle', 'Automobile, Station Wagon']","['Going Ahead', 'Slowing or Stopping']","['Lost control', 'Driving Properly']","['Unknown', 'Normal']",['Not Applicable'],['Not Applicable'],['Not Applicable'],['Not Applicable'],['Not Applicable'],False,"['20 to 24', '30 to 34']",3.0
2001318455.0,2022-07-11 08:00:00,3,2022,GUILDWOOD PKWY,GALLOWAY RD,Minor Arterial,Scarborough,43.749594,-79.18938,645775.3604,4845653.5095,At Intersection,Stop Sign,Clear,"Dark, artificial",Dry,140,Guildwood,140,Guildwood (140),Non-Fatal Injury,0,0,1,0,0,0,0,1,1,1,0,0,0,Approaching,"['Driver', 'Passenger']",East,"['Automobile, Station Wagon']",['Going Ahead'],"['Disobeyed Traffic Control', 'Driving Properly']","['Other', 'Normal']",['Not Applicable'],['Not Applicable'],['Not Applicable'],['Not Applicable'],['Not Applicable'],False,"['20 to 24', '40 to 44']",3.0