accident_number,date,time,year,street1,street2,road_class,district,latitude,longitude,x,y,accident_location,traffctl,visibility,light,road_surface_condition,hood_158,neighbourhood_new,hood_140,neighbourhood_old,accident_class,pedestrian,cyclist,automobile,motorcycle,truck,trsn_city_veh,emerg_veh,passenger,speeding,aggressive_driving,redlight,alcohol,disability,impact_type,involvement_type,initial_direction,vehicle_type,manoeuver,driver_action,driver_condition,pedestrian_action,pedestrian_condition,cyclist_type,cyclist_action,cyclist_condition,injury,involvement_age,injury_severity_score
2001319854.0,2022-07-11 08:00:00,749,2022,F G GARDINER XY  E,GARDINER E LOWER JARVIS RAMP,Expressway,Toronto and East York,43.641997,-79.379878,630671.4549,4833385.7381,Non Intersection,No Control,Clear,Daylight,Dry,166,St Lawrence-East Bayfront-The Islands,77,Waterfront Communities-The Island (77),Non-Fatal Injury,0,0,1,0,1,0,0,0,0,1,0,0,0,Rear End,"['Truck Driver', 'Driver']",East,"['Truck - Open', 'Automobile, Station Wagon']","['Slowing or Stopping', 'Stopped']","['Following too Close', 'Driving Properly']",['Normal'],['Not Applicable'],['Not Applicable'],['Not Applicable'],['Not Applicable'],['Not Applicable'],False,"['55 to 59', '50 to 54', '65 to 69']",3.0
2001329600.0,2022-07-12 08:00:00,1407,2022,QUEEN ST W,BROCK AVE,Major Arterial,Toronto and East York,43.641402,-79.43233,626442.1275,4833238.4114,At Intersection,Traffic Signal,Clear,Daylight,Dry,85,South Parkdale,85,South Parkdale (85),Non-Fatal Injury,1,0,1,0,0,0,0,0,0,0,0,0,0,Pedestrian Collisions,"['Driver', 'Pedestrian']",East,"['Automobile, Station Wagon']","['Turning Left', 'Going Ahead']","['Improper Turn', 'Driving Properly']",['Normal'],['On Sidewalk or Shoulder'],['Normal'],['Not Applicable'],['Not Applicable'],['Not Applicable'],False,"['30 to 34', '60 to 64', '50 to 54']",3.0
2001330011.0,2022-07-12 08:00:00,1508,2022,JANE ST,FINCH AVE W,Major Arterial,North York,43.756674,-79.517574,619337.7224,4845914.6109,Non Intersection,No Control,Clear,Daylight,Dry,25,Glenfield-Jane Heights,25,Glenfield-Jane Heights (25),Non-Fatal Injury,1,0,1,0,0,0,0,1,0,0,0,0,0,Pedestrian Collisions,"['Driver', 'Passenger', 'Pedestrian']",North,"['Automobile, Station Wagon']",['Going Ahead'],['Driving Properly'],['Normal'],"['Crossing, no Traffic Control']",['Normal'],['Not Applicable'],['Not Applicable'],['Not Applicable'],False,"['40 to 44', '60 to 64', '10 to 14', '0 to 4', '15 to 19']",3.0
2001333771.0,2022-07-13 08:00:00,345,2022,NORGROVE CRES,SUMMITCREST DR,Local,Etobicoke York,43.686335,-79.529254,618536.0855,4838085.7152,Non Intersection,No Control,Clear,"Dark, artificial",Dry,7,Willowridge-Martingrove-Richview,7,Willowridge-Martingrove-Richview (7),Non-Fatal Injury,1,0,1,0,0,0,0,0,0,0,0,0,0,Pedestrian Collisions,"['Driver', 'Pedestrian']",East,"['Automobile, Station Wagon']",['Going Ahead'],['Other'],['Unknown'],['Running onto Roadway'],['Other'],['Not Applicable'],['Not Applicable'],['Not Applicable'],False,['30 to 34'],3.0
2001336552.0,2022-07-13 08:00:00,1311,2022,LAKESHORE BLVD E,YONGE ST,Major Arterial,Toronto and East York,43.644316,-79.374988,631060.8208,4833651.0037,Non Intersection,No Control,Clear,Daylight,Dry,166,St Lawrence-East Bayfront-The Islands,77,Waterfront Communities-The Island (77),Non-Fatal Injury,0,0,1,0,1,0,0,0,0,1,0,0,0,Rear End,"['Driver', 'Truck Driver']",West,"['Automobile, Station Wagon', 'Truck - Closed (Blazer, etc)']","['Changing Lanes', 'Going Ahead']","['Improper Lane Change', 'Following too Close']",['Inattentive'],['Not Applicable'],['Not Applicable'],['Not Applicable'],['Not Applicable'],['Not Applicable'],False,"['30 to 34', '50 to 54']",3.0
2001340330.0,2022-07-13 08:00:00,2338,2022,EGLINTON AVE E,DANFORTH RD,Major Arterial,Scarborough,43.737025,-79.246127,641236.0854,4844159.224,At Intersection,Traffic Signal,Clear,Dark,Dry,138,Eglinton East,138,Eglinton East (138),Non-Fatal Injury,1,0,1,0,0,0,0,0,0,0,0,0,0,Pedestrian Collisions,"['Driver', 'Pedestrian']",West,"['Automobile, Station Wagon']",['Turning Left'],['Improper Turn'],['Normal'],['Crossing with right of way'],['Normal'],['Not Applicable'],['Not Applicable'],['Not Applicable'],False,['50 to 54'],3.0
2001344891.0,2022-07-14 08:00:00,1600,2022,EVANS AVE,TREEVIEW DR,Major Arterial,Etobicoke York,43.61344,-79.536372,618105.1819,4829979.6495,At Intersection,Traffic Signal,Clear,Daylight,Dry,20,Alderwood,20,Alderwood (20),Non-Fatal Injury,0,1,1,0,0,0,0,0,0,0,0,0,0,Cyclist Collisions,"['Driver', 'Cyclist']",East,"['Passenger Van', 'Bicycle']","['Turning Left', 'Going Ahead']",['Improper Turn'],['Inattentive'],['Not Applicable'],['Not Applicable'],['Motorist turned left across cyclists path.'],['Other'],['Inattentive'],False,"['75 to 79', '60 to 64']",3.0
2001353218.0,2022-07-15 08:00:00,1830,2022,UNIVERSITY AVE,ELM ST,Major Arterial,Toronto and East York,43.656253,-79.388934,629910.2948,4834954.8351,At Intersection,Traffic Signal,Clear,Daylight,Dry,78,Kensington-Chinatown,78,Kensington-Chinatown (78),Non-Fatal Injury,0,0,1,0,0,0,0,0,0,1,1,0,0,Angle,['Driver'],South,"['Other', 'Automobile, Station Wagon']",['Going Ahead'],"['Disobeyed Traffic Control', 'Driving Properly']","['Inattentive', 'Normal']",['Not Applicable'],['Not Applicable'],['Not Applicable'],['Not Applicable'],['Not Applicable'],False,"['25 to 29', '50 to 54']",3.0
2001354914.0,2022-07-15 08:00:00,2317,2022,BATHURST ST,EGLINTON AVE W,Major Arterial,Toronto and East York,43.700888,-79.425563,626862.5398,4839855.4586,At Intersection,Traffic Signal,Clear,Dark,Dry,106,Humewood-Cedarvale,106,Humewood-Cedarvale (106),Non-Fatal Injury,0,1,1,0,0,0,0,0,0,0,0,0,0,Cyclist Collisions,"['Cyclist', 'Driver']",South,"['Bicycle', 'Automobile, Station Wagon']","['Going Ahead', 'Stopped']",['Driving Properly'],['Normal'],['Not Applicable'],['Not Applicable'],['Cyclist and Driver travelling in same direction. One vehicle sideswipes the other.'],['Lost control'],['Had Been Drinking'],False,"['35 to 39', '55 to 59']",3.0
2001361814.0,2022-07-16 08:00:00,2237,2022,NORTH QUEEN ST,MANSTOR RD,Minor Arterial,Etobicoke York,43.618144,-79.557628,616380.8739,4830472.0746,Intersection Related,No Control,Clear,"Dark, artificial",Dry,159,Etobicoke City Centre,14,Islington-City Centre West (14),Fatal,0,0,0,1,0,0,0,0,0,0,0,0,0,SMV Other,['Motorcycle Driver'],West,['Motorcycle'],['Going Ahead'],['Lost control'],['Unknown'],['Not Applicable'],['Not Applicable'],['Not Applicable'],['Not Applicable'],['Not Applicable'],True,['45 to 49'],4.0
2001364051.0,2022-07-17 08:00:00,946,2022,KEELE ST,LAWRENCE AVE W,Major Arterial,North York,43.708655,-79.478038,622618.4171,4840639.1355,Intersection Related,Traffic Signal,Clear,Daylight,Dry,30,Brookhaven-Amesbury,30,Brookhaven-Amesbury (30),Non-Fatal Injury,0,0,1,0,1,0,0,0,1,1,0,0,0,Rear End,"['Driver', 'Truck Driver']",South,"['Automobile, Station Wagon', 'Truck - Dump']","['Going Ahead', 'Stopped']","['Exceeding Speed Limit', 'Driving Properly']","['Unknown', 'Normal']",['Not Applicable'],['Not Applicable'],['Not Applicable'],['Not Applicable'],['Not Applicable'],False,"['35 to 39', '55 to 59']",3.0
2001379315.0,2022-07-19 08:00:00,1245,2022,MORNINGSIDE AVE,MILITARY TRL,Major Arterial,Scarborough,43.789206,-79.194324,645281.3625,4850044.3558,At Intersection,Traffic Signal,Clear,Daylight,Dry,135,Morningside,135,Morningside (135),Non-Fatal Injury,1,0,1,0,0,0,0,0,0,1,0,0,0,Pedestrian Collisions,"['Driver', 'Pedestrian']",South,"['Automobile, Station Wagon']",['Turning Left'],['Failed to Yield Right of Way'],['Normal'],['Crossing with right of way'],['Normal'],['Not Applicable'],['Not Applicable'],['Not Applicable'],False,"['40 to 44', '10 to 14']",3.0
2001380523.0,2022-07-19 08:00:00,1550,2022,TRETHEWEY DR,BLACK CREEK DR,Minor Arterial,Etobicoke York,43.695502,-79.488467,621804.8196,4839162.9404,Non Intersection,No Control,Clear,Daylight,Dry,30,Brookhaven-Amesbury,30,Brookhaven-Amesbury (30),Non-Fatal Injury,0,0,1,1,0,0,0,0,0,0,0,0,0,Turning Movement,"['Driver', 'Motorcycle Driver']",East,"['Automobile, Station Wagon', 'Motorcycle']","['Turning Left', 'Going Ahead']","['Improper Turn', 'Driving Properly']",['Normal'],['Not Applicable'],['Not Applicable'],['Not Applicable'],['Not Applicable'],['Not Applicable'],False,"['20 to 24', '35 to 39']",3.0
2001395408.0,2022-07-21 08:00:00,1510,2022,WARDEN AVE,COMSTOCK RD,Major Arterial,Scarborough,43.721461,-79.284953,638145.2424,4842365.1561,At Intersection,Traffic Signal,Clear,Daylight,Dry,120,Clairlea-Birchmount,120,Clairlea-Birchmount (120),Fatal,1,0,1,0,0,0,0,1,0,1,0,0,0,Pedestrian Collisions,"['Driver', 'Pedestrian', 'Passenger']",North,"['Automobile, Station Wagon']","['Going Ahead', 'Turning Left']","['Driving Properly', 'Failed to Yield Right of Way']",['Normal'],['On Sidewalk or Shoulder'],['Normal'],['Not Applicable'],['Not Applicable'],['Not Applicable'],True,"['75 to 79', '35 to 39', '20 to 24', '15 to 19']",4.0
2001404331.0,2022-07-22 08:00:00,1815,2022,ST CLAIR AVE W,CALEDONIA RD,Major Arterial,Toronto and East York,43.675387,-79.454189,624608.7306,4836979.8217,Non Intersection,No Control,Clear,Daylight,Dry,92,Corso Italia-Davenport,92,Corso Italia-Davenport (92),Non-Fatal Injury,1,0,0,0,0,1,0,0,0,1,0,0,0,Pedestrian Collisions,"['Driver', 'Pedestrian']",South,['Street Car'],['Going Ahead'],['Driving Properly'],['Normal'],"['Crossing, no Traffic Control']",['Normal'],['Not Applicable'],['Not Applicable'],['Not Applicable'],False,"['55 to 59', '45 to 49']",3.0
2001414066.0,2022-07-24 08:00:00,142,2022,BRIMLEY RD,WATERFIELD DR,Major Arterial,Scarborough,43.765128,-79.259509,640092.8575,4847257.7644,At Intersection,Traffic Signal,Clear,"Dark, artificial",Dry,156,Bendale-Glen Andrew,127,Bendale (127),Fatal,0,0,0,1,0,0,0,0,0,0,0,0,0,SMV Other,['Motorcycle Driver'],South,['Motorcycle'],['Going Ahead'],['Lost control'],['Unknown'],['Not Applicable'],['Not Applicable'],['Not Applicable'],['Not Applicable'],['Not Applicable'],True,['35 to 39'],4.0
2001417954.0,2022-07-24 08:00:00,1635,2022,MIDLAND AVE,FINCH AVE E,Major Arterial,Scarborough,43.804583,-79.286739,637810.3824,4851594.1567,Non Intersection,No Control,Clear,Daylight,Dry,130,Milliken,130,Milliken (130),Non-Fatal Injury,0,0,1,0,0,0,0,1,0,1,0,0,0,Turning Movement,"['Driver', 'Passenger']",East,"['Automobile, Station Wagon', 'Pick Up Truck']","['Turning Left', 'Going Ahead']","['Failed to Yield Right of Way', 'Driving Properly']","['Inattentive', 'Normal']",['Not Applicable'],['Not Applicable'],['Not Applicable'],['Not Applicable'],['Not Applicable'],False,"['35 to 39', '65 to 69', '40 to 44', '45 to 49']",3.0
2001421096.0,2022-07-25 08:00:00,403,2022,KINGSTON RD,SCARBOROUGH GOLF CLUB RD,Major Arterial,Scarborough,43.745928,-79.209316,644179.069,4845211.4503,Intersection Related,Traffic Signal,Clear,Dawn,Dry,140,Guildwood,140,Guildwood (140),Fatal,0,0,1,0,0,0,0,0,0,0,0,0,0,SMV Other,['Driver'],East,"['Automobile, Station Wagon']",['Going Ahead'],['Lost control'],['Inattentive'],['Not Applicable'],['Not Applicable'],['Not Applicable'],['Not Applicable'],['Not Applicable'],True,['50 to 54'],4.0
2001422943.0,2022-07-25 08:00:00,950,2022,PARK LAWN RD,LAKE SHORE BLVD W,Major Arterial,Etobicoke York,43.623656,-79.483226,622373.0284,4831191.2189,At Intersection,Traffic Signal,Clear,Daylight,Dry,161,Humber Bay Shores,17,Mimico (includes Humber Bay Shores) (17),Non-Fatal Injury,1,0,1,0,0,0,0,0,0,1,0,0,0,Pedestrian Collisions,"['Driver', 'Wheelchair']",South,"['Automobile, Station Wagon']",['Turning Right'],['Failed to Yield Right of Way'],['Normal'],['Crossing with right of way'],['Normal'],['Not Applicable'],['Not Applicable'],['Not Applicable'],False,"['80 to 84', '60 to 64']",3.0
2001426544.0,2022-07-25 08:00:00,2000,2022,YORK ST,LAKESHORE W GARDINER,Major Arterial,Toronto and East York,43.641688,-79.380946,630585.9835,4833349.7387,At Intersection,Traffic Signal,Clear,Daylight,Dry,166,St Lawrence-East Bayfront-The Islands,77,Waterfront Communities-The Island (77),Non-Fatal Injury,0,0,0,1,0,1,0,0,0,0,0,0,0,Turning Movement,"['Motorcycle Driver', 'Driver']",South,"['Motorcycle', 'Bus (Other) (Go Bus, Gray Coa']","['Turning Right', 'Going Ahead']","['Improper Turn', 'Driving Properly']",['Normal'],['Not Applicable'],['Not Applicable'],['Not Applicable'],['Not Applicable'],['Not Applicable'],False,"['25 to 29', '50 to 54']",3.0
2001427156.0,2022-07-24 08:00:00,2254,2022,REXDALE BLVD,KIPLING AVE,Major Arterial,Etobicoke York,43.711875,-79.565456,615569.2549,4840871.1718,Non Intersection,No Control,Rain,"Dark, artificial",Wet,1,West Humber-Clairville,1,West Humber-Clairville (1),Non-Fatal Injury,1,0,1,0,0,0,0,0,0,1,0,1,0,Pedestrian Collisions,"['Driver', 'Pedestrian']",East,"['Automobile, Station Wagon']",['Going Ahead'],['Failed to Yield Right of Way'],"['Ability Impaired, Alcohol Over .08']",['Pushing/Working on Vehicle'],['Normal'],['Not Applicable'],['Not Applicable'],['Not Applicable'],False,"['45 to 49', '20 to 24']",3.0
2001452847.0,2022-07-29 08:00:00,1156,2022,WILSON  AVE,BATHURST  ST,Major Arterial,North York,43.737059,-79.435085,626019.432,4843858.2363,At/Near Private Drive,No Control,Clear,Daylight,Dry,33,Clanton Park,33,Clanton Park (33),Non-Fatal Injury,1,0,1,0,0,0,0,1,1,1,0,0,0,Pedestrian Collisions,"['Driver', 'Passenger', 'Pedestrian']",West,"['Automobile, Station Wagon']",['Pulling Onto Shoulder or towardCurb'],['Speed too Fast For Condition'],['Inattentive'],['Other'],['Other'],['Not Applicable'],['Not Applicable'],['Not Applicable'],False,"['45 to 49', '15 to 19', '70 to 74']",3.0
2001453011.0,2022-07-29 08:00:00,1220,2022,BRIMLEY RD,OMNI DR,Major Arterial,Scarborough,43.771941,-79.261875,639886.5311,4848010.4538,Intersection Related,Traffic Signal,Clear,Daylight,Dry,156,Bendale-Glen Andrew,127,Bendale (127),Non-Fatal Injury,0,0,1,0,0,0,0,1,0,1,1,0,0,Turning Movement,"['Driver', 'Passenger']",East,"['Automobile, Station Wagon']","['Going Ahead', 'Turning Left']","['Disobeyed Traffic Control', 'Driving Properly']","['Inattentive', 'Normal']",['Not Applicable'],['Not Applicable'],['Not Applicable'],['Not Applicable'],['Not Applicable'],False,"['85 to 89', '50 to 54', '75 to 79']",3.0
2001456323.0,2022-07-29 08:00:00,2045,2022,636 TRETHEWEY DR,Not Applicable,Minor Arterial,North York,43.696936,-79.494991,621276.1969,4839312.6428,At Intersection,No Control,Clear,"Dusk, artificial",Dry,30,Brookhaven-Amesbury,30,Brookhaven-Amesbury (30),Non-Fatal Injury,0,0,1,1,0,0,0,1,1,1,0,0,0,Turning Movement,"['Driver', 'Motorcycle Driver', 'Passenger']",East,"['Automobile, Station Wagon', 'Motorcycle']","['Turning Left', 'Going Ahead']","['Speed too Fast For Condition', 'Driving Properly']","['Inattentive', 'Normal']",['Not Applicable'],['Not Applicable'],['Not Applicable'],['Not Applicable'],['Not Applicable'],False,"['40 to 44', '20 to 24', 'unknown']",3.0
2001457680.0,2022-07-30 08:00:00,45,2022,DON VALLEY PARKWAY  N,LAWRENCE AVE E,Expressway,North York,43.737429,-79.332172,634306.0637,4844061.0091,Non Intersection,No Control,Clear,"Dark, artificial",Dry,42,Banbury-Don Mills,42,Banbury-Don Mills (42),Non-Fatal Injury,0,0,1,0,0,0,0,0,0,0,0,0,0,SMV Other,['Driver'],North,"['Automobile, Station Wagon']",['Going Ahead'],['Lost control'],['Other'],['Not Applicable'],['Not Applicable'],['Not Applicable'],['Not Applicable'],['Not Applicable'],False,['20 to 24'],3.0
2001458223.0,2022-07-30 08:00:00,336,2022,WILSON AVE,CLAYSON RD,Major Arterial,North York,43.717631,-79.522998,618978.3767,4841570.5253,At Intersection,Traffic Signal,Clear,"Dark, artificial",Dry,154,Oakdale-Beverley Heights,26,Downsview-Roding-CFB (26),Fatal,1,0,1,0,0,0,0,0,1,1,0,1,0,Pedestrian Collisions,"['Pedestrian', 'Driver']",East,"['Automobile, Station Wagon']","['Going Ahead', 'Stopped']","['Exceeding Speed Limit', 'Driving Properly']","['Ability Impaired, Alcohol', 'Normal']",['Crossing with right of way'],['Normal'],['Not Applicable'],['Not Applicable'],['Not Applicable'],True,"['20 to 24', '40 to 44', '30 to 34']",4.0
2001460697.0,2022-07-30 08:00:00,1356,2022,NEILSON RD,SHEPPARD AVE E,Major Arterial,Scarborough,43.798041,-79.217685,643380.6249,4850984.8851,At Intersection,Traffic Signal,Clear,Daylight,Dry,146,Malvern East,132,Malvern (132),Non-Fatal Injury,0,0,1,0,0,0,0,1,0,1,0,0,0,Turning Movement,"['Driver', 'Passenger']",North,"['Automobile, Station Wagon']","['Turning Left', 'Going Ahead']","['Failed to Yield Right of Way', 'Driving Properly']",['Normal'],['Not Applicable'],['Not Applicable'],['Not Applicable'],['Not Applicable'],['Not Applicable'],False,"['45 to 49', '20 to 24', '70 to 74']",3.0
2001463724.0,2022-07-30 08:00:00,2201,2022,WARDEN AVE,BAMBURGH CRCL,Major Arterial,Scarborough,43.811564,-79.323329,634851.4339,4852309.2222,At Intersection,Traffic Signal,Clear,"Dark, artificial",Dry,116,Steeles,116,Steeles (116),Non-Fatal Injury,1,0,1,0,0,0,0,0,0,1,1,0,0,Pedestrian Collisions,"['Driver', 'Pedestrian']",South,['Pick Up Truck'],['Going Ahead'],['Disobeyed Traffic Control'],['Normal'],['Crossing with right of way'],['Normal'],['Not Applicable'],['Not Applicable'],['Not Applicable'],False,"['25 to 29', '15 to 19']",3.0
2001464726.0,2022-07-31 08:00:00,112,2022,KENNEDY RD,TRANSWAY CRES,Major Arterial,Scarborough,43.731146,-79.26752,639526.9801,4843470.0262,At Intersection,No Control,Clear,"Dark, artificial",Dry,124,Kennedy Park,124,Kennedy Park (124),Fatal,0,0,1,1,0,0,0,1,1,1,0,0,0,Turning Movement,"['Motorcycle Driver', 'Driver', 'Passenger']",North,"['Motorcycle', 'Automobile, Station Wagon']","['Going Ahead', 'Turning Left']","['Exceeding Speed Limit', 'Driving Properly']","['Unknown', 'Normal']",['Not Applicable'],['Not Applicable'],['Not Applicable'],['Not Applicable'],['Not Applicable'],True,"['35 to 39', '30 to 34', '15 to 19']",4.0
2001470034.0,2022-07-31 08:00:00,2025,2022,DISCO RD,ATTWELL DR,Collector,Etobicoke York,43.701339,-79.608921,612087.2531,4839641.3273,At Intersection,No Control,Clear,Daylight,Dry,1,West Humber-Clairville,1,West Humber-Clairville (1),Non-Fatal Injury,0,0,0,1,0,0,0,0,0,0,0,0,0,SMV Other,['Motorcycle Driver'],North,['Motorcycle'],['Other'],['Lost control'],['Other'],['Not Applicable'],['Not Applicable'],['Not Applicable'],['Not Applicable'],['Not Applicable'],False,['40 to 44'],3.0
2001477527.0,2022-08-01 08:00:00,2222,2022,STEELES AVE E,SEWELLS RD,Minor Arterial,Scarborough,43.84653,-79.207355,644094.9339,4856388.3444,Non Intersection,No Control,Clear,Dark,Dry,144,Morningside Heights,131,Rouge (131),Fatal,0,0,1,0,0,0,0,1,1,1,0,0,0,Approaching,"['Driver', 'Passenger']",West,"['Automobile, Station Wagon']",['Going Ahead'],"['Driving Properly', 'Exceeding Speed Limit']",['Normal'],['Not Applicable'],['Not Applicable'],['Not Applicable'],['Not Applicable'],['Not Applicable'],True,"['40 to 44', '20 to 24', '0 to 4', '30 to 34', '5 to 9', '35 to 39']",4.0
2001485578.0,2022-08-03 08:00:00,25,2022,JANE ST,ALLIANCE AVE,Major Arterial,Toronto and East York,43.675166,-79.495258,621298.5508,4836894.4006,Non Intersection,No Control,Clear,"Dark, artificial",Dry,111,Rockcliffe-Smythe,111,Rockcliffe-Smythe (111),Non-Fatal Injury,1,0,1,0,0,0,0,0,0,0,0,0,0,Pedestrian Collisions,"['Driver', 'Pedestrian']",North,"['Automobile, Station Wagon']",['Slowing or Stopping'],['Other'],['Other'],['Other'],['Normal'],['Not Applicable'],['Not Applicable'],['Not Applicable'],False,"['55 to 59', '20 to 24']",3.0
2001487064.0,2022-08-03 08:00:00,855,2022,DEAUVILLE LANE,GRENOBLE DR,Collector,North York,43.716502,-79.330341,634500.3417,4841739.7296,At Intersection,Stop Sign,Clear,Daylight,Dry,44,Flemingdon Park,44,Flemingdon Park (44),Non-Fatal Injury,1,0,1,0,0,0,0,0,0,1,0,0,0,Pedestrian Collisions,"['Driver', 'Pedestrian']",North,"['Automobile, Station Wagon']",['Going Ahead'],['Failed to Yield Right of Way'],['Inattentive'],['Crossing with right of way'],['Normal'],['Not Applicable'],['Not Applicable'],['Not Applicable'],False,"['90 to 94', '40 to 44']",3.0
2001490698.0,2022-08-03 08:00:00,1800,2022,ROYAL YORK RD,STANLEY AVE,Minor Arterial,Etobicoke York,43.614253,-79.497592,621232.8674,4830125.827,At Intersection,No Control,Clear,Daylight,Dry,160,Mimico-Queensway,17,Mimico (includes Humber Bay Shores) (17),Fatal,1,0,1,0,0,0,0,0,0,0,0,0,0,Pedestrian Collisions,"['Driver', 'Pedestrian']",North,"['Automobile, Station Wagon']","['Turning Left', 'Going Ahead']",['Improper Turn'],['Inattentive'],['Crossing with right of way'],['Normal'],['Not Applicable'],['Not Applicable'],['Not Applicable'],True,"['35 to 39', '85 to 89']",4.0
2001503800.0,2022-08-05 08:00:00,1533,2022,VICTORIA PARK AVE,SURREY AVE,Major Arterial,Scarborough,43.736197,-79.307391,636304.4336,4843964.6475,At/Near Private Drive,Traffic Signal,Clear,Daylight,Dry,119,Wexford/Maryvale,119,Wexford/Maryvale (119),Fatal,0,0,1,0,0,0,0,1,0,1,0,0,0,Turning Movement,"['Passenger', 'Driver']",North,"['Automobile, Station Wagon']","['Going Ahead', 'Turning Left']","['Driving Properly', 'Failed to Yield Right of Way']","['Normal', 'Inattentive']",['Not Applicable'],['Not Applicable'],['Not Applicable'],['Not Applicable'],['Not Applicable'],True,"['85 to 89', '25 to 29', '70 to 74', '15 to 19']",4.0
2001504296.0,2022-08-05 08:00:00,1640,2022,DUPONT ST,OSSINGTON AVE,Major Arterial,Etobicoke York,43.670024,-79.428989,626651.4172,4836422.3543,Intersection Related,Traffic Signal,Clear,Daylight,Dry,172,Dovercourt Village,93,Dovercourt-Wallace Emerson-Junction (93),Property Damage O,0,0,0,0,0,1,0,1,0,0,0,0,0,Other,"['Driver', 'Passenger']",East,"['Bus (Other) (Go Bus, Gray Coa']",['Changing Lanes'],['Driving Properly'],['Normal'],['Not Applicable'],['Not Applicable'],['Not Applicable'],['Not Applicable'],['Not Applicable'],False,"['40 to 44', '55 to 59']",3.0
2001506529.0,2022-08-05 08:00:00,2231,2022,QUEEN  ST E,ORCHARD PARK BLVD,Minor Arterial,Toronto and East York,43.666957,-79.313518,635967.4603,4836264.4998,Intersection Related,No Control,Clear,"Dark, artificial",Dry,63,The Beaches,63,The Beaches (63),Non-Fatal Injury,1,0,1,0,0,0,0,0,0,0,0,0,0,Pedestrian Collisions,"['Driver', 'Pedestrian']",East,['Pick Up Truck'],['Going Ahead'],['Driving Properly'],['Normal'],"['Crossing, no Traffic Control']",['Normal'],['Not Applicable'],['Not Applicable'],['Not Applicable'],False,['60 to 64'],3.0
2001507092.0,2022-08-06 08:00:00,40,2022,ST CLAIR  AVE W,LAUGHTON  AVE,Major Arterial,Etobicoke York,43.674651,-79.457607,624334.7211,4836892.95,At Intersection,Traffic Signal,Clear,"Dark, artificial",Dry,91,Weston-Pelham Park,91,Weston-Pellam Park (91),Non-Fatal Injury,1,0,1,0,0,0,0,0,0,0,0,1,0,Pedestrian Collisions,"['Driver', 'Pedestrian']",North,"['Automobile, Station Wagon']",['Going Ahead'],['Other'],"['Ability Impaired, Alcohol']",['Crossing without right of way'],['Inattentive'],['Not Applicable'],['Not Applicable'],['Not Applicable'],False,"['45 to 49', '55 to 59']",3.0
2001513623.0,2022-08-07 08:00:00,13,2022,HIGHWAY 2A  E,HIGHLAND CREEK OVERPASS,Expressway,Scarborough,43.784403,-79.165149,647640.5845,4849562.5297,Non Intersection,No Control,Clear,Dark,Dry,133,Centennial Scarborough,133,Centennial Scarborough (133),Fatal,1,0,1,0,0,0,0,0,0,0,0,0,0,Pedestrian Collisions,"['Driver', 'Pedestrian']",East,"['Automobile, Station Wagon']",['Going Ahead'],['Driving Properly'],['Normal'],"['Crossing, no Traffic Control']",['Inattentive'],['Not Applicable'],['Not Applicable'],['Not Applicable'],True,['45 to 49'],4.0
2001514494.0,2022-08-07 08:00:00,414,2022,KENNEDY RD,MERRIAN RD,Major Arterial,Scarborough,43.727336,-79.26588,639667.9165,4843049.6321,At Intersection,Traffic Signal,Clear,"Dark, artificial",Dry,124,Kennedy Park,124,Kennedy Park (124),Non-Fatal Injury,1,0,0,1,0,0,0,0,0,0,0,0,0,Pedestrian Collisions,"['Motorcycle Driver', 'Pedestrian']",South,['Motorcycle'],['Going Ahead'],['Other'],['Unknown'],['Crossing without right of way'],['Normal'],['Not Applicable'],['Not Applicable'],['Not Applicable'],False,"['30 to 34', '60 to 64']",3.0
2001527997.0,2022-08-09 08:00:00,532,2022,STEELES AVE W,BATHURST ST,Major Arterial,North York,43.792338,-79.445712,625048.4226,4849981.6907,At Intersection,Traffic Signal,Clear,Dark,Dry,36,Newtonbrook West,36,Newtonbrook West (36),Fatal,0,0,1,0,0,0,0,1,0,0,0,0,0,Rear End,"['Passenger', 'Driver']",East,"['Automobile, Station Wagon']","['Going Ahead', 'Stopped']","['Lost control', 'Driving Properly']","['Unknown', 'Normal']",['Not Applicable'],['Not Applicable'],['Not Applicable'],['Not Applicable'],['Not Applicable'],True,"['30 to 34', '20 to 24', '60 to 64']",4.0
2001535137.0,2022-08-10 08:00:00,648,2022,525 ELM ST,Not Applicable,Collector,Toronto and East York,43.655848,-79.391498,629704.4133,4834905.8434,Non Intersection,No Control,Clear,Daylight,Dry,78,Kensington-Chinatown,78,Kensington-Chinatown (78),Non-Fatal Injury,1,0,1,0,0,0,0,0,0,0,0,0,0,Pedestrian Collisions,"['Driver', 'Pedestrian']",East,"['Automobile, Station Wagon']",['Going Ahead'],['Driving Properly'],['Normal'],"['Crossing, no Traffic Control']",['Normal'],['Not Applicable'],['Not Applicable'],['Not Applicable'],False,"['25 to 29', '30 to 34']",3.0
2001536072.0,2022-08-10 08:00:00,939,2022,MARTIN GROVE RD,STEELES AVE W,Minor Arterial,Etobicoke York,43.757792,-79.603336,612431.6011,4845918.7897,Non Intersection,No Control,Clear,Daylight,Dry,1,West Humber-Clairville,1,West Humber-Clairville (1),Non-Fatal Injury,1,0,1,0,0,0,0,0,0,0,0,0,0,Pedestrian Collisions,"['Driver', 'Pedestrian']",West,"['Automobile, Station Wagon']",['Turning Left'],['Driving Properly'],['Normal'],"['Crossing, no Traffic Control']",['Normal'],['Not Applicable'],['Not Applicable'],['Not Applicable'],False,"['50 to 54', '60 to 64']",3.0