accident_number,date,time,year,street1,street2,road_class,district,latitude,longitude,x,y,accident_location,traffctl,visibility,light,road_surface_condition,hood_158,neighbourhood_new,hood_140,neighbourhood_old,accident_class,pedestrian,cyclist,automobile,motorcycle,truck,trsn_city_veh,emerg_veh,passenger,speeding,aggressive_driving,redlight,alcohol,disability,impact_type,involvement_type,initial_direction,vehicle_type,manoeuver,driver_action,driver_condition,pedestrian_action,pedestrian_condition,cyclist_type,cyclist_action,cyclist_condition,injury,involvement_age,injury_severity_score
2001538160.0,2022-08-10 08:00:00,1438,2022,BLOOR ST W,JOPLING AVE S,Major Arterial,Etobicoke York,43.640822,-79.539516,617797.9831,4833016.2906,At Intersection,Stop Sign,Clear,Daylight,Dry,158,Islington,14,Islington-City Centre West (14),Fatal,0,0,1,1,0,0,0,0,0,1,0,0,0,Turning Movement,"['Motorcycle Driver', 'Driver']",East,"['Motorcycle', 'Automobile, Station Wagon']","['Going Ahead', 'Turning Left']","['Driving Properly', 'Disobeyed Traffic Control']",['Normal'],['Not Applicable'],['Not Applicable'],['Not Applicable'],['Not Applicable'],['Not Applicable'],True,"['45 to 49', '90 to 94']",4.0
2001544933.0,2022-08-11 08:00:00,1314,2022,QUEEN ST E,YONGE ST,Major Arterial,Toronto and East York,43.652369,-79.379222,630701.8679,4834538.7172,At Intersection,Traffic Signal,Clear,Daylight,Dry,168,Downtown Yonge East,75,Church-Yonge Corridor (75),Non-Fatal Injury,0,0,0,1,1,0,0,0,0,1,1,0,0,Turning Movement,"['Truck Driver', 'Motorcycle Driver']",West,"['Truck - Dump', 'Motorcycle']","['Turning Right', 'Going Ahead']","['Disobeyed Traffic Control', 'Driving Properly']","['Inattentive', 'Normal']",['Not Applicable'],['Not Applicable'],['Not Applicable'],['Not Applicable'],['Not Applicable'],False,"['50 to 54', '55 to 59']",3.0
2001549410.0,2022-08-12 08:00:00,410,2022,DUFFERIN ST,GERRY FITZGERALD DR,Major Arterial,North York,43.783106,-79.470119,623103.7202,4848919.7512,Non Intersection,No Control,Clear,"Dawn, artificial",Dry,34,Bathurst Manor,34,Bathurst Manor (34),Fatal,0,0,1,0,0,0,0,0,0,0,0,0,0,Approaching,['Driver'],North,"['Automobile, Station Wagon']",['Going Ahead'],"['Lost control', 'Driving Properly']","['Fatigue', 'Normal']",['Not Applicable'],['Not Applicable'],['Not Applicable'],['Not Applicable'],['Not Applicable'],True,"['30 to 34', '55 to 59']",4.0
2001553400.0,2022-08-12 08:00:00,1620,2022,EGLINTON AVE E,DON VALLEY PKWY SOUTHBOUND RAM,Major Arterial,North York,43.722975,-79.330417,634479.7367,4842458.5267,Non Intersection,No Control,Clear,Daylight,Dry,44,Flemingdon Park,44,Flemingdon Park (44),Non-Fatal Injury,0,1,1,0,0,0,0,0,0,0,0,0,0,Cyclist Collisions,"['Cyclist', 'Driver']",West,"['Bicycle', 'Automobile, Station Wagon']","['Going Ahead', 'Turning Right']",['Driving Properly'],['Normal'],['Not Applicable'],['Not Applicable'],"['Cyclist without ROW rides into path of motorist at inter, lnwy, dwy-Cyclist not turn.']",['Other'],['Inattentive'],False,"['20 to 24', '55 to 59']",3.0
2001555147.0,2022-08-12 08:00:00,2105,2022,LAKE SHORE BLVD W [E/B],BRITISH COLUMBIA RD,Major Arterial,Toronto and East York,43.631171,-79.429263,626711.0039,4832106.8055,Non Intersection,Traffic Signal,Clear,Daylight,Dry,85,South Parkdale,85,South Parkdale (85),Non-Fatal Injury,1,0,1,0,0,0,0,0,0,0,0,0,0,Pedestrian Collisions,"['Driver', 'Pedestrian']",East,"['Automobile, Station Wagon']",['Going Ahead'],['Driving Properly'],['Normal'],['Crossing marked crosswalk without ROW'],['Normal'],['Not Applicable'],['Not Applicable'],['Not Applicable'],False,"['40 to 44', '30 to 34']",3.0
2001556474.0,2022-08-13 08:00:00,220,2022,672 KENNEDY RD,Not Applicable,Major Arterial,Scarborough,43.726512,-79.265514,639699.3105,4842958.7317,Non Intersection,No Control,Clear,"Dark, artificial",Dry,124,Kennedy Park,124,Kennedy Park (124),Non-Fatal Injury,0,0,1,0,0,0,0,1,0,0,0,1,0,Rear End,"['Driver', 'Passenger']",South,"['Automobile, Station Wagon']","['Going Ahead', 'Stopped']","['Lost control', 'Driving Properly']","['Ability Impaired, Alcohol Over .08', 'Normal']",['Not Applicable'],['Not Applicable'],['Not Applicable'],['Not Applicable'],['Not Applicable'],False,"['25 to 29', '40 to 44', '45 to 49', '55 to 59']",3.0
2001591004.0,2022-08-18 08:00:00,30,2022,F G GARDINER XY  W,STRACHAN AVE,Expressway,Toronto and East York,43.636424,-79.415782,627787.3901,4832710.8835,Non Intersection,No Control,Clear,"Dark, artificial",Dry,163,Fort York-Liberty Village,82,Niagara (82),Non-Fatal Injury,0,0,1,1,0,0,0,0,0,0,0,0,0,Rear End,"['Motorcycle Driver', 'Driver']",West,"['Motorcycle', 'Automobile, Station Wagon']","['Changing Lanes', 'Stopped']","['Improper Lane Change', 'Driving Properly']",['Normal'],['Not Applicable'],['Not Applicable'],['Not Applicable'],['Not Applicable'],['Not Applicable'],False,"['45 to 49', '25 to 29']",3.0
2001598507.0,2022-08-19 08:00:00,25,2022,KEELE ST,SHEPPARD AVE W,Major Arterial,North York,43.744704,-79.486408,621870.9481,4844630.5435,At Intersection,Traffic Signal,Clear,"Dark, artificial",Dry,155,Downsview,26,Downsview-Roding-CFB (26),Non-Fatal Injury,1,0,0,0,1,0,0,0,0,0,0,0,0,Pedestrian Collisions,"['Truck Driver', 'Pedestrian']",North,['Truck (other)'],['Turning Right'],['Improper Turn'],['Inattentive'],['Crossing with right of way'],['Normal'],['Not Applicable'],['Not Applicable'],['Not Applicable'],False,['55 to 59'],3.0
2001599980.0,2022-08-19 08:00:00,830,2022,YONGE ST,CONNAUGHT AV,Major Arterial,North York,43.789359,-79.417888,627293.3133,4849693.2388,At Intersection,Stop Sign,Clear,Daylight,Dry,50,Newtonbrook East,50,Newtonbrook East (50),Non-Fatal Injury,0,0,1,0,0,0,0,0,0,1,0,0,0,Angle,['Driver'],East,"['Automobile, Station Wagon']",['Going Ahead'],"['Failed to Yield Right of Way', 'Driving Properly']",['Normal'],['Not Applicable'],['Not Applicable'],['Not Applicable'],['Not Applicable'],['Not Applicable'],False,"['55 to 59', '60 to 64']",3.0
2001603653.0,2022-08-19 08:00:00,1804,2022,ROYAL YORK RD,STRATH HUMBER CRT,Minor Arterial,Etobicoke York,43.661727,-79.517726,619514.0392,4835369.2135,At Intersection,Traffic Signal,Clear,Daylight,Dry,9,Edenbridge-Humber Valley,9,Edenbridge-Humber Valley (9),Non-Fatal Injury,0,0,1,0,0,0,0,1,0,1,1,0,0,Turning Movement,"['Driver', 'Passenger']",North,"['Automobile, Station Wagon']","['Going Ahead', 'Turning Left', 'Slowing or Stopping']","['Disobeyed Traffic Control', 'Driving Properly']",['Normal'],['Not Applicable'],['Not Applicable'],['Not Applicable'],['Not Applicable'],['Not Applicable'],False,"['70 to 74', '45 to 49', '65 to 69']",3.0
2001624588.0,2022-08-22 08:00:00,1958,2022,MEADOWVALE RD,SHEPPARD AVE E,Minor Arterial,Scarborough,43.807902,-79.170619,647142.7439,4852162.7339,At/Near Private Drive,No Control,Clear,"Dusk, artificial",Wet,143,West Rouge,131,Rouge (131),Non-Fatal Injury,0,1,0,0,1,0,0,1,0,1,0,0,0,Cyclist Collisions,"['Truck Driver', 'Cyclist', 'Passenger']",South,"['Truck - Closed (Blazer, etc)', 'Bicycle']","['Turning Right', 'Going Ahead']",['Failed to Yield Right of Way'],['Normal'],['Not Applicable'],['Not Applicable'],"['Motorist turns right at non-signal Inter.(stop, yield, no cont.,and dwy) and strikes cyclist.']",['Driving Properly'],['Normal'],False,"['40 to 44', '10 to 14', '15 to 19']",3.0
2001624731.0,2022-08-22 08:00:00,2031,2022,2978 WESTON RD,Not Applicable,Major Arterial,Etobicoke York,43.726855,-79.535571,617947.4625,4842577.0089,Non Intersection,No Control,Rain,"Dark, artificial",Wet,23,Pelmo Park-Humberlea,23,Pelmo Park-Humberlea (23),Fatal,0,0,1,0,0,0,0,0,0,0,0,0,0,Approaching,['Driver'],North,"['Automobile, Station Wagon']",['Going Ahead'],"['Driving Properly', 'Lost control']","['Normal', 'Unknown']",['Not Applicable'],['Not Applicable'],['Not Applicable'],['Not Applicable'],['Not Applicable'],True,"['75 to 79', '20 to 24']",4.0
2001632835.0,2022-08-23 08:00:00,2252,2022,SHEPPARD AVE E,BAYVIEW AVE,Major Arterial,North York,43.766516,-79.388011,629746.5718,4847202.5519,At Intersection,Traffic Signal,Clear,"Dark, artificial",Dry,52,Bayview Village,52,Bayview Village (52),Non-Fatal Injury,0,0,1,0,0,0,0,1,0,1,0,0,0,Turning Movement,"['Driver', 'Passenger']",East,"['Automobile, Station Wagon']","['Turning Left', 'Going Ahead']","['Failed to Yield Right of Way', 'Driving Properly']","['Inattentive', 'Normal']",['Not Applicable'],['Not Applicable'],['Not Applicable'],['Not Applicable'],['Not Applicable'],False,"['80 to 84', '75 to 79']",3.0
2001661839.0,2022-08-27 08:00:00,2220,2022,F G GARDINER XY  E,STRACHAN AVE,Expressway,Toronto and East York,43.63666,-79.414516,627889.0095,4832739.0441,Non Intersection,No Control,Clear,"Dark, artificial",Dry,163,Fort York-Liberty Village,82,Niagara (82),Non-Fatal Injury,0,0,1,1,0,0,0,1,0,0,0,0,0,Rear End,"['Motorcycle Driver', 'Driver', 'Passenger']",East,"['Motorcycle', 'Automobile, Station Wagon']","['Changing Lanes', 'Slowing or Stopping']","['Improper Lane Change', 'Driving Properly']",['Normal'],['Not Applicable'],['Not Applicable'],['Not Applicable'],['Not Applicable'],['Not Applicable'],False,"['30 to 34', '20 to 24', '25 to 29']",3.0
2001669318.0,2022-08-29 08:00:00,35,2022,LAKE SHORE BLVD W,JAMESON AVE,Major Arterial,Toronto and East York,43.633269,-79.43452,626282.5246,4832331.8042,Intersection Related,No Control,Clear,"Dark, artificial",Dry,85,South Parkdale,85,South Parkdale (85),Non-Fatal Injury,1,0,1,0,0,0,0,0,0,0,0,0,0,Pedestrian Collisions,"['Driver', 'Pedestrian']",North,"['Automobile, Station Wagon']",['Going Ahead'],['Other'],['Unknown'],['Walking on Roadway Against Traffic'],['Inattentive'],['Not Applicable'],['Not Applicable'],['Not Applicable'],False,"['unknown', '35 to 39']",3.0
2001682289.0,2022-08-30 08:00:00,1910,2022,124 EDENBRIDGE DR,Not Applicable,Collector,Etobicoke York,43.671797,-79.514888,619722.8453,4836491.7106,At/Near Private Drive,No Control,Clear,Daylight,Dry,9,Edenbridge-Humber Valley,9,Edenbridge-Humber Valley (9),Non-Fatal Injury,0,1,1,0,0,0,0,0,0,0,0,0,0,Cyclist Collisions,"['Driver', 'Cyclist']",East,"['Automobile, Station Wagon', 'Bicycle']","['Turning Left', 'Other', 'Going Ahead']",['Driving Properly'],['Normal'],['Not Applicable'],['Not Applicable'],['Motorist turned left across cyclists path.'],['Other'],['Other'],False,"['30 to 34', '20 to 24']",3.0
2001686607.0,2022-08-31 08:00:00,1147,2022,ROGERS RD,GILBERT AVE,Minor Arterial,Etobicoke York,43.683348,-79.459544,624160.6356,4837855.9671,At Intersection,No Control,Clear,Daylight,Dry,109,Caledonia-Fairbank,109,Caledonia-Fairbank (109),Non-Fatal Injury,1,0,1,0,0,0,0,0,0,1,0,0,0,Pedestrian Collisions,"['Driver', 'Pedestrian']",East,"['Automobile, Station Wagon']",['Turning Left'],['Failed to Yield Right of Way'],['Inattentive'],"['Crossing, Pedestrian Crossover']",['Normal'],['Not Applicable'],['Not Applicable'],['Not Applicable'],False,"['55 to 59', '70 to 74']",3.0
2001697085.0,2022-09-01 08:00:00,1820,2022,DUNDAS ST W,CHELSEA AVE,Minor Arterial,Toronto and East York,43.658145,-79.45296,624743.5114,4835066.7166,At Intersection,No Control,Clear,Daylight,Dry,88,High Park North,88,High Park North (88),Non-Fatal Injury,0,0,1,1,0,0,0,0,0,0,0,0,0,Turning Movement,"['Driver', 'Motorcycle Driver']",North,"['Automobile, Station Wagon', 'Motorcycle']","['Turning Left', 'Going Ahead']","['Improper Turn', 'Driving Properly']",['Normal'],['Not Applicable'],['Not Applicable'],['Not Applicable'],['Not Applicable'],['Not Applicable'],False,"['55 to 59', '40 to 44']",3.0
2001698920.0,2022-09-01 08:00:00,2336,2022,WESTON RD,JANE ST,Major Arterial,Etobicoke York,43.691222,-79.500865,620814.3292,4838669.4506,At Intersection,Traffic Signal,Clear,"Dark, artificial",Dry,115,Mount Dennis,115,Mount Dennis (115),Non-Fatal Injury,0,0,1,0,0,0,0,1,1,1,1,0,0,Angle,"['Driver', 'Passenger']",West,"['Automobile, Station Wagon']",['Going Ahead'],"['Disobeyed Traffic Control', 'Driving Properly']","['Unknown', 'Normal']",['Not Applicable'],['Not Applicable'],['Not Applicable'],['Not Applicable'],['Not Applicable'],False,"['35 to 39', '65 to 69', '20 to 24']",3.0
2001708028.0,2022-09-03 08:00:00,753,2022,BAYVIEW BLOOR DVP S RAMP,DON VALLEY PARKWAY  S,Expressway Ramp,Toronto and East York,43.682494,-79.362987,631945.0734,4837910.204,Non Intersection,No Control,Clear,Daylight,Dry,57,Broadview North,57,Broadview North (57),Non-Fatal Injury,0,0,0,1,0,0,0,0,0,0,0,0,0,SMV Other,['Motorcycle Driver'],East,['Motorcycle'],['Going Ahead'],['Lost control'],['Normal'],['Not Applicable'],['Not Applicable'],['Not Applicable'],['Not Applicable'],['Not Applicable'],False,['45 to 49'],3.0
2001712442.0,2022-09-03 08:00:00,2100,2022,WILSON AVE,CORNELIUS PKWY,Major Arterial,North York,43.728224,-79.477031,622659.6119,4842814.0389,At Intersection,No Control,Clear,Dark,Dry,155,Downsview,26,Downsview-Roding-CFB (26),Fatal,0,1,1,0,0,0,0,1,0,1,0,0,0,Cyclist Collisions,"['Driver', 'Cyclist', 'Passenger']",East,"['Automobile, Station Wagon', 'Bicycle']","['Turning Left', 'Going Ahead']",['Failed to Yield Right of Way'],['Inattentive'],['Not Applicable'],['Not Applicable'],['Motorist turned left across cyclists path.'],['Driving Properly'],['Normal'],True,"['55 to 59', '40 to 44', '15 to 19']",4.0
2001719120.0,2022-09-04 08:00:00,2120,2022,DANFORTH AVE,LEYTON AVE,Major Arterial,Scarborough,43.693495,-79.27782,638784.334,4839271.0438,At Intersection,Stop Sign,Clear,"Dark, artificial",Dry,121,Oakridge,121,Oakridge (121),Non-Fatal Injury,0,0,1,0,0,0,0,0,1,1,0,0,0,Angle,['Driver'],East,"['Automobile, Station Wagon']",['Going Ahead'],"['Disobeyed Traffic Control', 'Driving Properly']","['Other', 'Normal']",['Not Applicable'],['Not Applicable'],['Not Applicable'],['Not Applicable'],['Not Applicable'],False,"['15 to 19', '55 to 59']",3.0
2001720780.0,2022-09-05 08:00:00,424,2022,YONGE ST,COLLEGE ST,Major Arterial,Toronto and East York,43.661299,-79.383067,630372.4711,4835524.4628,At Intersection,Traffic Signal,Clear,"Dark, artificial",Dry,168,Downtown Yonge East,75,Church-Yonge Corridor (75),Fatal,1,0,1,0,0,0,0,0,0,1,0,0,0,Pedestrian Collisions,"['Driver', 'Pedestrian']",South,"['Automobile, Station Wagon']","['Overtaking', 'Stopped']","['Improper Passing', 'Driving Properly']","['Unknown', 'Normal']",['Other'],['Other'],['Not Applicable'],['Not Applicable'],['Not Applicable'],True,"['30 to 34', '25 to 29', '40 to 44']",4.0
2001730201.0,2022-09-06 08:00:00,1411,2022,SCARLETT RD,BRAEBURN AVE,Major Arterial,Etobicoke York,43.700743,-79.526279,618747.421,4839690.175,At/Near Private Drive,No Control,Clear,Daylight,Dry,8,Humber Heights-Westmount,8,Humber Heights-Westmount (8),Non-Fatal Injury,0,0,1,0,0,0,0,1,0,1,0,0,0,Turning Movement,"['Driver', 'Passenger']",North,"['Automobile, Station Wagon']","['Turning Left', 'Going Ahead']","['Failed to Yield Right of Way', 'Driving Properly']",['Normal'],['Not Applicable'],['Not Applicable'],['Not Applicable'],['Not Applicable'],['Not Applicable'],False,"['55 to 59', '25 to 29', '50 to 54']",3.0
2001733583.0,2022-09-06 08:00:00,2222,2022,DANFORTH RD,MIDLAND AVE,Major Arterial,Scarborough,43.724185,-79.25436,640603.1332,4842719.1486,Non Intersection,No Control,Clear,"Dawn, artificial",Dry,124,Kennedy Park,124,Kennedy Park (124),Non-Fatal Injury,1,0,1,0,0,0,0,0,0,0,0,0,0,Pedestrian Collisions,"['Driver', 'Pedestrian']",South,"['Automobile, Station Wagon']",['Going Ahead'],['Driving Properly'],['Normal'],"['Crossing, no Traffic Control']",['Unknown'],['Not Applicable'],['Not Applicable'],['Not Applicable'],False,"['55 to 59', '25 to 29']",3.0
2001735076.0,2022-09-07 08:00:00,640,2022,WESTON RD,RAY AVE,Minor Arterial,Etobicoke York,43.688578,-79.494197,621357.0357,4838385.5349,At Intersection,Traffic Signal,Clear,Dawn,Dry,115,Mount Dennis,115,Mount Dennis (115),Non-Fatal Injury,0,0,1,1,0,0,0,0,1,1,0,0,0,Turning Movement,"['Driver', 'Motorcycle Driver']",North,"['Automobile, Station Wagon', 'Motorcycle']","['Turning Left', 'Going Ahead']","['Failed to Yield Right of Way', 'Speed too Fast For Condition']",['Normal'],['Not Applicable'],['Not Applicable'],['Not Applicable'],['Not Applicable'],['Not Applicable'],False,"['20 to 24', '30 to 34']",3.0
2001748727.0,2022-09-08 08:00:00,2033,2022,106 LAWRENCE  AVE E,ARDROSSAN  PL,Major Arterial,North York,43.726405,-79.395648,629218.154,4842735.6939,Non Intersection,No Control,Clear,"Dawn, artificial",Dry,103,Lawrence Park South,103,Lawrence Park South (103),Property Damage O,1,0,0,0,0,1,0,0,0,0,0,0,0,Pedestrian Collisions,"['Driver', 'Pedestrian']",Unknown,['Municipal Transit Bus (TTC)'],['Going Ahead'],['Driving Properly'],['Normal'],['Running onto Roadway'],['Other'],['Not Applicable'],['Not Applicable'],['Not Applicable'],False,"['50 to 54', '15 to 19']",3.0
2001755398.0,2022-09-09 08:00:00,1752,2022,SHEPPARD AVE W,WILSON HEIGHTS BLVD,Major Arterial,North York,43.751399,-79.457629,624174.3418,4845416.8609,Non Intersection,No Control,Clear,Daylight,Dry,33,Clanton Park,33,Clanton Park (33),Non-Fatal Injury,0,1,0,0,0,1,0,0,0,0,0,0,0,Cyclist Collisions,"['Cyclist', 'Driver']",East,"['Bicycle', 'Municipal Transit Bus (TTC)']","['Changing Lanes', 'Going Ahead']",['Driving Properly'],['Normal'],['Not Applicable'],['Not Applicable'],['Cyclist and Driver travelling in same direction. One vehicle sideswipes the other.'],['Improper Lane Change'],['Inattentive'],False,"['65 to 69', '40 to 44']",3.0
2001762186.0,2022-09-10 08:00:00,1632,2022,LAKE SHORE BV W,NET DR,Major Arterial,Toronto and East York,43.634391,-79.439014,625917.6604,4832449.5897,Non Intersection,No Control,Clear,Daylight,Dry,85,South Parkdale,85,South Parkdale (85),Non-Fatal Injury,0,0,1,1,0,0,0,0,1,1,0,0,0,Turning Movement,"['Motorcycle Driver', 'Driver']",East,"['Motorcycle', 'Automobile, Station Wagon']","['Going Ahead', 'Turning Left']","['Improper Passing', 'Driving Properly']",['Normal'],['Not Applicable'],['Not Applicable'],['Not Applicable'],['Not Applicable'],['Not Applicable'],False,"['35 to 39', '25 to 29']",3.0
2001778339.0,2022-09-12 08:00:00,2140,2022,ISLINGTON AVENUE AND SATTERLY ROAD,ISLINGTON AV,Major Arterial,Etobicoke York,43.758406,-79.570651,615061.5875,4846031.8703,Intersection Related,Traffic Signal,Clear,"Dark, artificial",Dry,21,Humber Summit,21,Humber Summit (21),Non-Fatal Injury,0,0,1,1,0,0,0,0,0,1,0,0,0,Turning Movement,"['Driver', 'Motorcycle Driver']",North,"['Automobile, Station Wagon', 'Motorcycle']","['Turning Left', 'Going Ahead']","['Failed to Yield Right of Way', 'Driving Properly']","['Inattentive', 'Normal']",['Not Applicable'],['Not Applicable'],['Not Applicable'],['Not Applicable'],['Not Applicable'],False,"['25 to 29', '30 to 34']",3.0
2001780111.0,2022-09-13 08:00:00,730,2022,SHEPPARD AVE E,NEILSON RD,Major Arterial,Scarborough,43.79803,-79.217654,643383.1451,4850983.717,At Intersection,Traffic Signal,Clear,Daylight,Dry,146,Malvern East,132,Malvern (132),Non-Fatal Injury,0,0,1,0,0,0,0,1,0,0,0,0,0,Turning Movement,"['Driver', 'Passenger']",North,"['Automobile, Station Wagon']","['Turning Left', 'Going Ahead']","['Improper Turn', 'Driving Properly']","['Inattentive', 'Normal']",['Not Applicable'],['Not Applicable'],['Not Applicable'],['Not Applicable'],['Not Applicable'],False,"['40 to 44', '20 to 24', '15 to 19']",3.0
2001790386.0,2022-09-14 08:00:00,1436,2022,KING ST E,CHURCH ST,Major Arterial,Toronto and East York,43.649707,-79.374957,631051.5969,4834249.7937,Non Intersection,No Control,Clear,Daylight,Dry,168,Downtown Yonge East,75,Church-Yonge Corridor (75),Non-Fatal Injury,0,1,0,1,0,0,0,0,1,1,0,0,0,Cyclist Collisions,"['Motorcycle Driver', 'Cyclist']",East,"['Motorcycle', 'Bicycle']","['Going Ahead', 'Turning Left']",['Exceeding Speed Limit'],['Normal'],['Not Applicable'],['Not Applicable'],['Cyclist turned left across motorists path.'],['Improper Turn'],['Normal'],False,"['20 to 24', '40 to 44']",3.0
2001792754.0,2022-09-14 08:00:00,2005,2022,RUNNYMEDE RD,MARIA ST,Minor Arterial,Toronto and East York,43.666323,-79.482394,622353.5051,4835931.1602,Non Intersection,No Control,Clear,"Dark, artificial",Dry,90,Junction Area,90,Junction Area (90),Non-Fatal Injury,0,0,1,1,0,0,0,0,1,1,0,0,0,Rear End,"['Driver', 'Motorcycle Driver']",South,"['Automobile, Station Wagon', 'Motorcycle']","['Going Ahead', 'Stopped']","['Speed too Fast For Condition', 'Driving Properly']","['Inattentive', 'Normal']",['Not Applicable'],['Not Applicable'],['Not Applicable'],['Not Applicable'],['Not Applicable'],False,"['unknown', '20 to 24', '50 to 54']",3.0
2001796200.0,2022-09-15 08:00:00,1032,2022,EGLINTON AVE W,SCARLETT RD ET,Major Arterial,Etobicoke York,43.68386,-79.51144,619976.766,4837836.449,At Intersection,Traffic Signal,Clear,Daylight,Dry,9,Edenbridge-Humber Valley,9,Edenbridge-Humber Valley (9),Non-Fatal Injury,0,0,1,0,1,0,0,1,0,1,0,0,0,Rear End,"['Truck Driver', 'Driver', 'Passenger']",West,"['Truck - Car Carrier', 'Automobile, Station Wagon']","['Going Ahead', 'Slowing or Stopping']","['Following too Close', 'Driving Properly']",['Normal'],['Not Applicable'],['Not Applicable'],['Not Applicable'],['Not Applicable'],['Not Applicable'],False,"['40 to 44', '65 to 69']",3.0
2001797133.0,2022-09-15 08:00:00,1257,2022,287 COLLEGE ST,Not Applicable,Major Arterial,Toronto and East York,43.657664,-79.401332,628907.5371,4835092.209,Non Intersection,No Control,Clear,Daylight,Dry,78,Kensington-Chinatown,78,Kensington-Chinatown (78),Non-Fatal Injury,0,1,0,0,1,0,0,0,0,0,0,0,0,Cyclist Collisions,"['Truck Driver', 'Cyclist']",East,"['Truck - Closed (Blazer, etc)', 'Bicycle']","['Turning Left', 'Going Ahead']",['Improper Turn'],['Normal'],['Not Applicable'],['Not Applicable'],['Cyclist falls off bike - no contact with motorist.'],['Driving Properly'],['Normal'],False,['20 to 24'],3.0
2001801385.0,2022-09-16 08:00:00,120,2022,DON VALLEY PKWY N,GERRARD ST,Expressway,Toronto and East York,43.666567,-79.356319,632517.5801,4836151.9239,Non Intersection,No Control,Clear,"Dark, artificial",Dry,68,North Riverdale,68,North Riverdale (68),Non-Fatal Injury,0,0,0,1,0,0,0,0,1,1,0,0,0,SMV Other,['Motorcycle Driver'],North,['Motorcycle'],['Going Ahead'],['Exceeding Speed Limit'],['Unknown'],['Not Applicable'],['Not Applicable'],['Not Applicable'],['Not Applicable'],['Not Applicable'],False,['25 to 29'],3.0
2001815812.0,2022-09-18 08:00:00,150,2022,F G GARDINER XY  E,CHERRY ST,Expressway,Toronto and East York,43.648947,-79.355068,632657.2362,4834196.9874,Non Intersection,No Control,Clear,"Dark, artificial",Dry,166,St Lawrence-East Bayfront-The Islands,77,Waterfront Communities-The Island (77),Non-Fatal Injury,0,0,0,1,0,0,0,1,1,1,0,0,0,SMV Other,"['Motorcycle Driver', 'Motorcycle Passenger']",East,['Motorcycle'],['Going Ahead'],['Lost control'],['Unknown'],['Not Applicable'],['Not Applicable'],['Not Applicable'],['Not Applicable'],['Not Applicable'],False,['30 to 34'],3.0
2001822639.0,2022-09-19 08:00:00,627,2022,BAYVIEW AVE,LAWRENCE AVE E,Major Arterial,North York,43.726691,-79.381511,630356.1709,4842789.5995,Non Intersection,No Control,Clear,Dark,Dry,41,Bridle Path-Sunnybrook-York Mills,41,Bridle Path-Sunnybrook-York Mills (41),Non-Fatal Injury,0,0,1,0,0,0,0,1,0,1,0,0,0,Approaching,"['Passenger', 'Driver']",North,"['Automobile, Station Wagon']",['Going Ahead'],"['Other', 'Driving Properly']","['Inattentive', 'Normal']",['Not Applicable'],['Not Applicable'],['Not Applicable'],['Not Applicable'],['Not Applicable'],False,"['75 to 79', '60 to 64', '25 to 29', '55 to 59']",3.0
2001844231.0,2022-09-22 08:00:00,850,2022,TRETHEWEY DR AND PAULSON ROAD,PAULSON RD,Minor Arterial,Unknown,43.693583,-79.482257,622309.1493,4838958.9504,Intersection Related,No Control,Clear,Daylight,Dry,112,Beechborough-Greenbrook,112,Beechborough-Greenbrook (112),Non-Fatal Injury,1,0,1,0,0,0,0,0,0,0,0,0,0,Pedestrian Collisions,"['Driver', 'Pedestrian']",South,"['Automobile, Station Wagon']",['Going Ahead'],['Driving Properly'],['Normal'],['Crossing without right of way'],['Normal'],['Not Applicable'],['Not Applicable'],['Not Applicable'],False,"['65 to 69', '15 to 19']",3.0
2001845564.0,2022-09-22 08:00:00,1217,2022,THE QUEENSWAY,KING ST W,Major Arterial,Toronto and East York,43.638644,-79.446178,625330.9254,4832911.0972,Intersection Related,Traffic Signal,Clear,Daylight,Dry,85,South Parkdale,85,South Parkdale (85),Non-Fatal Injury,0,0,1,0,0,0,0,0,0,0,0,0,1,Approaching,['Driver'],East,"['Automobile, Station Wagon']",['Going Ahead'],"['Lost control', 'Driving Properly']","['Medical or Physical Disability', 'Normal']",['Not Applicable'],['Not Applicable'],['Not Applicable'],['Not Applicable'],['Not Applicable'],False,"['70 to 74', '60 to 64']",3.0
2001849890.0,2022-09-22 08:00:00,2350,2022,F G GARDINER XY  W,GARDINER X W 427 X N RAMP,Expressway,Etobicoke York,43.615931,-79.535976,618132.2594,4830256.8684,Non Intersection,No Control,Clear,Dark,Dry,20,Alderwood,20,Alderwood (20),Non-Fatal Injury,0,0,1,0,0,0,0,1,1,1,0,0,0,Rear End,"['Driver', 'Passenger']",West,"['Automobile, Station Wagon']","['Going Ahead', 'Stopped', 'Slowing or Stopping']","['Lost control', 'Driving Properly', 'Speed too Fast For Condition']","['Inattentive', 'Normal']",['Not Applicable'],['Not Applicable'],['Not Applicable'],['Not Applicable'],['Not Applicable'],False,"['unknown', '50 to 54', '30 to 34', '25 to 29', '20 to 24']",3.0
2001854039.0,2022-09-23 08:00:00,1425,2022,WESTON WOOD RD,ROYAL YORK RD,Minor Arterial,Etobicoke York,43.69187,-79.530826,618398.4971,4838698.2057,At Intersection,No Control,Clear,Daylight,Dry,8,Humber Heights-Westmount,8,Humber Heights-Westmount (8),Non-Fatal Injury,0,0,1,0,0,0,0,0,0,1,0,0,0,Approaching,['Driver'],North,"['Pick Up Truck', 'Automobile, Station Wagon']",['Going Ahead'],"['Improper Passing', 'Driving Properly']","['Inattentive', 'Normal']",['Not Applicable'],['Not Applicable'],['Not Applicable'],['Not Applicable'],['Not Applicable'],False,"['35 to 39', '75 to 79']",3.0