accident_number,date,time,year,street1,street2,road_class,district,latitude,longitude,x,y,accident_location,traffctl,visibility,light,road_surface_condition,hood_158,neighbourhood_new,hood_140,neighbourhood_old,accident_class,pedestrian,cyclist,automobile,motorcycle,truck,trsn_city_veh,emerg_veh,passenger,speeding,aggressive_driving,redlight,alcohol,disability,impact_type,involvement_type,initial_direction,vehicle_type,manoeuver,driver_action,driver_condition,pedestrian_action,pedestrian_condition,cyclist_type,cyclist_action,cyclist_condition,injury,involvement_age,injury_severity_score
2001859884.0,2022-09-24 08:00:00,1100,2022,BLOOR ST W,GARDENVALE RD,Major Arterial,Etobicoke York,43.645594,-79.518939,619448.2147,4833575.6904,At Intersection,Traffic Signal,Clear,Daylight,Dry,16,Stonegate-Queensway,16,Stonegate-Queensway (16),Non-Fatal Injury,1,0,1,0,0,0,0,0,0,1,0,0,0,Pedestrian Collisions,"['Driver', 'Pedestrian']",North,"['Automobile, Station Wagon']",['Turning Left'],['Failed to Yield Right of Way'],['Inattentive'],['Crossing with right of way'],['Normal'],['Not Applicable'],['Not Applicable'],['Not Applicable'],False,"['25 to 29', '55 to 59']",3.0
2001862623.0,2022-09-24 08:00:00,1910,2022,FINCH AVE E,SENECA HILL DR,Major Arterial,North York,43.79402,-79.348445,632870.2707,4850320.0529,Non Intersection,No Control,Clear,Dusk,Dry,47,Don Valley Village,47,Don Valley Village (47),Non-Fatal Injury,0,0,1,1,0,0,0,1,0,1,0,0,0,Turning Movement,"['Motorcycle Driver', 'Driver', 'Passenger']",West,"['Motorcycle', 'Automobile, Station Wagon']","['Overtaking', 'Making U Turn']","['Improper Passing', 'Driving Properly']",['Normal'],['Not Applicable'],['Not Applicable'],['Not Applicable'],['Not Applicable'],['Not Applicable'],False,"['20 to 24', '25 to 29']",3.0
2001863583.0,2022-09-24 08:00:00,2218,2022,DUFFERIN ST,MARTIN ST,Major Arterial,Toronto and East York,43.689425,-79.447688,625103.6036,4838548.7182,Non Intersection,No Control,Clear,"Dark, artificial",Dry,107,Oakwood Village,107,Oakwood Village (107),Fatal,0,0,1,1,0,1,0,1,0,0,0,0,0,Angle,"['Motorcycle Driver', 'Driver', 'Passenger']",North,"['Motorcycle', 'Automobile, Station Wagon', 'Municipal Transit Bus (TTC)']","['Going Ahead', 'Reversing']","['Driving Properly', 'Other']","['Unknown', 'Inattentive', 'Normal']",['Not Applicable'],['Not Applicable'],['Not Applicable'],['Not Applicable'],['Not Applicable'],True,"['30 to 34', '20 to 24', '35 to 39', '15 to 19']",4.0
2001864755.0,2022-09-25 08:00:00,316,2022,GAMMA ST,VALERMO DR,Local,Etobicoke York,43.60818,-79.539325,617877.1669,4829391.2679,Non Intersection,No Control,Clear,"Dusk, artificial",Dry,20,Alderwood,20,Alderwood (20),Non-Fatal Injury,1,0,1,0,0,0,0,0,0,1,0,1,0,Pedestrian Collisions,"['Driver', 'Pedestrian']",South,['Passenger Van'],['Going Ahead'],['Other'],"['Ability Impaired, Alcohol Over .08']",['On Sidewalk or Shoulder'],['Normal'],['Not Applicable'],['Not Applicable'],['Not Applicable'],False,"['45 to 49', '40 to 44']",3.0
2001871122.0,2022-09-26 08:00:00,624,2022,KEELE ST,DENBIGH CRES,Major Arterial,North York,43.738223,-79.484851,622009.4791,4843913.0262,Intersection Related,No Control,Clear,Daylight,Dry,155,Downsview,26,Downsview-Roding-CFB (26),Non-Fatal Injury,0,0,1,0,0,0,0,0,1,1,0,0,0,Rear End,['Driver'],North,"['Automobile, Station Wagon']",['Going Ahead'],"['Exceeding Speed Limit', 'Driving Properly']","['Fatigue', 'Normal']",['Not Applicable'],['Not Applicable'],['Not Applicable'],['Not Applicable'],['Not Applicable'],False,"['20 to 24', '65 to 69']",3.0
2001876381.0,2022-09-26 08:00:00,1909,2022,COSBURN AV,GLEBEMOUNT AVE,Minor Arterial,Toronto and East York,43.695437,-79.32162,635250.242,4839414.3501,Intersection Related,Pedestrian Crossover,Rain,"Dark, artificial",Wet,59,Danforth East York,59,Danforth East York (59),Non-Fatal Injury,1,0,1,0,0,0,0,0,0,1,0,0,0,Pedestrian Collisions,"['Driver', 'Pedestrian']",East,"['Automobile, Station Wagon']",['Going Ahead'],['Disobeyed Traffic Control'],['Inattentive'],"['Crossing, Pedestrian Crossover']",['Normal'],['Not Applicable'],['Not Applicable'],['Not Applicable'],False,"['30 to 34', '60 to 64']",3.0
2001876450.0,2022-09-26 08:00:00,1920,2022,KINGSTON RD,MORNINGSIDE AV,Major Arterial,Scarborough,43.770507,-79.18687,645926.5921,4847980.6448,At Intersection,Traffic Signal,Rain,Dark,Wet,136,West Hill,136,West Hill (136),Non-Fatal Injury,1,0,0,0,0,1,0,0,0,0,0,0,0,Pedestrian Collisions,"['Driver', 'Pedestrian']",East,['Municipal Transit Bus (TTC)'],['Turning Left'],['Driving Properly'],['Normal'],['Crossing marked crosswalk without ROW'],['Inattentive'],['Not Applicable'],['Not Applicable'],['Not Applicable'],False,"['40 to 44', '25 to 29']",3.0
2001891464.0,2022-09-28 08:00:00,2012,2022,WILSON AVE,DALLNER RD,Major Arterial,Etobicoke York,43.719824,-79.513767,619717.6088,4841827.3808,At Intersection,No Control,Clear,"Dark, artificial",Dry,154,Oakdale-Beverley Heights,26,Downsview-Roding-CFB (26),Non-Fatal Injury,1,0,1,0,0,0,0,0,0,0,0,0,0,Pedestrian Collisions,"['Driver', 'Pedestrian']",East,"['Automobile, Station Wagon']",['Going Ahead'],['Driving Properly'],['Unknown'],['Walking on Roadway Against Traffic'],['Other'],['Not Applicable'],['Not Applicable'],['Not Applicable'],False,"['unknown', '55 to 59']",3.0
2001894189.0,2022-09-29 08:00:00,904,2022,STEELES AVE W,FENMAR DR,Major Arterial,Etobicoke York,43.766474,-79.564739,615521.9737,4846936.1703,At Intersection,Traffic Signal,Clear,Daylight,Dry,21,Humber Summit,21,Humber Summit (21),Non-Fatal Injury,1,0,1,0,0,0,0,1,0,1,0,0,0,Pedestrian Collisions,"['Driver', 'Passenger', 'Pedestrian']",North,['Pick Up Truck'],['Turning Left'],['Failed to Yield Right of Way'],['Inattentive'],['Crossing with right of way'],['Normal'],['Not Applicable'],['Not Applicable'],['Not Applicable'],False,"['70 to 74', '65 to 69', '50 to 54']",3.0
2001898372.0,2022-09-29 08:00:00,1920,2022,SKYWAY AVE,DIXON RD,Minor Arterial,North York,43.686701,-79.58604,613958.6408,4838046.7679,Non Intersection,No Control,Unknown,Daylight,Unknown,1,West Humber-Clairville,1,West Humber-Clairville (1),Fatal,0,0,1,1,0,0,0,0,0,0,0,0,0,Turning Movement,"['Driver', 'Motorcycle Driver']",South,"['Automobile, Station Wagon', 'Motorcycle']","['Making U Turn', 'Going Ahead']","['Improper Turn', 'Driving Properly']","['Inattentive', 'Normal']",['Not Applicable'],['Not Applicable'],['Not Applicable'],['Not Applicable'],['Not Applicable'],True,"['55 to 59', '50 to 54']",4.0
2001902035.0,2022-09-30 08:00:00,1005,2022,33 QUEEN ST E,Not Applicable,Major Arterial,Toronto and East York,43.652686,-79.377605,630831.5781,4834576.4724,Non Intersection,No Control,Clear,Daylight,Dry,168,Downtown Yonge East,75,Church-Yonge Corridor (75),Non-Fatal Injury,0,0,1,0,1,0,0,1,0,1,0,0,0,Turning Movement,"['Driver', 'Truck Driver', 'Passenger']",East,"['Automobile, Station Wagon', 'Truck - Dump']","['Turning Right', 'Going Ahead']","['Failed to Yield Right of Way', 'Driving Properly']","['Unknown', 'Normal']",['Not Applicable'],['Not Applicable'],['Not Applicable'],['Not Applicable'],['Not Applicable'],False,"['85 to 89', '55 to 59']",3.0
2001903424.0,2022-09-30 08:00:00,1331,2022,BURNHAMTHORPE RD,LAUREL AV,Major Arterial,Etobicoke York,43.646945,-79.556659,616403.4467,4833672.1399,Non Intersection,No Control,Clear,Daylight,Dry,158,Islington,14,Islington-City Centre West (14),Non-Fatal Injury,0,0,1,1,0,0,0,1,1,1,0,0,0,Angle,"['Motorcycle Driver', 'Driver', 'Passenger']",North,"['Motorcycle', 'Automobile, Station Wagon']",['Going Ahead'],"['Lost control', 'Driving Properly']",['Normal'],['Not Applicable'],['Not Applicable'],['Not Applicable'],['Not Applicable'],['Not Applicable'],False,"['35 to 39', '70 to 74', '65 to 69']",3.0
2001905181.0,2022-09-30 08:00:00,1731,2022,CARLTON ST,JARVIS ST,Major Arterial,Toronto and East York,43.662413,-79.376689,630884.3106,4835658.2293,At Intersection,Traffic Signal,Clear,Daylight,Dry,73,Moss Park,73,Moss Park (73),Non-Fatal Injury,1,0,1,1,0,0,0,1,0,1,0,0,0,Pedestrian Collisions,"['Driver', 'Motorcycle Driver', 'Passenger', 'Pedestrian']",Unknown,"['Automobile, Station Wagon', 'Motorcycle']","['Turning Left', 'Going Ahead']","['Failed to Yield Right of Way', 'Driving Properly']",['Normal'],['On Sidewalk or Shoulder'],['Normal'],['Not Applicable'],['Not Applicable'],['Not Applicable'],False,"['25 to 29', '55 to 59', 'unknown', '35 to 39']",3.0
2001909311.0,2022-10-01 08:00:00,956,2022,DUFFERIN ST,PEEL AVE,Minor Arterial,Toronto and East York,43.64379,-79.429195,626689.9673,4833508.4102,At Intersection,No Control,Clear,Daylight,Dry,84,Little Portugal,84,Little Portugal (84),Non-Fatal Injury,0,1,1,0,0,0,0,0,0,0,0,0,0,Cyclist Collisions,"['Cyclist', 'Driver']",North,"['Bicycle', 'Automobile, Station Wagon']","['Turning Left', 'Going Ahead']",['Driving Properly'],['Normal'],['Not Applicable'],['Not Applicable'],['Cyclist turned left across motorists path.'],['Failed to Yield Right of Way'],['Inattentive'],False,"['30 to 34', '40 to 44']",3.0
2001915767.0,2022-10-02 08:00:00,810,2022,EVANS AVE,ISLINGTON AVE,Major Arterial,Etobicoke York,43.618312,-79.511256,620122.1951,4830556.7709,At Intersection,Traffic Signal,Clear,Daylight,Dry,160,Mimico-Queensway,17,Mimico (includes Humber Bay Shores) (17),Non-Fatal Injury,0,1,1,0,0,0,0,0,0,0,0,0,0,Cyclist Collisions,"['Driver', 'Cyclist']",South,"['Automobile, Station Wagon', 'Bicycle']","['Turning Right', 'Going Ahead']",['Improper Turn'],['Normal'],['Not Applicable'],['Not Applicable'],['Motorist turning right on red at signalized intersection strikes cyclist.'],['Other'],['Normal'],False,"['60 to 64', '35 to 39']",3.0
2001916054.0,2022-10-02 08:00:00,934,2022,DUNDAS ST W,BROCK AVE,Minor Arterial,Toronto and East York,43.649817,-79.435558,626164.1498,4834168.0931,At Intersection,Traffic Signal,Clear,Daylight,Dry,84,Little Portugal,84,Little Portugal (84),Non-Fatal Injury,1,0,1,0,0,0,0,0,0,1,0,0,0,Pedestrian Collisions,"['Driver', 'Pedestrian']",North,"['Automobile, Station Wagon']",['Turning Left'],['Failed to Yield Right of Way'],['Inattentive'],['Crossing with right of way'],['Normal'],['Not Applicable'],['Not Applicable'],['Not Applicable'],False,"['55 to 59', '85 to 89']",3.0
2001921551.0,2022-10-03 08:00:00,622,2022,BLOOR ST W,BATHURST ST,Major Arterial,Toronto and East York,43.665042,-79.411174,628098.2342,4835896.39,At Intersection,Traffic Signal,Clear,"Dark, artificial",Dry,79,University,79,University (79),Non-Fatal Injury,0,0,1,1,0,0,0,0,0,1,0,0,0,Turning Movement,"['Driver', 'Motorcycle Driver']",East,"['Automobile, Station Wagon', 'Motorcycle']","['Turning Left', 'Going Ahead']","['Failed to Yield Right of Way', 'Driving Properly']","['Inattentive', 'Normal']",['Not Applicable'],['Not Applicable'],['Not Applicable'],['Not Applicable'],['Not Applicable'],False,"['30 to 34', '25 to 29']",3.0
2001933263.0,2022-10-04 08:00:00,1752,2022,FINCH AVE E,MARKHAM RD,Major Arterial,Scarborough,43.812899,-79.243037,641306.0874,4852591.4955,At Intersection,Traffic Signal,Clear,"Dark, artificial",Dry,145,Malvern West,132,Malvern (132),Non-Fatal Injury,0,0,1,0,0,0,0,1,1,1,1,0,0,Turning Movement,"['Driver', 'Passenger']",East,"['Automobile, Station Wagon']","['Going Ahead', 'Turning Left']","['Disobeyed Traffic Control', 'Driving Properly']","['Unknown', 'Normal']",['Not Applicable'],['Not Applicable'],['Not Applicable'],['Not Applicable'],['Not Applicable'],False,"['20 to 24', '35 to 39', '30 to 34', '0 to 4']",3.0
2001934242.0,2022-10-04 08:00:00,2043,2022,2868 WESTON ROAD,Not Applicable,Major Arterial,North York,43.722312,-79.537097,617833.4615,4842070.274,Non Intersection,No Control,Clear,"Dark, artificial",Dry,23,Pelmo Park-Humberlea,23,Pelmo Park-Humberlea (23),Non-Fatal Injury,0,0,1,0,1,0,0,0,0,1,0,0,0,Rear End,"['Truck Driver', 'Driver']",South,"['Truck - Open', 'Automobile, Station Wagon']","['Going Ahead', 'Slowing or Stopping']","['Following too Close', 'Driving Properly']",['Normal'],['Not Applicable'],['Not Applicable'],['Not Applicable'],['Not Applicable'],['Not Applicable'],False,"['25 to 29', '45 to 49', '60 to 64']",3.0
2001941837.0,2022-10-05 08:00:00,2112,2022,F G GARDINER XY  W,GRAND AVE,Expressway,Etobicoke York,43.625659,-79.489299,621879.0078,4831404.7438,Non Intersection,No Control,Clear,"Dark, artificial",Dry,161,Humber Bay Shores,17,Mimico (includes Humber Bay Shores) (17),Non-Fatal Injury,0,0,1,0,0,0,0,1,1,1,0,0,0,SMV Other,"['Driver', 'Passenger']",West,"['Automobile, Station Wagon', 'Pick Up Truck']","['Changing Lanes', 'Going Ahead']","['Lost control', 'Driving Properly']","['Unknown', 'Normal']",['Not Applicable'],['Not Applicable'],['Not Applicable'],['Not Applicable'],['Not Applicable'],False,"['20 to 24', '65 to 69']",3.0
2001952231.0,2022-10-07 08:00:00,1103,2022,WINONA DR,450,Minor Arterial,Toronto and East York,43.689906,-79.435741,626065.435,4838620.2326,Non Intersection,No Control,Clear,Daylight,Dry,107,Oakwood Village,107,Oakwood Village (107),Non-Fatal Injury,0,1,1,0,0,0,0,1,0,1,0,0,0,Cyclist Collisions,"['Cyclist', 'Driver', 'Passenger']",North,"['Bicycle', 'Automobile, Station Wagon']",['Going Ahead'],['Driving Properly'],['Normal'],['Not Applicable'],['Not Applicable'],['Not Applicable'],['Lost control'],['Inattentive'],False,"['25 to 29', '50 to 54']",3.0
2001965274.0,2022-10-09 08:00:00,1021,2022,BATHURST ST,DEWLANE DR,Major Arterial,North York,43.785918,-79.446056,625034.132,4849268.1308,Non Intersection,No Control,Clear,Daylight,Dry,35,Westminster-Branson,35,Westminster-Branson (35),Non-Fatal Injury,1,0,0,0,0,1,0,1,0,0,0,0,0,Pedestrian Collisions,"['Driver', 'Passenger', 'Pedestrian']",East,['Municipal Transit Bus (TTC)'],['Going Ahead'],['Driving Properly'],['Normal'],['Other'],['Other'],['Not Applicable'],['Not Applicable'],['Not Applicable'],False,"['30 to 34', '70 to 74', '20 to 24']",3.0
2001988783.0,2022-10-12 08:00:00,1950,2022,207 BELLAMY RD N,Not Applicable,Minor Arterial,Scarborough,43.747031,-79.231311,642405.4776,4845295.9063,Non Intersection,No Control,Clear,"Dark, artificial",Dry,138,Eglinton East,138,Eglinton East (138),Non-Fatal Injury,0,0,1,0,0,0,0,0,0,0,0,0,1,SMV Other,['Driver'],South,"['Automobile, Station Wagon']",['Going Ahead'],['Lost control'],['Medical or Physical Disability'],['Not Applicable'],['Not Applicable'],['Not Applicable'],['Not Applicable'],['Not Applicable'],False,['45 to 49'],3.0
2001996096.0,2022-10-13 08:00:00,1940,2022,MIDDLEFIELD RD,MCCOWAN RD,Major Arterial,Scarborough,43.798701,-79.261974,639816.1592,4850982.4084,Non Intersection,No Control,Clear,Dark,Dry,129,Agincourt North,129,Agincourt North (129),Non-Fatal Injury,0,0,1,0,0,0,0,1,0,1,0,0,0,Turning Movement,"['Passenger', 'Driver']",East,"['Automobile, Station Wagon']","['Turning Left', 'Going Ahead']","['Improper Turn', 'Driving Properly']",['Normal'],['Not Applicable'],['Not Applicable'],['Not Applicable'],['Not Applicable'],['Not Applicable'],False,"['10 to 14', '5 to 9', '15 to 19', '20 to 24']",3.0
2002003837.0,2022-10-14 08:00:00,2118,2022,REXDALE BLVD,QUEENS PLATE DR,Major Arterial,Etobicoke York,43.716525,-79.592578,613375.4778,4841350.1636,At Intersection,Traffic Signal,Clear,"Dark, artificial",Dry,1,West Humber-Clairville,1,West Humber-Clairville (1),Non-Fatal Injury,1,0,1,0,0,0,0,0,0,0,0,0,0,Pedestrian Collisions,"['Driver', 'Pedestrian']",East,"['Automobile, Station Wagon']",['Going Ahead'],['Driving Properly'],['Normal'],['Crossing without right of way'],['Had Been Drinking'],['Not Applicable'],['Not Applicable'],['Not Applicable'],False,"['50 to 54', '55 to 59']",3.0
2002008738.0,2022-10-15 08:00:00,1649,2022,MARTIN GROVE RD,BELFIELD RD,Major Arterial,Etobicoke York,43.701945,-79.57561,614770.1745,4839754.2035,At Intersection,Traffic Signal,Clear,Daylight,Dry,1,West Humber-Clairville,1,West Humber-Clairville (1),Non-Fatal Injury,0,0,1,0,0,0,0,1,0,1,0,0,0,Turning Movement,"['Driver', 'Passenger']",North,"['Automobile, Station Wagon']","['Turning Left', 'Going Ahead']","['Improper Turn', 'Driving Properly']",['Normal'],['Not Applicable'],['Not Applicable'],['Not Applicable'],['Not Applicable'],['Not Applicable'],False,"['30 to 34', '20 to 24']",3.0
2002015530.0,2022-10-16 08:00:00,1752,2022,EVANS AVE,DELTA ST,Major Arterial,Etobicoke York,43.612651,-79.539836,617827.1982,4829887.1009,At Intersection,Stop Sign,Clear,Daylight,Dry,20,Alderwood,20,Alderwood (20),Non-Fatal Injury,0,0,1,1,0,0,0,1,0,1,0,0,0,Turning Movement,"['Driver', 'Motorcycle Driver', 'Passenger']",East,"['Automobile, Station Wagon', 'Motorcycle']","['Turning Left', 'Going Ahead']","['Disobeyed Traffic Control', 'Driving Properly']",['Normal'],['Not Applicable'],['Not Applicable'],['Not Applicable'],['Not Applicable'],['Not Applicable'],False,"['25 to 29', '40 to 44', '35 to 39', '30 to 34']",3.0
2002017234.0,2022-10-17 08:00:00,12,2022,MARLEE AVE,GLENGROVE AVE,Minor Arterial,North York,43.710726,-79.444484,625317.4371,4840919.3278,At Intersection,Stop Sign,Clear,Dark,Dry,31,Yorkdale-Glen Park,31,Yorkdale-Glen Park (31),Non-Fatal Injury,0,0,1,0,0,0,0,1,1,1,0,0,0,Angle,"['Driver', 'Passenger']",North,"['Automobile, Station Wagon']",['Going Ahead'],"['Lost control', 'Driving Properly']","['Unknown', 'Normal']",['Not Applicable'],['Not Applicable'],['Not Applicable'],['Not Applicable'],['Not Applicable'],False,"['unknown', '50 to 54', '35 to 39']",3.0
2002039370.0,2022-10-20 08:00:00,726,2022,DUFFERIN ST,FINCH AVE W,Major Arterial,North York,43.768851,-79.46693,623389.6443,4847341.2642,Non Intersection,No Control,Clear,Dark,Dry,27,York University Heights,27,York University Heights (27),Non-Fatal Injury,1,0,0,0,0,1,0,0,0,0,0,0,0,Pedestrian Collisions,"['Driver', 'Pedestrian']",South,['Municipal Transit Bus (TTC)'],['Going Ahead'],['Driving Properly'],['Normal'],"['Crossing, no Traffic Control']",['Inattentive'],['Not Applicable'],['Not Applicable'],['Not Applicable'],False,"['60 to 64', '65 to 69']",3.0
2002057432.0,2022-10-22 08:00:00,1822,2022,ROYAL YORK RD,THE QUEENSWAY,Major Arterial,Etobicoke York,43.626265,-79.502589,620805.5855,4831452.6238,At Intersection,Traffic Signal,Clear,Dusk,Dry,16,Stonegate-Queensway,16,Stonegate-Queensway (16),Non-Fatal Injury,0,0,1,1,0,0,0,0,0,1,0,0,0,Turning Movement,"['Driver', 'Motorcycle Driver', 'Other']",West,"['Automobile, Station Wagon', 'Motorcycle']","['Turning Left', 'Going Ahead', 'Stopped']","['Improper Turn', 'Driving Properly']","['Inattentive', 'Normal']",['Not Applicable'],['Not Applicable'],['Not Applicable'],['Not Applicable'],['Not Applicable'],False,"['60 to 64', '30 to 34', '50 to 54']",3.0
2002062999.0,2022-10-23 08:00:00,1552,2022,STEELES AVE W,400 S STEELES AVE W RAMP,Major Arterial,North York,43.772029,-79.537761,617682.5126,4847591.1233,At Intersection,Traffic Signal,Clear,Daylight,Dry,21,Humber Summit,21,Humber Summit (21),Non-Fatal Injury,0,0,1,1,0,0,0,0,1,1,0,0,0,Turning Movement,"['Driver', 'Motorcycle Driver']",East,"['Pick Up Truck', 'Motorcycle']","['Turning Left', 'Going Ahead']","['Improper Turn', 'Exceeding Speed Limit']","['Inattentive', 'Normal']",['Not Applicable'],['Not Applicable'],['Not Applicable'],['Not Applicable'],['Not Applicable'],False,"['60 to 64', '35 to 39']",3.0
2002070997.0,2022-10-24 08:00:00,1715,2022,BLOOR ST W,OSSINGTON AV,Major Arterial,North York,43.661982,-79.425624,626939.6484,4835534.3264,At Intersection,Traffic Signal,Clear,Daylight,Dry,80,Palmerston-Little Italy,80,Palmerston-Little Italy (80),Non-Fatal Injury,0,1,1,0,0,0,0,0,0,1,1,0,0,Cyclist Collisions,"['Driver', 'Cyclist']",East,"['Automobile, Station Wagon', 'Bicycle']","['Turning Left', 'Going Ahead']",['Disobeyed Traffic Control'],['Inattentive'],['Not Applicable'],['Not Applicable'],['Motorist turned left across cyclists path.'],['Driving Properly'],['Normal'],False,['20 to 24'],3.0
2002076009.0,2022-10-25 08:00:00,1028,2022,BLOOR ST W,DURIE ST,Major Arterial,Toronto and East York,43.650427,-79.479053,622655.2292,4834170.6354,At Intersection,Traffic Signal,Clear,Daylight,Dry,87,High Park-Swansea,87,High Park-Swansea (87),Non-Fatal Injury,1,0,1,0,0,0,0,0,0,1,0,0,0,Pedestrian Collisions,"['Driver', 'Pedestrian']",North,['Pick Up Truck'],['Turning Left'],['Failed to Yield Right of Way'],['Normal'],['Crossing with right of way'],['Normal'],['Not Applicable'],['Not Applicable'],['Not Applicable'],False,"['30 to 34', '90 to 94']",3.0
2002085156.0,2022-10-26 08:00:00,1420,2022,KENNEDY RD,TROJAN GT,Major Arterial,Scarborough,43.803809,-79.298167,636892.9013,4851489.2226,At Intersection,Traffic Signal,Rain,Daylight,Wet,130,Milliken,130,Milliken (130),Non-Fatal Injury,1,0,1,0,0,0,0,0,0,1,0,0,0,Pedestrian Collisions,"['Driver', 'Pedestrian']",East,"['Automobile, Station Wagon']",['Turning Left'],['Failed to Yield Right of Way'],['Inattentive'],['Crossing with right of way'],['Normal'],['Not Applicable'],['Not Applicable'],['Not Applicable'],False,"['55 to 59', '40 to 44']",3.0
2002100036.0,2022-10-28 08:00:00,1548,2022,BLOOR ST W,SALEM AVE,Major Arterial,Toronto and East York,43.66059,-79.431628,626458.4724,4835370.5579,At Intersection,No Control,Clear,Daylight,Dry,83,Dufferin Grove,83,Dufferin Grove (83),Non-Fatal Injury,0,1,1,0,0,0,0,0,0,1,0,0,0,Cyclist Collisions,"['Driver', 'Cyclist']",East,"['Automobile, Station Wagon', 'Bicycle']","['Turning Left', 'Going Ahead']",['Failed to Yield Right of Way'],['Inattentive'],['Not Applicable'],['Not Applicable'],['Motorist turned left across cyclists path.'],['Driving Properly'],['Normal'],False,"['55 to 59', '40 to 44']",3.0
2002101830.0,2022-10-28 08:00:00,1953,2022,BATHURST ST,DUPONT ST,Major Arterial,Toronto and East York,43.673144,-79.414356,627824.4851,4836791.3171,At Intersection,Traffic Signal,Clear,"Dark, artificial",Dry,95,Annex,95,Annex (95),Non-Fatal Injury,1,0,0,0,1,0,0,0,1,1,0,0,0,Pedestrian Collisions,"['Truck Driver', 'Pedestrian']",Unknown,['Truck - Open'],['Going Ahead'],['Exceeding Speed Limit'],['Inattentive'],['Other'],['Normal'],['Not Applicable'],['Not Applicable'],['Not Applicable'],False,"['35 to 39', '70 to 74']",3.0
2002116363.0,2022-10-31 08:00:00,1,2022,KINGSTON RD,WARDEN AVE,Major Arterial,Scarborough,43.687659,-79.270877,639357.3685,4838634.5182,At Intersection,Traffic Signal,Clear,"Dark, artificial",Dry,122,Birchcliffe-Cliffside,122,Birchcliffe-Cliffside (122),Non-Fatal Injury,1,0,0,0,0,1,0,0,0,1,0,0,0,Pedestrian Collisions,"['Driver', 'Pedestrian']",South,['Intercity Bus'],['Turning Left'],['Failed to Yield Right of Way'],['Inattentive'],['Crossing with right of way'],['Had Been Drinking'],['Not Applicable'],['Not Applicable'],['Not Applicable'],False,"['25 to 29', '50 to 54']",3.0
2002125571.0,2022-11-01 08:00:00,930,2022,540 Finch Ave W,Not Applicable,Major Arterial,North York,43.773532,-79.444728,625166.8296,4847894.4828,Non Intersection,No Control,Rain,Daylight,Wet,35,Westminster-Branson,35,Westminster-Branson (35),Property Damage O,1,0,1,0,0,0,0,0,0,0,0,0,0,Pedestrian Collisions,"['Driver', 'Pedestrian']",South,"['Automobile, Station Wagon']",['Going Ahead'],['Driving Properly'],['Normal'],"['Crossing, no Traffic Control']",['Unknown'],['Not Applicable'],['Not Applicable'],['Not Applicable'],False,"['45 to 49', '80 to 84']",3.0
2002129087.0,2022-11-01 08:00:00,1729,2022,MARKHAM RD,EASTPARK BLVD,Major Arterial,Scarborough,43.755606,-79.224025,642971.694,4846260.8434,At Intersection,Traffic Signal,Clear,Daylight,Dry,141,Golfdale-Cedarbrae-Woburn,137,Woburn (137),Fatal,0,0,1,1,0,0,0,0,0,1,0,0,0,Turning Movement,"['Motorcycle Driver', 'Driver']",North,"['Motorcycle', 'Automobile, Station Wagon']","['Going Ahead', 'Turning Left']","['Driving Properly', 'Failed to Yield Right of Way']","['Unknown', 'Normal']",['Not Applicable'],['Not Applicable'],['Not Applicable'],['Not Applicable'],['Not Applicable'],True,"['15 to 19', '90 to 94']",4.0
2002130324.0,2022-11-01 08:00:00,2035,2022,JANE ST,SPENVALLEY DR,Major Arterial,North York,43.741233,-79.513652,619684.223,4844205.3212,At Intersection,Traffic Signal,Clear,"Dark, artificial",Dry,25,Glenfield-Jane Heights,25,Glenfield-Jane Heights (25),Non-Fatal Injury,0,0,1,0,0,0,0,1,0,1,1,0,0,Turning Movement,"['Driver', 'Passenger']",East,"['Automobile, Station Wagon']","['Going Ahead', 'Turning Left']","['Disobeyed Traffic Control', 'Driving Properly']","['Inattentive', 'Normal']",['Not Applicable'],['Not Applicable'],['Not Applicable'],['Not Applicable'],['Not Applicable'],False,"['15 to 19', '40 to 44', '35 to 39', '20 to 24']",3.0
2002133919.0,2022-11-02 08:00:00,1127,2022,YORK MILLS RD,OLD YONGE ST,Major Arterial,North York,43.744746,-79.399562,628863.5613,4844766.6341,At Intersection,No Control,Clear,"Daylight, artificial",Dry,41,Bridle Path-Sunnybrook-York Mills,41,Bridle Path-Sunnybrook-York Mills (41),Non-Fatal Injury,0,1,1,0,0,0,0,0,0,0,0,0,0,Cyclist Collisions,"['Driver', 'Cyclist']",East,"['Automobile, Station Wagon', 'Bicycle']","['Turning Right', 'Going Ahead']",['Improper Turn'],['Inattentive'],['Not Applicable'],['Not Applicable'],['Motorist turned left across cyclists path.'],['Driving Properly'],['Normal'],False,['65 to 69'],3.0
2002142687.0,2022-11-03 08:00:00,1500,2022,LESLIE ST,RAVEL RD,Major Arterial,North York,43.791484,-79.36835,631274.4184,4850006.6278,At Intersection,Stop Sign,"Fog, Mist, Smoke, Dust",Daylight,Dry,48,Hillcrest Village,48,Hillcrest Village (48),Non-Fatal Injury,1,0,1,0,0,0,0,0,0,0,0,0,0,Pedestrian Collisions,"['Driver', 'Pedestrian']",East,"['Automobile, Station Wagon']",['Turning Left'],['Improper Turn'],['Inattentive'],['Crossing without right of way'],['Normal'],['Not Applicable'],['Not Applicable'],['Not Applicable'],False,"['55 to 59', '25 to 29']",3.0