accident_number,date,time,year,street1,street2,road_class,district,latitude,longitude,x,y,accident_location,traffctl,visibility,light,road_surface_condition,hood_158,neighbourhood_new,hood_140,neighbourhood_old,accident_class,pedestrian,cyclist,automobile,motorcycle,truck,trsn_city_veh,emerg_veh,passenger,speeding,aggressive_driving,redlight,alcohol,disability,impact_type,involvement_type,initial_direction,vehicle_type,manoeuver,driver_action,driver_condition,pedestrian_action,pedestrian_condition,cyclist_type,cyclist_action,cyclist_condition,injury,involvement_age,injury_severity_score
2002154142.0,2022-11-05 08:00:00,210,2022,BATHURST ST,HARBORD ST,Major Arterial,Toronto and East York,43.661509,-79.40974,628221.3719,4835506.2186,Intersection Related,Traffic Signal,Clear,"Dark, artificial",Dry,79,University,79,University (79),Non-Fatal Injury,1,0,1,0,0,0,0,0,0,0,0,0,0,Pedestrian Collisions,"['Driver', 'Pedestrian']",East,"['Automobile, Station Wagon']",['Going Ahead'],['Other'],['Unknown'],['Other'],['Other'],['Not Applicable'],['Not Applicable'],['Not Applicable'],False,"['unknown', '20 to 24']",3.0
2002155585.0,2022-11-05 08:00:00,935,2022,7431 KINGSTON RD,Not Applicable,Major Arterial,Scarborough,43.800692,-79.143199,649366.2172,4851411.0738,Non Intersection,No Control,Clear,Daylight,Dry,143,West Rouge,131,Rouge (131),Non-Fatal Injury,0,0,1,0,0,0,0,0,0,0,0,0,0,Approaching,['Driver'],East,"['Automobile, Station Wagon']",['Going Ahead'],"['Lost control', 'Driving Properly']","['Had Been Drinking', 'Normal']",['Not Applicable'],['Not Applicable'],['Not Applicable'],['Not Applicable'],['Not Applicable'],False,"['25 to 29', '55 to 59']",3.0
2002181067.0,2022-11-08 10:00:00,1808,2022,MILLWICK DR,ISLINGTON AVE,Major Arterial,Etobicoke York,43.759955,-79.571773,614968.3,4846202.3513,At Intersection,Traffic Signal,Clear,"Dark, artificial",Dry,21,Humber Summit,21,Humber Summit (21),Non-Fatal Injury,1,0,1,0,0,0,0,0,0,1,0,0,0,Pedestrian Collisions,"['Driver', 'Pedestrian']",East,"['Automobile, Station Wagon']",['Turning Left'],['Failed to Yield Right of Way'],['Inattentive'],['Crossing with right of way'],['Normal'],['Not Applicable'],['Not Applicable'],['Not Applicable'],False,"['65 to 69', '45 to 49']",3.0
2002186776.0,2022-11-09 10:00:00,1422,2022,BAYVIEW AVE,RUDDINGTON DR,Major Arterial,North York,43.788016,-79.392719,629321.2713,4849583.0915,At Intersection,Traffic Signal,Clear,Daylight,Dry,49,Bayview Woods-Steeles,49,Bayview Woods-Steeles (49),Non-Fatal Injury,1,0,1,0,0,0,0,0,0,1,0,0,0,Pedestrian Collisions,"['Driver', 'Pedestrian']",East,"['Automobile, Station Wagon']",['Turning Left'],['Failed to Yield Right of Way'],['Inattentive'],['Crossing with right of way'],['Normal'],['Not Applicable'],['Not Applicable'],['Not Applicable'],False,"['85 to 89', '80 to 84']",3.0
2002188340.0,2022-11-09 10:00:00,1812,2022,COLLEGE ST,ROXTON RD,Major Arterial,Toronto and East York,43.654647,-79.421451,627291.6131,4834726.0713,At Intersection,No Control,Clear,"Dark, artificial",Dry,81,Trinity-Bellwoods,81,Trinity-Bellwoods (81),Non-Fatal Injury,0,1,1,0,0,0,0,0,0,0,0,0,0,Cyclist Collisions,"['Cyclist', 'Driver']",West,"['Bicycle', 'Automobile, Station Wagon']","['Turning Left', 'Going Ahead']",['Driving Properly'],['Normal'],['Not Applicable'],['Not Applicable'],['Cyclist turned left across motorists path.'],['Improper Turn'],['Inattentive'],False,"['25 to 29', '15 to 19']",3.0
2002210376.0,2022-11-12 10:00:00,2030,2022,SHOREHAM DR,IAN MACDONALD BLVD,Minor Arterial,North York,43.772437,-79.511371,619805.6081,4847674.2824,Intersection Related,Traffic Signal,Clear,"Dark, artificial",Dry,27,York University Heights,27,York University Heights (27),Non-Fatal Injury,1,0,0,0,0,0,0,0,0,0,0,0,0,Pedestrian Collisions,"['Driver', 'Pedestrian']",Unknown,[],['Unknown'],['Other'],['Unknown'],['Crossing with right of way'],['Normal'],['Not Applicable'],['Not Applicable'],['Not Applicable'],False,"['unknown', '15 to 19']",3.0
2002215490.0,2022-11-13 10:00:00,1657,2022,ROYAL YORK RD,LELAND AVE,Minor Arterial,Etobicoke York,43.638873,-79.508479,620305.2393,4832844.3459,Non Intersection,No Control,Clear,Daylight,Dry,16,Stonegate-Queensway,16,Stonegate-Queensway (16),Non-Fatal Injury,0,0,1,0,0,0,0,0,1,1,0,0,0,SMV Other,['Driver'],South,['Delivery Van'],['Going Ahead'],['Lost control'],['Unknown'],['Not Applicable'],['Not Applicable'],['Not Applicable'],['Not Applicable'],['Not Applicable'],False,['65 to 69'],3.0
2002216061.0,2022-11-13 10:00:00,1838,2022,PEARSON AV,SORAUREN AV,Collector,Toronto and East York,43.642966,-79.442165,625645.6069,4833397.1778,At Intersection,Stop Sign,Clear,"Dusk, artificial",Dry,86,Roncesvalles,86,Roncesvalles (86),Non-Fatal Injury,0,1,1,0,0,0,0,0,0,1,0,0,0,Cyclist Collisions,"['Driver', 'Cyclist']",East,"['Automobile, Station Wagon', 'Bicycle']",['Going Ahead'],['Failed to Yield Right of Way'],['Inattentive'],['Not Applicable'],['Not Applicable'],"['Motorist without ROW drives into path of cyclist at inter, lnwy, dwy-Driver not turn.']",['Driving Properly'],['Normal'],False,"['65 to 69', '25 to 29']",3.0
2002229389.0,2022-11-15 10:00:00,1656,2022,MARTIN GROVE RD,ALBION RD,Minor Arterial,Etobicoke York,43.7429,-79.594669,613157.3591,4844276.6197,Non Intersection,No Control,Clear,"Dusk, artificial",Wet,2,Mount Olive-Silverstone-Jamestown,2,Mount Olive-Silverstone-Jamestown (2),Non-Fatal Injury,1,0,1,0,0,0,0,0,0,0,0,0,0,Pedestrian Collisions,"['Driver', 'Pedestrian']",South,"['Automobile, Station Wagon']",['Going Ahead'],['Driving Properly'],['Normal'],"['Crossing, no Traffic Control']",['Inattentive'],['Not Applicable'],['Not Applicable'],['Not Applicable'],False,"['80 to 84', '30 to 34']",3.0
2002229988.0,2022-11-15 10:00:00,1825,2022,DON MILLS RD,DVP S DON MILLS S RAMP RD,Major Arterial,Toronto and East York,43.701083,-79.337535,633955.1631,4840015.5803,Non Intersection,No Control,Rain,Dusk,Wet,58,Old East York,58,Old East York (58),Fatal,0,0,1,0,0,0,0,0,0,0,0,0,1,Rear End,['Driver'],South,"['Automobile, Station Wagon']","['Going Ahead', 'Stopped']","['Lost control', 'Driving Properly']","['Medical or Physical Disability', 'Normal']",['Not Applicable'],['Not Applicable'],['Not Applicable'],['Not Applicable'],['Not Applicable'],True,"['75 to 79', '45 to 49']",4.0
2002230917.0,2022-11-15 10:00:00,2127,2022,WILSON HEIGHTS BV,REINER RD,Minor Arterial,North York,43.748702,-79.454868,624402.2157,4845121.4621,At Intersection,Traffic Signal,Snow,"Dark, artificial",Wet,33,Clanton Park,33,Clanton Park (33),Non-Fatal Injury,1,0,1,0,0,0,0,0,0,1,0,0,0,Pedestrian Collisions,"['Driver', 'Pedestrian']",East,"['Automobile, Station Wagon']",['Turning Left'],['Failed to Yield Right of Way'],['Inattentive'],['Crossing with right of way'],['Normal'],['Not Applicable'],['Not Applicable'],['Not Applicable'],False,"['50 to 54', '25 to 29']",3.0
2002243711.0,2022-11-17 10:00:00,1640,2022,519 OLD WESTON RD,Not Applicable,Minor Arterial,Toronto and East York,43.67723,-79.464153,623801.7294,4837169.5913,Non Intersection,No Control,Clear,Daylight,Dry,91,Weston-Pelham Park,91,Weston-Pellam Park (91),Non-Fatal Injury,0,0,1,0,0,0,0,1,0,1,0,0,1,Approaching,"['Driver', 'Passenger']",North,"['Pick Up Truck', 'Automobile, Station Wagon']","['Going Ahead', 'Slowing or Stopping']","['Lost control', 'Driving Properly']","['Medical or Physical Disability', 'Normal']",['Not Applicable'],['Not Applicable'],['Not Applicable'],['Not Applicable'],['Not Applicable'],False,"['40 to 44', '65 to 69', '10 to 14']",3.0
2002271059.0,2022-11-21 10:00:00,1404,2022,KIPLING AVE,REDWATER DR,Major Arterial,Etobicoke York,43.715514,-79.568485,615318.2523,4841271.1146,At Intersection,Traffic Signal,Clear,Daylight,Dry,4,Rexdale-Kipling,4,Rexdale-Kipling (4),Non-Fatal Injury,0,0,1,0,0,0,0,1,1,1,0,0,0,Turning Movement,"['Driver', 'Passenger']",East,"['Automobile, Station Wagon']","['Going Ahead', 'Turning Left']","['Lost control', 'Driving Properly']","['Inattentive', 'Normal', 'Unknown']",['Not Applicable'],['Not Applicable'],['Not Applicable'],['Not Applicable'],['Not Applicable'],False,"['30 to 34', '70 to 74', '35 to 39', '60 to 64']",3.0
2002271976.0,2022-11-21 10:00:00,1609,2022,KINGSTON RD,SHEPPARD AVE E,Major Arterial,Scarborough,43.803805,-79.137714,649799.6703,4851766.739,Non Intersection,No Control,Clear,Daylight,Dry,143,West Rouge,131,Rouge (131),Non-Fatal Injury,0,1,1,0,0,0,0,0,0,1,0,0,0,Cyclist Collisions,"['Driver', 'Cyclist']",West,"['Automobile, Station Wagon', 'Bicycle']",['Going Ahead'],['Improper Passing'],['Inattentive'],['Not Applicable'],['Not Applicable'],['Cyclist and Driver travelling in same direction. One vehicle rear-ended the other.'],['Driving Properly'],['Normal'],False,"['70 to 74', '55 to 59']",3.0
2002272909.0,2022-11-21 10:00:00,1830,2022,JANE ST,SPENVALLEY DR,Major Arterial,North York,43.741168,-79.513637,619685.5603,4844198.1237,Intersection Related,Traffic Signal,Clear,"Dark, artificial",Dry,25,Glenfield-Jane Heights,25,Glenfield-Jane Heights (25),Non-Fatal Injury,0,0,1,0,0,0,0,1,0,0,0,0,0,Rear End,"['Driver', 'Passenger']",South,"['Automobile, Station Wagon']","['Going Ahead', 'Slowing or Stopping']","['Other', 'Driving Properly']","['Inattentive', 'Normal']",['Not Applicable'],['Not Applicable'],['Not Applicable'],['Not Applicable'],['Not Applicable'],False,"['55 to 59', '65 to 69', '40 to 44', '25 to 29']",3.0
2002282330.0,2022-09-23 08:00:00,304,2022,STEELES AVE E,SEWELLS RD,Minor Arterial,Scarborough,43.845439,-79.212268,643702.6365,4856258.6198,Non Intersection,No Control,Clear,Dark,Dry,144,Morningside Heights,131,Rouge (131),Fatal,0,0,1,0,0,0,0,1,0,0,0,0,0,SMV Other,"['Passenger', 'Driver']",West,"['Automobile, Station Wagon']",['Other'],['Lost control'],['Unknown'],['Not Applicable'],['Not Applicable'],['Not Applicable'],['Not Applicable'],['Not Applicable'],True,"['15 to 19', '20 to 24']",4.0
2002286735.0,2022-11-23 10:00:00,1627,2022,ST CLAIR AVE E,YONGE ST,Major Arterial,Scarborough,43.68801,-79.394099,629425.5227,4838473.8042,At Intersection,Traffic Signal,Clear,Daylight,Dry,98,Rosedale-Moore Park,98,Rosedale-Moore Park (98),Fatal,0,1,1,0,0,0,0,0,0,1,0,0,0,Cyclist Collisions,"['Cyclist', 'Driver']",East,"['Bicycle', 'Pick Up Truck']",['Turning Right'],['Failed to Yield Right of Way'],['Normal'],['Not Applicable'],['Not Applicable'],['Motorist turning right on green or amber at signalized intersection strikes cyclist.'],['Driving Properly'],['Normal'],True,"['20 to 24', '60 to 64']",4.0
2002299583.0,2022-11-25 10:00:00,1251,2022,1100 QUEEN ST W,Not Applicable,Major Arterial,Toronto and East York,43.643286,-79.422908,627198.1008,4833462.0507,Non Intersection,No Control,Clear,Daylight,Dry,84,Little Portugal,84,Little Portugal (84),Non-Fatal Injury,1,0,1,0,0,0,0,0,0,0,0,0,0,Pedestrian Collisions,"['Driver', 'Pedestrian']",East,"['Automobile, Station Wagon']",['Going Ahead'],['Driving Properly'],['Normal'],"['Crossing, no Traffic Control']",['Inattentive'],['Not Applicable'],['Not Applicable'],['Not Applicable'],False,"['85 to 89', '20 to 24']",3.0
2002303433.0,2022-11-25 10:00:00,2245,2022,PAPE AVE,BROWNING AVE,Major Arterial,Toronto and East York,43.683192,-79.346416,633279.1832,4838014.2238,Intersection Related,No Control,Clear,"Dark, artificial",Dry,59,Danforth East York,59,Danforth East York (59),Non-Fatal Injury,0,0,1,0,0,0,0,1,0,0,0,0,0,Sideswipe,"['Driver', 'Passenger']",South,"['Automobile, Station Wagon']","['Changing Lanes', 'Going Ahead']","['Improper Lane Change', 'Driving Properly']",['Normal'],['Not Applicable'],['Not Applicable'],['Not Applicable'],['Not Applicable'],['Not Applicable'],False,"['30 to 34', '15 to 19', '25 to 29']",3.0
2002306311.0,2022-11-26 10:00:00,1134,2022,KINGSTON RD,401 C E 2A W RAMP,Major Arterial,Scarborough,43.794814,-79.152499,648632.6645,4850741.4809,At Intersection,Traffic Signal,Clear,Daylight,Dry,133,Centennial Scarborough,133,Centennial Scarborough (133),Non-Fatal Injury,0,0,1,0,0,0,0,1,0,1,1,0,0,Turning Movement,"['Driver', 'Passenger']",South,"['Automobile, Station Wagon']","['Going Ahead', 'Turning Left']","['Disobeyed Traffic Control', 'Driving Properly']","['Inattentive', 'Normal']",['Not Applicable'],['Not Applicable'],['Not Applicable'],['Not Applicable'],['Not Applicable'],False,"['65 to 69', '35 to 39', '45 to 49', '20 to 24']",3.0
2002306761.0,2022-11-26 10:00:00,1248,2022,LAKE SHORE BV W,LONG BRANCH AV,Major Arterial,Etobicoke York,43.594088,-79.534808,618269.3012,4827832.6055,Non Intersection,No Control,Clear,Daylight,Dry,19,Long Branch,19,Long Branch (19),Non-Fatal Injury,1,0,1,0,0,0,0,0,0,0,0,0,0,Pedestrian Collisions,['Pedestrian'],Unknown,"['Automobile, Station Wagon']",['Reversing'],[],[],['Person Getting on/off Vehicle'],['Unknown'],['Not Applicable'],['Not Applicable'],['Not Applicable'],False,"['85 to 89', '75 to 79']",3.0
2002308202.0,2022-11-26 10:00:00,1619,2022,MARKHAM RD,KINGSTON RD,Major Arterial,Scarborough,43.738677,-79.216975,643579.7214,4844392.8139,At Intersection,Traffic Signal,Clear,Daylight,Dry,139,Scarborough Village,139,Scarborough Village (139),Non-Fatal Injury,0,0,1,0,0,0,0,0,0,1,0,0,0,Turning Movement,['Driver'],East,"['Automobile, Station Wagon']","['Turning Left', 'Going Ahead']","['Failed to Yield Right of Way', 'Driving Properly']",['Normal'],['Not Applicable'],['Not Applicable'],['Not Applicable'],['Not Applicable'],['Not Applicable'],False,"['55 to 59', '20 to 24']",3.0
2002315818.0,2022-11-27 10:00:00,1810,2022,BATHURST ST,FORT YORK BLVD,Major Arterial,Toronto and East York,43.638747,-79.400577,629008.9086,4832992.4029,At Intersection,Traffic Signal,Rain,"Dark, artificial",Wet,165,Harbourfront-CityPlace,77,Waterfront Communities-The Island (77),Non-Fatal Injury,1,0,1,0,0,0,0,0,0,1,0,0,0,Pedestrian Collisions,"['Driver', 'Pedestrian']",West,"['Automobile, Station Wagon']",['Turning Left'],['Failed to Yield Right of Way'],['Inattentive'],['Crossing with right of way'],['Normal'],['Not Applicable'],['Not Applicable'],['Not Applicable'],False,"['35 to 39', '20 to 24']",3.0
2002316382.0,2022-11-27 10:00:00,1943,2022,ALBION RD,TODD BROOK DR,Major Arterial,Etobicoke York,43.73828,-79.57162,615022.1248,4843795.2418,Intersection Related,No Control,Rain,"Dark, artificial",Wet,3,Thistletown-Beaumond Heights,3,Thistletown-Beaumond Heights (3),Property Damage O,1,0,1,0,0,0,0,0,0,0,0,0,0,Pedestrian Collisions,"['Driver', 'Pedestrian']",South,"['Automobile, Station Wagon']",['Going Ahead'],['Driving Properly'],['Normal'],['Crossing without right of way'],['Other'],['Not Applicable'],['Not Applicable'],['Not Applicable'],False,"['40 to 44', '45 to 49']",3.0
2002319142.0,2022-11-28 10:00:00,840,2022,LINDEN AVE,HARMONY AVE,Local,Scarborough,43.72008,-79.25677,640418.607,4842259.1416,Intersection Related,No Control,Clear,Daylight,Dry,124,Kennedy Park,124,Kennedy Park (124),Non-Fatal Injury,1,0,1,0,0,0,0,0,0,0,0,0,0,Pedestrian Collisions,"['Driver', 'Pedestrian']",South,"['Automobile, Station Wagon']",['Going Ahead'],['Driving Properly'],['Normal'],['Running onto Roadway'],['Normal'],['Not Applicable'],['Not Applicable'],['Not Applicable'],False,"['35 to 39', '10 to 14']",3.0
2002348553.0,2022-12-02 10:00:00,130,2022,21 MILVAN DR,Not Applicable,Collector,Unknown,43.75289,-79.553554,616448.5917,4845443.1313,Non Intersection,No Control,Clear,"Dark, artificial",Dry,21,Humber Summit,21,Humber Summit (21),Non-Fatal Injury,0,0,1,0,0,0,0,0,1,1,0,0,0,SMV Other,['Driver'],South,"['Automobile, Station Wagon']",['Going Ahead'],['Speed too Fast For Condition'],['Had Been Drinking'],['Not Applicable'],['Not Applicable'],['Not Applicable'],['Not Applicable'],['Not Applicable'],False,['25 to 29'],3.0
2002351893.0,2022-12-02 10:00:00,1320,2022,ALEXMUIR BLVD,HOMEDALE DR,Unknown,Unknown,43.810485,-79.282162,638164.9397,4852257.3022,At Intersection,Stop Sign,Clear,Daylight,Dry,129,Agincourt North,129,Agincourt North (129),Non-Fatal Injury,0,0,1,0,0,0,0,1,0,0,0,0,0,SMV Other,"['Driver', 'Passenger']",East,"['Automobile, Station Wagon']",['Going Ahead'],['Lost control'],['Normal'],['Not Applicable'],['Not Applicable'],['Not Applicable'],['Not Applicable'],['Not Applicable'],False,"['40 to 44', '5 to 9']",3.0
2002358910.0,2022-12-03 10:00:00,1205,2022,EGLINTON AVE E,GILDER DR,Major Arterial,Scarborough,43.735591,-79.252673,640712.3009,4843988.8184,Non Intersection,No Control,Clear,Daylight,Wet,124,Kennedy Park,124,Kennedy Park (124),Non-Fatal Injury,0,0,1,0,0,1,0,1,0,1,0,0,0,Rear End,"['Driver', 'Passenger']",West,"['Municipal Transit Bus (TTC)', 'Automobile, Station Wagon']","['Slowing or Stopping', 'Stopped']","['Following too Close', 'Driving Properly']","['Inattentive', 'Normal']",['Not Applicable'],['Not Applicable'],['Not Applicable'],['Not Applicable'],['Not Applicable'],False,"['35 to 39', '25 to 29', '50 to 54']",3.0
2002366866.0,2022-12-04 10:00:00,1538,2022,YONGE ST,GLEBE RD W,Major Arterial,North York,43.700851,-79.397136,629153.1883,4839895.2399,Intersection Related,Stop Sign,Clear,Daylight,Dry,174,South Eglinton-Davisville,104,Mount Pleasant West (104),Non-Fatal Injury,0,0,1,1,0,0,0,1,0,1,0,0,0,Turning Movement,"['Driver', 'Motorcycle Driver', 'Passenger']",East,"['Automobile, Station Wagon', 'Motorcycle']","['Turning Left', 'Going Ahead']","['Failed to Yield Right of Way', 'Driving Properly']","['Inattentive', 'Normal']",['Not Applicable'],['Not Applicable'],['Not Applicable'],['Not Applicable'],['Not Applicable'],False,"['35 to 39', '45 to 49', '40 to 44']",3.0
2002373908.0,2022-12-01 10:00:00,2130,2022,BLUE JAYS WY,FRONT ST W,Minor Arterial,Toronto and East York,43.643412,-79.391261,629750.2995,4833525.0334,At Intersection,Traffic Signal,Clear,Dark,Dry,165,Harbourfront-CityPlace,77,Waterfront Communities-The Island (77),Non-Fatal Injury,0,1,1,0,0,0,0,0,0,1,1,0,0,Cyclist Collisions,"['Driver', 'Cyclist']",North,"['Automobile, Station Wagon', 'Bicycle']",['Going Ahead'],['Disobeyed Traffic Control'],['Unknown'],['Not Applicable'],['Not Applicable'],"['Motorist without ROW drives into path of cyclist at inter, lnwy, dwy-Driver not turn.']",['Driving Properly'],['Normal'],False,"['unknown', '20 to 24']",3.0
2002374058.0,2022-12-05 10:00:00,1505,2022,INNISWOOD DR,HOWARTH AVE,Local,Scarborough,43.73823,-79.305957,636415.2969,4844192.8026,Non Intersection,No Control,Clear,Daylight,Dry,119,Wexford/Maryvale,119,Wexford/Maryvale (119),Non-Fatal Injury,1,0,1,0,0,0,0,1,0,0,0,0,0,Pedestrian Collisions,"['Driver', 'Passenger', 'Pedestrian']",South,"['Automobile, Station Wagon']",['Going Ahead'],['Driving Properly'],['Normal'],['Running onto Roadway'],['Inattentive'],['Not Applicable'],['Not Applicable'],['Not Applicable'],False,"['40 to 44', '10 to 14']",3.0
2002376276.0,2022-12-05 10:00:00,2018,2022,LAWRENCE AV E,CURLEW DRIVE,Major Arterial,North York,43.741168,-79.317989,635439.767,4844499.3701,Non Intersection,No Control,Clear,"Dark, artificial",Dry,43,Victoria Village,43,Victoria Village (43),Non-Fatal Injury,1,0,1,0,0,0,0,0,0,0,0,0,0,Pedestrian Collisions,"['Driver', 'Pedestrian']",West,"['Automobile, Station Wagon']",['Going Ahead'],['Driving Properly'],['Normal'],"['Crossing, no Traffic Control']","['Ability Impaired, Drugs']",['Not Applicable'],['Not Applicable'],['Not Applicable'],False,"['55 to 59', '20 to 24', '60 to 64']",3.0
2002385833.0,2022-12-07 10:00:00,540,2022,WILSON HEIGHTS BLVD,KENNARD AVE,Collector,North York,43.760242,-79.464222,623625.3323,4846389.1447,Non Intersection,Stop Sign,Clear,"Dark, artificial",Dry,34,Bathurst Manor,34,Bathurst Manor (34),Non-Fatal Injury,0,0,1,0,0,0,0,0,1,1,0,1,0,SMV Other,['Driver'],South,['Pick Up Truck'],['Going Ahead'],['Lost control'],"['Ability Impaired, Alcohol Over .08']",['Not Applicable'],['Not Applicable'],['Not Applicable'],['Not Applicable'],['Not Applicable'],False,['30 to 34'],3.0
2002405693.0,2022-12-09 10:00:00,1710,2022,JANE ST,FINCH AVE W,Major Arterial,Etobicoke York,43.755824,-79.517314,619360.3429,4845820.5805,Non Intersection,No Control,Clear,Daylight,Dry,25,Glenfield-Jane Heights,25,Glenfield-Jane Heights (25),Non-Fatal Injury,1,0,1,0,0,0,0,0,0,0,0,0,0,Pedestrian Collisions,"['Driver', 'Pedestrian']",North,['Pick Up Truck'],['Going Ahead'],['Other'],['Normal'],"['Crossing, no Traffic Control']",['Normal'],['Not Applicable'],['Not Applicable'],['Not Applicable'],False,"['55 to 59', '40 to 44']",3.0
2002407065.0,2022-12-09 10:00:00,2038,2022,MCCOWAN RD,ELLESMERE RD,Major Arterial,Scarborough,43.772727,-79.251537,640716.7127,4848115.2698,Non Intersection,No Control,Clear,"Dark, artificial",Dry,142,Woburn North,137,Woburn (137),Non-Fatal Injury,0,0,1,0,0,0,0,0,0,0,0,0,0,Sideswipe,['Driver'],North,"['Automobile, Station Wagon']","['Going Ahead', 'Unknown']","['Improper Lane Change', 'Driving Properly']","['Inattentive', 'Normal']",['Not Applicable'],['Not Applicable'],['Not Applicable'],['Not Applicable'],['Not Applicable'],False,"['75 to 79', '15 to 19']",3.0
2002424464.0,2022-12-12 10:00:00,1118,2022,DUNDAS ST W,SPADINA AVE,Major Arterial,Toronto and East York,43.652869,-79.398006,629186.0112,4834564.8338,At Intersection,Traffic Signal,Clear,Daylight,Dry,78,Kensington-Chinatown,78,Kensington-Chinatown (78),Fatal,1,0,1,0,0,0,0,0,0,1,0,0,0,Pedestrian Collisions,"['Driver', 'Pedestrian']",West,"['Automobile, Station Wagon']",['Turning Right'],['Failed to Yield Right of Way'],['Inattentive'],['Crossing with right of way'],['Other'],['Not Applicable'],['Not Applicable'],['Not Applicable'],True,"['55 to 59', '70 to 74']",4.0
2002431114.0,2022-12-13 10:00:00,910,2022,STEELES AVE W,KIPLING AVE,Major Arterial,Etobicoke York,43.759535,-79.589862,613512.9706,4846130.7535,At Intersection,Traffic Signal,Clear,Daylight,Dry,2,Mount Olive-Silverstone-Jamestown,2,Mount Olive-Silverstone-Jamestown (2),Fatal,0,0,1,0,1,0,0,1,0,0,0,0,0,Turning Movement,"['Driver', 'Passenger', 'Truck Driver']",East,"['Automobile, Station Wagon', 'Truck-Tractor']","['Turning Right', 'Going Ahead']","['Improper Turn', 'Driving Properly']","['Unknown', 'Normal']",['Not Applicable'],['Not Applicable'],['Not Applicable'],['Not Applicable'],['Not Applicable'],True,"['80 to 84', '30 to 34', '0 to 4', '60 to 64']",4.0
2002436647.0,2022-12-13 10:00:00,2301,2022,AVENUE RD,LONSDALE RD,Major Arterial,Toronto and East York,43.690657,-79.403026,628700.3939,4838753.8962,At Intersection,Traffic Signal,Clear,"Dark, artificial",Dry,97,Yonge-St.Clair,97,Yonge-St.Clair (97),Non-Fatal Injury,0,0,1,0,0,0,0,0,1,1,0,0,0,Turning Movement,['Driver'],North,"['Automobile, Station Wagon']","['Going Ahead', 'Turning Left']","['Lost control', 'Driving Properly']",['Unknown'],['Not Applicable'],['Not Applicable'],['Not Applicable'],['Not Applicable'],['Not Applicable'],False,"['35 to 39', '40 to 44']",3.0
2002447253.0,2022-12-15 10:00:00,1134,2022,MAITLAND PL,HOMEWOOD AVE,Collector,Toronto and East York,43.665648,-79.375507,630972.5787,4836019.3848,At Intersection,No Control,Freezing Rain,Daylight,Wet,71,Cabbagetown-South St.James Town,71,Cabbagetown-South St.James Town (71),Non-Fatal Injury,1,0,1,0,0,0,0,0,1,1,0,0,0,Pedestrian Collisions,"['Driver', 'Pedestrian']",North,"['Automobile, Station Wagon']",['Turning Left'],['Improper Turn'],['Inattentive'],['Other'],['Other'],['Not Applicable'],['Not Applicable'],['Not Applicable'],False,"['60 to 64', 'unknown']",3.0
2002449618.0,2022-12-15 10:00:00,1720,2022,SHAW ST,KING ST W,Major Arterial,Toronto and East York,43.641364,-79.414981,627841.5246,4833260.7673,At Intersection,Traffic Signal,Freezing Rain,"Dark, artificial",Slush,162,West Queen West,82,Niagara (82),Non-Fatal Injury,1,0,1,0,0,0,0,0,0,1,0,0,0,Pedestrian Collisions,"['Driver', 'Pedestrian']",South,"['Automobile, Station Wagon']",['Turning Right'],['Failed to Yield Right of Way'],['Inattentive'],['Crossing with right of way'],['Normal'],['Not Applicable'],['Not Applicable'],['Not Applicable'],False,"['25 to 29', '65 to 69']",3.0
2002450489.0,2022-12-15 10:00:00,1925,2022,936 DIXON RD,Not Applicable,Major Arterial,Etobicoke York,43.686591,-79.597255,613054.9641,4838019.2017,Non Intersection,No Control,Snow,Dark,Loose Snow,1,West Humber-Clairville,1,West Humber-Clairville (1),Non-Fatal Injury,1,0,1,0,0,0,0,0,0,0,0,0,0,Pedestrian Collisions,"['Driver', 'Pedestrian']",North,"['Automobile, Station Wagon']",['Going Ahead'],['Driving Properly'],['Normal'],"['Crossing, no Traffic Control']",['Inattentive'],['Not Applicable'],['Not Applicable'],['Not Applicable'],False,"['50 to 54', '25 to 29', '40 to 44']",3.0
2002473250.0,2022-12-18 10:00:00,2228,2022,LAKE SHORE BLVD E,LOWER JARVIS ST,Major Arterial,Toronto and East York,43.645507,-79.369792,631477.296,4833791.4984,At Intersection,Traffic Signal,Clear,"Dark, artificial",Dry,166,St Lawrence-East Bayfront-The Islands,77,Waterfront Communities-The Island (77),Non-Fatal Injury,0,1,1,0,0,0,0,1,0,0,0,0,0,Cyclist Collisions,"['Cyclist', 'Driver', 'Passenger']",East,"['Bicycle', 'Automobile, Station Wagon']",['Going Ahead'],['Driving Properly'],['Normal'],['Not Applicable'],['Not Applicable'],"['Cyclist without ROW rides into path of motorist at inter, lnwy, dwy-Cyclist not turn.']",['Disobeyed Traffic Control'],['Inattentive'],False,"['40 to 44', '25 to 29', '20 to 24']",3.0
2002476311.0,2022-12-19 10:00:00,1047,2022,MORNINGSIDE AVE,PAN AM DR,Major Arterial,Scarborough,43.792052,-79.195514,645178.7246,4850358.3619,At Intersection,Traffic Signal,Clear,Daylight,Dry,134,Highland Creek,134,Highland Creek (134),Non-Fatal Injury,0,0,1,0,0,0,0,1,0,1,1,0,1,Turning Movement,"['Driver', 'Passenger']",East,"['Automobile, Station Wagon']","['Going Ahead', 'Turning Left']","['Disobeyed Traffic Control', 'Driving Properly']","['Medical or Physical Disability', 'Normal']",['Not Applicable'],['Not Applicable'],['Not Applicable'],['Not Applicable'],['Not Applicable'],False,"['85 to 89', '65 to 69', '0 to 4']",3.0