accident_number,date,time,year,street1,street2,road_class,district,latitude,longitude,x,y,accident_location,traffctl,visibility,light,road_surface_condition,hood_158,neighbourhood_new,hood_140,neighbourhood_old,accident_class,pedestrian,cyclist,automobile,motorcycle,truck,trsn_city_veh,emerg_veh,passenger,speeding,aggressive_driving,redlight,alcohol,disability,impact_type,involvement_type,initial_direction,vehicle_type,manoeuver,driver_action,driver_condition,pedestrian_action,pedestrian_condition,cyclist_type,cyclist_action,cyclist_condition,injury,involvement_age,injury_severity_score
2002484301.0,2022-12-20 10:00:00,1150,2022,CARLINGVIEW DR,DIXON RD,Major Arterial,Etobicoke York,43.686248,-79.595363,613208.097,4837983.6879,Non Intersection,No Control,Clear,Daylight,Dry,1,West Humber-Clairville,1,West Humber-Clairville (1),Non-Fatal Injury,0,0,1,0,0,0,0,1,0,1,0,0,0,Sideswipe,"['Driver', 'Passenger']",South,"['Automobile, Station Wagon']","['Changing Lanes', 'Going Ahead']","['Improper Passing', 'Driving Properly']","['Inattentive', 'Normal']",['Not Applicable'],['Not Applicable'],['Not Applicable'],['Not Applicable'],['Not Applicable'],False,"['20 to 24', '65 to 69']",3.0
2002494669.0,2022-12-21 10:00:00,1750,2022,GLOUCESTER GRV,WINNETT AVE,Local,Unknown,43.696864,-79.436534,625986.9549,4839391.8089,At Intersection,Stop Sign,Clear,Dark,Wet,106,Humewood-Cedarvale,106,Humewood-Cedarvale (106),Non-Fatal Injury,1,0,1,0,0,0,0,0,0,1,0,0,0,Pedestrian Collisions,"['Driver', 'Pedestrian']",North,['Pick Up Truck'],['Turning Left'],['Failed to Yield Right of Way'],['Normal'],['Crossing with right of way'],['Normal'],['Not Applicable'],['Not Applicable'],['Not Applicable'],False,"['35 to 39', '30 to 34', '5 to 9', '0 to 4']",3.0
2002522465.0,2022-12-26 10:00:00,112,2022,WESTON ROAD,BIRDSTONE CRESCENT,Major Shoreline,Unknown,43.673403,-79.468425,623465.2164,4836738.1845,Non Intersection,No Control,Clear,"Dark, artificial",Wet,90,Junction Area,90,Junction Area (90),Non-Fatal Injury,0,0,1,0,0,0,0,1,0,1,0,0,0,SMV Other,"['Driver', 'Passenger']",North,"['Automobile, Station Wagon']",['Going Ahead'],['Lost control'],['Inattentive'],['Not Applicable'],['Not Applicable'],['Not Applicable'],['Not Applicable'],['Not Applicable'],False,"['15 to 19', '20 to 24']",3.0
2002556621.0,2022-12-30 10:00:00,2234,2022,BLOOR ST W,MONTROSE AVE,Major Arterial,Toronto and East York,43.662856,-79.421268,627289.0228,4835638.0696,Non Intersection,No Control,Rain,"Dark, artificial",Wet,80,Palmerston-Little Italy,80,Palmerston-Little Italy (80),Non-Fatal Injury,1,0,1,0,0,0,0,0,0,0,0,0,0,Pedestrian Collisions,"['Driver', 'Pedestrian']",East,"['Automobile, Station Wagon']",['Going Ahead'],['Driving Properly'],['Normal'],"['Crossing, no Traffic Control']",['Inattentive'],['Not Applicable'],['Not Applicable'],['Not Applicable'],False,"['35 to 39', '40 to 44']",3.0
2019769.0,2020-10-24 08:00:00,1621,2020,DUPONT ST,CHRISTIE ST,Major Arterial,Toronto and East York,43.671549,-79.421504,627251.6243,4836603.1809,Intersection Related,Traffic Signal,Clear,Daylight,Dry,95,Annex,95,Annex (95),Fatal,1,0,1,0,0,0,0,0,0,0,0,0,1,Pedestrian Collisions,"['Pedestrian', 'Driver']",North,['Passenger Van'],['Going Ahead'],['Lost control'],['Medical or Physical Disability'],['On Sidewalk or Shoulder'],['Normal'],['Not Applicable'],['Not Applicable'],['Not Applicable'],True,['70 to 74'],4.0
202070.0,2020-01-29 10:00:00,1634,2020,LAWRENCE AVE E,DON MILLS RD,Major Arterial,North York,43.736853,-79.344562,633309.5954,4843977.0254,Non Intersection,No Control,Clear,Daylight,Dry,42,Banbury-Don Mills,42,Banbury-Don Mills (42),Fatal,1,0,1,0,0,0,0,0,0,0,0,0,0,Pedestrian Collisions,"['Pedestrian', 'Driver']",North,"['Automobile, Station Wagon']",['Going Ahead'],['Driving Properly'],['Inattentive'],"['Crossing, no Traffic Control']",['Normal'],['Not Applicable'],['Not Applicable'],['Not Applicable'],True,"['60 to 64', '25 to 29']",4.0
2045410.0,2020-10-28 08:00:00,1241,2020,DUFFERIN ST,BLOOR  ST W,Major Arterial,Toronto and East York,43.659812,-79.435321,626162.3309,4835278.5287,Intersection Related,Traffic Signal,Clear,Daylight,Dry,83,Dufferin Grove,83,Dufferin Grove (83),Non-Fatal Injury,0,1,0,0,1,0,0,0,0,0,0,0,0,Cyclist Collisions,"['Cyclist', 'Driver']",North,"['Bicycle', 'Truck - Closed (Blazer, etc)']","['Going Ahead', 'Turning Right']",['Driving Properly'],['Normal'],['Not Applicable'],['Not Applicable'],['Not Applicable'],['Failed to Yield Right of Way'],['Normal'],False,"['30 to 34', '20 to 24']",3.0
2053531.0,2020-10-29 08:00:00,1525,2020,WELLINGTON ST W,UNIVERSITY AVE,Major Arterial,Toronto and East York,43.646311,-79.384059,630324.9025,4833858.2897,At Intersection,Traffic Signal,Clear,Daylight,Dry,170,Yonge-Bay Corridor,76,Bay Street Corridor (76),Non-Fatal Injury,0,0,1,0,0,0,0,0,0,1,1,0,0,Angle,['Driver'],South,"['Automobile, Station Wagon']",['Going Ahead'],"['Disobeyed Traffic Control', 'Driving Properly']","['Inattentive', 'Normal']",['Not Applicable'],['Not Applicable'],['Not Applicable'],['Not Applicable'],['Not Applicable'],False,"['55 to 59', '70 to 74']",3.0
2063243.0,2020-10-30 08:00:00,2331,2020,THE QUEENSWAY,ISLINGTON AVE,Major Arterial,Etobicoke York,43.623519,-79.514743,619830.4929,4831130.0335,At Intersection,Traffic Signal,Clear,Dark,Dry,16,Stonegate-Queensway,16,Stonegate-Queensway (16),Non-Fatal Injury,0,0,1,0,0,0,0,1,0,1,0,1,0,SMV Other,"['Driver', 'Passenger']",South,"['Automobile, Station Wagon']",['Going Ahead'],['Lost control'],"['Ability Impaired, Alcohol Over .08']",['Not Applicable'],['Not Applicable'],['Not Applicable'],['Not Applicable'],['Not Applicable'],False,"['35 to 39', '30 to 34']",3.0
2072729.0,2020-11-01 09:00:00,1300,2020,BLOOR ST W,MARGUERETTA ST,Major Arterial,Toronto and East York,43.65898,-79.439731,625808.4804,4835179.4279,At Intersection,No Control,Clear,Daylight,Dry,83,Dufferin Grove,83,Dufferin Grove (83),Non-Fatal Injury,0,1,1,0,0,0,0,0,0,0,0,0,0,Cyclist Collisions,"['Driver', 'Cyclist']",East,"['Automobile, Station Wagon', 'Bicycle']","['Turning Left', 'Going Ahead']",['Improper Turn'],['Unknown'],['Not Applicable'],['Not Applicable'],"['Motorist turns right at non-signal Inter.(stop, yield, no cont.,and dwy) and strikes cyclist.']",['Driving Properly'],['Normal'],False,"['unknown', '45 to 49']",3.0
2092644.0,2020-11-04 10:00:00,1241,2020,CHERRY ST,MILL ST,Collector,Toronto and East York,43.651259,-79.357356,632467.6332,4834450.1104,At Intersection,Traffic Signal,Clear,Daylight,Dry,166,St Lawrence-East Bayfront-The Islands,77,Waterfront Communities-The Island (77),Fatal,1,0,0,0,1,0,0,0,0,1,0,0,0,Pedestrian Collisions,"['Pedestrian', 'Truck Driver']",East,['Truck (other)'],['Turning Right'],['Failed to Yield Right of Way'],['Normal'],['Crossing with right of way'],['Normal'],['Not Applicable'],['Not Applicable'],['Not Applicable'],True,"['65 to 69', '60 to 64']",4.0
2109352.0,2020-11-06 10:00:00,1920,2020,WILLIAM R ALLEN RD N,LAWRENCE AVE W,Expressway,North York,43.715041,-79.443568,625382.2351,4841399.9545,Non Intersection,No Control,Clear,"Dark, artificial",Dry,31,Yorkdale-Glen Park,31,Yorkdale-Glen Park (31),Fatal,1,0,1,0,0,0,0,0,0,0,0,0,0,Pedestrian Collisions,"['Pedestrian', 'Driver']",North,['Delivery Van'],"['Unknown', 'Going Ahead']",['Driving Properly'],['Normal'],"['Crossing, no Traffic Control']",['Other'],['Not Applicable'],['Not Applicable'],['Not Applicable'],True,"['30 to 34', '25 to 29']",4.0
2112681.0,2020-11-07 10:00:00,958,2020,KINGSTON RD,PINE RIDGE DR,Major Arterial,Scarborough,43.730227,-79.226428,642838.5902,4843437.9747,At Intersection,No Control,Clear,Daylight,Dry,123,Cliffcrest,123,Cliffcrest (123),Non-Fatal Injury,0,1,1,0,0,0,0,0,0,1,0,0,0,Cyclist Collisions,"['Driver', 'Cyclist']",East,"['Automobile, Station Wagon', 'Bicycle']","['Turning Left', 'Going Ahead']",['Failed to Yield Right of Way'],['Inattentive'],['Not Applicable'],['Not Applicable'],['Motorist turned left across cyclists path.'],['Driving Properly'],['Normal'],False,"['70 to 74', '50 to 54']",3.0
2115460.0,2020-11-07 10:00:00,1720,2020,MILITARY TRL,ELLESMERE RD,Major Arterial,Scarborough,43.779681,-79.217105,643471.2087,4848946.7181,At Intersection,Traffic Signal,Clear,"Dark, artificial",Dry,135,Morningside,135,Morningside (135),Non-Fatal Injury,1,0,1,0,0,0,0,0,0,1,0,0,0,Pedestrian Collisions,"['Driver', 'Pedestrian']",North,"['Automobile, Station Wagon']",['Turning Left'],['Failed to Yield Right of Way'],['Inattentive'],['Crossing with right of way'],['Normal'],['Not Applicable'],['Not Applicable'],['Not Applicable'],False,"['60 to 64', '25 to 29']",3.0
2125289.0,2020-11-09 10:00:00,913,2020,JANE ST,WILSON AVE,Major Arterial,Etobicoke York,43.720843,-79.508594,620132.2662,4841948.0401,At Intersection,Traffic Signal,Clear,Daylight,Dry,154,Oakdale-Beverley Heights,26,Downsview-Roding-CFB (26),Non-Fatal Injury,1,0,1,0,0,0,0,0,0,1,0,0,0,Pedestrian Collisions,"['Driver', 'Pedestrian']",South,['Pick Up Truck'],['Turning Right'],['Failed to Yield Right of Way'],['Inattentive'],['Crossing with right of way'],['Normal'],['Not Applicable'],['Not Applicable'],['Not Applicable'],False,"['55 to 59', '60 to 64']",3.0
212688.0,2020-01-31 10:00:00,415,2020,SHEPPARD AVE W,WILLIAM R ALLEN RD,Major Arterial,North York,43.750178,-79.463344,623716.7462,4845272.6995,At Intersection,Traffic Signal,Clear,"Dark, artificial",Dry,155,Downsview,26,Downsview-Roding-CFB (26),Non-Fatal Injury,1,0,0,0,1,0,0,0,0,0,0,0,0,Pedestrian Collisions,"['Truck Driver', 'Pedestrian']",East,['Truck - Tank'],['Turning Right'],['Driving Properly'],['Normal'],['Other'],"['Ability Impaired, Drugs']",['Not Applicable'],['Not Applicable'],['Not Applicable'],False,"['25 to 29', '35 to 39']",3.0
2134679.0,2020-11-10 10:00:00,1430,2020,4168 FINCH AVE E,BAYLAWN DR,Major Arterial,Scarborough,43.803054,-79.288875,637642.0777,4851420.7815,At/Near Private Drive,No Control,Clear,Daylight,Dry,128,Agincourt South-Malvern West,128,Agincourt South-Malvern West (128),Non-Fatal Injury,1,0,1,0,0,0,0,0,0,0,0,0,0,Pedestrian Collisions,"['Driver', 'Pedestrian']",North,"['Automobile, Station Wagon']",['Turning Left'],['Driving Properly'],['Normal'],"['Crossing, no Traffic Control']",['Normal'],['Not Applicable'],['Not Applicable'],['Not Applicable'],False,"['70 to 74', '50 to 54']",3.0
213617.0,2020-01-31 10:00:00,845,2020,LAKE SHORE BLVD W,KIPLING AVE,Major Arterial,Etobicoke York,43.59801,-79.517459,619661.9391,4828293.0354,Non Intersection,No Control,Clear,Daylight,Dry,18,New Toronto,18,New Toronto (18),Non-Fatal Injury,0,0,0,0,0,1,0,1,0,0,0,0,0,Other,"['Driver', 'Passenger']",East,['Street Car'],['Slowing or Stopping'],['Driving Properly'],['Normal'],['Not Applicable'],['Not Applicable'],['Not Applicable'],['Not Applicable'],['Not Applicable'],False,"['60 to 64', '70 to 74']",3.0
2139980.0,2020-11-11 10:00:00,1017,2020,1733 WILSON  AVE,Not Applicable,Major Arterial,Etobicoke York,43.718814,-79.517726,619400.7109,4841709.4952,Non Intersection,No Control,Clear,Daylight,Dry,154,Oakdale-Beverley Heights,26,Downsview-Roding-CFB (26),Non-Fatal Injury,1,0,0,0,1,0,0,0,0,1,0,0,0,Pedestrian Collisions,"['Truck Driver', 'Pedestrian']",East,['Truck - Open'],['Going Ahead'],['Lost control'],['Inattentive'],['On Sidewalk or Shoulder'],['Normal'],['Not Applicable'],['Not Applicable'],['Not Applicable'],False,"['25 to 29', '65 to 69']",3.0
214205.0,2020-01-31 10:00:00,1014,2020,DANFORTH AVE,PAPE AVE,Major Arterial,Toronto and East York,43.678881,-79.344806,633418.5064,4837538.0166,At Intersection,Traffic Signal,Clear,Daylight,Dry,69,Blake-Jones,69,Blake-Jones (69),Non-Fatal Injury,1,0,1,0,0,0,0,1,0,1,0,0,0,Pedestrian Collisions,"['Driver', 'Passenger', 'Pedestrian']",East,"['Automobile, Station Wagon']",['Slowing or Stopping'],['Failed to Yield Right of Way'],['Normal'],['Crossing with right of way'],['Normal'],['Not Applicable'],['Not Applicable'],['Not Applicable'],False,"['40 to 44', '65 to 69', '0 to 4', '85 to 89']",3.0
2145844.0,2020-11-12 10:00:00,747,2020,LAKE SHORE BLVD E,BOOTH AVE,Major Arterial,Toronto and East York,43.653449,-79.340747,633802.1832,4834719.9869,At Intersection,No Control,Clear,Daylight,Dry,70,South Riverdale,70,South Riverdale (70),Non-Fatal Injury,0,1,0,0,0,0,0,0,0,0,0,0,0,Other,['Moped Driver'],West,['Moped'],['Going Ahead'],['Lost control'],['Fatigue'],['Not Applicable'],['Not Applicable'],['Not Applicable'],['Not Applicable'],['Not Applicable'],False,['60 to 64'],3.0
2154297.0,2020-11-13 10:00:00,1245,2020,GERVAIS DR,WYNFORD DR,Collector,North York,43.724162,-79.336978,633948.6173,4842579.7345,Non Intersection,No Control,Clear,Daylight,Dry,42,Banbury-Don Mills,42,Banbury-Don Mills (42),Non-Fatal Injury,0,0,1,0,0,0,0,0,0,0,0,0,1,Approaching,['Driver'],North,"['Automobile, Station Wagon']","['Going Ahead', 'Stopped']","['Lost control', 'Driving Properly']","['Medical or Physical Disability', 'Normal']",['Not Applicable'],['Not Applicable'],['Not Applicable'],['Not Applicable'],['Not Applicable'],False,"['90 to 94', '70 to 74']",3.0
2161753.0,2020-11-14 10:00:00,1446,2020,259 WELLESLEY ST E,ROSE  AVE,Minor Arterial,Toronto and East York,43.667788,-79.371089,631324.1111,4836264.0449,Intersection Related,No Control,Clear,Daylight,Dry,71,Cabbagetown-South St.James Town,71,Cabbagetown-South St.James Town (71),Non-Fatal Injury,1,0,1,0,0,0,0,0,0,0,0,0,0,Pedestrian Collisions,"['Driver', 'Pedestrian']",South,"['Automobile, Station Wagon']",['Going Ahead'],['Driving Properly'],['Unknown'],"['Crossing, no Traffic Control']",['Inattentive'],['Not Applicable'],['Not Applicable'],['Not Applicable'],False,"['20 to 24', '90 to 94']",3.0
2201920.0,2020-11-20 10:00:00,1550,2020,HARVIE AVE,ROGERS  RD,Local,Etobicoke York,43.683863,-79.452846,624699.4318,4837923.214,Intersection Related,Stop Sign,Clear,Daylight,Dry,109,Caledonia-Fairbank,109,Caledonia-Fairbank (109),Non-Fatal Injury,1,0,1,0,0,0,0,0,0,0,0,0,0,Pedestrian Collisions,"['Driver', 'Pedestrian']",Unknown,"['Automobile, Station Wagon']",['Going Ahead'],['Driving Properly'],['Unknown'],['Running onto Roadway'],['Normal'],['Not Applicable'],['Not Applicable'],['Not Applicable'],False,"['40 to 44', '10 to 14', '5 to 9']",3.0
2202286.0,2020-11-20 10:00:00,1643,2020,ROYAL YORK RD,JUDSON ST,Minor Arterial,Etobicoke York,43.616103,-79.498325,621170.0038,4830330.2221,At Intersection,No Control,Clear,Dusk,Dry,160,Mimico-Queensway,17,Mimico (includes Humber Bay Shores) (17),Fatal,0,1,0,0,1,0,0,0,0,1,0,0,0,Cyclist Collisions,"['Cyclist', 'Truck Driver']",South,"['Bicycle', 'Truck - Tank']","['Going Ahead', 'Turning Right']",['Failed to Yield Right of Way'],['Inattentive'],['Not Applicable'],['Not Applicable'],"['Motorist turns right at non-signal Inter.(stop, yield, no cont.,and dwy) and strikes cyclist.']",['Driving Properly'],['Normal'],True,"['55 to 59', '45 to 49']",4.0
220239.0,2020-02-01 10:00:00,231,2020,YONGE ST,KING ST W,Major Arterial,Toronto and East York,43.649077,-79.377879,630817.3174,4834175.2136,At Intersection,Traffic Signal,Clear,"Dark, artificial",Dry,168,Downtown Yonge East,75,Church-Yonge Corridor (75),Non-Fatal Injury,1,0,1,0,0,0,0,0,0,0,0,0,0,Pedestrian Collisions,"['Driver', 'Pedestrian']",South,"['Automobile, Station Wagon']",['Going Ahead'],['Driving Properly'],['Inattentive'],['Crossing without right of way'],"['Ability Impaired, Alcohol']",['Not Applicable'],['Not Applicable'],['Not Applicable'],False,"['35 to 39', '20 to 24']",3.0
2204531.0,2020-11-20 10:00:00,2345,2020,DON VALLEY PARKWAY  N,EASTERN AVE DIVERSION,Expressway,Toronto and East York,43.653292,-79.348758,633156.5158,4834689.6634,Non Intersection,No Control,Clear,"Dark, artificial",Dry,70,South Riverdale,70,South Riverdale (70),Non-Fatal Injury,0,0,0,1,0,0,0,0,0,0,0,0,0,SMV Other,['Motorcycle Driver'],North,['Motorcycle'],['Changing Lanes'],['Lost control'],['Normal'],['Not Applicable'],['Not Applicable'],['Not Applicable'],['Not Applicable'],['Not Applicable'],False,['30 to 34'],3.0
220521.0,2020-02-01 10:00:00,406,2020,ST CLAIR AVE W,ATLAS AVE,Major Arterial,Toronto and East York,43.680579,-79.430698,626491.4617,4837592.0211,At Intersection,No Control,Clear,"Dark, artificial",Wet,94,Wychwood,94,Wychwood (94),Non-Fatal Injury,0,0,1,0,0,0,0,1,1,1,0,1,0,Rear End,"['Driver', 'Passenger']",West,"['Automobile, Station Wagon']",['Going Ahead'],"['Speed too Fast For Condition', 'Driving Properly']","['Ability Impaired, Alcohol', 'Normal']",['Not Applicable'],['Not Applicable'],['Not Applicable'],['Not Applicable'],['Not Applicable'],False,"['20 to 24', '35 to 39']",3.0
2228307.0,2020-11-24 10:00:00,1922,2020,LANSDOWNE AVE,DUPONT ST,Minor Arterial,Etobicoke York,43.665751,-79.446063,625283.8256,4835921.8551,At/Near Private Drive,No Control,Clear,"Dark, artificial",Dry,171,Junction-Wallace Emerson,93,Dovercourt-Wallace Emerson-Junction (93),Non-Fatal Injury,0,0,1,0,0,0,0,0,1,1,0,1,0,Rear End,"['Driver', 'Other']",North,"['Automobile, Station Wagon']","['Going Ahead', 'Stopped', 'Parked']","['Improper Passing', 'Driving Properly']","['Ability Impaired, Alcohol', 'Normal']",['Not Applicable'],['Not Applicable'],['Not Applicable'],['Not Applicable'],['Not Applicable'],False,"['45 to 49', 'unknown']",3.0
2234262.0,2020-11-25 10:00:00,1735,2020,KENNEDY  RD,PROGRESS AVE,Major Arterial,Scarborough,43.769351,-79.282222,638254.9279,4847688.6186,At Intersection,Traffic Signal,Rain,"Dark, artificial",Wet,126,Dorset Park,126,Dorset Park (126),Non-Fatal Injury,1,0,1,0,0,0,0,0,0,1,0,0,0,Pedestrian Collisions,"['Driver', 'Pedestrian']",South,"['Automobile, Station Wagon']",['Turning Left'],['Failed to Yield Right of Way'],['Unknown'],['Crossing with right of way'],['Normal'],['Not Applicable'],['Not Applicable'],['Not Applicable'],False,"['unknown', '60 to 64']",3.0
2234722.0,2020-11-25 10:00:00,1851,2020,MARLEE AVE,CASTLEFIELD  AVE,Minor Arterial,North York,43.702983,-79.441402,625581.9035,4840064.0233,At Intersection,Stop Sign,Rain,"Dark, artificial",Wet,108,Briar Hill-Belgravia,108,Briar Hill-Belgravia (108),Non-Fatal Injury,1,0,1,0,0,0,0,0,0,0,0,0,0,Pedestrian Collisions,"['Driver', 'Pedestrian']",East,"['Automobile, Station Wagon']",['Turning Left'],['Driving Properly'],['Normal'],['Crossing without right of way'],['Normal'],['Not Applicable'],['Not Applicable'],['Not Applicable'],False,"['60 to 64', '70 to 74']",3.0
2253261.0,2020-11-28 10:00:00,1638,2020,ELLESMERE RD,NEILSON RD,Major Arterial,Scarborough,43.782527,-79.204944,644442.9733,4849283.9598,At Intersection,Traffic Signal,Clear,Dusk,Dry,135,Morningside,135,Morningside (135),Fatal,0,0,1,0,0,0,0,1,1,1,0,0,0,Angle,"['Driver', 'Passenger']",East,"['Automobile, Station Wagon']",['Going Ahead'],"['Failed to Yield Right of Way', 'Driving Properly']","['Inattentive', 'Normal']",['Not Applicable'],['Not Applicable'],['Not Applicable'],['Not Applicable'],['Not Applicable'],True,"['55 to 59', '5 to 9', '50 to 54']",4.0
2254416.0,2020-11-28 10:00:00,2022,2020,JANE ST,DALRYMPLE DR,Major Arterial,Etobicoke York,43.677169,-79.496112,621225.6753,4837115.6119,At Intersection,No Control,Clear,"Dark, artificial",Dry,111,Rockcliffe-Smythe,111,Rockcliffe-Smythe (111),Non-Fatal Injury,0,0,1,0,0,0,0,0,1,1,0,0,0,SMV Other,"['Driver', 'Other']",North,"['Automobile, Station Wagon', 'Pick Up Truck']","['Going Ahead', 'Parked']",['Exceeding Speed Limit'],['Unknown'],['Not Applicable'],['Not Applicable'],['Not Applicable'],['Not Applicable'],['Not Applicable'],False,"['25 to 29', 'unknown']",3.0
2260605.0,2020-11-29 10:00:00,2200,2020,STEELES  AVE W,HILDA  AVE,Major Arterial,North York,43.795935,-79.429225,626367.2944,4850406.234,At Intersection,Traffic Signal,Clear,"Dark, artificial",Dry,36,Newtonbrook West,36,Newtonbrook West (36),Non-Fatal Injury,1,0,1,0,0,0,0,0,0,1,0,0,0,Pedestrian Collisions,"['Driver', 'Pedestrian']",North,"['Automobile, Station Wagon']",['Turning Left'],['Failed to Yield Right of Way'],['Inattentive'],['Crossing with right of way'],['Normal'],['Not Applicable'],['Not Applicable'],['Not Applicable'],False,"['30 to 34', '60 to 64']",3.0
2263377.0,2020-11-30 10:00:00,1110,2020,BEECROFT RD,LORRAINE DR,Local,North York,43.777594,-79.417827,627323.1947,4848386.6479,At Intersection,Stop Sign,Rain,"Daylight, artificial",Wet,37,Willowdale West,37,Willowdale West (37),Non-Fatal Injury,0,1,1,0,0,0,0,0,0,0,0,0,0,Cyclist Collisions,"['Cyclist', 'Driver']",East,"['Bicycle', 'Automobile, Station Wagon']","['Going Ahead', 'Turning Left']",['Driving Properly'],['Normal'],['Not Applicable'],['Not Applicable'],"['Cyclist without ROW rides into path of motorist at inter, lnwy, dwy-Cyclist not turn.']",['Other'],['Normal'],False,"['60 to 64', '45 to 49']",3.0
2266275.0,2020-11-30 10:00:00,1829,2020,WARDEN AVE,SHEPPARD AVE E,Major Arterial,Scarborough,43.778659,-79.307864,636169.9873,4848679.921,At Intersection,Traffic Signal,Rain,"Dark, artificial",Wet,118,Tam O'Shanter-Sullivan,118,Tam O'Shanter-Sullivan (118),Non-Fatal Injury,1,0,1,0,0,0,0,0,0,1,0,0,0,Pedestrian Collisions,"['Driver', 'Pedestrian']",South,['Passenger Van'],['Turning Left'],['Failed to Yield Right of Way'],['Inattentive'],['Crossing with right of way'],['Normal'],['Not Applicable'],['Not Applicable'],['Not Applicable'],False,"['45 to 49', '25 to 29']",3.0
2266447.0,2020-11-30 10:00:00,1901,2020,VAN HORNE AVE,VICTORIA PARK AVE,Major Arterial,North York,43.789179,-79.329547,634401.5118,4849812.8956,At Intersection,Traffic Signal,Rain,"Dark, artificial",Wet,147,L'Amoreaux West,117,L'Amoreaux (117),Non-Fatal Injury,1,0,1,0,0,0,0,0,0,0,0,0,0,Pedestrian Collisions,"['Driver', 'Pedestrian']",East,"['Automobile, Station Wagon']",['Turning Left'],['Improper Turn'],['Inattentive'],['Crossing with right of way'],['Normal'],['Not Applicable'],['Not Applicable'],['Not Applicable'],False,"['20 to 24', '30 to 34']",3.0
2279200.0,2020-12-02 10:00:00,1829,2020,DUFFERIN ST,SYLVAN AVE,Major Arterial,Toronto and East York,43.654608,-79.433322,626334.4275,4834703.5978,Intersection Related,No Control,Clear,Daylight,Dry,83,Dufferin Grove,83,Dufferin Grove (83),Fatal,0,1,1,0,0,0,0,0,0,1,0,0,0,Cyclist Collisions,"['Cyclist', 'Driver']",South,"['Bicycle', 'Delivery Van', 'Automobile, Station Wagon']",['Going Ahead'],"['Following too Close', 'Other']",['Inattentive'],['Not Applicable'],['Not Applicable'],['Cyclist and Driver travelling in same direction. One vehicle sideswipes the other.'],['Driving Properly'],['Normal'],True,"['20 to 24', '35 to 39', '30 to 34']",4.0
2298555.0,2020-12-05 10:00:00,1716,2020,2255 MARKHAM RD,Not Applicable,Major Arterial,Scarborough,43.809523,-79.243236,641298.0439,4852216.1956,Non Intersection,No Control,Clear,"Dusk, artificial",Dry,145,Malvern West,132,Malvern (132),Fatal,1,0,0,0,1,0,0,0,0,0,0,0,0,Pedestrian Collisions,"['Pedestrian', 'Truck Driver']",East,"['Truck - Closed (Blazer, etc)']",['Going Ahead'],['Driving Properly'],['Inattentive'],"['Crossing, no Traffic Control']",['Inattentive'],['Not Applicable'],['Not Applicable'],['Not Applicable'],True,"['35 to 39', '45 to 49']",4.0
231164.0,2020-02-02 10:00:00,1756,2020,KEELE ST,GULLIVER RD,Major Arterial,Etobicoke York,43.69924,-79.475902,622809.7306,4839596.6311,Intersection Related,Traffic Signal,Clear,"Dark, artificial",Wet,30,Brookhaven-Amesbury,30,Brookhaven-Amesbury (30),Non-Fatal Injury,0,0,1,0,0,0,0,0,0,0,0,0,1,Approaching,['Driver'],North,"['Automobile, Station Wagon']","['Going Ahead', 'Stopped']","['Lost control', 'Driving Properly']","['Medical or Physical Disability', 'Normal']",['Not Applicable'],['Not Applicable'],['Not Applicable'],['Not Applicable'],['Not Applicable'],False,['50 to 54'],3.0
2314333.0,2020-12-08 10:00:00,856,2020,STEELES AVE E,PUTNAM GT,Major Arterial,Scarborough,43.822402,-79.312221,635720.2808,4853531.1229,At Intersection,Traffic Signal,Clear,Daylight,Dry,116,Steeles,116,Steeles (116),Non-Fatal Injury,1,0,1,0,0,0,0,0,0,1,0,0,0,Pedestrian Collisions,"['Driver', 'Pedestrian']",South,"['Automobile, Station Wagon']",['Turning Left'],['Failed to Yield Right of Way'],['Inattentive'],['Crossing with right of way'],['Normal'],['Not Applicable'],['Not Applicable'],['Not Applicable'],False,"['50 to 54', '55 to 59']",3.0
2317800.0,2020-12-08 10:00:00,1803,2020,MCCOWAN RD,LAWRENCE  AVE E,Major Arterial,Scarborough,43.755477,-79.245387,641252.2672,4846209.8607,At Intersection,Traffic Signal,Clear,"Dark, artificial",Dry,157,Bendale South,127,Bendale (127),Non-Fatal Injury,1,0,1,0,0,0,0,0,1,1,1,0,0,Pedestrian Collisions,"['Driver', 'Pedestrian']",North,"['Automobile, Station Wagon']",['Going Ahead'],['Disobeyed Traffic Control'],['Inattentive'],['Crossing with right of way'],['Normal'],['Not Applicable'],['Not Applicable'],['Not Applicable'],False,"['45 to 49', '30 to 34']",3.0
2318123.0,2020-12-08 10:00:00,1856,2020,CORDOVA AVE,MABELLE AVE,Collector,Etobicoke York,43.647303,-79.525783,618892.8671,4833755.6692,Overpass or Bridge,No Control,Clear,Dark,Dry,159,Etobicoke City Centre,14,Islington-City Centre West (14),Non-Fatal Injury,0,0,1,0,0,0,0,1,1,1,0,0,0,SMV Other,"['Driver', 'Passenger']",South,"['Automobile, Station Wagon']",['Going Ahead'],['Lost control'],['Inattentive'],['Not Applicable'],['Not Applicable'],['Not Applicable'],['Not Applicable'],['Not Applicable'],False,"['unknown', '25 to 29']",3.0
2324390.0,2020-12-09 10:00:00,1843,2020,MARKHAM RD,PROGRESS AVE,Major Arterial,Scarborough,43.782408,-79.234088,642098.0937,4849220.3017,Non Intersection,No Control,Clear,"Dark, artificial",Wet,142,Woburn North,137,Woburn (137),Non-Fatal Injury,0,1,1,0,0,0,0,0,0,1,0,0,0,Cyclist Collisions,"['Driver', 'Cyclist']",East,"['Automobile, Station Wagon', 'Bicycle']","['Merging', 'Going Ahead']",['Failed to Yield Right of Way'],['Inattentive'],['Not Applicable'],['Not Applicable'],['Insufficient information (to determine cyclist crash type).'],['Driving Properly'],['Normal'],False,"['35 to 39', '30 to 34']",3.0