accident_number,date,time,year,street1,street2,road_class,district,latitude,longitude,x,y,accident_location,traffctl,visibility,light,road_surface_condition,hood_158,neighbourhood_new,hood_140,neighbourhood_old,accident_class,pedestrian,cyclist,automobile,motorcycle,truck,trsn_city_veh,emerg_veh,passenger,speeding,aggressive_driving,redlight,alcohol,disability,impact_type,involvement_type,initial_direction,vehicle_type,manoeuver,driver_action,driver_condition,pedestrian_action,pedestrian_condition,cyclist_type,cyclist_action,cyclist_condition,injury,involvement_age,injury_severity_score
2332478.0,2020-12-10 10:00:00,2344,2020,MARTIN GROVE RD,GIHON SPRING DR,Minor Arterial,Etobicoke York,43.754725,-79.600589,612658.4913,4845581.8874,Non Intersection,No Control,Clear,"Dark, artificial",Dry,1,West Humber-Clairville,1,West Humber-Clairville (1),Fatal,0,0,1,0,0,0,0,0,0,0,0,0,0,SMV Other,['Driver'],North,"['Automobile, Station Wagon']",['Going Ahead'],['Lost control'],['Unknown'],['Not Applicable'],['Not Applicable'],['Not Applicable'],['Not Applicable'],['Not Applicable'],True,['25 to 29'],4.0
2340093.0,2020-12-12 10:00:00,325,2020,1206 AVENUE RD,Not Applicable,Major Arterial,North York,43.712023,-79.411685,627957.0961,4841113.4859,Intersection Related,No Control,Clear,"Dark, artificial",Dry,103,Lawrence Park South,103,Lawrence Park South (103),Non-Fatal Injury,0,0,1,0,0,0,0,0,0,1,0,0,0,SMV Other,['Driver'],South,"['Automobile, Station Wagon']",['Going Ahead'],['Lost control'],['Inattentive'],['Not Applicable'],['Not Applicable'],['Not Applicable'],['Not Applicable'],['Not Applicable'],False,['35 to 39'],3.0
2343661.0,2020-12-12 10:00:00,1811,2020,BURNHAMTHORPE RD,RENFORTH DR,Major Arterial,Etobicoke York,43.643267,-79.572444,615137.4248,4833241.6336,At Intersection,Traffic Signal,Clear,"Dusk, artificial",Dry,13,Etobicoke West Mall,13,Etobicoke West Mall (13),Non-Fatal Injury,1,0,1,0,0,0,0,1,0,1,0,0,0,Pedestrian Collisions,"['Driver', 'Pedestrian', 'Passenger']",North,['Pick Up Truck'],['Turning Left'],['Failed to Yield Right of Way'],['Normal'],['Crossing with right of way'],['Normal'],['Not Applicable'],['Not Applicable'],['Not Applicable'],False,"['40 to 44', '65 to 69', '80 to 84', '70 to 74', '5 to 9', '35 to 39']",3.0
2345305.0,2020-12-12 10:00:00,2342,2020,GREENCEDAR CRCT,MARKHAM RD,Major Arterial,Scarborough,43.757769,-79.224674,642914.297,4846499.9578,At Intersection,Traffic Signal,Clear,"Dark, artificial",Wet,141,Golfdale-Cedarbrae-Woburn,137,Woburn (137),Non-Fatal Injury,0,0,1,0,0,0,0,1,0,0,0,0,0,SMV Other,"['Driver', 'Passenger']",West,"['Automobile, Station Wagon']",['Turning Right'],['Lost control'],['Normal'],['Not Applicable'],['Not Applicable'],['Not Applicable'],['Not Applicable'],['Not Applicable'],False,['15 to 19'],3.0
2372537.0,2020-12-17 10:00:00,1141,2020,LAWRENCE AVE E,HOWDEN RD,Major Arterial,Scarborough,43.746749,-79.287921,637848.1345,4845168.821,At Intersection,Traffic Signal,Clear,Daylight,Dry,119,Wexford/Maryvale,119,Wexford/Maryvale (119),Fatal,1,0,0,0,1,0,0,0,0,1,0,0,0,Pedestrian Collisions,"['Truck Driver', 'Pedestrian']",North,['Truck-Tractor'],['Turning Right'],['Failed to Yield Right of Way'],['Normal'],['Crossing with right of way'],['Normal'],['Not Applicable'],['Not Applicable'],['Not Applicable'],True,"['50 to 54', '40 to 44']",4.0
2374044.0,2020-12-17 10:00:00,1550,2020,168 CLONMORE DR,Not Applicable,Minor Arterial,Scarborough,43.690203,-79.277072,638852.2105,4838906.6729,Non Intersection,No Control,Clear,Daylight,Dry,122,Birchcliffe-Cliffside,122,Birchcliffe-Cliffside (122),Fatal,1,0,1,0,0,0,0,0,0,1,0,0,0,Pedestrian Collisions,"['Pedestrian', 'Driver']",Unknown,"['Automobile, Station Wagon']",['Going Ahead'],['Failed to Yield Right of Way'],['Inattentive'],['Playing or Working on Highway'],['Normal'],['Not Applicable'],['Not Applicable'],['Not Applicable'],True,"['30 to 34', '20 to 24']",4.0
2376130.0,2020-12-17 10:00:00,2112,2020,DON VALLEY PARKWAY  S,MILLWOOD RD,Expressway,Toronto and East York,43.697882,-79.347766,633137.8636,4839643.5842,Non Intersection,No Control,Clear,Dark,Dry,58,Old East York,58,Old East York (58),Non-Fatal Injury,0,0,1,0,0,0,0,1,1,1,0,0,0,SMV Other,"['Driver', 'Passenger']",South,"['Automobile, Station Wagon']",['Changing Lanes'],['Lost control'],['Normal'],['Not Applicable'],['Not Applicable'],['Not Applicable'],['Not Applicable'],['Not Applicable'],False,['20 to 24'],3.0
2383203.0,2020-12-18 10:00:00,2238,2020,YORK MILLS RD,DON VALLEY PARKWAY  S,Major Arterial,North York,43.758177,-79.335841,633964.3104,4846359.4442,At Intersection,No Control,Clear,Dark,Dry,149,Parkwoods-O'Connor Hills,45,Parkwoods-Donalda (45),Non-Fatal Injury,0,0,1,0,0,0,0,1,0,1,0,0,0,Turning Movement,"['Driver', 'Passenger']",East,"['Automobile, Station Wagon']","['Turning Left', 'Going Ahead']","['Improper Turn', 'Driving Properly']",['Normal'],['Not Applicable'],['Not Applicable'],['Not Applicable'],['Not Applicable'],['Not Applicable'],False,"['45 to 49', '20 to 24']",3.0
2390427.0,2020-12-20 10:00:00,305,2020,ISLINGTON AVE,DUNDAS ST W,Major Arterial,Etobicoke York,43.65129,-79.526355,618838.8731,4834197.657,At Intersection,Traffic Signal,Rain,"Dark, artificial",Wet,15,Kingsway South,15,Kingsway South (15),Non-Fatal Injury,0,0,1,0,0,0,0,1,1,1,0,1,0,SMV Other,"['Driver', 'Passenger']",North,"['Automobile, Station Wagon']",['Going Ahead'],['Speed too Fast For Condition'],"['Ability Impaired, Alcohol Over .08']",['Not Applicable'],['Not Applicable'],['Not Applicable'],['Not Applicable'],['Not Applicable'],False,['15 to 19'],3.0
2400863.0,2020-12-21 10:00:00,2035,2020,ISABELLA ST,HUNTLEY ST,Collector,Toronto and East York,43.669074,-79.378078,630757.8539,4836395.8323,Intersection Related,Stop Sign,Rain,Dark,Wet,74,North St.James Town,74,North St.James Town (74),Non-Fatal Injury,1,0,1,0,0,0,0,0,0,1,0,0,0,Pedestrian Collisions,"['Driver', 'Pedestrian']",East,"['Automobile, Station Wagon']",['Turning Left'],['Failed to Yield Right of Way'],['Unknown'],['Crossing with right of way'],['Normal'],['Not Applicable'],['Not Applicable'],['Not Applicable'],False,['unknown'],3.0
2419967.0,2020-12-25 10:00:00,318,2020,BURNHAMTHORPE RD,SILVER SHADOW PATH,Major Arterial,Etobicoke York,43.641318,-79.579822,614546.0623,4833014.9645,Non Intersection,No Control,Snow,"Dark, artificial",Loose Snow,12,Markland Wood,12,Markland Wood (12),Non-Fatal Injury,0,0,1,0,0,0,0,1,0,1,0,0,0,SMV Other,"['Driver', 'Passenger']",East,"['Automobile, Station Wagon']",['Going Ahead'],['Lost control'],['Normal'],['Not Applicable'],['Not Applicable'],['Not Applicable'],['Not Applicable'],['Not Applicable'],False,"['50 to 54', '65 to 69']",3.0
2431394.0,2020-12-27 10:00:00,1520,2020,LAWRENCE AVE E,KENNEDY RD,Major Arterial,Scarborough,43.748946,-79.277301,638698.1395,4845430.5591,Non Intersection,No Control,Clear,Daylight,Dry,126,Dorset Park,126,Dorset Park (126),Non-Fatal Injury,0,0,1,0,0,0,0,1,1,1,0,0,0,Rear End,"['Driver', 'Passenger']",East,"['Automobile, Station Wagon']","['Going Ahead', 'Slowing or Stopping']","['Speed too Fast For Condition', 'Driving Properly']","['Inattentive', 'Normal']",['Not Applicable'],['Not Applicable'],['Not Applicable'],['Not Applicable'],['Not Applicable'],False,"['55 to 59', '35 to 39', 'unknown']",3.0
2449891.0,2020-12-30 10:00:00,1700,2020,DUNDAS ST E,OSKENONTON  LANE,Major Arterial,Toronto and East York,43.658408,-79.370212,631415.2812,4835223.6591,Non Intersection,No Control,Rain,"Dark, artificial",Wet,73,Moss Park,73,Moss Park (73),Non-Fatal Injury,1,0,1,0,0,0,0,0,0,0,0,0,0,Pedestrian Collisions,"['Driver', 'Pedestrian']",East,"['Automobile, Station Wagon']",['Going Ahead'],['Driving Properly'],['Normal'],"['Crossing, no Traffic Control']",['Inattentive'],['Not Applicable'],['Not Applicable'],['Not Applicable'],False,"['40 to 44', '70 to 74']",3.0
2450003.0,2020-12-30 10:00:00,1721,2020,KENNEDY RD,SHEPPARD AVE E,Major Arterial,Scarborough,43.783213,-79.288211,637741.0669,4849218.2275,Intersection Related,Traffic Signal,Rain,"Dark, artificial",Wet,128,Agincourt South-Malvern West,128,Agincourt South-Malvern West (128),Fatal,1,0,1,0,0,0,0,0,0,0,0,0,0,Pedestrian Collisions,"['Driver', 'Pedestrian']",North,"['Automobile, Station Wagon']",['Going Ahead'],['Other'],['Unknown'],['Crossing marked crosswalk without ROW'],['Unknown'],['Not Applicable'],['Not Applicable'],['Not Applicable'],True,"['35 to 39', '55 to 59']",4.0
245690.0,2020-02-04 10:00:00,1541,2020,PHARMACY AVE,DONSIDE DR,Minor Arterial,Scarborough,43.701308,-79.28725,638006.4692,4840123.0477,At Intersection,No Control,Clear,Daylight,Dry,120,Clairlea-Birchmount,120,Clairlea-Birchmount (120),Non-Fatal Injury,0,0,1,0,0,0,0,1,1,1,0,0,0,Approaching,"['Driver', 'Passenger']",South,"['Automobile, Station Wagon']",['Going Ahead'],"['Exceeding Speed Limit', 'Driving Properly']","['Inattentive', 'Normal']",['Not Applicable'],['Not Applicable'],['Not Applicable'],['Not Applicable'],['Not Applicable'],False,"['20 to 24', '50 to 54', '25 to 29', '15 to 19']",3.0
25301.0,2020-01-04 10:00:00,1850,2020,EGLINTON AVE E,BAYVIEW AVE,Major Arterial,North York,43.710967,-79.377116,630744.3518,4841050.1466,Intersection Related,Traffic Signal,Rain,Dark,Wet,56,Leaside-Bennington,56,Leaside-Bennington (56),Non-Fatal Injury,1,0,1,0,0,0,0,0,0,0,0,0,0,Pedestrian Collisions,"['Driver', 'Pedestrian']",East,"['Automobile, Station Wagon']",['Going Ahead'],['Driving Properly'],['Normal'],"['Crossing, no Traffic Control']",['Medical or Physical Disability'],['Not Applicable'],['Not Applicable'],['Not Applicable'],False,"['75 to 79', '65 to 69']",3.0
26294.0,2020-01-04 10:00:00,2214,2020,256 JARVIS ST,Not Applicable,Major Arterial,Toronto and East York,43.659568,-79.37556,630981.5271,4835344.0359,Non Intersection,No Control,Clear,"Dark, artificial",Dry,168,Downtown Yonge East,75,Church-Yonge Corridor (75),Fatal,1,0,1,0,0,0,0,0,0,0,0,0,0,Pedestrian Collisions,"['Pedestrian', 'Driver']",East,"['Automobile, Station Wagon']",['Going Ahead'],['Driving Properly'],['Unknown'],"['Crossing, no Traffic Control']",['Unknown'],['Not Applicable'],['Not Applicable'],['Not Applicable'],True,"['65 to 69', '20 to 24']",4.0
270261.0,2020-02-07 10:00:00,1915,2020,JANE ST,BEVERLY HILLS DR,Major Arterial,Etobicoke York,43.719008,-79.508113,620174.6793,4841744.9349,At Intersection,Traffic Signal,Clear,"Dark, artificial",Wet,154,Oakdale-Beverley Heights,26,Downsview-Roding-CFB (26),Non-Fatal Injury,1,0,1,0,0,0,0,0,0,0,0,0,0,Pedestrian Collisions,"['Driver', 'Pedestrian']",South,"['Automobile, Station Wagon']",['Going Ahead'],['Driving Properly'],['Normal'],['Crossing without right of way'],['Normal'],['Not Applicable'],['Not Applicable'],['Not Applicable'],False,['50 to 54'],3.0
296685.0,2020-02-11 10:00:00,1355,2020,BATHURST ST,STORMONT AVE,Major Arterial,North York,43.718352,-79.429553,626504.291,4841788.9838,At Intersection,No Control,Clear,Daylight,Dry,39,Bedford Park-Nortown,39,Bedford Park-Nortown (39),Non-Fatal Injury,1,0,1,0,0,0,0,0,0,0,0,0,0,Pedestrian Collisions,"['Driver', 'Pedestrian']",East,['Passenger Van'],['Going Ahead'],['Driving Properly'],['Normal'],"['Crossing, no Traffic Control']",['Normal'],['Not Applicable'],['Not Applicable'],['Not Applicable'],False,"['55 to 59', '10 to 14']",3.0
3000013825.0,2023-01-02 10:00:00,2334,2023,BATHURST ST,HADDINGTON AVE,Major Arterial,North York,43.732089,-79.432658,626225.3166,4843309.94,At Intersection,Stop Sign,Clear,"Dark, artificial",Wet,39,Bedford Park-Nortown,39,Bedford Park-Nortown (39),Non-Fatal Injury,0,0,1,0,0,1,0,1,0,1,0,0,0,Turning Movement,"['Driver', 'Passenger']",North,"['Automobile, Station Wagon', 'Municipal Transit Bus (TTC)']","['Making U Turn', 'Going Ahead']","['Improper Turn', 'Driving Properly']","['Inattentive', 'Normal']",['Not Applicable'],['Not Applicable'],['Not Applicable'],['Not Applicable'],['Not Applicable'],False,"['35 to 39', '25 to 29', '10 to 14']",3.0
3000027148.0,2023-01-04 10:00:00,1710,2023,LAKE SHORE BLVD W,SECOND ST,Major Arterial,Etobicoke York,43.601916,-79.499606,621095.1047,4828752.7162,At Intersection,No Control,Rain,Dark,Wet,18,New Toronto,18,New Toronto (18),Fatal,1,0,1,0,0,0,0,0,0,1,0,0,0,Pedestrian Collisions,"['Driver', 'Pedestrian']",West,['Pick Up Truck'],['Turning Right'],['Failed to Yield Right of Way'],['Unknown'],['Crossing with right of way'],['Normal'],['Not Applicable'],['Not Applicable'],['Not Applicable'],True,"['60 to 64', '55 to 59']",4.0
3000027334.0,2023-01-04 10:00:00,1730,2023,MARKHAM RD,FINCH AVE E,Major Arterial,Scarborough,43.812941,-79.242976,641310.8944,4852596.2644,At Intersection,Traffic Signal,Rain,"Dark, artificial",Wet,145,Malvern West,132,Malvern (132),Non-Fatal Injury,1,0,1,0,0,0,0,0,0,1,0,0,0,Pedestrian Collisions,"['Driver', 'Pedestrian']",East,"['Automobile, Station Wagon']","['Turning Left', 'Unknown']",['Failed to Yield Right of Way'],['Inattentive'],['Crossing with right of way'],['Normal'],['Not Applicable'],['Not Applicable'],['Not Applicable'],False,"['75 to 79', '20 to 24']",3.0
3000027415.0,2023-01-04 10:00:00,1740,2023,DON MILLS RD,WYNFORD DR,Major Arterial,North York,43.723014,-79.339534,633745.2959,4842448.1042,Intersection Related,Traffic Signal,Rain,Dark,Wet,42,Banbury-Don Mills,42,Banbury-Don Mills (42),Non-Fatal Injury,1,0,1,0,0,0,0,0,0,0,0,0,0,Pedestrian Collisions,"['Driver', 'Pedestrian']",South,"['Automobile, Station Wagon']",['Turning Left'],[],['Unknown'],['Crossing with right of way'],['Normal'],['Not Applicable'],['Not Applicable'],['Not Applicable'],False,"['75 to 79', '50 to 54']",3.0
3000037155.0,2023-01-05 10:00:00,2224,2023,488 QUEEN ST W,DENISON AVE,Major Arterial,Toronto and East York,43.64778,-79.400768,628974.1713,4833995.3376,Non Intersection,No Control,Rain,"Dark, artificial",Wet,164,Wellington Place,77,Waterfront Communities-The Island (77),Non-Fatal Injury,1,0,1,0,0,0,0,0,0,0,0,0,0,Pedestrian Collisions,"['Driver', 'Pedestrian']",East,"['Automobile, Station Wagon']","['Going Ahead', 'Unknown']",['Driving Properly'],['Normal'],"['Crossing, no Traffic Control']",['Inattentive'],['Not Applicable'],['Not Applicable'],['Not Applicable'],False,"['20 to 24', '55 to 59']",3.0
3000042197.0,2023-01-06 10:00:00,1518,2023,YONGE ST,HILLSDALE AVE E,Major Arterial,North York,43.703326,-79.397647,629106.7005,4840169.3274,Intersection Related,No Control,Clear,Daylight,Dry,174,South Eglinton-Davisville,104,Mount Pleasant West (104),Fatal,1,0,0,0,1,0,0,0,0,0,0,0,0,Pedestrian Collisions,"['Truck Driver', 'Pedestrian']",North,['Truck - Open'],['Pulling Away from Shoulder or Curb'],['Other'],['Inattentive'],['On Sidewalk or Shoulder'],['Normal'],['Not Applicable'],['Not Applicable'],['Not Applicable'],True,"['25 to 29', '70 to 74']",4.0
3000059883.0,2023-01-09 10:00:00,104,2023,QUEEN ST E,BOND ST,Major Arterial,Toronto and East York,43.652865,-79.376819,630894.5738,4834597.5923,Non Intersection,No Control,Clear,"Dark, artificial",Dry,168,Downtown Yonge East,75,Church-Yonge Corridor (75),Non-Fatal Injury,0,0,0,0,1,1,0,1,0,1,0,1,0,Approaching,"['Truck Driver', 'Driver', 'Passenger']",East,"['Truck - Closed (Blazer, etc)', 'Street Car']",['Going Ahead'],"['Failed to Yield Right of Way', 'Driving Properly']","['Ability Impaired, Alcohol', 'Normal']",['Not Applicable'],['Not Applicable'],['Not Applicable'],['Not Applicable'],['Not Applicable'],False,"['35 to 39', '45 to 49', '20 to 24']",3.0
3000066042.0,2023-01-09 10:00:00,1830,2023,4138 LAWRENCE AVE E,Not Applicable,Major Arterial,Scarborough,43.76697,-79.192462,645485.0998,4847577.9647,Non Intersection,No Control,Rain,Dark,Wet,136,West Hill,136,West Hill (136),Non-Fatal Injury,1,0,1,0,0,0,0,0,0,0,0,0,0,Pedestrian Collisions,"['Driver', 'Pedestrian']",East,"['Automobile, Station Wagon']","['Going Ahead', 'Unknown']",['Driving Properly'],['Normal'],['Crossing without right of way'],['Normal'],['Not Applicable'],['Not Applicable'],['Not Applicable'],False,"['65 to 69', '70 to 74']",3.0
3000066794.0,2023-01-09 10:00:00,2037,2023,JANE ST,WILSON AVE,Major Arterial,North York,43.721511,-79.508746,620118.6876,4842022.0106,Non Intersection,No Control,Rain,"Dark, artificial",Wet,154,Oakdale-Beverley Heights,26,Downsview-Roding-CFB (26),Fatal,1,0,1,0,0,0,0,0,0,0,0,0,0,Pedestrian Collisions,"['Driver', 'Pedestrian']",South,['Pick Up Truck'],['Going Ahead'],['Driving Properly'],['Normal'],"['Crossing, no Traffic Control']",['Had Been Drinking'],['Not Applicable'],['Not Applicable'],['Not Applicable'],True,"['55 to 59', '60 to 64']",4.0
3000103787.0,2023-01-14 10:00:00,1250,2023,CELESTINE DR,51,Unknown,Unknown,43.689574,-79.560512,616010.556,4838401.2474,Non Intersection,No Control,Clear,Daylight,Dry,7,Willowridge-Martingrove-Richview,7,Willowridge-Martingrove-Richview (7),Non-Fatal Injury,0,0,1,0,0,0,0,1,0,0,0,0,1,SMV Other,"['Driver', 'Passenger']",North,"['Automobile, Station Wagon']",['Going Ahead'],['Other'],['Medical or Physical Disability'],['Not Applicable'],['Not Applicable'],['Not Applicable'],['Not Applicable'],['Not Applicable'],False,['75 to 79'],3.0
3000104809.0,2023-01-14 10:00:00,1518,2023,MCCOWAN RD,BELLECHASSE ST,Major Arterial,Scarborough,43.761367,-79.247363,641079.3465,4846860.6677,Non Intersection,No Control,Clear,Daylight,Dry,142,Woburn North,137,Woburn (137),Non-Fatal Injury,1,0,1,0,0,0,0,0,0,0,0,0,0,Pedestrian Collisions,"['Driver', 'Pedestrian']",Unknown,"['Automobile, Station Wagon']","['Going Ahead', 'Unknown']",['Lost control'],['Inattentive'],['On Sidewalk or Shoulder'],['Normal'],['Not Applicable'],['Not Applicable'],['Not Applicable'],False,"['35 to 39', '25 to 29']",3.0
3000108221.0,2013-12-02 10:00:00,20,2013,BLACK CREEK DR,TRETHEWEY DR,Major Arterial,Etobicoke York,43.694541,-79.486064,622000.4125,4839059.741,At Intersection,Traffic Signal,Clear,"Dark, artificial",Dry,112,Beechborough-Greenbrook,112,Beechborough-Greenbrook (112),Non-Fatal Injury,1,0,1,0,0,0,0,1,0,1,0,0,0,Pedestrian Collisions,"['Driver', 'Passenger', 'Pedestrian']",East,"['Automobile, Station Wagon']",['Turning Right'],['Failed to Yield Right of Way'],['Inattentive'],['Crossing with right of way'],['Normal'],['Not Applicable'],['Not Applicable'],['Not Applicable'],False,"['40 to 44', '35 to 39', '10 to 14']",3.0
3000112044.0,2023-01-15 10:00:00,1455,2023,PHARMACY AV,KNIGHTSBRIDGE RD,Minor Arterial,Scarborough,43.716071,-79.293628,637458.7975,4841752.0939,At Intersection,Traffic Signal,Clear,Daylight,Dry,120,Clairlea-Birchmount,120,Clairlea-Birchmount (120),Non-Fatal Injury,1,0,1,0,0,0,0,1,0,1,0,0,0,Pedestrian Collisions,"['Driver', 'Passenger', 'Pedestrian']",South,"['Automobile, Station Wagon']","['Turning Left', 'Unknown']",['Failed to Yield Right of Way'],['Normal'],['Crossing with right of way'],['Normal'],['Not Applicable'],['Not Applicable'],['Not Applicable'],False,['65 to 69'],3.0
3000138276.0,2023-01-18 10:00:00,1741,2023,RENFORTH DR,EGLINTON AVE W,Major Arterial,Etobicoke York,43.666106,-79.587642,613868.4717,4835757.2237,Intersection Related,Traffic Signal,Clear,"Dark, artificial",Dry,11,Eringate-Centennial-West Deane,11,Eringate-Centennial-West Deane (11),Non-Fatal Injury,1,0,1,0,0,0,0,0,0,1,0,0,0,Pedestrian Collisions,"['Driver', 'Pedestrian']",South,"['Automobile, Station Wagon']",['Going Ahead'],['Failed to Yield Right of Way'],['Normal'],['Not Applicable'],['Normal'],['Not Applicable'],['Not Applicable'],['Not Applicable'],False,"['85 to 89', '25 to 29']",3.0
3000165513.0,2023-01-22 10:00:00,108,2023,DUFFERIN ST,AUBURN AV,Major Arterial,Scarborough,43.67504,-79.441814,625607.0199,4836959.9476,Non Intersection,No Control,Clear,"Dark, artificial",Dry,92,Corso Italia-Davenport,92,Corso Italia-Davenport (92),Non-Fatal Injury,0,0,1,0,0,0,0,1,0,1,0,0,0,Rear End,"['Driver', 'Passenger']",North,"['Automobile, Station Wagon']",['Overtaking'],['Improper Passing'],['Other'],['Not Applicable'],['Not Applicable'],['Not Applicable'],['Not Applicable'],['Not Applicable'],False,"['25 to 29', '35 to 39']",3.0
3000188867.0,2023-01-24 10:00:00,2359,2023,THE WESTWAY,WINCOTT DR,Minor Arterial,Etobicoke York,43.687297,-79.549693,616886.905,4838163.5478,Non Intersection,No Control,Clear,"Dark, artificial",Dry,7,Willowridge-Martingrove-Richview,7,Willowridge-Martingrove-Richview (7),Fatal,1,0,1,0,0,0,0,1,0,0,0,0,0,Pedestrian Collisions,"['Driver', 'Pedestrian', 'Passenger']",East,"['Automobile, Station Wagon']",['Going Ahead'],['Driving Properly'],['Normal'],"['Crossing, no Traffic Control']",['Inattentive'],['Not Applicable'],['Not Applicable'],['Not Applicable'],True,"['85 to 89', '55 to 59', '80 to 84']",4.0
3000237551.0,2023-01-31 10:00:00,810,2023,RENFORTH DR,SILVER DART DR,Major Arterial,Etobicoke York,43.676428,-79.593204,613400.6033,4836895.997,Intersection Related,Traffic Signal,Clear,Daylight,Dry,1,West Humber-Clairville,1,West Humber-Clairville (1),Non-Fatal Injury,0,0,1,0,0,0,0,0,0,1,1,0,0,Angle,['Driver'],North,"['Automobile, Station Wagon', 'Passenger Van']",['Going Ahead'],"['Disobeyed Traffic Control', 'Driving Properly']",['Normal'],['Not Applicable'],['Not Applicable'],['Not Applicable'],['Not Applicable'],['Not Applicable'],False,"['25 to 29', '70 to 74']",3.0
3000237620.0,2023-01-31 10:00:00,821,2023,BLOOR ST E,Sherbourne St N,Major Arterial,Toronto and East York,43.672064,-79.377925,630763.6953,4836728.1533,Non Intersection,No Control,Clear,Daylight,Dry,74,North St.James Town,74,North St.James Town (74),Non-Fatal Injury,0,1,1,0,1,0,0,0,0,1,0,0,0,Cyclist Collisions,"['Cyclist', 'Driver', 'Truck Driver']",West,"['Bicycle', 'Automobile, Station Wagon', 'Truck - Dump']","['Changing Lanes', 'Going Ahead', 'Stopped']","['Driving Properly', 'Disobeyed Traffic Control']","['Normal', 'Unknown']",['Not Applicable'],['Not Applicable'],['Not Applicable'],['Speed too Fast For Condition'],['Not Applicable'],False,"['40 to 44', '55 to 59', 'unknown']",3.0
3000250618.0,2023-02-01 10:00:00,1736,2023,QUEENS QUAY E,RICHARDSON ST,Minor Arterial,Toronto and East York,43.644271,-79.367778,631642.428,4833657.4171,Intersection Related,No Control,Clear,"Dusk, artificial",Dry,166,St Lawrence-East Bayfront-The Islands,77,Waterfront Communities-The Island (77),Non-Fatal Injury,1,0,1,0,0,0,0,0,1,1,0,0,0,Pedestrian Collisions,"['Driver', 'Pedestrian']",North,"['Automobile, Station Wagon']",['Going Ahead'],['Speed too Fast For Condition'],['Unknown'],['Crossing without right of way'],['Normal'],['Not Applicable'],['Not Applicable'],['Not Applicable'],False,"['unknown', '55 to 59']",3.0
3000268080.0,2023-02-03 10:00:00,1835,2023,DUBRAY AV,WILSON AV,Major Arterial,North York,43.728076,-79.47771,622605.2269,4842796.5966,Intersection Related,Traffic Signal,Clear,"Dark, artificial",Dry,155,Downsview,26,Downsview-Roding-CFB (26),Non-Fatal Injury,1,0,1,0,0,0,0,0,0,0,0,0,0,Pedestrian Collisions,"['Driver', 'Pedestrian']",Unknown,"['Automobile, Station Wagon']","['Going Ahead', 'Unknown']",['Driving Properly'],['Normal'],['Crossing without right of way'],['Normal'],['Not Applicable'],['Not Applicable'],['Not Applicable'],False,"['30 to 34', '70 to 74']",3.0
3000276853.0,2023-02-04 10:00:00,2117,2023,YONGE ST,MERTON ST,Major Arterial,Etobicoke York,43.695079,-79.395961,629260.2686,4839256.0099,Non Intersection,No Control,Clear,Dark,Loose Snow,99,Mount Pleasant East,99,Mount Pleasant East (99),Fatal,0,0,1,0,0,0,0,0,0,0,0,0,0,Approaching,['Driver'],North,"['Automobile, Station Wagon']",['Going Ahead'],"['Driving Properly', 'Lost control']","['Unknown', 'Other']",['Not Applicable'],['Not Applicable'],['Not Applicable'],['Not Applicable'],['Not Applicable'],True,"['45 to 49', '55 to 59']",4.0
3000289640.0,2023-02-06 10:00:00,1415,2023,JANE ST,ARDAGH ST,Major Arterial,Toronto and East York,43.65557,-79.487056,621999.4156,4834730.0344,Intersection Related,Traffic Signal,Clear,Daylight,Dry,114,Lambton Baby Point,114,Lambton Baby Point (114),Non-Fatal Injury,1,0,1,0,0,0,0,0,0,1,0,0,0,Pedestrian Collisions,"['Driver', 'Pedestrian']",South,"['Automobile, Station Wagon']","['Turning Left', 'Unknown']",['Failed to Yield Right of Way'],['Unknown'],['Crossing with right of way'],['Unknown'],['Not Applicable'],['Not Applicable'],['Not Applicable'],False,['75 to 79'],3.0
3000293296.0,2023-02-06 10:00:00,2230,2023,YONGE ST,AVONDALE AVE,Major Arterial,North York,43.758174,-79.410106,627985.9491,4846241.6654,Intersection Related,Traffic Signal,Clear,"Dark, artificial",Dry,153,Avondale,51,Willowdale East (51),Non-Fatal Injury,1,0,1,0,0,0,0,0,0,0,0,0,0,Pedestrian Collisions,"['Driver', 'Pedestrian']",East,"['Automobile, Station Wagon']","['Going Ahead', 'Unknown']",['Other'],['Normal'],['Crossing with right of way'],['Normal'],['Not Applicable'],['Not Applicable'],['Not Applicable'],False,"['35 to 39', '70 to 74']",3.0
3000302593.0,2023-02-08 10:00:00,204,2023,BURNHAMTHORPE RD,MILL ST,Major Arterial,Etobicoke York,43.638129,-79.58546,614097.3554,4832653.0213,Non Intersection,No Control,Clear,"Dark, artificial",Wet,11,Eringate-Centennial-West Deane,11,Eringate-Centennial-West Deane (11),Non-Fatal Injury,1,0,1,0,0,0,0,0,0,0,0,0,0,Pedestrian Collisions,"['Driver', 'Pedestrian']",East,"['Automobile, Station Wagon']",['Going Ahead'],['Other'],['Normal'],['Not Applicable'],['Other'],['Not Applicable'],['Not Applicable'],['Not Applicable'],False,"['30 to 34', '25 to 29']",3.0