accident_number,date,time,year,street1,street2,road_class,district,latitude,longitude,x,y,accident_location,traffctl,visibility,light,road_surface_condition,hood_158,neighbourhood_new,hood_140,neighbourhood_old,accident_class,pedestrian,cyclist,automobile,motorcycle,truck,trsn_city_veh,emerg_veh,passenger,speeding,aggressive_driving,redlight,alcohol,disability,impact_type,involvement_type,initial_direction,vehicle_type,manoeuver,driver_action,driver_condition,pedestrian_action,pedestrian_condition,cyclist_type,cyclist_action,cyclist_condition,injury,involvement_age,injury_severity_score
3000318941.0,2023-02-10 10:00:00,34,2023,VIEWMOUNT AVE,WILLIAM R ALLEN RD S,Expressway,North York,43.708083,-79.440563,625638.8506,4840631.7208,Non Intersection,No Control,Clear,"Dark, artificial",Wet,31,Yorkdale-Glen Park,31,Yorkdale-Glen Park (31),Non-Fatal Injury,1,0,1,0,0,0,0,0,0,0,0,0,0,Pedestrian Collisions,"['Driver', 'Pedestrian']",South,"['Automobile, Station Wagon']","['Going Ahead', 'Unknown']",['Driving Properly'],['Normal'],['Crossing without right of way'],['Unknown'],['Not Applicable'],['Not Applicable'],['Not Applicable'],False,"['30 to 34', '35 to 39']",3.0
3000348503.0,2023-02-13 10:00:00,1633,2023,RECTORY RD,WESTON RD,Minor Arterial,Toronto and East York,43.705966,-79.531192,618341.2683,4840263.236,Intersection Related,No Control,Clear,Daylight,Dry,113,Weston,113,Weston (113),Non-Fatal Injury,1,0,1,0,0,0,0,0,0,1,0,0,0,Pedestrian Collisions,"['Driver', 'Pedestrian']",West,['Pick Up Truck'],['Turning Right'],['Failed to Yield Right of Way'],['Other'],['Crossing with right of way'],['Normal'],['Not Applicable'],['Not Applicable'],['Not Applicable'],False,"['25 to 29', '0 to 4']",3.0
3000375558.0,2023-02-17 10:00:00,30,2023,SPADINA AV,DUNDAS ST W,Major Arterial,Toronto and East York,43.652953,-79.398021,629184.6215,4834574.1397,Intersection Related,Traffic Signal,Rain,"Dusk, artificial",Wet,78,Kensington-Chinatown,78,Kensington-Chinatown (78),Non-Fatal Injury,1,0,1,0,0,0,0,1,0,1,0,0,0,Pedestrian Collisions,"['Driver', 'Passenger', 'Pedestrian']",North,"['Automobile, Station Wagon']","['Turning Left', 'Unknown']",['Failed to Yield Right of Way'],['Normal'],['Crossing with right of way'],['Unknown'],['Not Applicable'],['Not Applicable'],['Not Applicable'],False,['20 to 24'],3.0
3000375758.0,2023-02-17 10:00:00,136,2023,WILSON AVE,DUFFERIN ST,Major Arterial,North York,43.732096,-79.458881,624113.4239,4843271.1055,Intersection Related,Traffic Signal,Rain,"Dark, artificial",Wet,33,Clanton Park,26,Downsview-Roding-CFB (26),Non-Fatal Injury,1,0,0,0,0,0,0,0,0,0,0,0,0,Pedestrian Collisions,['Pedestrian'],Unknown,[],[],[],[],['Crossing with right of way'],['Normal'],['Not Applicable'],['Not Applicable'],['Not Applicable'],False,['15 to 19'],3.0
3000457330.0,2023-02-27 10:00:00,1723,2023,RICHMOND ST W,PORTLAND ST,Major Arterial,Toronto and East York,43.646899,-79.401134,628946.5391,4833896.9223,Intersection Related,Traffic Signal,Snow,"Dusk, artificial",Loose Snow,164,Wellington Place,77,Waterfront Communities-The Island (77),Non-Fatal Injury,1,0,1,0,0,0,0,0,0,0,0,0,0,Pedestrian Collisions,"['Driver', 'Pedestrian']",West,"['Automobile, Station Wagon']","['Turning Left', 'Going Ahead', 'Unknown']","['Improper Turn', 'Driving Properly']",['Normal'],['On Sidewalk or Shoulder'],['Unknown'],['Not Applicable'],['Not Applicable'],['Not Applicable'],False,"['20 to 24', '35 to 39', '45 to 49']",3.0
3000472403.0,2023-03-01 10:00:00,1515,2023,TOWER DR,WARDEN AVE,Major Arterial,Scarborough,43.75434,-79.298351,636991.0328,4845994.6124,Intersection Related,Traffic Signal,Clear,Daylight,Dry,119,Wexford/Maryvale,119,Wexford/Maryvale (119),Non-Fatal Injury,1,0,1,0,0,0,0,0,0,1,0,0,0,Pedestrian Collisions,"['Driver', 'Pedestrian']",West,"['Automobile, Station Wagon']","['Turning Left', 'Other']",['Failed to Yield Right of Way'],['Normal'],['Crossing with right of way'],['Normal'],['Not Applicable'],['Not Applicable'],['Not Applicable'],False,"['65 to 69', '45 to 49']",3.0
3000481546.0,2023-03-02 10:00:00,1731,2023,QUEEN'S PLATE DR,REXDALE BV,Major Arterial,Etobicoke York,43.716517,-79.592654,613369.3706,4841349.1711,Intersection Related,Traffic Signal,Clear,Dusk,Other,1,West Humber-Clairville,1,West Humber-Clairville (1),Non-Fatal Injury,1,0,1,0,0,0,0,0,0,1,0,0,0,Pedestrian Collisions,"['Driver', 'Pedestrian']",North,"['Automobile, Station Wagon']","['Turning Right', 'Unknown']",['Failed to Yield Right of Way'],['Normal'],['Crossing with right of way'],['Unknown'],['Not Applicable'],['Not Applicable'],['Not Applicable'],False,"['25 to 29', '55 to 59']",3.0
3000499467.0,2023-03-04 10:00:00,2230,2023,JANE ST,WESTON RD,Major Arterial ,Toronto and East York,43.69131,-79.500865,620814.1525,4838679.2242,Intersection Related,Traffic Signal,Clear,"Dark, artificial",Wet,115,Mount Dennis,115,Mount Dennis (115),Non-Fatal Injury,1,0,0,0,0,0,0,0,0,0,0,0,0,Pedestrian Collisions,['Pedestrian'],Unknown,[],[],[],[],['Crossing without right of way'],['Had Been Drinking'],['Not Applicable'],['Not Applicable'],['Not Applicable'],False,['45 to 49'],3.0
3000539041.0,2023-03-09 10:00:00,2115,2023,RUNNYMEDE RD,DUNDAS ST W,Major Arterial,Toronto and East York,43.665591,-79.482082,622380.1471,4835850.3222,Intersection Related,Traffic Signal,Clear,"Dark, artificial",Dry,90,Junction Area,90,Junction Area (90),Non-Fatal Injury,1,0,1,0,0,0,0,0,0,0,0,0,0,Pedestrian Collisions,"['Driver', 'Pedestrian']",East,"['Automobile, Station Wagon']","['Turning Left', 'Unknown']",[],['Unknown'],['Crossing with right of way'],['Unknown'],['Not Applicable'],['Not Applicable'],['Not Applicable'],False,"['unknown', '30 to 34']",3.0
3000572571.0,2023-03-14 08:00:00,1234,2023,BATHURST ST,NASSAU ST,Major Arterial,Toronto and East York,43.654292,-79.406802,628473.6535,4834709.2203,Intersection Related,Traffic Signal,Clear,Daylight,Dry,78,Kensington-Chinatown,78,Kensington-Chinatown (78),Non-Fatal Injury,0,0,0,0,0,1,0,1,0,0,0,0,0,SMV Other,"['Driver', 'Passenger']",North,['Street Car'],['Slowing or Stopping'],['Driving Properly'],['Normal'],['Not Applicable'],['Not Applicable'],['Not Applicable'],['Not Applicable'],['Not Applicable'],False,"['50 to 54', '40 to 44']",3.0
3000606776.0,2023-03-18 08:00:00,1830,2023,BATHURST ST,DREWRY AVE,Major Arterial,North York,43.781161,-79.444316,625184.0663,4848742.4225,Intersection Related,Traffic Signal,Clear,Daylight,Dry,36,Newtonbrook West,36,Newtonbrook West (36),Non-Fatal Injury,1,0,1,0,0,0,0,0,0,0,0,0,0,Pedestrian Collisions,"['Driver', 'Pedestrian']",West,"['Automobile, Station Wagon']",['Going Ahead'],['Driving Properly'],['Unknown'],['Crossing with right of way'],['Normal'],['Not Applicable'],['Not Applicable'],['Not Applicable'],False,"['25 to 29', '85 to 89']",3.0
3000609959.0,2023-03-19 08:00:00,435,2023,DUNDAS ST W,NOTTINGHAM DR,Major Arterial,Etobicoke York,43.655738,-79.522342,619153.6987,4834697.419,Non Intersection,No Control,Clear,"Dark, artificial",Ice,15,Kingsway South,15,Kingsway South (15),Fatal,0,0,1,0,0,0,0,0,0,0,0,0,0,SMV Other,['Driver'],West,"['Automobile, Station Wagon']",['Going Ahead'],['Lost control'],[],['Not Applicable'],['Not Applicable'],['Not Applicable'],['Not Applicable'],['Not Applicable'],True,['35 to 39'],4.0
3000655372.0,2023-03-24 08:00:00,2005,2023,DUFFERIN ST,NORTON AVE,Major Arterial,Toronto and East York,43.678755,-79.443347,625475.6987,4837370.228,Intersection Related,No Control,Clear,"Dark, artificial",Dry,92,Corso Italia-Davenport,92,Corso Italia-Davenport (92),Non-Fatal Injury,0,0,1,0,0,0,0,1,1,1,0,0,0,Turning Movement,"['Driver', 'Passenger']",South,"['Rickshaw', 'Automobile, Station Wagon']","['Going Ahead', 'Turning Right']","['Speed too Fast For Condition', 'Driving Properly']","['Other', 'Normal']",['Not Applicable'],['Not Applicable'],['Not Applicable'],['Not Applicable'],['Not Applicable'],False,"['20 to 24', '50 to 54']",3.0
3000686439.0,2023-03-28 08:00:00,2050,2023,YONGE ST,BOWOOD AV,Major Arterial,Toronto and East York,43.728587,-79.403117,628611.908,4842966.4172,Non Intersection,No Control,Clear,"Dark, artificial",Dry,105,Lawrence Park North,105,Lawrence Park North (105),Non-Fatal Injury,1,0,1,0,0,0,0,0,0,0,0,0,0,Pedestrian Collisions,"['Driver', 'Pedestrian']",North,"['Automobile, Station Wagon']",['Going Ahead'],['Driving Properly'],['Normal'],['Not Applicable'],['Unknown'],['Not Applicable'],['Not Applicable'],['Not Applicable'],False,['60 to 64'],3.0
3000693299.0,2023-03-29 08:00:00,1715,2023,DON MILLS RD,OVERLEA BV,Minor Arterial,Toronto and East York,43.710002,-79.334369,634190.3673,4841011.2825,Intersection Related,Traffic Signal,Clear,Daylight,Dry,44,Flemingdon Park,44,Flemingdon Park (44),Non-Fatal Injury,1,0,1,0,0,0,0,1,0,0,0,0,0,Pedestrian Collisions,"['Driver', 'Pedestrian', 'Passenger']",South,"['Automobile, Station Wagon']",['Turning Left'],[],['Unknown'],['Crossing with right of way'],['Normal'],['Not Applicable'],['Not Applicable'],['Not Applicable'],False,"['30 to 34', '40 to 44', '0 to 4']",3.0
3000694442.0,2023-03-29 08:00:00,1945,2023,WARDEN AVE,BELL ESTATE RD,Minor Arterial,Scarborough,43.704997,-79.278034,638740.5557,4840548.1468,Intersection Related,Stop Sign,Clear,"Dusk, artificial",Dry,120,Clairlea-Birchmount,120,Clairlea-Birchmount (120),Non-Fatal Injury,0,0,1,0,0,0,0,0,0,1,0,0,0,Turning Movement,['Driver'],North,"['Automobile, Station Wagon']","['Turning Left', 'Going Ahead']","['Failed to Yield Right of Way', 'Driving Properly']","['Other', 'Normal']",['Not Applicable'],['Not Applicable'],['Not Applicable'],['Not Applicable'],['Not Applicable'],False,"['20 to 24', '60 to 64']",3.0
3000700132.0,2023-03-30 08:00:00,1400,2023,LAWRENCE AV E,BELLAMY RD N,Major Arterial,Scarborough,43.757727,-79.235233,642064.3833,4846477.1259,Intersection Related,Traffic Signal,Clear,Daylight,Dry,141,Golfdale-Cedarbrae-Woburn,137,Woburn (137),Non-Fatal Injury,0,0,1,0,0,0,0,1,0,1,1,0,0,Turning Movement,"['Passenger', 'Driver']",East,"['Automobile, Station Wagon', 'Rickshaw']","['Turning Right', 'Going Ahead']","['Driving Properly', 'Disobeyed Traffic Control']",['Normal'],['Not Applicable'],['Not Applicable'],['Not Applicable'],['Not Applicable'],['Not Applicable'],False,"['75 to 79', '65 to 69', '15 to 19']",3.0
3000702981.0,2023-03-30 08:00:00,1949,2023,LAKE SHORE BLVD W,SUPERIOR AVE,Major Arterial,Etobicoke York,43.614958,-79.488635,621954.2105,4830217.2412,At Intersection,Traffic Signal,Clear,Dusk,Dry,161,Humber Bay Shores,17,Mimico (includes Humber Bay Shores) (17),Non-Fatal Injury,0,1,1,0,0,0,0,0,0,1,0,0,0,Cyclist Collisions,"['Driver', 'Cyclist']",East,"['Pick Up Truck', 'Bicycle']","['Turning Left', 'Going Ahead']",['Failed to Yield Right of Way'],['Other'],['Not Applicable'],['Not Applicable'],['Motorist turned left across cyclists path.'],['Driving Properly'],['Normal'],False,"['50 to 54', '35 to 39']",3.0
3000715851.0,2023-04-01 08:00:00,1105,2023,LAWRENCE AV E,MOSSBANK DR,Major Arterial,Scarborough,43.76287,-79.211017,644001.4646,4847090.1613,Intersection Related,Traffic Signal,Clear,Daylight,Dry,141,Golfdale-Cedarbrae-Woburn,137,Woburn (137),Non-Fatal Injury,1,0,1,0,0,0,0,1,0,1,0,0,0,Pedestrian Collisions,"['Driver', 'Passenger', 'Pedestrian']",South,"['Automobile, Station Wagon']",['Turning Left'],['Failed to Yield Right of Way'],['Other'],['Crossing with right of way'],['Normal'],['Not Applicable'],['Not Applicable'],['Not Applicable'],False,"['65 to 69', '0 to 4', '60 to 64']",3.0
3000743879.0,2023-04-04 08:00:00,2010,2023,YONGE ST,GLEBE RD W,Major Arterial ,Toronto and East York,43.700858,-79.397121,629154.3819,4839896.0407,Intersection Related,Stop Sign,Clear,"Dark, artificial",Dry,174,South Eglinton-Davisville,104,Mount Pleasant West (104),Non-Fatal Injury,0,0,1,1,0,0,0,0,1,1,0,0,0,Turning Movement,"['Driver', 'Motorcycle Driver']",East,"['Automobile, Station Wagon', 'Motorcycle']","['Turning Left', 'Going Ahead']","['Failed to Yield Right of Way', 'Exceeding Speed Limit']",['Normal'],['Not Applicable'],['Not Applicable'],['Not Applicable'],['Not Applicable'],['Not Applicable'],False,"['15 to 19', '20 to 24']",3.0
3000772392.0,2023-04-08 08:00:00,1319,2023,DUNDAS ST W,DUFFERIN ST,Major Arterial,Toronto and East York,43.649623,-79.432254,626431.0099,4834151.5753,Non Intersection,No Control,Clear,Daylight,Dry,84,Little Portugal,84,Little Portugal (84),Non-Fatal Injury,0,1,1,0,0,1,0,0,0,1,0,0,0,Other,"['Driver', 'Cyclist']",East,"['Automobile, Station Wagon', 'Street Car', 'Bicycle']","['Stopped', 'Going Ahead']","['Failed to Yield Right of Way', 'Driving Properly']","['Other', 'Normal']",['Not Applicable'],['Not Applicable'],['Cyclist struck opened vehicle door'],['Driving Properly'],['Normal'],False,"['30 to 34', '60 to 64', '35 to 39']",3.0
3000777885.0,2013-12-03 10:00:00,700,2013,SCARLETT RD,LAWRENCE AVE W,Major Arterial,Etobicoke York,43.698107,-79.52325,618996.7038,4839401.7539,At Intersection,Traffic Signal,Clear,Daylight,Dry,8,Humber Heights-Westmount,8,Humber Heights-Westmount (8),Non-Fatal Injury,1,0,1,0,0,0,0,0,0,0,0,0,0,Pedestrian Collisions,"['Driver', 'Pedestrian']",North,"['Automobile, Station Wagon']",['Going Ahead'],['Driving Properly'],['Normal'],['Crossing without right of way'],['Inattentive'],['Not Applicable'],['Not Applicable'],['Not Applicable'],False,"['50 to 54', '10 to 14']",3.0
3000790865.0,2023-04-10 08:00:00,2120,2023,VICTORIA PARK AV,VAN HORNE AV,Major Arterial,North York,43.789252,-79.329593,634397.6471,4849820.9287,Intersection Related,Traffic Signal,Clear,Daylight,Dry,46,Pleasant View,46,Pleasant View (46),Non-Fatal Injury,0,0,0,1,0,0,0,0,0,1,0,0,0,SMV Other,['Motorcycle Driver'],South,['Motorcycle'],['Pulling Onto Shoulder or towardCurb'],['Lost control'],['Normal'],['Not Applicable'],['Not Applicable'],['Not Applicable'],['Not Applicable'],['Not Applicable'],False,['20 to 24'],3.0
3000810912.0,2023-04-13 08:00:00,600,2023,84 BARRINGTON AVE,Not Applicable,Local,Toronto and East York,43.691287,-79.301807,636856.307,4838985.9444,Non Intersection,No Control,Clear,Daylight,Dry,61,Taylor-Massey,61,Taylor-Massey (61),Fatal,1,0,1,0,0,0,0,0,0,0,0,0,0,Pedestrian Collisions,"['Driver', 'Pedestrian']",East,"['Automobile, Station Wagon']",['Going Ahead'],['Lost control'],['Fatigue'],['Coming From Behind Parked Vehicle'],['Normal'],['Not Applicable'],['Not Applicable'],['Not Applicable'],True,"['70 to 74', '60 to 64']",4.0
3000818825.0,2023-04-13 08:00:00,2206,2023,569 BROADVIEW AVE,MILLBROOK CR,Minor Arterial,Toronto and East York,43.672015,-79.354892,632620.6302,4836759.2785,Intersection Related,Traffic Signal,Clear,"Dark, artificial",Dry,68,North Riverdale,68,North Riverdale (68),Non-Fatal Injury,0,0,1,0,0,0,0,0,1,1,0,0,0,Approaching,['Driver'],North,"['Automobile, Station Wagon']",['Going Ahead'],"['Improper Passing', 'Driving Properly']","['Other', 'Normal']",['Not Applicable'],['Not Applicable'],['Not Applicable'],['Not Applicable'],['Not Applicable'],False,"['35 to 39', '60 to 64']",3.0
3000823067.0,2023-04-14 08:00:00,1205,2023,YONGE ST,DUNDAS SQ,Major Arterial,Etobicoke York,43.655715,-79.380611,630582.6034,4834908.1477,Intersection Related,Traffic Signal,Clear,Daylight,Dry,168,Downtown Yonge East,75,Church-Yonge Corridor (75),Non-Fatal Injury,1,0,0,0,0,0,0,0,0,0,0,0,0,Pedestrian Collisions,['Pedestrian'],Unknown,[],[],[],[],['Running onto Roadway'],['Other'],['Not Applicable'],['Not Applicable'],['Not Applicable'],False,['30 to 34'],3.0
3000839391.0,2023-04-16 08:00:00,824,2023,BLOOR ST W,ABERFOYLE CRES,Major Arterial,Etobicoke York,43.645594,-79.518939,619448.2147,4833575.6904,At Intersection,Traffic Signal,Clear,Daylight,Dry,16,Stonegate-Queensway,16,Stonegate-Queensway (16),Fatal,1,0,1,0,0,0,0,0,0,0,0,0,0,Pedestrian Collisions,"['Pedestrian', 'Driver']",East,"['Automobile, Station Wagon']",['Going Ahead'],['Other'],['Other'],['Other'],['Normal'],['Not Applicable'],['Not Applicable'],['Not Applicable'],True,"['65 to 69', '70 to 74']",4.0
3000851315.0,2023-04-17 08:00:00,1650,2023,JONES AV,GERRARD ST E,Minor Arterial,Etobicoke York,43.669257,-79.335567,634184.6814,4836484.0435,Other,Traffic Signal,Rain,Daylight,Wet,70,South Riverdale,70,South Riverdale (70),Non-Fatal Injury,1,0,1,0,0,0,0,0,0,0,0,0,0,Pedestrian Collisions,"['Driver', 'Pedestrian']",East,"['Automobile, Station Wagon']",['Going Ahead'],['Driving Properly'],['Normal'],['Crossing marked crosswalk without ROW'],['Normal'],['Not Applicable'],['Not Applicable'],['Not Applicable'],False,['20 to 24'],3.0
3000861369.0,2023-04-18 08:00:00,2013,2023,JARVIS ST,SHUTER ST,Major Arterial,Toronto and East York,43.655368,-79.373889,631125.406,4834880.2095,Intersection Related,Traffic Signal,Clear,"Dark, artificial",Dry,73,Moss Park,73,Moss Park (73),Non-Fatal Injury,1,0,0,0,1,0,0,0,0,0,0,0,0,Pedestrian Collisions,"['Truck Driver', 'Pedestrian']",East,['Truck - Open'],['Turning Right'],['Improper Turn'],['Normal'],['Crossing with right of way'],['Normal'],['Not Applicable'],['Not Applicable'],['Not Applicable'],False,"['45 to 49', '80 to 84']",3.0
3000862268.0,2023-04-18 08:00:00,2305,2023,ALBION RD,FINCH AVE W,Major Arterial,Etobicoke York,43.741023,-79.589183,613602.6449,4844075.6596,At Intersection,Traffic Signal,Clear,"Dark, artificial",Dry,2,Mount Olive-Silverstone-Jamestown,2,Mount Olive-Silverstone-Jamestown (2),Fatal,0,0,1,0,0,0,0,1,1,1,0,0,0,Rear End,"['Driver', 'Passenger']",East,"['Passenger Van', 'Automobile, Station Wagon']","['Going Ahead', 'Slowing or Stopping']","['Driving Properly', 'Exceeding Speed Limit']","['Normal', 'Other']",['Not Applicable'],['Not Applicable'],['Not Applicable'],['Not Applicable'],['Not Applicable'],True,"['60 to 64', '35 to 39', '50 to 54', '65 to 69']",4.0
3000889124.0,2023-04-22 08:00:00,227,2023,MIDLAND AV,GOODLAND GT,Major Arterial,Scarborough,43.779215,-79.275546,638769.4317,4848795.3386,Intersection Related,Stop Sign,Rain,"Dark, artificial",Wet,128,Agincourt South-Malvern West,128,Agincourt South-Malvern West (128),Non-Fatal Injury,0,0,1,0,0,0,0,0,1,1,0,0,0,Turning Movement,['Driver'],North,"['Pick Up Truck', 'Automobile, Station Wagon']","['Turning Left', 'Going Ahead']","['Improper Turn', 'Driving Properly']","['Normal', 'Unknown']",['Not Applicable'],['Not Applicable'],['Not Applicable'],['Not Applicable'],['Not Applicable'],False,"['55 to 59', '15 to 19']",3.0
3000935041.0,2013-11-07 10:00:00,900,2013,610 UNIVERSITY AVE,Not Applicable,Major Arterial,Toronto and East York,43.658202,-79.389766,629839.004,4835169.995,Non Intersection,No Control,Clear,Daylight,Dry,170,Yonge-Bay Corridor,76,Bay Street Corridor (76),Non-Fatal Injury,1,0,1,0,0,0,0,0,0,0,0,0,0,Pedestrian Collisions,"['Driver', 'Pedestrian']",East,"['Automobile, Station Wagon']",['Making U Turn'],['Improper Turn'],['Normal'],"['Crossing, no Traffic Control']",['Normal'],['Not Applicable'],['Not Applicable'],['Not Applicable'],False,"['50 to 54', '55 to 59']",3.0
3000936141.0,2013-11-08 10:00:00,1813,2013,QUEEN ST W,RONCESVALLES AVE,Major Arterial,Toronto and East York,43.638579,-79.44688,625274.4368,4832902.8184,Non Intersection,No Control,Clear,"Dark, artificial",Dry,87,High Park-Swansea,87,High Park-Swansea (87),Non-Fatal Injury,0,0,1,0,0,0,0,1,0,0,0,0,0,SMV Other,"['Driver', 'Passenger']",West,['Passenger Van'],['Going Ahead'],['Lost control'],['Normal'],['Not Applicable'],['Not Applicable'],['Not Applicable'],['Not Applicable'],['Not Applicable'],False,"['55 to 59', '65 to 69']",3.0
3000936395.0,2013-11-08 10:00:00,1900,2013,955 BAY ST,Not Applicable,Major Arterial,Toronto and East York,43.664359,-79.38718,630034.2319,4835857.8617,Private Driveway,No Control,Clear,"Dark, artificial",Dry,169,Bay-Cloverhill,76,Bay Street Corridor (76),Non-Fatal Injury,1,0,1,0,0,0,0,0,0,1,0,0,0,Pedestrian Collisions,"['Driver', 'Pedestrian']",North,"['Automobile, Station Wagon']",['Turning Left'],['Failed to Yield Right of Way'],['Inattentive'],['On Sidewalk or Shoulder'],['Normal'],['Not Applicable'],['Not Applicable'],['Not Applicable'],False,"['45 to 49', '25 to 29']",3.0
3000937530.0,2013-11-08 10:00:00,2304,2013,F G GARDINER XY  W,PARKSIDE DR,Expressway,Toronto and East York,43.637927,-79.446986,625267.2416,4832830.2455,Non Intersection,No Control,Clear,"Dark, artificial",Dry,85,South Parkdale,85,South Parkdale (85),Non-Fatal Injury,1,0,1,0,0,0,0,0,0,0,0,0,0,Pedestrian Collisions,"['Driver', 'Pedestrian']",Unknown,"['Automobile, Station Wagon']",['Going Ahead'],['Driving Properly'],['Normal'],['Other'],['Unknown'],['Not Applicable'],['Not Applicable'],['Not Applicable'],False,"['50 to 54', '25 to 29']",3.0
3000965934.0,2023-05-01 08:00:00,1055,2023,BRIMLEY RD,LAWRENCE AVE E,Major Arterial,Scarborough,43.753455,-79.255328,640456.7043,4845968.3801,At Intersection,Traffic Signal,Clear,Daylight,Dry,157,Bendale South,127,Bendale (127),Fatal,0,0,1,0,0,0,0,1,1,1,0,0,0,Turning Movement,"['Driver', 'Passenger']",West,"['Passenger Van', 'Automobile, Station Wagon']","['Turning Left', 'Going Ahead']","['Improper Turn', 'Exceeding Speed Limit']",['Normal'],['Not Applicable'],['Not Applicable'],['Not Applicable'],['Not Applicable'],['Not Applicable'],True,"['60 to 64', '15 to 19']",4.0
3000972719.0,2013-11-14 10:00:00,1945,2013,545 THE WEST MALL,Not Applicable,Minor Arterial,Etobicoke York,43.651686,-79.569782,615336.0127,4834180.3657,Non Intersection,No Control,Clear,"Dark, artificial",Dry,13,Etobicoke West Mall,13,Etobicoke West Mall (13),Non-Fatal Injury,1,0,1,0,0,0,0,0,0,0,0,0,0,Pedestrian Collisions,"['Driver', 'Pedestrian']",South,"['Automobile, Station Wagon']",['Going Ahead'],['Driving Properly'],['Normal'],['Playing or Working on Highway'],['Had Been Drinking'],['Not Applicable'],['Not Applicable'],['Not Applicable'],False,"['45 to 49', '15 to 19', 'unknown']",3.0
3000983486.0,2013-11-16 10:00:00,1516,2013,FAIRFAX CR,WARDEN AV,Major Arterial,Scarborough,43.71617,-79.282756,638334.3866,4841781.1779,At Intersection,Traffic Signal,Clear,Daylight,Dry,120,Clairlea-Birchmount,120,Clairlea-Birchmount (120),Non-Fatal Injury,0,0,1,0,0,0,0,1,1,1,0,0,0,Turning Movement,"['Driver', 'Passenger']",North,"['Automobile, Station Wagon', 'Pick Up Truck']","['Turning Left', 'Going Ahead']","['Failed to Yield Right of Way', 'Driving Properly']",['Normal'],['Not Applicable'],['Not Applicable'],['Not Applicable'],['Not Applicable'],['Not Applicable'],False,"['75 to 79', '40 to 44', '60 to 64']",3.0
3000986891.0,2013-11-17 10:00:00,412,2013,LANSDOWNE AVE,BRANDON AVE,Minor Arterial,Toronto and East York,43.66828,-79.447078,625196.7343,4836201.2017,Non Intersection,No Control,Rain,"Dark, artificial",Wet,171,Junction-Wallace Emerson,93,Dovercourt-Wallace Emerson-Junction (93),Non-Fatal Injury,1,0,1,0,0,0,0,0,0,0,0,0,0,Pedestrian Collisions,"['Driver', 'Pedestrian']",North,"['Automobile, Station Wagon']",['Going Ahead'],['Driving Properly'],['Normal'],['Running onto Roadway'],"['Ability Impaired, Alcohol']",['Not Applicable'],['Not Applicable'],['Not Applicable'],False,"['60 to 64', '25 to 29']",3.0
3000989119.0,2013-11-17 10:00:00,1506,2013,MEADOWVALE RD,DEAN PARK  RD,Minor Arterial,Scarborough,43.804213,-79.168781,647299.6495,4851756.2801,At Intersection,Traffic Signal,Clear,Daylight,Dry,143,West Rouge,131,Rouge (131),Non-Fatal Injury,0,0,1,0,0,0,0,1,0,1,1,0,0,Angle,"['Driver', 'Passenger']",South,"['Automobile, Station Wagon', 'Passenger Van']",['Going Ahead'],"['Disobeyed Traffic Control', 'Driving Properly']","['Inattentive', 'Normal']",['Not Applicable'],['Not Applicable'],['Not Applicable'],['Not Applicable'],['Not Applicable'],False,"['60 to 64', '25 to 29', '0 to 4']",3.0
3000996799.0,2013-11-18 10:00:00,2035,2013,BATHURST ST,FRONTENAC AVE,Major Arterial,North York,43.716799,-79.42921,626535.1898,4841617.0247,Non Intersection,No Control,Clear,"Dark, artificial",Dry,39,Bedford Park-Nortown,39,Bedford Park-Nortown (39),Non-Fatal Injury,0,0,1,0,0,0,0,1,0,0,0,1,0,SMV Other,"['Driver', 'Passenger']",South,"['Automobile, Station Wagon']",['Other'],['Lost control'],"['Ability Impaired, Alcohol']",['Not Applicable'],['Not Applicable'],['Not Applicable'],['Not Applicable'],['Not Applicable'],False,"['20 to 24', '30 to 34']",3.0
3001000463.0,2013-11-19 10:00:00,1327,2013,MOUNT PLEASANT RD,TED ROGERS WAY,Major Arterial,Toronto and East York,43.669963,-79.379894,630609.5198,4836491.7069,Intersection Related,Traffic Signal,Clear,Daylight,Dry,74,North St.James Town,74,North St.James Town (74),Non-Fatal Injury,0,0,1,0,0,0,0,1,0,1,0,0,0,Rear End,"['Driver', 'Passenger']",West,"['Automobile, Station Wagon']",['Going Ahead'],"['Following too Close', 'Driving Properly']","['Inattentive', 'Normal']",['Not Applicable'],['Not Applicable'],['Not Applicable'],['Not Applicable'],['Not Applicable'],False,"['45 to 49', '65 to 69', '35 to 39', '40 to 44', '60 to 64']",3.0
3001002195.0,2013-11-19 10:00:00,1820,2013,VICTORIA PARK AVE,SUNRISE AVE,Major Arterial,North York,43.719775,-79.300586,636889.846,4842151.9606,Unknown,Traffic Signal,Clear,"Dark, artificial",Dry,120,Clairlea-Birchmount,120,Clairlea-Birchmount (120),Non-Fatal Injury,1,0,1,0,0,0,0,0,0,1,0,0,0,Pedestrian Collisions,"['Driver', 'Pedestrian']",East,"['Automobile, Station Wagon']",['Turning Left'],['Failed to Yield Right of Way'],['Inattentive'],['Crossing with right of way'],['Normal'],['Not Applicable'],['Not Applicable'],['Not Applicable'],False,"['60 to 64', '25 to 29']",3.0
3001005166.0,2013-11-20 10:00:00,937,2013,SHEPPARD AVE W,KODIAK CRES,Major Arterial,North York,43.751868,-79.467212,623401.8562,4845454.6291,Unknown,Traffic Signal,Clear,Daylight,Dry,155,Downsview,26,Downsview-Roding-CFB (26),Fatal,0,1,1,0,0,0,0,0,1,1,1,0,0,Cyclist Collisions,"['Cyclist', 'Driver']",North,"['Bicycle', 'Automobile, Station Wagon']",['Going Ahead'],['Disobeyed Traffic Control'],['Unknown'],['Not Applicable'],['Not Applicable'],"['Motorist without ROW drives into path of cyclist at inter, lnwy, dwy-Driver not turn.']",['Driving Properly'],['Normal'],True,['20 to 24'],4.0