accident_number,date,time,year,street1,street2,road_class,district,latitude,longitude,x,y,accident_location,traffctl,visibility,light,road_surface_condition,hood_158,neighbourhood_new,hood_140,neighbourhood_old,accident_class,pedestrian,cyclist,automobile,motorcycle,truck,trsn_city_veh,emerg_veh,passenger,speeding,aggressive_driving,redlight,alcohol,disability,impact_type,involvement_type,initial_direction,vehicle_type,manoeuver,driver_action,driver_condition,pedestrian_action,pedestrian_condition,cyclist_type,cyclist_action,cyclist_condition,injury,involvement_age,injury_severity_score
3001013927.0,2013-11-21 10:00:00,1650,2013,YONGE ST,FRONT ST,Major Arterial,Toronto and East York,43.646437,-79.376781,630911.6025,4833883.7385,Non Intersection,No Control,Clear,"Dusk, artificial",Dry,166,St Lawrence-East Bayfront-The Islands,77,Waterfront Communities-The Island (77),Non-Fatal Injury,1,0,1,0,0,0,0,0,0,0,0,0,0,Pedestrian Collisions,"['Driver', 'Pedestrian']",North,"['Automobile, Station Wagon']",['Slowing or Stopping'],['Driving Properly'],['Normal'],"['Crossing, no Traffic Control']",['Inattentive'],['Not Applicable'],['Not Applicable'],['Not Applicable'],False,"['40 to 44', '65 to 69']",3.0
3001015199.0,2023-05-07 08:00:00,35,2023,MARKHAM RD,SHEPPARD AVE E,Major Arterial,Scarborough,43.793566,-79.239902,641603.8992,4850449.6117,Non Intersection,No Control,Clear,Dark,Dry,128,Agincourt South-Malvern West,128,Agincourt South-Malvern West (128),Fatal,1,0,1,0,0,0,0,0,0,1,0,0,0,Pedestrian Collisions,"['Pedestrian', 'Driver']",South,"['Automobile, Station Wagon']",['Going Ahead'],['Failed to Yield Right of Way'],['Other'],['Crossing without right of way'],['Other'],['Not Applicable'],['Not Applicable'],['Not Applicable'],True,"['55 to 59', '20 to 24']",4.0
3001015348.0,2023-05-07 08:00:00,100,2023,STEELES AV W,KEELE ST,Major Arterial,Etobicoke York,43.781745,-79.493648,621213.1666,4848733.8724,Non Intersection,No Control,Clear,"Dark, artificial",Dry,27,York University Heights,27,York University Heights (27),Non-Fatal Injury,0,0,1,1,0,0,0,0,1,1,0,0,0,Rear End,"['Motorcycle Driver', 'Driver']",East,"['Motorcycle', 'Automobile, Station Wagon']",['Going Ahead'],"['Exceeding Speed Limit', 'Driving Properly']","['Other', 'Normal']",['Not Applicable'],['Not Applicable'],['Not Applicable'],['Not Applicable'],['Not Applicable'],False,"['25 to 29', '35 to 39']",3.0
3001015663.0,2013-11-22 10:00:00,31,2013,HOSKIN AVE,ST GEORGE ST,Minor Arterial,Toronto and East York,43.664099,-79.398433,629127.5026,4835811.409,Intersection Related,Traffic Signal,Rain,"Dark, artificial",Wet,79,University,79,University (79),Non-Fatal Injury,0,1,1,0,0,0,0,0,0,0,0,0,0,Cyclist Collisions,"['Cyclist', 'Driver']",East,"['Bicycle', 'Automobile, Station Wagon']",['Going Ahead'],['Driving Properly'],['Unknown'],['Not Applicable'],['Not Applicable'],"['Cyclist without ROW rides into path of motorist at inter, lnwy, dwy-Cyclist not turn.']",['Disobeyed Traffic Control'],['Unknown'],False,['20 to 24'],3.0
3001021983.0,2013-11-23 10:00:00,1,2013,HIGHWAY 427  S,27 S 427 C S RAMP,Unknown,Etobicoke York,43.669295,-79.574916,614888.403,4836128.9484,Non Intersection,No Control,Clear,"Dark, artificial",Dry,11,Eringate-Centennial-West Deane,11,Eringate-Centennial-West Deane (11),Non-Fatal Injury,0,0,1,0,0,0,0,0,0,0,0,1,0,SMV Other,['Driver'],South,"['Automobile, Station Wagon']",['Going Ahead'],['Lost control'],"['Ability Impaired, Alcohol']",['Not Applicable'],['Not Applicable'],['Not Applicable'],['Not Applicable'],['Not Applicable'],False,['25 to 29'],3.0
3001022701.0,2013-11-23 10:00:00,130,2013,WINSTON PARK BLVD,ANTHONY RD,Local,North York,43.72782,-79.471133,623135.4674,4842777.9159,At/Near Private Drive,Stop Sign,Clear,"Dark, artificial",Dry,155,Downsview,26,Downsview-Roding-CFB (26),Non-Fatal Injury,0,0,1,0,0,0,0,0,1,1,0,0,0,SMV Unattended Vehicle,['Driver'],West,"['Automobile, Station Wagon']",['Turning Left'],['Lost control'],['Unknown'],['Not Applicable'],['Not Applicable'],['Not Applicable'],['Not Applicable'],['Not Applicable'],False,['25 to 29'],3.0
3001029733.0,2013-11-24 10:00:00,1018,2013,EGLINTON AVE E,OSWEGO RD,Major Arterial,Scarborough,43.737418,-79.244701,641349.9951,4844205.3046,Non Intersection,No Control,Clear,Daylight,Dry,138,Eglinton East,138,Eglinton East (138),Fatal,0,0,1,0,0,0,0,1,1,1,0,0,0,Approaching,"['Driver', 'Passenger']",East,"['Automobile, Station Wagon']","['Changing Lanes', 'Going Ahead']","['Speed too Fast For Condition', 'Driving Properly']",['Normal'],['Not Applicable'],['Not Applicable'],['Not Applicable'],['Not Applicable'],['Not Applicable'],True,"['40 to 44', '45 to 49', '30 to 34', '35 to 39']",4.0
3001037077.0,2023-05-09 08:00:00,1531,2023,BANBURY RD,YORK MILLS RD,Collector,North York,43.752497,-79.365459,631592.4959,4845681.1127,Intersection Related,Traffic Signal,Clear,Daylight,Dry,42,Banbury-Don Mills,40,St.Andrew-Windfields (40),Non-Fatal Injury,1,0,1,0,0,0,0,0,0,0,0,0,0,Pedestrian Collisions,"['Driver', 'Pedestrian']",East,"['Automobile, Station Wagon']",['Going Ahead'],['Driving Properly'],['Normal'],['Crossing without right of way'],['Normal'],['Not Applicable'],['Not Applicable'],['Not Applicable'],False,"['90 to 94', '10 to 14']",3.0
3001047627.0,2013-11-27 10:00:00,1120,2013,JARVIS ST,GERRARD ST E,Major Arterial,Toronto and East York,43.660418,-79.375896,630952.5866,4835437.9093,At Intersection,Traffic Signal,Clear,Daylight,Dry,168,Downtown Yonge East,75,Church-Yonge Corridor (75),Non-Fatal Injury,1,0,1,0,0,0,0,0,0,1,0,0,0,Pedestrian Collisions,"['Driver', 'Pedestrian']",North,"['Automobile, Station Wagon']",['Turning Left'],['Failed to Yield Right of Way'],['Normal'],['Crossing with right of way'],['Normal'],['Not Applicable'],['Not Applicable'],['Not Applicable'],False,['30 to 34'],3.0
3001054757.0,2013-11-28 10:00:00,1423,2013,295 THE WEST MALL,Not Applicable,Minor Arterial,Etobicoke York,43.6351,-79.561916,616002.2662,4832349.2449,Non Intersection,No Control,Clear,Daylight,Dry,12,Markland Wood,12,Markland Wood (12),Non-Fatal Injury,0,0,1,0,0,0,0,0,0,0,0,0,0,SMV Other,['Driver'],North,"['Automobile, Station Wagon']",['Going Ahead'],['Lost control'],['Unknown'],['Not Applicable'],['Not Applicable'],['Not Applicable'],['Not Applicable'],['Not Applicable'],False,['80 to 84'],3.0
3001061187.0,2013-11-29 10:00:00,1545,2013,WILLOWDALE AVE,PEMBERTON AVE,Minor Arterial,North York,43.782489,-79.407451,628147.7385,4848946.3222,At Intersection,No Control,Clear,Daylight,Dry,50,Newtonbrook East,50,Newtonbrook East (50),Non-Fatal Injury,1,0,1,0,0,0,0,0,0,0,0,0,0,Pedestrian Collisions,"['Driver', 'Pedestrian']",South,"['Automobile, Station Wagon']",['Going Ahead'],['Driving Properly'],['Unknown'],"['Crossing, no Traffic Control']",['Unknown'],['Not Applicable'],['Not Applicable'],['Not Applicable'],False,"['unknown', '10 to 14']",3.0
3001064601.0,2013-11-30 10:00:00,509,2013,295 DAVENPORT RD,Not Applicable,Major Arterial,Toronto and East York,43.674319,-79.399799,628995.4717,4836944.3518,Non Intersection,No Control,Clear,Dark,Dry,95,Annex,95,Annex (95),Non-Fatal Injury,0,0,1,0,0,0,0,0,1,1,0,1,0,SMV Other,['Driver'],South,"['Automobile, Station Wagon']",['Going Ahead'],['Lost control'],"['Ability Impaired, Alcohol']",['Not Applicable'],['Not Applicable'],['Not Applicable'],['Not Applicable'],['Not Applicable'],False,['45 to 49'],3.0
3001076357.0,2023-05-13 08:00:00,2212,2023,FINCH AVE W,CHAMPAGNE DR,Major Arterial,North York,43.767756,-79.471439,623028.9779,4847212.9391,Intersection Related,Traffic Signal,Clear,"Dark, artificial",Dry,27,York University Heights,27,York University Heights (27),Fatal,0,0,1,1,0,0,0,0,0,1,0,0,0,Turning Movement,"['Driver', 'Motorcycle Driver']",East,"['Automobile, Station Wagon', 'Motorcycle']","['Turning Left', 'Going Ahead']",['Failed to Yield Right of Way'],['Normal'],['Not Applicable'],['Not Applicable'],['Not Applicable'],['Not Applicable'],['Not Applicable'],True,"['40 to 44', '55 to 59']",4.0
3001085931.0,2013-12-03 10:00:00,1815,2013,ST CLAIR AVE E,HERRON AVE,Major Arterial,Scarborough,43.71091,-79.286075,638079.0981,4841191.4444,Intersection Related,Traffic Signal,Clear,"Dark, artificial",Dry,120,Clairlea-Birchmount,120,Clairlea-Birchmount (120),Non-Fatal Injury,1,0,1,0,0,0,0,0,1,1,0,0,0,Pedestrian Collisions,"['Driver', 'Pedestrian']",North,"['Automobile, Station Wagon']",['Turning Left'],['Failed to Yield Right of Way'],['Inattentive'],['Crossing with right of way'],['Unknown'],['Not Applicable'],['Not Applicable'],['Not Applicable'],False,"['70 to 74', '50 to 54']",3.0
3001089776.0,2013-12-04 10:00:00,1143,2013,BATHURST ST,WELLS ST,Major Arterial,Toronto and East York,43.670024,-79.413135,627929.544,4836446.6816,At Intersection,Traffic Signal,Clear,Daylight,Dry,95,Annex,95,Annex (95),Non-Fatal Injury,1,0,1,0,0,0,0,0,0,0,0,0,0,Pedestrian Collisions,"['Driver', 'Pedestrian']",East,"['Automobile, Station Wagon']",['Going Ahead'],['Driving Properly'],['Normal'],['Crossing without right of way'],['Inattentive'],['Not Applicable'],['Not Applicable'],['Not Applicable'],False,"['65 to 69', '70 to 74']",3.0
3001090818.0,2013-12-04 10:00:00,1435,2013,DENTON AVE,ROBINSON AVE,Collector,Scarborough,43.694903,-79.279659,638632.8892,4839424.3457,At Intersection,Stop Sign,Clear,Daylight,Dry,121,Oakridge,121,Oakridge (121),Non-Fatal Injury,0,1,1,0,0,0,0,0,0,0,0,0,0,Cyclist Collisions,"['Cyclist', 'Driver']",North,"['Bicycle', 'Automobile, Station Wagon']",['Going Ahead'],['Driving Properly'],['Normal'],['Not Applicable'],['Not Applicable'],"['Cyclist without ROW rides into path of motorist at inter, lnwy, dwy-Cyclist not turn.']",['Failed to Yield Right of Way'],['Inattentive'],False,"['25 to 29', '55 to 59']",3.0
3001098840.0,2013-12-05 10:00:00,1905,2013,LAKE SHORE BLVD W,BATHURST ST,Major Arterial,Toronto and East York,43.636473,-79.399638,629089.5182,4832741.306,Intersection Related,Traffic Signal,Clear,"Dark, artificial",Dry,165,Harbourfront-CityPlace,77,Waterfront Communities-The Island (77),Non-Fatal Injury,0,0,1,1,0,0,0,1,0,0,0,0,0,Turning Movement,"['Driver', 'Motorcycle Driver', 'Motorcycle Passenger']",East,"['Automobile, Station Wagon', 'Motorcycle']","['Turning Left', 'Going Ahead']","['Improper Turn', 'Driving Properly']",['Normal'],['Not Applicable'],['Not Applicable'],['Not Applicable'],['Not Applicable'],['Not Applicable'],False,"['35 to 39', '45 to 49', '25 to 29']",3.0
3001104210.0,2013-12-06 10:00:00,1616,2013,BELLAMY RD N,ROCHMAN BLVD,Minor Arterial,Scarborough,43.759902,-79.236118,641987.9946,4846717.1754,At Intersection,Stop Sign,Clear,Daylight,Dry,142,Woburn North,137,Woburn (137),Non-Fatal Injury,0,0,1,0,0,0,0,0,0,1,0,0,0,Angle,['Driver'],North,"['Automobile, Station Wagon']",['Going Ahead'],"['Disobeyed Traffic Control', 'Driving Properly']","['Unknown', 'Normal']",['Not Applicable'],['Not Applicable'],['Not Applicable'],['Not Applicable'],['Not Applicable'],False,"['30 to 34', '45 to 49']",3.0
3001107258.0,2013-12-07 10:00:00,304,2013,35 FOUNTAINHEAD RD,Not Applicable,Local,Etobicoke York,43.762107,-79.503124,620490.0743,4846538.9472,Non Intersection,No Control,Clear,"Dark, artificial",Dry,27,York University Heights,27,York University Heights (27),Non-Fatal Injury,1,0,1,0,0,0,0,0,0,1,0,0,0,Pedestrian Collisions,"['Driver', 'Pedestrian']",West,"['Automobile, Station Wagon']",['Other'],['Failed to Yield Right of Way'],['Unknown'],"['Crossing, no Traffic Control']",['Had Been Drinking'],['Not Applicable'],['Not Applicable'],['Not Applicable'],False,"['unknown', '20 to 24']",3.0
3001129731.0,2013-12-11 10:00:00,135,2013,UNIVERSITY AVE,ADELAIDE ST W,Major Arterial,Toronto and East York,43.648795,-79.385516,630202.0279,4834131.8833,At Intersection,Traffic Signal,Clear,"Dark, artificial",Dry,170,Yonge-Bay Corridor,76,Bay Street Corridor (76),Non-Fatal Injury,1,0,1,0,0,0,0,0,0,0,0,0,0,Pedestrian Collisions,"['Driver', 'Pedestrian']",East,"['Automobile, Station Wagon']",['Going Ahead'],['Driving Properly'],['Normal'],['Crossing without right of way'],['Had Been Drinking'],['Not Applicable'],['Not Applicable'],['Not Applicable'],False,"['40 to 44', 'unknown']",3.0
3001131937.0,2013-12-11 10:00:00,1153,2013,CLAREMORE AVE,KINGSTON RD,Minor Arterial,Scarborough,43.699797,-79.257335,640420.4557,4840005.463,Non Intersection,No Control,Clear,Daylight,Dry,122,Birchcliffe-Cliffside,122,Birchcliffe-Cliffside (122),Non-Fatal Injury,0,0,1,0,0,0,0,1,1,1,0,0,0,Sideswipe,"['Driver', 'Passenger']",West,"['Automobile, Station Wagon']",['Changing Lanes'],['Other'],['Normal'],['Not Applicable'],['Not Applicable'],['Not Applicable'],['Not Applicable'],['Not Applicable'],False,['15 to 19'],3.0
3001133431.0,2013-12-11 10:00:00,1605,2013,SHEPPARD AVE W,DON RIVER BLVD,Major Arterial,North York,43.756991,-79.430812,626321.5973,4846078.4866,At Intersection,No Control,Clear,Dusk,Dry,38,Lansing-Westgate,38,Lansing-Westgate (38),Non-Fatal Injury,1,0,1,0,0,0,0,1,0,0,0,0,0,Pedestrian Collisions,"['Pedestrian', 'Passenger', 'Driver']",East,"['Automobile, Station Wagon']",['Going Ahead'],['Driving Properly'],['Normal'],['Running onto Roadway'],['Inattentive'],['Not Applicable'],['Not Applicable'],['Not Applicable'],False,"['15 to 19', '85 to 89', '35 to 39']",3.0
3001139681.0,2013-12-12 10:00:00,1705,2013,200 GATEWAY BLVD,Not Applicable,Collector,North York,43.714598,-79.335178,634114.9377,4841520.4249,At/Near Private Drive,No Control,Clear,"Dark, artificial",Dry,44,Flemingdon Park,44,Flemingdon Park (44),Non-Fatal Injury,1,0,1,0,0,0,0,0,0,1,0,0,0,Pedestrian Collisions,"['Pedestrian', 'Driver']",East,['Passenger Van'],['Turning Left'],['Failed to Yield Right of Way'],['Inattentive'],"['Crossing, no Traffic Control']",['Normal'],['Not Applicable'],['Not Applicable'],['Not Applicable'],False,"['35 to 39', '45 to 49']",3.0
3001160562.0,2023-05-23 08:00:00,1733,2023,YORKWOODS GT,JANE ST,Collector,North York,43.750727,-79.51601,619475.4613,4845256.364,Intersection Related,Traffic Signal,Clear,Daylight,Dry,25,Glenfield-Jane Heights,25,Glenfield-Jane Heights (25),Non-Fatal Injury,0,0,1,1,0,0,0,0,0,1,0,0,0,Turning Movement,"['Driver', 'Motorcycle Driver']",East,"['Automobile, Station Wagon', 'Motorcycle']","['Turning Left', 'Going Ahead']","['Failed to Yield Right of Way', 'Driving Properly']","['Other', 'Normal']",['Not Applicable'],['Not Applicable'],['Not Applicable'],['Not Applicable'],['Not Applicable'],False,"['65 to 69', '25 to 29']",3.0
3001161677.0,2013-12-16 10:00:00,1237,2013,DUFFERIN ST,OVERBROOK PL,Major Arterial,North York,43.76097,-79.465167,623547.7637,4846468.5897,At Intersection,Traffic Signal,Clear,Daylight,Wet,34,Bathurst Manor,34,Bathurst Manor (34),Non-Fatal Injury,0,0,1,0,0,0,0,1,0,1,0,0,0,Turning Movement,"['Driver', 'Passenger']",North,"['Automobile, Station Wagon']","['Turning Left', 'Going Ahead']","['Failed to Yield Right of Way', 'Driving Properly']",['Normal'],['Not Applicable'],['Not Applicable'],['Not Applicable'],['Not Applicable'],['Not Applicable'],False,"['80 to 84', '15 to 19', '20 to 24']",3.0
3001165167.0,2023-05-24 08:00:00,830,2023,AVENUE RD,BERNARD AVE,Major Arterial,Toronto and East York,43.674007,-79.396274,629280.302,4836915.1879,Intersection Related,Stop Sign,Clear,"Daylight, artificial",Dry,95,Annex,95,Annex (95),Non-Fatal Injury,1,0,1,0,0,0,0,0,0,0,0,0,0,Pedestrian Collisions,"['Driver', 'Pedestrian']",East,"['Automobile, Station Wagon']",['Turning Left'],[],['Unknown'],['Not Applicable'],['Unknown'],['Not Applicable'],['Not Applicable'],['Not Applicable'],False,"['35 to 39', '70 to 74']",3.0
3001181189.0,2023-05-26 08:00:00,50,2023,STEELES AV WEST,JANE ST,Major Shoreline,North York,43.775332,-79.521732,618966.0031,4847980.8766,Intersection Related,Traffic Signal,Clear,"Dark, artificial",Dry,24,Black Creek,24,Black Creek (24),Non-Fatal Injury,0,1,0,0,0,0,0,0,0,0,0,0,0,Cyclist Collisions,['Cyclist'],East,['Bicycle'],['Going Ahead'],[],[],['Not Applicable'],['Not Applicable'],['Motorist turned left across cyclists path.'],['Not Applicable'],['Unknown'],False,['55 to 59'],3.0
3001181592.0,2013-12-19 10:00:00,1558,2013,WILSON AVE,HAYMARKET RD,Major Arterial,Etobicoke York,43.719237,-79.515971,619541.2403,4841759.005,At Intersection,No Control,Clear,Daylight,Dry,154,Oakdale-Beverley Heights,26,Downsview-Roding-CFB (26),Non-Fatal Injury,1,0,1,0,0,0,0,0,0,1,0,0,0,Pedestrian Collisions,"['Driver', 'Pedestrian']",North,"['Automobile, Station Wagon']",['Turning Left'],['Failed to Yield Right of Way'],['Normal'],"['Crossing, no Traffic Control']",['Normal'],['Not Applicable'],['Not Applicable'],['Not Applicable'],False,"['60 to 64', '65 to 69']",3.0
3001182127.0,2013-12-19 10:00:00,1728,2013,JUTLAND RD,KIPLING AVE,Collector,Etobicoke York,43.626677,-79.526668,618862.1522,4831463.6266,Non Intersection,No Control,Clear,"Dark, artificial",Loose Sand or Gravel,159,Etobicoke City Centre,14,Islington-City Centre West (14),Non-Fatal Injury,1,0,1,0,0,0,0,0,0,0,0,0,0,Pedestrian Collisions,"['Driver', 'Pedestrian']",East,"['Automobile, Station Wagon', 'Construction Equipment']",['Unknown'],['Driving Properly'],['Normal'],['Walking on Roadway with Traffic'],['Normal'],['Not Applicable'],['Not Applicable'],['Not Applicable'],False,"['80 to 84', '50 to 54', '60 to 64']",3.0
3001182464.0,2013-12-19 10:00:00,1837,2013,90 PARK LAWN RD,Not Applicable,Major Arterial,Etobicoke York,43.623965,-79.483676,622336.0954,4831224.874,Non Intersection,No Control,Clear,"Dark, artificial",Dry,161,Humber Bay Shores,17,Mimico (includes Humber Bay Shores) (17),Non-Fatal Injury,1,0,1,0,0,0,0,0,0,0,0,0,0,Pedestrian Collisions,"['Driver', 'Pedestrian']",East,"['Automobile, Station Wagon']",['Going Ahead'],['Driving Properly'],['Normal'],"['Crossing, no Traffic Control']",['Normal'],['Not Applicable'],['Not Applicable'],['Not Applicable'],False,"['20 to 24', '40 to 44']",3.0
3001188681.0,2013-12-20 10:00:00,1919,2013,STEELES AVE E,LESLIE ST,Major Arterial,North York,43.808966,-79.370075,631097.391,4851945.5463,Non Intersection,No Control,Rain,"Dark, artificial",Slush,48,Hillcrest Village,48,Hillcrest Village (48),Non-Fatal Injury,1,0,1,0,0,0,0,0,0,0,0,0,0,Pedestrian Collisions,"['Driver', 'Pedestrian']",East,"['Automobile, Station Wagon']",['Going Ahead'],['Driving Properly'],['Normal'],"['Crossing, no Traffic Control']",['Had Been Drinking'],['Not Applicable'],['Not Applicable'],['Not Applicable'],False,"['55 to 59', '30 to 34', '25 to 29']",3.0
3001193849.0,2023-05-27 08:00:00,1237,2023,FORT YORK BV,LAKE SHORE BV W,Collector,Toronto and East York,43.635489,-79.40668,628523.5833,4832621.0926,Intersection Related,Traffic Signal,Clear,Daylight,Dry,163,Fort York-Liberty Village,82,Niagara (82),Non-Fatal Injury,1,0,1,1,0,0,0,0,0,1,0,0,0,Pedestrian Collisions,"['Motorcycle Driver', 'Driver', 'Pedestrian']",East,"['Motorcycle', 'Automobile, Station Wagon']","['Going Ahead', 'Slowing or Stopping']","['Improper Passing', 'Driving Properly']",['Normal'],"['Crossing, Pedestrian Crossover']",['Normal'],['Not Applicable'],['Not Applicable'],['Not Applicable'],False,"['25 to 29', '50 to 54', '35 to 39']",3.0
3001202915.0,2023-05-28 08:00:00,1330,2023,GREENHOLM CRCT,LAWRENCE AVE E,Major Arterial,Scarborough,43.760241,-79.222949,643047.2704,4846777.4899,At Intersection,Traffic Signal,Clear,Daylight,Dry,141,Golfdale-Cedarbrae-Woburn,137,Woburn (137),Fatal,0,0,1,1,0,0,0,0,1,1,0,0,0,Turning Movement,"['Motorcycle Driver', 'Driver']",East,"['Motorcycle', 'Automobile, Station Wagon']","['Going Ahead', 'Turning Left']","['Speed too Fast For Condition', 'Failed to Yield Right of Way']","['Other', 'Normal']",['Not Applicable'],['Not Applicable'],['Not Applicable'],['Not Applicable'],['Not Applicable'],True,"['20 to 24', '50 to 54']",4.0
3001204708.0,2023-05-28 08:00:00,1706,2023,KEELE ST,SHEPPARD AV W,Major Arterial,North York,43.744734,-79.486705,621846.9733,4844633.4386,Non Intersection,Traffic Signal,Clear,Daylight,Dry,155,Downsview,27,York University Heights (27),Non-Fatal Injury,1,0,1,0,0,0,0,1,0,0,0,0,0,Pedestrian Collisions,"['Driver', 'Pedestrian', 'Passenger']",East,"['Automobile, Station Wagon']",['Going Ahead'],['Driving Properly'],['Normal'],['Crossing without right of way'],['Normal'],['Not Applicable'],['Not Applicable'],['Not Applicable'],False,"['35 to 39', '45 to 49']",3.0
3001205970.0,2023-05-28 08:00:00,1927,2023,SCARLETT RD,LOCKHEED BLVD,Major Arterial,Etobicoke York,43.699637,-79.525035,618849.8443,4839569.1211,At Intersection,No Control,Clear,Daylight,Dry,8,Humber Heights-Westmount,8,Humber Heights-Westmount (8),Fatal,0,1,1,0,0,0,0,1,0,0,0,0,0,Cyclist Collisions,"['Driver', 'Passenger', 'Cyclist']",North,"['Automobile, Station Wagon', 'Bicycle']","['Changing Lanes', 'Turning Left']",['Other'],['Normal'],['Not Applicable'],['Not Applicable'],['Cyclist and Driver travelling in same direction. One vehicle sideswipes the other.'],['Other'],['Normal'],True,"['20 to 24', '30 to 34']",4.0
3001211034.0,2023-05-29 08:00:00,1126,2023,BLOOR ST E,SHERBOURNE ST,Major Arterial,Toronto and East York,43.672305,-79.377116,630828.3899,4836756.1953,Intersection Related,Traffic Signal,Clear,Daylight,Dry,74,North St.James Town,98,Rosedale-Moore Park (98),Non-Fatal Injury,0,1,1,0,0,0,0,0,0,0,0,0,0,Other,"['Driver', 'Cyclist']",East,"['Automobile, Station Wagon', 'Bicycle']","['Changing Lanes', 'Going Ahead']",['Improper Lane Change'],['Other'],['Not Applicable'],['Not Applicable'],['Cyclist and Driver travelling in same direction. One vehicle sideswipes the other.'],['Driving Properly'],['Normal'],False,"['75 to 79', '45 to 49']",3.0
3001211390.0,2023-05-29 08:00:00,1211,2023,ORIOLE PKWY,GORMLEY AVE,Major Arterial,North York,43.692103,-79.401248,628840.5883,4838917.2555,Non Intersection,No Control,Clear,Daylight,Dry,97,Yonge-St.Clair,97,Yonge-St.Clair (97),Non-Fatal Injury,0,0,1,0,0,0,0,0,0,1,0,0,0,Other,['Driver'],North,"['Automobile, Station Wagon']","['Changing Lanes', 'Going Ahead']","['Lost control', 'Driving Properly']","['Fatigue', 'Normal']",['Not Applicable'],['Not Applicable'],['Not Applicable'],['Not Applicable'],['Not Applicable'],False,"['75 to 79', '65 to 69']",3.0
3001220302.0,2013-12-24 10:00:00,1645,2013,JAMESON AVE,KING ST W,Minor Arterial,Toronto and East York,43.63634,-79.435703,626180.6672,4832671.0787,Non Intersection,No Control,Clear,Daylight,Dry,85,South Parkdale,85,South Parkdale (85),Non-Fatal Injury,1,0,1,0,0,0,0,0,0,0,0,0,0,Pedestrian Collisions,"['Driver', 'Pedestrian']",South,"['Automobile, Station Wagon']",['Going Ahead'],['Driving Properly'],['Normal'],"['Crossing, no Traffic Control']",['Normal'],['Not Applicable'],['Not Applicable'],['Not Applicable'],False,"['75 to 79', '65 to 69']",3.0
3001223136.0,2023-05-30 08:00:00,1512,2023,HOLLAND PARK AV,OAKWOOD AV,Local,Toronto and East York,43.686377,-79.438388,625859.4889,4838224.2683,Intersection Related,Stop Sign,Clear,Daylight,Dry,107,Oakwood Village,107,Oakwood Village (107),Non-Fatal Injury,1,0,1,0,0,0,0,0,0,1,0,0,0,Pedestrian Collisions,"['Driver', 'Pedestrian']",East,['Pick Up Truck'],['Turning Left'],['Failed to Yield Right of Way'],['Normal'],"['Crossing, Pedestrian Crossover']",['Normal'],['Not Applicable'],['Not Applicable'],['Not Applicable'],False,['55 to 59'],3.0
3001224496.0,2023-05-30 08:00:00,1723,2023,DANFORTH AV,VICTORIA PARK AV,Major Arterial,Toronto and East York,43.691229,-79.288364,637939.8157,4839001.7779,Intersection Related,Traffic Signal,Clear,Daylight,Dry,61,Taylor-Massey,61,Taylor-Massey (61),Non-Fatal Injury,0,1,0,0,0,1,0,0,0,0,0,0,0,Unknown,"['Driver', 'Cyclist']",North,"['Municipal Transit Bus (TTC)', 'Bicycle']",['Going Ahead'],['Other'],['Normal'],['Not Applicable'],['Not Applicable'],['Cyclist and Driver travelling in same direction. One vehicle sideswipes the other.'],['Other'],['Unknown'],False,"['30 to 34', '60 to 64']",3.0
3001238664.0,2013-12-28 10:00:00,942,2013,ELLESMERE RD,DUNDALK DR,Major Arterial,Scarborough,43.765097,-79.283801,638137.6334,4847213.5109,At Intersection,Traffic Signal,Clear,Daylight,Wet,126,Dorset Park,126,Dorset Park (126),Non-Fatal Injury,0,0,1,0,0,0,0,1,0,1,0,0,0,Turning Movement,"['Driver', 'Passenger']",East,"['Automobile, Station Wagon']","['Turning Left', 'Going Ahead']","['Failed to Yield Right of Way', 'Driving Properly']",['Normal'],['Not Applicable'],['Not Applicable'],['Not Applicable'],['Not Applicable'],['Not Applicable'],False,"['75 to 79', '60 to 64', '30 to 34']",3.0
3001239733.0,2023-06-01 08:00:00,744,2023,REXDALE BV,QUEEN'S PLATE DR,Unknown,Unknown,43.716537,-79.592579,613375.3746,4841351.495,Intersection Related,Traffic Signal,Clear,Daylight,Dry,1,West Humber-Clairville,1,West Humber-Clairville (1),Non-Fatal Injury,1,0,0,0,1,0,0,1,0,0,0,0,0,Pedestrian Collisions,"['Truck Driver', 'Passenger', 'Pedestrian']",East,['Truck-Tractor'],['Going Ahead'],['Driving Properly'],['Normal'],['Not Applicable'],['Unknown'],['Not Applicable'],['Not Applicable'],['Not Applicable'],False,"['50 to 54', '35 to 39', '10 to 14']",3.0
3001254670.0,2023-06-02 08:00:00,1448,2023,MARLEE AVE,GLENCAIRN AVE,Major Arterial,North York,43.708998,-79.443813,625375.0984,4840728.4238,Non Intersection,No Control,Clear,Daylight,Dry,31,Yorkdale-Glen Park,31,Yorkdale-Glen Park (31),Non-Fatal Injury,1,0,1,0,0,0,0,0,0,0,0,0,0,Pedestrian Collisions,"['Driver', 'Pedestrian']",North,"['Automobile, Station Wagon']",['Going Ahead'],['Driving Properly'],['Normal'],"['Crossing, no Traffic Control']",['Normal'],['Not Applicable'],['Not Applicable'],['Not Applicable'],False,"['30 to 34', '45 to 49']",3.0