accident_number,date,time,year,street1,street2,road_class,district,latitude,longitude,x,y,accident_location,traffctl,visibility,light,road_surface_condition,hood_158,neighbourhood_new,hood_140,neighbourhood_old,accident_class,pedestrian,cyclist,automobile,motorcycle,truck,trsn_city_veh,emerg_veh,passenger,speeding,aggressive_driving,redlight,alcohol,disability,impact_type,involvement_type,initial_direction,vehicle_type,manoeuver,driver_action,driver_condition,pedestrian_action,pedestrian_condition,cyclist_type,cyclist_action,cyclist_condition,injury,involvement_age,injury_severity_score
3001524851.0,2023-07-01 08:00:00,1840,2023,BROCK AV,CROATIA ST,Major Arterial,Toronto and East York,43.657577,-79.438526,625908.576,4835025.4342,Intersection Related,Stop Sign,Clear,Daylight,Dry,83,Dufferin Grove,83,Dufferin Grove (83),Non-Fatal Injury,1,0,1,0,0,0,0,0,0,1,0,0,0,Pedestrian Collisions,"['Driver', 'Pedestrian']",North,"['Automobile, Station Wagon']",['Going Ahead'],['Failed to Yield Right of Way'],['Normal'],['Not Applicable'],['Unknown'],['Not Applicable'],['Not Applicable'],['Not Applicable'],False,"['50 to 54', '70 to 74']",3.0
3001535064.0,2023-07-03 08:00:00,26,2023,MORNINGSIDE AVE,MORNINGVIEW TRL,Minor Arterial,Scarborough,43.812186,-79.204555,644402.8085,4852578.751,Non Intersection,No Control,Clear,"Dark, artificial",Dry,146,Malvern East,132,Malvern (132),Fatal,1,0,0,0,0,0,0,0,0,0,0,1,0,Pedestrian Collisions,"['Pedestrian', 'Driver']",North,[],['Going Ahead'],['Driving Properly'],"['Ability Impaired, Alcohol Over .08']",['Crossing without right of way'],['Other'],['Not Applicable'],['Not Applicable'],['Not Applicable'],True,"['35 to 39', '25 to 29']",4.0
3001543521.0,2023-07-04 08:00:00,21,2023,ADELAIDE ST W,SPADINA AV,Major Arterial,North York,43.646742,-79.395534,629398.5139,4833888.2018,Intersection Related,Traffic Signal,Clear,"Dark, artificial",Dry,164,Wellington Place,77,Waterfront Communities-The Island (77),Non-Fatal Injury,0,1,1,0,0,0,0,0,1,1,0,0,0,Cyclist Collisions,"['Driver', 'Cyclist']",East,"['Automobile, Station Wagon', 'Bicycle']",['Going Ahead'],['Exceeding Speed Limit'],['Normal'],['Not Applicable'],['Not Applicable'],"['Motorist without ROW drives into path of cyclist at inter, lnwy, dwy-Driver not turn.']",['Not Applicable'],['Unknown'],False,"['25 to 29', '35 to 39']",3.0
3001553842.0,2023-07-05 08:00:00,235,2023,EGLINTON AV W,OAKWOOD AV,Major Arterial,Etobicoke York,43.697086,-79.443744,625405.4917,4839405.5349,Non Intersection,Traffic Signal,Clear,"Dark, artificial",Dry,107,Oakwood Village,107,Oakwood Village (107),Non-Fatal Injury,0,0,1,1,0,0,0,1,0,0,0,0,0,Turning Movement,"['Driver', 'Motorcycle Driver', 'Motorcycle Passenger']",West,"['Automobile, Station Wagon', 'Motorcycle']","['Turning Left', 'Going Ahead']",['Driving Properly'],"['Normal', 'Unknown']",['Not Applicable'],['Not Applicable'],['Not Applicable'],['Not Applicable'],['Not Applicable'],False,"['35 to 39', '20 to 24']",3.0
3001556354.0,2023-07-05 08:00:00,1028,2023,WESTON RD,HIGHWAY 401 X W,Major Arterial ,North York,43.713393,-79.536151,617927.1548,4841081.04,Intersection Related,Traffic Signal,Clear,Daylight,Dry,23,Pelmo Park-Humberlea,23,Pelmo Park-Humberlea (23),Non-Fatal Injury,0,1,1,0,0,0,0,1,0,0,0,0,0,Cyclist Collisions,"['Driver', 'Cyclist', 'Passenger']",South,"['Automobile, Station Wagon', 'Bicycle']","['Turning Right', 'Going Ahead']",['Improper Turn'],['Other'],['Not Applicable'],['Not Applicable'],['Motorist turning right on green or amber at signalized intersection strikes cyclist.'],['Driving Properly'],['Normal'],False,"['50 to 54', '20 to 24', '80 to 84']",3.0
3001558655.0,2023-07-05 08:00:00,1420,2023,THE EAST ML,THE QUEENSWAY,Minor Arterial,Etobicoke York,43.616427,-79.54626,617301.4711,4830297.3766,Intersection Related,Traffic Signal,Clear,Daylight,Dry,159,Etobicoke City Centre,14,Islington-City Centre West (14),Non-Fatal Injury,0,0,1,0,0,0,0,0,0,0,0,0,0,Turning Movement,['Driver'],North,"['Automobile, Station Wagon']","['Turning Left', 'Going Ahead']","['Improper Turn', 'Driving Properly']",['Normal'],['Not Applicable'],['Not Applicable'],['Not Applicable'],['Not Applicable'],['Not Applicable'],False,"['55 to 59', '60 to 64']",3.0
3001559884.0,2023-07-05 08:00:00,1625,2023,DUNDAS ST W,HIGH PARK AVE,Major Arterial,Toronto and East York,43.665408,-79.470348,623326.5686,4835847.3735,Intersection Related,Traffic Signal,Clear,Daylight,Dry,90,Junction Area,90,Junction Area (90),Fatal,1,0,1,0,0,0,0,0,0,0,0,0,0,Pedestrian Collisions,"['Pedestrian', 'Driver']",South,"['Automobile, Station Wagon']",['Going Ahead'],['Driving Properly'],['Normal'],['Running onto Roadway'],['Normal'],['Not Applicable'],['Not Applicable'],['Not Applicable'],True,"['5 to 9', '40 to 44']",4.0
3001561550.0,2023-07-05 08:00:00,1916,2023,DON VALLEY PY N,DON MILLS RD,Major Arterial,North York,43.700118,-79.337681,633945.5477,4839908.1675,Non Intersection,No Control,Clear,Daylight,Dry,58,Old East York,58,Old East York (58),Non-Fatal Injury,0,0,0,1,0,0,0,0,0,0,0,0,0,SMV Other,['Motorcycle Driver'],North,['Motorcycle'],['Slowing or Stopping'],['Driving Properly'],['Normal'],['Not Applicable'],['Not Applicable'],['Not Applicable'],['Not Applicable'],['Not Applicable'],False,['25 to 29'],3.0
3001562840.0,2023-07-05 08:00:00,2207,2023,WOBURN AV,YONGE ST,Major Arterial,Toronto and East York,43.728324,-79.403034,628619.1557,4842937.3361,Intersection Related,Stop Sign,Clear,"Dark, artificial",Dry,105,Lawrence Park North,105,Lawrence Park North (105),Non-Fatal Injury,0,0,1,1,0,0,0,0,0,1,0,0,0,Turning Movement,"['Driver', 'Motorcycle Driver']",East,"['Automobile, Station Wagon', 'Motorcycle']","['Turning Left', 'Going Ahead']","['Improper Turn', 'Driving Properly']",['Normal'],['Not Applicable'],['Not Applicable'],['Not Applicable'],['Not Applicable'],['Not Applicable'],False,"['90 to 94', '30 to 34']",3.0
3001598176.0,2023-07-09 08:00:00,2318,2023,WILLIAM R ALLEN RD,SHEPPARD AVE W,Major Arterial,North York,43.750254,-79.463359,623715.3819,4845281.118,Intersection Related,Traffic Signal,Clear,"Dark, artificial",Dry,155,Downsview,27,York University Heights (27),Non-Fatal Injury,0,0,1,0,0,1,0,1,0,1,1,0,0,Turning Movement,"['Driver', 'Passenger']",North,"['Municipal Transit Bus (TTC)', 'Automobile, Station Wagon']","['Turning Left', 'Going Ahead']","['Driving Properly', 'Disobeyed Traffic Control']","['Normal', 'Other']",['Not Applicable'],['Not Applicable'],['Not Applicable'],['Not Applicable'],['Not Applicable'],False,"['30 to 34', '20 to 24']",3.0
3001604371.0,2023-07-10 08:00:00,1700,2023,SHEPPARD AVE W,RIVALDA RD,Major Arterial,North York,43.734786,-79.533443,618103.2672,4843460.8899,Non Intersection,Traffic Signal,Clear,Daylight,Dry,23,Pelmo Park-Humberlea,22,Humbermede (22),Non-Fatal Injury,0,1,0,0,0,1,0,0,0,0,0,0,0,Cyclist Collisions,"['Cyclist', 'Driver']",East,"['Bicycle', 'Municipal Transit Bus (TTC)']","['Going Ahead', 'Stopped']",['Driving Properly'],['Normal'],['Not Applicable'],['Not Applicable'],['Cyclist strikes a parked vehicle.'],['Lost control'],['Normal'],False,"['65 to 69', '35 to 39']",3.0
3001611724.0,2023-07-11 08:00:00,1353,2023,HORNER AVE,THIRTIETH ST,Minor Arterial,Etobicoke York,43.604193,-79.533695,618339.3319,4828956.4701,Intersection Related,Traffic Signal,Clear,Daylight,Dry,20,Alderwood,20,Alderwood (20),Fatal,1,0,1,0,0,0,0,0,0,0,0,0,0,Pedestrian Collisions,"['Pedestrian', 'Driver']",North,['Pick Up Truck'],['Turning Left'],['Improper Turn'],['Normal'],['Crossing with right of way'],['Normal'],['Not Applicable'],['Not Applicable'],['Not Applicable'],True,"['65 to 69', '45 to 49']",4.0
3001614743.0,2023-07-11 08:00:00,2029,2023,EGLINTON AVE W,KANE AVE,Major Arterial,Toronto and East York,43.691306,-79.47002,623299.9573,4838724.1809,Non Intersection,No Control,Clear,Daylight,Dry,112,Beechborough-Greenbrook,112,Beechborough-Greenbrook (112),Non-Fatal Injury,1,0,1,0,0,0,0,0,0,0,0,0,0,Pedestrian Collisions,"['Driver', 'Pedestrian']",West,"['Automobile, Station Wagon']","['Going Ahead', 'Changing Lanes']","['Other', 'Driving Properly']","['Other', 'Normal']",['Other'],['Normal'],['Not Applicable'],['Not Applicable'],['Not Applicable'],False,"['50 to 54', '30 to 34', '25 to 29', '55 to 59']",3.0
3001620861.0,2023-07-12 08:00:00,1507,2023,LAKE SHORE BLVD W,ISLINGTON AVE,Major Arterial,Etobicoke York,43.600844,-79.505313,620636.6375,4828625.3534,Non Intersection,Traffic Signal,Clear,Daylight,Dry,18,New Toronto,18,New Toronto (18),Non-Fatal Injury,0,0,1,1,0,0,0,0,0,0,0,0,0,Turning Movement,"['Driver', 'Motorcycle Driver']",South,"['Automobile, Station Wagon', 'Motorcycle']","['Making U Turn', 'Going Ahead']","['Improper Turn', 'Driving Properly']",['Normal'],['Not Applicable'],['Not Applicable'],['Not Applicable'],['Not Applicable'],['Not Applicable'],False,"['60 to 64', '55 to 59']",3.0
3001621816.0,2023-07-12 08:00:00,1700,2023,QUEEN ST W,DOVERCOURT RD,Major Arterial,Toronto and East York,43.643496,-79.422374,627240.7269,4833486.1925,Intersection Related,Traffic Signal,Clear,Daylight,Dry,162,West Queen West,81,Trinity-Bellwoods (81),Non-Fatal Injury,0,0,1,0,0,0,0,0,1,1,0,0,0,Cyclist Collisions,['Driver'],West,"['Automobile, Station Wagon']",['Going Ahead'],['Exceeding Speed Limit'],['Normal'],['Not Applicable'],['Not Applicable'],['Not Applicable'],['Not Applicable'],['Not Applicable'],False,['50 to 54'],3.0
3001622602.0,2023-07-12 08:00:00,1840,2023,1176 YONGE ST,SCRIVENER SQ,Major Arterial,Toronto and East York,43.680724,-79.391055,629686.5515,4837669.3494,Non Intersection,Missing Control,Clear,Daylight,Dry,95,Annex,95,Annex (95),Non-Fatal Injury,0,1,1,0,0,0,0,0,0,1,0,0,0,Other,"['Cyclist', 'Driver']",South,"['Bicycle', 'Automobile, Station Wagon']",['Going Ahead'],['Following too Close'],['Normal'],['Not Applicable'],['Not Applicable'],['Insufficient information (to determine cyclist crash type).'],['Driving Properly'],['Normal'],False,['30 to 34'],3.0
3001623085.0,2023-07-12 08:00:00,1957,2023,SPADINA RD,SILVERWOOD AVE,Minor Arterial,Toronto and East York,43.695891,-79.415691,627668.6029,4839315.6254,At Intersection,No Control,Clear,"Daylight, artificial",Dry,101,Forest Hill South,101,Forest Hill South (101),Fatal,0,0,1,0,0,0,0,0,1,1,0,0,1,SMV Other,['Driver'],South,"['Automobile, Station Wagon']",['Going Ahead'],['Exceeding Speed Limit'],['Medical or Physical Disability'],['Not Applicable'],['Not Applicable'],['Not Applicable'],['Not Applicable'],['Not Applicable'],True,['70 to 74'],4.0
3001627049.0,2023-07-13 08:00:00,1020,2023,1085 ROYAL YORK RD,THE KINGSWAY,Local,Etobicoke York,43.654132,-79.514278,619807.1533,4834530.6631,Non Intersection,Stop Sign,Clear,Daylight,Dry,15,Kingsway South,15,Kingsway South (15),Non-Fatal Injury,0,0,0,0,0,1,0,1,0,0,0,0,0,SMV Other,"['Driver', 'Passenger']",North,['Municipal Transit Bus (TTC)'],['Slowing or Stopping'],['Driving Properly'],['Normal'],['Not Applicable'],['Not Applicable'],['Not Applicable'],['Not Applicable'],['Not Applicable'],False,"['50 to 54', '75 to 79']",3.0
3001644736.0,2023-07-15 08:00:00,1135,2023,DANFORTH RD,TRUDELLE ST,Major Arterial,Scarborough,43.739924,-79.245502,641279.5973,4844482.2673,Intersection Related,Traffic Signal,Clear,Daylight,Wet,138,Eglinton East,138,Eglinton East (138),Non-Fatal Injury,0,0,1,1,0,0,0,1,0,1,0,0,0,Turning Movement,"['Driver', 'Motorcycle Driver', 'Motorcycle Passenger']",North,"['Pick Up Truck', 'Motorcycle']","['Turning Left', 'Going Ahead']","['Improper Turn', 'Driving Properly']",['Normal'],['Not Applicable'],['Not Applicable'],['Not Applicable'],['Not Applicable'],['Not Applicable'],False,"['60 to 64', '20 to 24']",3.0
3001648805.0,2023-07-15 08:00:00,2129,2023,CALEDONIA RD,LOTHERTON PTWY,Minor Arterial,North York,43.707427,-79.465572,623625.2862,4840521.2636,At/Near Private Drive,No Control,Rain,Dark,Wet,31,Yorkdale-Glen Park,31,Yorkdale-Glen Park (31),Non-Fatal Injury,0,0,1,1,0,0,0,0,0,1,0,0,0,Turning Movement,"['Driver', 'Motorcycle Driver']",East,"['Automobile, Station Wagon', 'Motorcycle']","['Turning Left', 'Going Ahead']","['Failed to Yield Right of Way', 'Driving Properly']",['Normal'],['Not Applicable'],['Not Applicable'],['Not Applicable'],['Not Applicable'],['Not Applicable'],False,"['30 to 34', '15 to 19']",3.0
3001649078.0,2023-07-15 08:00:00,2200,2023,JANE ST,STEELES AV W,Major Arterial,North York,43.775313,-79.521693,618969.1794,4847978.8224,Intersection Related,Traffic Signal,Rain,"Dark, artificial",Wet,24,Black Creek,24,Black Creek (24),Non-Fatal Injury,1,0,1,0,0,0,0,0,0,0,0,0,0,Pedestrian Collisions,"['Driver', 'Pedestrian']",North,"['Automobile, Station Wagon']",['Turning Left'],['Improper Turn'],['Normal'],['Crossing with right of way'],['Normal'],['Not Applicable'],['Not Applicable'],['Not Applicable'],False,"['35 to 39', '20 to 24']",3.0
3001681349.0,2023-07-19 08:00:00,1758,2023,CALEDONIA RD,KEITH AV,Minor Arterial,Toronto and East York,43.690676,-79.461223,624010.2058,4838667.3288,Intersection Related,Stop Sign,Clear,Daylight,Dry,109,Caledonia-Fairbank,109,Caledonia-Fairbank (109),Non-Fatal Injury,0,1,1,0,0,0,0,0,0,1,0,0,0,Cyclist Collisions,"['Driver', 'Cyclist']",South,"['Automobile, Station Wagon', 'Bicycle']",['Going Ahead'],['Failed to Yield Right of Way'],['Other'],['Not Applicable'],['Not Applicable'],"['Motorist without ROW drives into path of cyclist at inter, lnwy, dwy-Driver not turn.']",['Driving Properly'],['Normal'],False,"['35 to 39', '60 to 64']",3.0
3001682522.0,2023-07-19 08:00:00,2037,2023,VICTORIA PARK AVE,CLINTWOOD GT,Major Arterial,North York,43.748763,-79.312076,635898.714,4845352.5927,Intersection Related,Stop Sign,Clear,Daylight,Dry,119,Wexford/Maryvale,119,Wexford/Maryvale (119),Fatal,0,0,0,1,0,0,0,0,1,1,0,0,0,SMV Other,['Motorcycle Driver'],South,['Motorcycle'],['Going Ahead'],['Exceeding Speed Limit'],[],['Not Applicable'],['Not Applicable'],['Not Applicable'],['Not Applicable'],['Not Applicable'],True,['35 to 39'],4.0
3001688296.0,2023-07-20 08:00:00,1427,2023,YONGE ST,CHAPLIN CR,Major Arterial,Toronto and East York,43.698306,-79.396602,629201.6828,4839613.4141,Intersection Related,Traffic Signal,Clear,Daylight,Dry,174,South Eglinton-Davisville,104,Mount Pleasant West (104),Non-Fatal Injury,1,0,1,0,0,0,0,1,1,1,0,0,0,Pedestrian Collisions,"['Driver', 'Passenger', 'Pedestrian']",South,['Passenger Van'],['Going Ahead'],['Lost control'],['Normal'],['On Sidewalk or Shoulder'],['Normal'],['Not Applicable'],['Not Applicable'],['Not Applicable'],False,"['35 to 39', '30 to 34', '45 to 49']",3.0
3001713995.0,2023-07-23 08:00:00,1400,2023,SIMCOE ST,NELSON ST,Collector,Toronto and East York,43.649031,-79.386791,630098.6933,4834156.0945,At/Near Private Drive,Missing Control,Clear,Daylight,Dry,164,Wellington Place,77,Waterfront Communities-The Island (77),Non-Fatal Injury,1,0,1,0,0,0,0,1,0,0,0,0,0,Pedestrian Collisions,"['Driver', 'Pedestrian', 'Passenger']",West,['Delivery Van'],['Going Ahead'],['Driving Properly'],['Normal'],['Other'],['Other'],['Not Applicable'],['Not Applicable'],['Not Applicable'],False,"['25 to 29', '35 to 39', '20 to 24']",3.0
3001717343.0,2023-07-23 08:00:00,2331,2023,KEELE ST,TORO RD,Major Arterial,North York,43.759829,-79.490047,621547.32,4846305.0501,Intersection Related,Traffic Signal,Clear,"Dark, artificial",Dry,27,York University Heights,27,York University Heights (27),Non-Fatal Injury,0,0,1,0,0,0,0,1,0,0,0,0,0,Rear End,"['Driver', 'Passenger']",South,"['Automobile, Station Wagon']",['Stopped'],['Driving Properly'],['Normal'],['Not Applicable'],['Not Applicable'],['Not Applicable'],['Not Applicable'],['Not Applicable'],False,"['20 to 24', '10 to 14', '5 to 9', '35 to 39']",3.0
3001723451.0,2023-07-24 08:00:00,1730,2023,MORNINGSIDE AV,ELLESMERE RD,Major Arterial,Scarborough,43.781237,-79.191631,645517.3753,4849164.0012,Non Intersection,No Control,Rain,Daylight,Wet,135,Morningside,135,Morningside (135),Non-Fatal Injury,0,0,1,0,0,0,0,0,1,1,0,0,0,SMV Other,['Driver'],South,"['Automobile, Station Wagon']",['Going Ahead'],['Speed too Fast For Condition'],['Normal'],['Not Applicable'],['Not Applicable'],['Not Applicable'],['Not Applicable'],['Not Applicable'],False,['20 to 24'],3.0
3001727076.0,2023-07-25 08:00:00,633,2023,KIPLING AV,KINGSVIEW BV,Major Arterial,Etobicoke York,43.696643,-79.559734,616059.6206,4839187.4436,Intersection Related,Traffic Signal,Clear,Daylight,Dry,6,Kingsview Village-The Westway,6,Kingsview Village-The Westway (6),Non-Fatal Injury,0,0,1,0,0,0,0,0,1,1,0,0,0,Approaching,['Driver'],North,"['Automobile, Station Wagon', 'Passenger Van']",['Going Ahead'],"['Lost control', 'Driving Properly']","['Other', 'Normal']",['Not Applicable'],['Not Applicable'],['Not Applicable'],['Not Applicable'],['Not Applicable'],False,"['20 to 24', '50 to 54']",3.0
3001736827.0,2023-07-26 08:00:00,957,2023,QUEEN'S DR,ARKWRIGHT ST,Local,North York,43.709563,-79.496211,621152.4493,4840713.2615,Intersection Related,Stop Sign,Clear,Daylight,Dry,28,Rustic,28,Rustic (28),Non-Fatal Injury,0,1,0,0,0,0,0,0,0,1,0,0,0,Cyclist Collisions,['Cyclist'],East,['Bicycle'],"['Turning Left', 'Going Ahead']",[],[],['Not Applicable'],['Not Applicable'],['Cyclist turned left across motorists path.'],"['Disobeyed Traffic Control', 'Driving Properly']",['Normal'],False,"['50 to 54', '30 to 34']",3.0
3001739879.0,2023-07-22 08:00:00,1830,2023,95 QUEENS QUAY E,COOPER ST,Minor Arterial,Unknown,43.643103,-79.371051,631380.9962,4833522.5091,Non Intersection,Missing Control,Clear,Daylight,Dry,166,St Lawrence-East Bayfront-The Islands,77,Waterfront Communities-The Island (77),Non-Fatal Injury,1,0,0,0,0,0,0,0,0,0,0,0,0,Pedestrian Collisions,"['Driver', 'Pedestrian']",East,['Unknown'],['Going Ahead'],[],['Unknown'],['Crossing with right of way'],['Normal'],['Not Applicable'],['Not Applicable'],['Not Applicable'],False,"['60 to 64', '55 to 59']",3.0
3001751416.0,2023-07-27 08:00:00,2322,2023,MARKHAM RD,BLAKEMANOR BV,Major Arterial,Scarborough,43.751025,-79.222263,643124.4631,4845755.0962,Non Intersection,Missing Control,Clear,"Dark, artificial",Dry,141,Golfdale-Cedarbrae-Woburn,137,Woburn (137),Non-Fatal Injury,0,0,1,0,0,0,0,1,1,1,0,0,0,Rear End,"['Driver', 'Passenger']",North,"['Automobile, Station Wagon']","['Changing Lanes', 'Going Ahead']","['Exceeding Speed Limit', 'Driving Properly']","['Had Been Drinking', 'Unknown', 'Normal']",['Not Applicable'],['Not Applicable'],['Not Applicable'],['Not Applicable'],['Not Applicable'],False,"['20 to 24', '25 to 29', '30 to 34', '45 to 49', '55 to 59']",3.0
3001759851.0,2023-07-28 08:00:00,2218,2023,WARDEN AVE,ELLESMERE RD,Major Arterial,Scarborough,43.761122,-79.300716,636785.1817,4846743.9479,Non Intersection,No Control,Clear,Dark,Dry,119,Wexford/Maryvale,119,Wexford/Maryvale (119),Fatal,1,0,1,0,0,0,0,0,0,0,0,0,0,Pedestrian Collisions,"['Pedestrian', 'Driver']",South,"['Automobile, Station Wagon']",['Going Ahead'],['Driving Properly'],['Normal'],"['Crossing, no Traffic Control']",['Normal'],['Not Applicable'],['Not Applicable'],['Not Applicable'],True,"['50 to 54', '30 to 34']",4.0
3001762588.0,2023-07-29 08:00:00,954,2023,LESLIE ST,LAKE SHORE BLVD E,Minor Arterial,Toronto and East York,43.658988,-79.328265,634796.349,4835355.3699,Non Intersection,Missing Control,Rain,Daylight,Wet,70,South Riverdale,70,South Riverdale (70),Non-Fatal Injury,0,1,0,0,1,0,0,0,0,0,0,0,0,Rear End,"['Cyclist', 'Truck Driver']",South,"['Bicycle', 'Truck - Dump']",['Going Ahead'],['Driving Properly'],['Normal'],['Not Applicable'],['Not Applicable'],['Cyclist and Driver travelling in same direction. One vehicle rear-ended the other.'],['Lost control'],['Normal'],False,"['15 to 19', 'unknown']",3.0
3001764047.0,2023-07-29 08:00:00,1407,2023,DIXON RD,MARTIN GROVE RD,Major Arterial,Etobicoke York,43.691519,-79.570796,615178.0237,4838602.9307,Non Intersection,Traffic Signal,Rain,Daylight,Wet,1,West Humber-Clairville,1,West Humber-Clairville (1),Fatal,0,0,1,0,0,0,0,0,0,0,0,0,0,SMV Other,['Driver'],North,['Pick Up Truck'],['Going Ahead'],['Other'],['Other'],['Not Applicable'],['Not Applicable'],['Not Applicable'],['Not Applicable'],['Not Applicable'],True,['30 to 34'],4.0
3001772212.0,2023-07-29 08:00:00,2210,2023,COLLEGE ST,HURON ST,Major Arterial,Toronto and East York,43.658267,-79.398166,629161.5351,4835164.1037,Intersection Related,Traffic Signal,Clear,Daylight,Dry,78,Kensington-Chinatown,79,University (79),Non-Fatal Injury,0,0,1,0,0,0,0,0,0,0,0,0,0,Turning Movement,['Driver'],West,"['Automobile, Station Wagon', 'Unknown']","['Turning Right', 'Going Ahead']","['Improper Turn', 'Driving Properly']",['Normal'],['Not Applicable'],['Not Applicable'],['Not Applicable'],['Not Applicable'],['Not Applicable'],False,"['60 to 64', '15 to 19']",3.0
3001801230.0,2023-08-03 08:00:00,1,2023,WESTON RD,BLACK CREEK DR,Major Arterial,Etobicoke York,43.683367,-79.480281,622489.1816,4837827.2416,Intersection Related,Traffic Signal,Clear,"Dark, artificial",Dry,111,Rockcliffe-Smythe,111,Rockcliffe-Smythe (111),Non-Fatal Injury,0,0,1,0,0,0,0,0,0,1,1,0,0,Turning Movement,['Driver'],South,"['Automobile, Station Wagon']",['Turning Left'],['Disobeyed Traffic Control'],['Other'],['Not Applicable'],['Not Applicable'],['Not Applicable'],['Not Applicable'],['Not Applicable'],False,['30 to 34'],3.0
3001810408.0,2023-08-04 08:00:00,110,2023,LAWRENCE AVE E,BIRCHMOUNT RD,Major Arterial,Scarborough,43.748374,-79.280528,638439.6427,4845361.6314,At/Near Private Drive,Missing Control,Rain,"Dark, artificial",Wet,126,Dorset Park,126,Dorset Park (126),Non-Fatal Injury,1,0,1,0,0,0,0,0,0,1,0,0,0,Pedestrian Collisions,"['Driver', 'Pedestrian']",East,"['Automobile, Station Wagon']",['Going Ahead'],['Failed to Yield Right of Way'],['Normal'],['Other'],['Other'],['Not Applicable'],['Not Applicable'],['Not Applicable'],False,"['20 to 24', '0 to 4']",3.0
3001816584.0,2023-08-04 08:00:00,1848,2023,VAUGHAN RD,ATLAS AVE,Minor Arterial,Toronto and East York,43.689055,-79.433704,626231.3859,4838528.8161,Non Intersection,No Control,Clear,Daylight,Dry,107,Oakwood Village,107,Oakwood Village (107),Fatal,1,0,1,0,0,0,0,0,0,0,0,0,0,Pedestrian Collisions,"['Pedestrian', 'Driver']",West,['Pick Up Truck'],['Going Ahead'],['Driving Properly'],['Normal'],"['Crossing, no Traffic Control']",['Other'],['Not Applicable'],['Not Applicable'],['Not Applicable'],True,"['80 to 84', '65 to 69']",4.0
3001817720.0,2023-08-04 08:00:00,2141,2023,KINGSTON RD,KALMAR AVE,Major Arterial,Scarborough,43.689719,-79.267925,639590.5067,4838868.2755,Intersection Related,No Control,Clear,"Daylight, artificial",Dry,122,Birchcliffe-Cliffside,122,Birchcliffe-Cliffside (122),Non-Fatal Injury,1,0,0,0,0,0,0,0,0,0,0,0,0,Pedestrian Collisions,['Pedestrian'],West,[],['Going Ahead'],[],[],"['Crossing, no Traffic Control']",['Normal'],['Not Applicable'],['Not Applicable'],['Not Applicable'],False,['65 to 69'],3.0
3001826353.0,2023-08-05 08:00:00,2200,2023,LESLIE ST,SHEPPARD AV E,Major Arterial,North York,43.771666,-79.364131,631657.3557,4847812.2315,Intersection Related,Traffic Signal,Clear,"Dusk, artificial",Dry,47,Don Valley Village,52,Bayview Village (52),Non-Fatal Injury,1,0,1,0,0,0,0,0,0,0,0,0,0,Pedestrian Collisions,"['Driver', 'Pedestrian']",North,"['Automobile, Station Wagon']",['Turning Right'],['Other'],['Normal'],['Other'],['Normal'],['Not Applicable'],['Not Applicable'],['Not Applicable'],False,['25 to 29'],3.0
3001831500.0,2023-08-06 08:00:00,1534,2023,STEELES AVE W,EMERALD LANE,Major Arterial,North York,43.793448,-79.440997,625425.4435,4850112.1076,Intersection Related,Traffic Signal,Clear,Daylight,Dry,36,Newtonbrook West,36,Newtonbrook West (36),Non-Fatal Injury,0,0,1,1,0,0,0,1,0,0,0,0,0,Turning Movement,"['Driver', 'Motorcycle Driver', 'Passenger']",East,"['Automobile, Station Wagon', 'Motorcycle']","['Turning Left', 'Going Ahead']",['Improper Turn'],"['Normal', 'Unknown']",['Not Applicable'],['Not Applicable'],['Not Applicable'],['Not Applicable'],['Not Applicable'],False,"['45 to 49', '25 to 29', '50 to 54', '5 to 9', '15 to 19']",3.0
3001847275.0,2023-08-08 08:00:00,1643,2023,QUEEN ST E,SAULTER ST,Major Arterial,Toronto and East York,43.659426,-79.347415,633251.2483,4835373.0818,Non Intersection,Missing Control,Clear,Daylight,Dry,70,South Riverdale,70,South Riverdale (70),Non-Fatal Injury,1,0,1,0,0,0,0,0,0,0,0,0,0,Pedestrian Collisions,"['Driver', 'Pedestrian']",West,"['Automobile, Station Wagon']",['Going Ahead'],['Driving Properly'],['Normal'],['Crossing without right of way'],['Normal'],['Not Applicable'],['Not Applicable'],['Not Applicable'],False,"['45 to 49', '25 to 29']",3.0
3001857283.0,2023-08-09 08:00:00,1958,2023,QUEEN ST E,LEWIS ST,Minor Arterial,Toronto and East York,43.659156,-79.348621,633154.6018,4835341.1585,Non Intersection,Stop Sign,Clear,"Dark, artificial",Dry,70,South Riverdale,70,South Riverdale (70),Non-Fatal Injury,1,0,0,0,0,1,0,0,0,0,0,0,0,Pedestrian Collisions,"['Driver', 'Pedestrian']",West,['Street Car'],['Going Ahead'],['Driving Properly'],['Normal'],['Running onto Roadway'],['Other'],['Not Applicable'],['Not Applicable'],['Not Applicable'],False,"['30 to 34', '45 to 49']",3.0
3001857549.0,2023-08-09 08:00:00,2039,2023,BLOOR ST W,ST GEORGE ST,Minor Arterial,Toronto and East York,43.667041,-79.399646,629023.3996,4836136.2701,Non Intersection,Traffic Signal,Clear,Dark,Dry,79,University,79,University (79),Non-Fatal Injury,0,1,1,0,0,0,0,1,0,0,0,0,0,Cyclist Collisions,"['Driver', 'Cyclist', 'Passenger']",North,"['Automobile, Station Wagon', 'Bicycle']","['Stopped', 'Going Ahead']",['Driving Properly'],['Normal'],['Not Applicable'],['Not Applicable'],['Insufficient information (to determine cyclist crash type).'],['Driving Properly'],['Normal'],False,"['40 to 44', '20 to 24']",3.0