accident_number,date,time,year,street1,street2,road_class,district,latitude,longitude,x,y,accident_location,traffctl,visibility,light,road_surface_condition,hood_158,neighbourhood_new,hood_140,neighbourhood_old,accident_class,pedestrian,cyclist,automobile,motorcycle,truck,trsn_city_veh,emerg_veh,passenger,speeding,aggressive_driving,redlight,alcohol,disability,impact_type,involvement_type,initial_direction,vehicle_type,manoeuver,driver_action,driver_condition,pedestrian_action,pedestrian_condition,cyclist_type,cyclist_action,cyclist_condition,injury,involvement_age,injury_severity_score
3001860153.0,2023-08-10 08:00:00,750,2023,STEELES AV E,MCCOWAN RD,Major Arterial,Scarborough,43.830779,-79.27634,638586.2411,4854521.0228,Non Intersection,No Control,Clear,Daylight,Dry,NSA,NSA,NSA,NSA,Non-Fatal Injury,0,0,1,0,0,0,0,1,0,0,0,0,0,Rear End,"['Driver', 'Passenger']",West,"['Automobile, Station Wagon']",['Going Ahead'],"['Lost control', 'Driving Properly']","['Other', 'Normal']",['Not Applicable'],['Not Applicable'],['Not Applicable'],['Not Applicable'],['Not Applicable'],False,"['35 to 39', '55 to 59', '25 to 29', '50 to 54']",3.0
3001869877.0,2023-08-11 08:00:00,1128,2023,THE POND RD,IAN MACDONALD BV,Minor Arterial,Etobicoke York,43.772445,-79.511364,619806.1555,4847675.181,Unknown,Traffic Signal,Clear,Daylight,Dry,27,York University Heights,27,York University Heights (27),Non-Fatal Injury,1,0,1,0,0,0,0,0,0,0,0,0,0,Pedestrian Collisions,"['Driver', 'Pedestrian']",East,"['Automobile, Station Wagon']",['Going Ahead'],['Driving Properly'],['Normal'],['Not Applicable'],['Unknown'],['Not Applicable'],['Not Applicable'],['Not Applicable'],False,"['30 to 34', '35 to 39']",3.0
3001871981.0,2023-08-11 08:00:00,1555,2023,DUNDAS ST W,LANSDOWNE AV,Minor Arterial,North York,43.650172,-79.4397,625829.3744,4834201.2317,Intersection Related,Traffic Signal,Clear,Daylight,Dry,83,Dufferin Grove,83,Dufferin Grove (83),Non-Fatal Injury,0,1,1,0,0,0,0,0,0,1,1,0,0,Cyclist Collisions,"['Cyclist', 'Driver']",South,"['Bicycle', 'Automobile, Station Wagon']",['Going Ahead'],['Disobeyed Traffic Control'],['Other'],['Not Applicable'],['Not Applicable'],['Cyclist turned left across motorists path.'],['Improper Turn'],['Other'],False,"['15 to 19', '35 to 39']",3.0
3001877674.0,2013-10-10 08:00:00,837,2013,YORK MILLS RD,SILVERDALE CRES,Major Arterial,North York,43.757044,-79.34135,633523.3531,4846224.711,At Intersection,Traffic Signal,Rain,"Daylight, artificial",Dry,149,Parkwoods-O'Connor Hills,45,Parkwoods-Donalda (45),Non-Fatal Injury,1,0,1,0,0,0,0,0,0,1,0,0,0,Pedestrian Collisions,"['Driver', 'Pedestrian']",South,"['Automobile, Station Wagon']",['Turning Left'],['Failed to Yield Right of Way'],['Unknown'],['Crossing with right of way'],['Unknown'],['Not Applicable'],['Not Applicable'],['Not Applicable'],False,"['50 to 54', '25 to 29']",3.0
3001880373.0,2023-08-12 08:00:00,1740,2023,SHEPPARD AV W,BATHURST ST,Major Arterial,North York,43.755465,-79.438442,625710.5627,4845897.3927,At Intersection,Traffic Signal,Clear,Daylight,Dry,34,Bathurst Manor,34,Bathurst Manor (34),Non-Fatal Injury,1,0,1,0,0,0,0,0,0,1,0,0,0,Pedestrian Collisions,"['Driver', 'Pedestrian']",East,"['Automobile, Station Wagon']","['Turning Left', 'Going Ahead']","['Failed to Yield Right of Way', 'Driving Properly']",['Normal'],['On Sidewalk or Shoulder'],"['Normal', 'Unknown']",['Not Applicable'],['Not Applicable'],['Not Applicable'],False,"['20 to 24', '25 to 29', '45 to 49']",3.0
3001889840.0,2023-08-13 08:00:00,2256,2023,BEECHBOROUGH AV,KEELE ST,Collector,Toronto and East York,43.694358,-79.474788,622909.4697,4839056.0687,Intersection Related,Traffic Signal,Clear,Dark,Dry,112,Beechborough-Greenbrook,112,Beechborough-Greenbrook (112),Non-Fatal Injury,0,0,1,1,0,0,0,0,0,0,0,0,0,Turning Movement,"['Driver', 'Motorcycle Driver']",North,"['Automobile, Station Wagon', 'Motorcycle']","['Turning Left', 'Going Ahead']","['Improper Turn', 'Driving Properly']",['Normal'],['Not Applicable'],['Not Applicable'],['Not Applicable'],['Not Applicable'],['Not Applicable'],False,"['55 to 59', '30 to 34']",3.0
3001897484.0,2023-08-14 08:00:00,2047,2023,YONGE ST,ROXBOROUGH ST E,Collector,Toronto and East York,43.678099,-79.388713,629880.9906,4837381.4721,Intersection Related,Stop Sign,Clear,"Dark, artificial",Dry,98,Rosedale-Moore Park,98,Rosedale-Moore Park (98),Non-Fatal Injury,0,0,1,0,0,0,0,0,0,0,0,0,0,SMV Other,['Driver'],North,"['Automobile, Station Wagon', 'Unknown']","['Turning Left', 'Going Ahead']","['Improper Turn', 'Driving Properly']",['Normal'],['Not Applicable'],['Not Applicable'],['Not Applicable'],['Not Applicable'],['Not Applicable'],False,"['55 to 59', '35 to 39']",3.0
3001904810.0,2023-08-15 08:00:00,1817,2023,500 THE EAST ML,FOUR SEASONS PL,Minor Arterial,Etobicoke York,43.651225,-79.562495,615924.5442,4834139.3192,At/Near Private Drive,No Control,Clear,Daylight,Dry,158,Islington,14,Islington-City Centre West (14),Non-Fatal Injury,0,0,1,0,0,0,0,0,1,1,0,0,0,SMV Other,['Driver'],South,"['Automobile, Station Wagon']",['Going Ahead'],['Exceeding Speed Limit'],['Other'],['Not Applicable'],['Not Applicable'],['Not Applicable'],['Not Applicable'],['Not Applicable'],False,['15 to 19'],3.0
3001922494.0,2023-08-17 08:00:00,2036,2023,EGLINTON AV E,MARKHAM RD,Major Arterial,Scarborough,43.743186,-79.218883,643415.309,4844890.3017,Intersection Related,Traffic Signal,Clear,"Dusk, artificial",Dry,139,Scarborough Village,139,Scarborough Village (139),Non-Fatal Injury,1,0,1,0,0,0,0,1,0,0,0,0,0,Pedestrian Collisions,"['Driver', 'Passenger', 'Pedestrian']",East,"['Automobile, Station Wagon']",['Going Ahead'],['Driving Properly'],['Normal'],['Crossing marked crosswalk without ROW'],['Had Been Drinking'],['Not Applicable'],['Not Applicable'],['Not Applicable'],False,"['45 to 49', '10 to 14']",3.0
3001923294.0,2023-08-17 08:00:00,2246,2023,F G GARDINER XY E,ISLINGTON AV,Expressway,Etobicoke York,43.619677,-79.5163,619712.4978,4830701.0864,Non Intersection,No Control,Rain,"Dark, artificial",Wet,160,Mimico-Queensway,17,Mimico (includes Humber Bay Shores) (17),Non-Fatal Injury,0,0,1,0,0,0,0,1,1,1,0,1,0,Rear End,"['Driver', 'Passenger']",East,"['Automobile, Station Wagon', 'Passenger Van']",['Going Ahead'],"['Speed too Fast For Condition', 'Driving Properly']","['Ability Impaired, Alcohol Over .08', 'Normal']",['Not Applicable'],['Not Applicable'],['Not Applicable'],['Not Applicable'],['Not Applicable'],False,"['20 to 24', '25 to 29', '30 to 34']",3.0
3001923363.0,2023-08-17 08:00:00,2255,2023,JANE ST,EXBURY RD,Major Arterial,North York,43.728415,-79.510494,619964.1058,4842786.2656,Non Intersection,Traffic Signal,Rain,"Dark, artificial",Wet,154,Oakdale-Beverley Heights,26,Downsview-Roding-CFB (26),Non-Fatal Injury,0,0,1,0,0,0,0,0,1,1,0,0,0,Approaching,['Driver'],North,"['Automobile, Station Wagon']","['Other', 'Going Ahead']","['Speed too Fast For Condition', 'Driving Properly']",['Normal'],['Not Applicable'],['Not Applicable'],['Not Applicable'],['Not Applicable'],['Not Applicable'],False,"['25 to 29', '30 to 34']",3.0
3001924743.0,2023-08-18 08:00:00,630,2023,EGLINTON AVE E,BRIMLEY RD,Major Arterial,Scarborough,43.736705,-79.248058,641081.3352,4844120.3932,Non Intersection,Missing Control,Clear,Dawn,Dry,138,Eglinton East,138,Eglinton East (138),Non-Fatal Injury,1,0,1,0,0,0,0,0,0,0,0,0,0,Pedestrian Collisions,"['Driver', 'Pedestrian']",West,['Pick Up Truck'],['Going Ahead'],['Driving Properly'],['Normal'],['Crossing without right of way'],['Other'],['Not Applicable'],['Not Applicable'],['Not Applicable'],False,['25 to 29'],3.0
3001930218.0,2023-08-18 08:00:00,1943,2023,MERTON ST,MOUNT PLEASANT RD,Major Arterial,Toronto and East York,43.69818,-79.386447,630020.2525,4839615.2948,Intersection Related,Traffic Signal,Clear,"Dark, artificial",Dry,99,Mount Pleasant East,99,Mount Pleasant East (99),Non-Fatal Injury,0,0,1,1,0,0,0,0,0,0,0,0,0,Turning Movement,"['Driver', 'Motorcycle Driver']",North,"['Automobile, Station Wagon', 'Motorcycle']","['Turning Left', 'Going Ahead']","['Improper Turn', 'Driving Properly']","['Normal', 'Unknown']",['Not Applicable'],['Not Applicable'],['Not Applicable'],['Not Applicable'],['Not Applicable'],False,['25 to 29'],3.0
3001940328.0,2023-08-20 08:00:00,305,2023,BAY ST,BLOOR ST,Major Arterial,Toronto and East York,43.669673,-79.389476,629837.6565,4836444.4564,Intersection Related,Traffic Signal,Clear,Dark,Dry,169,Bay-Cloverhill,95,Annex (95),Non-Fatal Injury,1,0,1,0,0,0,0,1,1,1,0,0,0,Pedestrian Collisions,"['Driver', 'Passenger', 'Pedestrian']",South,"['Automobile, Station Wagon']",['Going Ahead'],['Driving Properly'],['Normal'],['Crossing without right of way'],['Normal'],['Not Applicable'],['Not Applicable'],['Not Applicable'],False,"['25 to 29', '20 to 24', '50 to 54']",3.0
3001959767.0,2023-08-22 08:00:00,1451,2023,KING ST W,JAMESON AVE,Major Arterial,Toronto and East York,43.637026,-79.436343,626127.6072,4832746.2951,Non Intersection,Traffic Signal,Clear,Daylight,Dry,85,South Parkdale,85,South Parkdale (85),Non-Fatal Injury,1,0,1,0,0,0,0,0,0,1,0,0,0,Pedestrian Collisions,"['Driver', 'Pedestrian']",East,"['Automobile, Station Wagon']",['Going Ahead'],['Failed to Yield Right of Way'],['Other'],['Crossing with right of way'],['Normal'],['Not Applicable'],['Not Applicable'],['Not Applicable'],False,"['25 to 29', '50 to 54']",3.0
3001964542.0,2023-08-23 08:00:00,545,2023,WESTON RD,SHEPPARD AVE W,Major Arterial,North York,43.733752,-79.538196,617722.5266,4843339.2858,Intersection Related,Traffic Signal,Clear,Daylight,Dry,23,Pelmo Park-Humberlea,22,Humbermede (22),Non-Fatal Injury,1,0,1,0,0,0,0,0,0,1,0,0,0,Pedestrian Collisions,"['Driver', 'Pedestrian']",North,"['Automobile, Station Wagon']",['Turning Right'],['Failed to Yield Right of Way'],['Normal'],['Crossing with right of way'],['Normal'],['Not Applicable'],['Not Applicable'],['Not Applicable'],False,"['55 to 59', '60 to 64']",3.0
3001969077.0,2023-08-23 08:00:00,1733,2023,DIXON RD,CITY VIEW DR,Major Arterial,Etobicoke York,43.690383,-79.57632,614735.0133,4838469.1051,At/Near Private Drive,Traffic Signal,Clear,Daylight,Dry,1,West Humber-Clairville,1,West Humber-Clairville (1),Non-Fatal Injury,1,0,1,0,0,0,0,1,0,0,0,0,0,Pedestrian Collisions,"['Driver', 'Passenger', 'Pedestrian']",North,['Pick Up Truck'],['Turning Left'],['Improper Turn'],['Normal'],['Crossing without right of way'],['Normal'],['Not Applicable'],['Not Applicable'],['Not Applicable'],False,"['50 to 54', '40 to 44', '60 to 64']",3.0
3001971666.0,2023-08-24 08:00:00,9,2023,QUEEN ST W,DUFFERIN ST,Major Arterial,Toronto and East York,43.642405,-79.427814,626804.2639,4833356.6972,Non Intersection,No Control,Clear,"Dark, artificial",Dry,84,Little Portugal,84,Little Portugal (84),Non-Fatal Injury,0,1,1,0,0,0,0,0,0,0,0,0,0,Cyclist Collisions,"['Driver', 'Cyclist']",West,"['Automobile, Station Wagon', 'Bicycle']","['Stopped', 'Going Ahead']",['Other'],['Normal'],['Not Applicable'],['Not Applicable'],['Cyclist struck opened vehicle door'],['Driving Properly'],['Normal'],False,"['20 to 24', '30 to 34']",3.0
3001982879.0,2023-08-25 08:00:00,1144,2023,ROYAL YORK RD,CAVELL AVE,Minor Arterial,Etobicoke York,43.615023,-79.497913,621205.4181,4830210.8763,Non Intersection,No Control,Clear,Daylight,Dry,160,Mimico-Queensway,17,Mimico (includes Humber Bay Shores) (17),Non-Fatal Injury,0,1,1,0,0,0,0,1,0,0,0,0,0,Cyclist Collisions,"['Driver', 'Cyclist', 'Passenger']",North,"['Automobile, Station Wagon', 'Bicycle']","['Stopped', 'Going Ahead']",['Driving Properly'],['Normal'],['Not Applicable'],['Not Applicable'],['Cyclist struck opened vehicle door'],['Driving Properly'],['Normal'],False,"['55 to 59', '50 to 54']",3.0
3001984053.0,2023-08-25 08:00:00,1416,2023,HENLEY CRES,ELMHURST DRIVE,Local,Etobicoke York,43.728583,-79.571559,615045.6026,4842718.3374,Non Intersection,Stop Sign,Clear,Daylight,Dry,4,Rexdale-Kipling,4,Rexdale-Kipling (4),Non-Fatal Injury,1,0,1,0,0,0,0,0,0,1,0,0,0,Pedestrian Collisions,"['Driver', 'Pedestrian']",North,"['Automobile, Station Wagon']",['Going Ahead'],['Other'],['Unknown'],['Other'],['Normal'],['Not Applicable'],['Not Applicable'],['Not Applicable'],False,"['unknown', '30 to 34']",3.0
3001985783.0,2023-08-25 08:00:00,1757,2023,KINGSTON RD,MANSE RD,Major Arterial,Scarborough,43.774863,-79.177943,646634.4281,4848480.22,Intersection Related,Traffic Signal,Clear,Daylight,Dry,136,West Hill,136,West Hill (136),Non-Fatal Injury,0,0,1,0,0,0,0,1,0,0,0,0,0,Turning Movement,"['Driver', 'Passenger']",East,"['Automobile, Station Wagon']","['Turning Left', 'Going Ahead']","['Improper Turn', 'Driving Properly']",['Normal'],['Not Applicable'],['Not Applicable'],['Not Applicable'],['Not Applicable'],['Not Applicable'],False,"['65 to 69', '20 to 24', '15 to 19', '0 to 4']",3.0
3001986496.0,2023-08-25 08:00:00,1920,2023,LOWER SIMCOE ST,STATION ST,Collector,Toronto and East York,43.644286,-79.384776,630271.4533,4833632.2613,Non Intersection,Stop Sign,Clear,Daylight,Dry,165,Harbourfront-CityPlace,77,Waterfront Communities-The Island (77),Non-Fatal Injury,0,1,1,0,0,0,0,0,0,0,0,0,0,Sideswipe,"['Driver', 'Cyclist']",South,"['Automobile, Station Wagon', 'Bicycle']","['Changing Lanes', 'Going Ahead']",['Improper Lane Change'],['Normal'],['Not Applicable'],['Not Applicable'],['Cyclist and Driver travelling in same direction. One vehicle sideswipes the other.'],['Driving Properly'],['Normal'],False,"['20 to 24', '40 to 44']",3.0
3001989785.0,2023-08-25 08:00:00,1947,2023,DUNDAS ST E,RIVER ST,Major Arterial,Toronto and East York,43.661303,-79.357723,632415.958,4835565.0443,Non Intersection,No Control,Clear,Daylight,Dry,72,Regent Park,72,Regent Park (72),Non-Fatal Injury,0,1,0,1,0,0,0,0,0,1,0,0,0,Cyclist Collisions,"['Motorcycle Driver', 'Cyclist']",East,"['Motorcycle', 'Bicycle']","['Overtaking', 'Going Ahead']",['Improper Passing'],['Unknown'],['Not Applicable'],['Not Applicable'],"['Motorist without ROW drives into path of cyclist at inter, lnwy, dwy-Driver not turn.']",['Driving Properly'],['Normal'],False,"['unknown', '50 to 54']",3.0
3001995620.0,2023-08-26 08:00:00,2325,2023,HILDA AVE,STEELES AVE W,Collector,North York,43.796043,-79.429233,626366.4232,4850418.2169,Unknown,Traffic Signal,Clear,"Dark, artificial",Dry,NSA,NSA,NSA,NSA,Non-Fatal Injury,1,0,1,0,0,0,0,0,0,0,0,0,0,Pedestrian Collisions,"['Driver', 'Pedestrian']",North,"['Automobile, Station Wagon']",['Turning Left'],['Improper Turn'],['Normal'],['Not Applicable'],['Unknown'],['Not Applicable'],['Not Applicable'],['Not Applicable'],False,"['40 to 44', '45 to 49']",3.0
3001998353.0,2023-08-27 08:00:00,1055,2023,KEELE ST,INGRAM DR,Major Arterial,North York,43.699435,-79.47594,622806.2705,4839618.2322,Intersection Related,Traffic Signal,Clear,Daylight,Dry,30,Brookhaven-Amesbury,30,Brookhaven-Amesbury (30),Non-Fatal Injury,0,0,1,1,0,0,0,0,0,0,0,0,0,Turning Movement,"['Driver', 'Motorcycle Driver']",North,"['Automobile, Station Wagon', 'Motorcycle']","['Turning Left', 'Going Ahead']",['Driving Properly'],['Normal'],['Not Applicable'],['Not Applicable'],['Not Applicable'],['Not Applicable'],['Not Applicable'],False,"['90 to 94', '20 to 24']",3.0
3002003989.0,2023-08-28 08:00:00,524,2023,VICTORIA PARK AV,LAWRENCE AV E,Major Arterial,North York,43.742152,-79.309757,636100.4058,4844622.1492,Intersection Related,Traffic Signal,Clear,"Dusk, artificial",Dry,119,Wexford/Maryvale,119,Wexford/Maryvale (119),Non-Fatal Injury,0,0,1,1,0,0,0,0,0,1,0,0,0,Turning Movement,"['Driver', 'Motorcycle Driver']",North,"['Automobile, Station Wagon', 'Motorcycle']","['Turning Left', 'Going Ahead']","['Failed to Yield Right of Way', 'Driving Properly']","['Other', 'Normal']",['Not Applicable'],['Not Applicable'],['Not Applicable'],['Not Applicable'],['Not Applicable'],False,"['60 to 64', '55 to 59']",3.0
3002013081.0,2013-10-23 08:00:00,1704,2013,COLLEGE ST,EUCLID AVE,Major Arterial,Scarborough,43.655642,-79.411365,628102.8242,4834852.1009,At Intersection,Traffic Signal,Clear,Daylight,Dry,81,Trinity-Bellwoods,81,Trinity-Bellwoods (81),Non-Fatal Injury,0,0,1,1,0,0,0,0,0,0,0,0,0,Turning Movement,"['Driver', 'Motorcycle Driver']",East,"['Automobile, Station Wagon', 'Motorcycle']","['Turning Left', 'Going Ahead']","['Improper Turn', 'Driving Properly']","['Inattentive', 'Normal']",['Not Applicable'],['Not Applicable'],['Not Applicable'],['Not Applicable'],['Not Applicable'],False,"['25 to 29', '40 to 44']",3.0
3002037938.0,2023-09-01 08:00:00,256,2023,BATHURST ST,STEWART ST,Major Arterial,Toronto and East York,43.643199,-79.402362,628855.412,4833484.0821,Non Intersection,No Control,Clear,"Dark, artificial",Dry,164,Wellington Place,77,Waterfront Communities-The Island (77),Non-Fatal Injury,1,0,1,0,0,0,0,0,0,0,0,0,0,Pedestrian Collisions,"['Driver', 'Pedestrian']",South,['Pick Up Truck'],['Going Ahead'],['Lost control'],['Other'],['Playing or Working on Highway'],"['Had Been Drinking', 'Unknown']",['Not Applicable'],['Not Applicable'],['Not Applicable'],False,"['25 to 29', '20 to 24', '30 to 34']",3.0
3002047596.0,2023-09-02 08:00:00,455,2023,DANFORTH AV,WESTLAKE AV,Major Arterial,Toronto and East York,43.687632,-79.304286,636664.8248,4838575.9168,Non Intersection,No Control,Clear,"Dusk, artificial",Dry,62,East End-Danforth,62,East End-Danforth (62),Non-Fatal Injury,0,0,1,0,0,1,0,0,0,0,0,0,0,Approaching,['Driver'],West,"['Pick Up Truck', 'Municipal Transit Bus (TTC)']",['Going Ahead'],"['Lost control', 'Driving Properly']","['Unknown', 'Normal']",['Not Applicable'],['Not Applicable'],['Not Applicable'],['Not Applicable'],['Not Applicable'],False,"['35 to 39', '45 to 49']",3.0
3002050673.0,2023-09-02 08:00:00,1515,2023,ISLINGTON AV,THE WESTWAY,Local,Etobicoke York,43.652407,-79.52972,618565.3099,4834316.9008,Intersection Related,Traffic Signal,Clear,Daylight,Dry,10,Princess-Rosethorn,10,Princess-Rosethorn (10),Non-Fatal Injury,0,0,1,1,0,0,0,0,1,1,0,0,0,Turning Movement,"['Driver', 'Motorcycle Driver']",North,"['Automobile, Station Wagon', 'Motorcycle']","['Turning Left', 'Going Ahead']","['Improper Turn', 'Driving Properly']",['Normal'],['Not Applicable'],['Not Applicable'],['Not Applicable'],['Not Applicable'],['Not Applicable'],False,['45 to 49'],3.0
3002052041.0,2023-09-02 08:00:00,1839,2023,LAKE SHORE BLVD,LONG BRANCH AV,Major Arterial,Etobicoke York,43.594496,-79.533916,618340.5038,4827879.189,Intersection Related,Traffic Signal,Clear,Daylight,Dry,19,Long Branch,19,Long Branch (19),Non-Fatal Injury,1,0,1,0,0,0,0,0,0,0,0,0,0,Pedestrian Collisions,"['Driver', 'Pedestrian']",West,"['Automobile, Station Wagon']",['Going Ahead'],['Driving Properly'],['Normal'],['Crossing without right of way'],['Had Been Drinking'],['Not Applicable'],['Not Applicable'],['Not Applicable'],False,"['85 to 89', '35 to 39']",3.0
3002054123.0,2023-09-03 08:00:00,19,2023,RICHMOND ST W,BAY ST,Major Arterial,Toronto and East York,43.651282,-79.380824,630575.0346,4834415.4695,Intersection Related,Traffic Signal,Clear,"Dark, artificial",Dry,170,Yonge-Bay Corridor,76,Bay Street Corridor (76),Non-Fatal Injury,0,0,1,0,0,0,0,0,0,0,0,0,0,SMV Other,['Driver'],West,"['Automobile, Station Wagon']",['Pulling Onto Shoulder or towardCurb'],['Driving Properly'],['Other'],['Not Applicable'],['Not Applicable'],['Not Applicable'],['Not Applicable'],['Not Applicable'],False,['35 to 39'],3.0
3002054780.0,2023-09-03 08:00:00,255,2023,343 KIPLING AV,BIRMINGHAM ST,Major Arterial,Etobicoke York,43.600291,-79.517856,619625.3752,4828545.7957,Non Intersection,Traffic Signal,Clear,"Dark, artificial",Dry,18,New Toronto,18,New Toronto (18),Non-Fatal Injury,0,0,1,0,0,0,0,0,0,1,0,0,0,SMV Other,['Driver'],North,"['Automobile, Station Wagon']",['Going Ahead'],['Lost control'],['Fatigue'],['Not Applicable'],['Not Applicable'],['Not Applicable'],['Not Applicable'],['Not Applicable'],False,['40 to 44'],3.0
3002057635.0,2023-09-03 08:00:00,1400,2023,DUFFERIN ST,DUFFERIN PARK AV,Major Arterial,Toronto and East York,43.65713,-79.434284,626251.5673,4834982.2347,Intersection Related,Traffic Signal,Clear,Daylight,Dry,83,Dufferin Grove,83,Dufferin Grove (83),Non-Fatal Injury,1,0,1,0,0,0,0,1,0,0,0,0,0,Pedestrian Collisions,"['Driver', 'Passenger', 'Pedestrian']",East,"['Automobile, Station Wagon']",['Turning Right'],['Improper Turn'],['Normal'],['Crossing with right of way'],['Normal'],['Not Applicable'],['Not Applicable'],['Not Applicable'],False,"['85 to 89', '80 to 84', '20 to 24']",3.0
3002069138.0,2023-09-04 08:00:00,2311,2023,EGLINTON AV W,ISLINGTON AV,Major Arterial,Etobicoke York,43.679846,-79.538989,617764.1737,4837351.1572,Intersection Related,Traffic Signal,Clear,"Dark, artificial",Dry,7,Willowridge-Martingrove-Richview,7,Willowridge-Martingrove-Richview (7),Non-Fatal Injury,0,0,1,0,0,0,0,0,0,0,0,0,0,Angle,['Driver'],North,"['Automobile, Station Wagon']",['Going Ahead'],['Driving Properly'],['Normal'],['Not Applicable'],['Not Applicable'],['Not Applicable'],['Not Applicable'],['Not Applicable'],False,"['35 to 39', '60 to 64']",3.0
3002072686.0,2023-09-05 08:00:00,1124,2023,LESLIE ST,PEACH WILLOWAY,Major Arterial,North York,43.779277,-79.365497,631530.7288,4848655.3791,At/Near Private Drive,No Control,Clear,Daylight,Dry,47,Don Valley Village,47,Don Valley Village (47),Non-Fatal Injury,0,1,1,0,0,0,0,0,0,1,0,0,0,Cyclist Collisions,"['Cyclist', 'Driver']",South,"['Bicycle', 'Delivery Van']",['Going Ahead'],['Failed to Yield Right of Way'],['Normal'],['Not Applicable'],['Not Applicable'],"['Motorist without ROW drives into path of cyclist at inter, lnwy, dwy-Driver not turn.']",['Other'],['Normal'],False,['60 to 64'],3.0
3002077507.0,2023-09-05 08:00:00,1648,2023,DOLLEY VARDEN BLVD,ELLESMERE RD,Collector,Scarborough,43.774878,-79.234638,642071.6703,4848383.0323,Non Intersection,No Control,Clear,Daylight,Dry,142,Woburn North,137,Woburn (137),Non-Fatal Injury,0,0,1,0,0,0,0,1,0,0,0,0,0,SMV Other,"['Driver', 'Passenger']",North,"['Automobile, Station Wagon']",['Going Ahead'],['Driving Properly'],['Normal'],['Not Applicable'],['Not Applicable'],['Not Applicable'],['Not Applicable'],['Not Applicable'],False,['20 to 24'],3.0
3002081171.0,2023-09-06 08:00:00,1026,2023,CHURCH ST,HAYDEN ST,Minor Arterial,Toronto and East York,43.670161,-79.382777,630376.6673,4836509.1623,Non Intersection,Stop Sign,Clear,Daylight,Dry,167,Church-Wellesley,75,Church-Yonge Corridor (75),Non-Fatal Injury,1,0,1,0,0,0,0,0,0,0,0,0,0,Pedestrian Collisions,"['Driver', 'Pedestrian']",South,['Pick Up Truck'],['Turning Left'],['Improper Turn'],['Normal'],['Crossing without right of way'],['Normal'],['Not Applicable'],['Not Applicable'],['Not Applicable'],False,"['45 to 49', '60 to 64']",3.0
3002082759.0,2023-09-06 08:00:00,1328,2023,BRIMLEY RD,SHADDOCK CRES,Major Arterial,Scarborough,43.738547,-79.249133,640990.4425,4844323.1449,Non Intersection,Stop Sign,Clear,Daylight,Dry,138,Eglinton East,138,Eglinton East (138),Non-Fatal Injury,0,0,1,1,0,0,0,0,0,1,0,0,0,Turning Movement,"['Driver', 'Motorcycle Driver']",East,"['Automobile, Station Wagon', 'Motorcycle']","['Turning Left', 'Going Ahead']","['Failed to Yield Right of Way', 'Driving Properly']",['Normal'],['Not Applicable'],['Not Applicable'],['Not Applicable'],['Not Applicable'],['Not Applicable'],False,"['65 to 69', '15 to 19']",3.0
3002086345.0,2023-09-06 08:00:00,2030,2023,BRIMLEY RD,STEELES AV E,Major Arterial,Scarborough,43.82828,-79.287181,637720.3383,4854225.3594,Intersection Related,Traffic Signal,Clear,Dusk,Dry,130,Milliken,130,Milliken (130),Non-Fatal Injury,0,0,1,0,0,0,0,1,1,1,0,0,0,Unknown,"['Driver', 'Passenger']",West,"['Automobile, Station Wagon', 'Pick Up Truck']","['Changing Lanes', 'Going Ahead', 'Turning Left']","['Driving Properly', 'Exceeding Speed Limit']",['Normal'],['Not Applicable'],['Not Applicable'],['Not Applicable'],['Not Applicable'],['Not Applicable'],False,"['25 to 29', '20 to 24', '70 to 74', '60 to 64']",3.0
3002103400.0,2023-09-08 08:00:00,1853,2023,STEELES AV W,KIPLING AV,Major Arterial,Etobicoke York,43.760035,-79.587451,613706.1049,4846189.593,Non Intersection,No Control,Clear,Dark,Dry,2,Mount Olive-Silverstone-Jamestown,2,Mount Olive-Silverstone-Jamestown (2),Non-Fatal Injury,0,0,1,0,0,0,0,1,0,1,0,0,0,Approaching,"['Driver', 'Passenger']",East,"['Automobile, Station Wagon']",['Going Ahead'],"['Lost control', 'Driving Properly']",['Normal'],['Not Applicable'],['Not Applicable'],['Not Applicable'],['Not Applicable'],['Not Applicable'],False,"['50 to 54', '60 to 64']",3.0
3002104181.0,2023-09-08 08:00:00,2039,2023,VICTORIA PARK AVE,BISCAYNE BLVD,Major Arterial,Scarborough,43.729117,-79.304469,636555.8335,4843183.1201,Non Intersection,No Control,Clear,"Dark, artificial",Dry,119,Wexford/Maryvale,119,Wexford/Maryvale (119),Fatal,1,0,1,0,0,0,0,0,0,0,0,0,0,Pedestrian Collisions,"['Driver', 'Pedestrian']",South,"['Automobile, Station Wagon']",['Going Ahead'],['Driving Properly'],['Normal'],['Crossing without right of way'],['Normal'],['Not Applicable'],['Not Applicable'],['Not Applicable'],True,"['20 to 24', '55 to 59']",4.0
3002109887.0,2023-09-09 08:00:00,1525,2023,ELLESMERE RD,DALECLIFF CRES,Major Arterial,Scarborough,43.760798,-79.302425,636648.3506,4846705.1414,Intersection Related,Stop Sign,Clear,Daylight,Dry,119,Wexford/Maryvale,119,Wexford/Maryvale (119),Non-Fatal Injury,0,1,1,0,0,0,0,0,0,0,0,0,0,Cyclist Collisions,"['Cyclist', 'Driver']",North,"['Bicycle', 'Automobile, Station Wagon']","['Going Ahead', 'Turning Right']",['Driving Properly'],['Normal'],['Not Applicable'],['Not Applicable'],"['Cyclist without ROW rides into path of motorist at inter, lnwy, dwy-Cyclist not turn.']",['Failed to Yield Right of Way'],['Normal'],False,"['75 to 79', '60 to 64']",3.0