accident_number,date,time,year,street1,street2,road_class,district,latitude,longitude,x,y,accident_location,traffctl,visibility,light,road_surface_condition,hood_158,neighbourhood_new,hood_140,neighbourhood_old,accident_class,pedestrian,cyclist,automobile,motorcycle,truck,trsn_city_veh,emerg_veh,passenger,speeding,aggressive_driving,redlight,alcohol,disability,impact_type,involvement_type,initial_direction,vehicle_type,manoeuver,driver_action,driver_condition,pedestrian_action,pedestrian_condition,cyclist_type,cyclist_action,cyclist_condition,injury,involvement_age,injury_severity_score
3002475391.0,2023-10-25 08:00:00,932,2023,ISLINGTON AV,JUTLAND RD,Major Arterial,Etobicoke York,43.628951,-79.516956,619641.1702,4831730.1326,At Intersection,Traffic Signal,Clear,Daylight,Dry,16,Stonegate-Queensway,16,Stonegate-Queensway (16),Non-Fatal Injury,1,0,1,0,0,0,0,0,0,1,0,0,0,Pedestrian Collisions,"['Driver', 'Pedestrian']",East,['Pick Up Truck'],['Turning Left'],['Failed to Yield Right of Way'],['Normal'],['Crossing with right of way'],['Normal'],['Not Applicable'],['Not Applicable'],['Not Applicable'],False,"['50 to 54', '70 to 74']",3.0
3002496578.0,2023-10-27 08:00:00,1915,2023,WAYSIDE AVE,FINCH AVE E,Major Arterial,Scarborough,43.800517,-79.299609,636784.4206,4851121.2087,Intersection Related,Traffic Signal,Clear,"Daylight, artificial",Dry,148,East L'Amoreaux,117,L'Amoreaux (117),Non-Fatal Injury,1,0,1,0,0,0,0,0,0,1,0,0,0,Pedestrian Collisions,"['Driver', 'Pedestrian']",East,"['Automobile, Station Wagon']",['Turning Left'],['Failed to Yield Right of Way'],['Normal'],['Crossing with right of way'],['Normal'],['Not Applicable'],['Not Applicable'],['Not Applicable'],False,"['25 to 29', '20 to 24']",3.0
3002503345.0,2023-10-28 08:00:00,1643,2023,SHEPPARD AV W,ARROW RD,Major Arterial,North York,43.735697,-79.5293,618435.1137,4843567.983,Intersection Related,Traffic Signal,Clear,Daylight,Dry,154,Oakdale-Beverley Heights,22,Humbermede (22),Non-Fatal Injury,1,0,1,0,0,0,0,1,0,0,0,0,0,Pedestrian Collisions,"['Driver', 'Passenger', 'Pedestrian']",West,"['Automobile, Station Wagon']",['Going Ahead'],['Lost control'],['Inattentive'],['Other'],['Normal'],['Not Applicable'],['Not Applicable'],['Not Applicable'],False,"['15 to 19', '35 to 39']",3.0
3002515701.0,2023-10-30 08:00:00,1014,2023,DUFFERIN ST,RIDELLE AV,Major Arterial,Toronto and East York,43.70148,-79.4519,624739.1508,4839881.246,Intersection Related,Stop Sign,Rain,Daylight,Wet,108,Briar Hill-Belgravia,108,Briar Hill-Belgravia (108),Fatal,1,0,1,0,0,0,0,0,0,0,0,0,0,Pedestrian Collisions,"['Pedestrian', 'Driver']",South,['Pick Up Truck'],['Turning Left'],['Improper Turn'],['Normal'],['Crossing without right of way'],['Normal'],['Not Applicable'],['Not Applicable'],['Not Applicable'],True,"['85 to 89', '75 to 79', '65 to 69']",4.0
3002525409.0,2023-10-31 08:00:00,1250,2023,ROYAL YORK RD,EDENBRIDGE DR,Minor Arterial,Etobicoke York,43.670119,-79.52135,619205.2264,4836296.0408,Intersection Related,Traffic Signal,Clear,Daylight,Dry,9,Edenbridge-Humber Valley,9,Edenbridge-Humber Valley (9),Non-Fatal Injury,1,0,1,0,0,0,0,0,0,1,1,0,0,Pedestrian Collisions,"['Pedestrian', 'Driver']",South,"['Automobile, Station Wagon']",['Going Ahead'],['Disobeyed Traffic Control'],['Normal'],['Crossing with right of way'],['Normal'],['Not Applicable'],['Not Applicable'],['Not Applicable'],False,"['65 to 69', '70 to 74', '75 to 79']",3.0
3002568792.0,2023-11-05 09:00:00,2025,2023,YORK MILLS RD,BIRCHWOOD AV,Major Arterial,North York,43.746485,-79.391582,629502.3485,4844972.22,Intersection Related,Pedestrian Crossover,Clear,"Dark, artificial",Dry,41,Bridle Path-Sunnybrook-York Mills,40,St.Andrew-Windfields (40),Non-Fatal Injury,1,0,1,0,0,0,0,0,0,0,0,0,0,Pedestrian Collisions,"['Driver', 'Pedestrian']",East,"['Automobile, Station Wagon']",['Going Ahead'],['Driving Properly'],['Normal'],['Other'],['Normal'],['Not Applicable'],['Not Applicable'],['Not Applicable'],False,"['55 to 59', '25 to 29']",3.0
3002578946.0,2023-11-07 10:00:00,620,2023,KIPLING AVE,RONSON DR,Major Arterial,Etobicoke York,43.702521,-79.562328,615839.2696,4839836.6477,Intersection Related,Traffic Signal,Clear,Daylight,Dry,1,West Humber-Clairville,1,West Humber-Clairville (1),Fatal,1,0,1,0,0,0,0,0,0,0,0,0,0,Pedestrian Collisions,"['Driver', 'Pedestrian']",South,"['Automobile, Station Wagon']",['Going Ahead'],['Driving Properly'],['Normal'],['Crossing without right of way'],['Normal'],['Not Applicable'],['Not Applicable'],['Not Applicable'],True,"['55 to 59', '30 to 34']",4.0
3002585631.0,2023-11-07 10:00:00,2212,2023,BELGRAVIA AV,TIMES RD,Local,Toronto and East York,43.698592,-79.444568,625335.9542,4839571.5511,Non Intersection,Stop Sign,Clear,"Dark, artificial",Dry,108,Briar Hill-Belgravia,108,Briar Hill-Belgravia (108),Non-Fatal Injury,0,0,1,0,0,0,0,0,1,1,0,0,0,SMV Unattended Vehicle,['Driver'],East,"['Automobile, Station Wagon']","['Going Ahead', 'Parked']",['Lost control'],"['Had Been Drinking', 'Unknown']",['Not Applicable'],['Not Applicable'],['Not Applicable'],['Not Applicable'],['Not Applicable'],False,"['20 to 24', 'unknown']",3.0
3002591929.0,2023-11-08 10:00:00,1717,2023,DUNDAS ST E,YONGE ST,Major Arterial,Toronto and East York,43.65607,-79.380817,630565.2226,4834947.251,Non Intersection,No Control,Rain,"Dusk, artificial",Wet,170,Yonge-Bay Corridor,76,Bay Street Corridor (76),Non-Fatal Injury,1,0,1,0,0,0,0,0,0,0,0,0,0,Pedestrian Collisions,"['Driver', 'Pedestrian']",North,"['Automobile, Station Wagon']",['Going Ahead'],['Other'],['Other'],['Not Applicable'],['Unknown'],['Not Applicable'],['Not Applicable'],['Not Applicable'],False,"['65 to 69', '35 to 39']",3.0
3002607163.0,2023-11-10 10:00:00,1557,2023,55 ST CLAIR AVE W,YONGE ST,Major Arterial,Toronto and East York,43.688086,-79.394107,629424.7145,4838482.2325,Intersection Related,No Control,Clear,Daylight,Dry,98,Rosedale-Moore Park,98,Rosedale-Moore Park (98),Non-Fatal Injury,0,0,1,1,0,0,0,0,0,1,0,0,0,Unknown,"['Driver', 'Motorcycle Driver']",East,"['Automobile, Station Wagon', 'Motorcycle']","['Going Ahead', 'Overtaking']","['Improper Passing', 'Driving Properly']",['Normal'],['Not Applicable'],['Not Applicable'],['Not Applicable'],['Not Applicable'],['Not Applicable'],False,"['30 to 34', '25 to 29']",3.0
3002610286.0,2023-11-08 10:00:00,1,2023,WILSON AVE,Wilson heights Blvd,Minor Arterial,North York,43.736575,-79.451885,624667.5546,4843779.0658,Intersection Related,Traffic Signal,Other,"Dark, artificial",Dry,33,Clanton Park,33,Clanton Park (33),Non-Fatal Injury,1,0,0,0,0,0,0,0,0,0,0,0,0,Pedestrian Collisions,['Pedestrian'],Unknown,[],[],[],[],['Crossing without right of way'],['Normal'],['Not Applicable'],['Not Applicable'],['Not Applicable'],False,['50 to 54'],3.0
3002611058.0,2023-11-11 10:00:00,303,2023,FGX W,B AMD DUNN AV,Expressway,Etobicoke York,43.632697,-79.433368,626376.6528,4832270.0295,Non Intersection,No Control,Clear,"Dark, artificial",Dry,85,South Parkdale,85,South Parkdale (85),Fatal,0,0,1,0,0,0,0,1,1,1,0,1,0,SMV Other,"['Driver', 'Passenger']",West,"['Automobile, Station Wagon']",['Going Ahead'],['Exceeding Speed Limit'],"['Ability Impaired, Alcohol Over .08']",['Not Applicable'],['Not Applicable'],['Not Applicable'],['Not Applicable'],['Not Applicable'],True,"['20 to 24', '25 to 29']",4.0
3002611595.0,2023-11-11 10:00:00,628,2023,F G GARDINER XY E,KIPLING AV,Expressway,Etobicoke York,43.616278,-79.533565,618326.1243,4830298.8396,Non Intersection,No Control,Clear,"Dark, artificial",Dry,20,Alderwood,20,Alderwood (20),Non-Fatal Injury,0,0,1,0,0,0,0,1,0,0,0,0,0,Sideswipe,"['Driver', 'Passenger']",East,"['Automobile, Station Wagon', 'Pick Up Truck']",['Going Ahead'],['Driving Properly'],['Normal'],['Not Applicable'],['Not Applicable'],['Not Applicable'],['Not Applicable'],['Not Applicable'],False,"['70 to 74', '40 to 44', '55 to 59', '50 to 54', '65 to 69', '45 to 49']",3.0
3002616293.0,2023-11-11 10:00:00,2020,2023,sandhurst crcl,finch ave e,Major Arterial,Scarborough,43.807185,-79.270396,639118.9456,4851910.4989,Non Intersection,No Control,Clear,"Dark, artificial",Dry,129,Agincourt North,129,Agincourt North (129),Non-Fatal Injury,0,0,0,1,0,0,0,0,0,0,0,0,0,SMV Other,['Motorcycle Driver'],West,['Motorcycle'],['Turning Left'],['Driving Properly'],['Normal'],['Not Applicable'],['Not Applicable'],['Not Applicable'],['Not Applicable'],['Not Applicable'],False,['25 to 29'],3.0
3002626902.0,2023-11-13 10:00:00,1033,2023,DUFFERIN ST,EGLINTON AVE W,Major Arterial,North York,43.69562,-79.450237,624885.3143,4839232.9155,Intersection Related,Traffic Signal,Unknown,Unknown,Unknown,107,Oakwood Village,107,Oakwood Village (107),Fatal,1,0,0,0,1,0,0,0,0,1,0,0,0,Pedestrian Collisions,"['Truck Driver', 'Pedestrian']",East,['Truck - Dump'],[],['Failed to Yield Right of Way'],[],['Crossing with right of way'],['Normal'],['Not Applicable'],['Not Applicable'],['Not Applicable'],True,"['30 to 34', '50 to 54']",4.0
3002628249.0,2023-11-13 10:00:00,1330,2023,FINCH AVE E,WARDEN AVE,Major Arterial,Scarborough,43.796702,-79.315723,635496.7733,4850670.9836,Unknown,Traffic Signal,Clear,Daylight,Dry,148,East L'Amoreaux,117,L'Amoreaux (117),Fatal,0,0,1,1,0,0,0,0,0,1,0,0,0,Turning Movement,"['Driver', 'Motorcycle Driver']",North,"['Automobile, Station Wagon', 'Motorcycle']","['Making U Turn', 'Going Ahead']","['Failed to Yield Right of Way', 'Driving Properly']","['Inattentive', 'Normal']",['Not Applicable'],['Not Applicable'],['Not Applicable'],['Not Applicable'],['Not Applicable'],True,"['50 to 54', '30 to 34']",4.0
3002629156.0,2023-11-13 10:00:00,1542,2023,WOODBINE AVE,MORTIMER AVE,Major Arterial,Toronto and East York,43.692813,-79.315822,635723.3916,4839132.3922,Intersection Related,Traffic Signal,Clear,Daylight,Dry,60,Woodbine-Lumsden,60,Woodbine-Lumsden (60),Non-Fatal Injury,0,0,1,1,0,0,0,0,0,1,0,0,0,Turning Movement,"['Driver', 'Motorcycle Driver']",North,"['Automobile, Station Wagon', 'Motorcycle']","['Turning Left', 'Going Ahead']","['Improper Turn', 'Driving Properly']",['Normal'],['Not Applicable'],['Not Applicable'],['Not Applicable'],['Not Applicable'],['Not Applicable'],False,"['45 to 49', '50 to 54']",3.0
3002633234.0,2023-11-14 10:00:00,642,2023,WELLINGTON ST E,SCOTT ST,Minor Arterial,Scarborough,43.648081,-79.37601,630970.2108,4834067.5427,Intersection Related,Traffic Signal,Clear,"Dark, artificial",Dry,168,Downtown Yonge East,75,Church-Yonge Corridor (75),Fatal,1,0,1,0,0,0,0,1,0,0,0,0,0,Pedestrian Collisions,"['Passenger', 'Pedestrian', 'Driver']",North,"['Automobile, Station Wagon']",['Going Ahead'],['Other'],[],['Other'],['Fatigue'],['Not Applicable'],['Not Applicable'],['Not Applicable'],True,"['30 to 34', '55 to 59', '25 to 29', '45 to 49', '60 to 64']",4.0
3002657688.0,2023-11-17 10:00:00,702,2023,DAVENPORT RD,DUPONT ST,Minor Arterial,Toronto and East York,43.675815,-79.402561,628769.6192,4837106.2113,Intersection Related,Traffic Signal,Clear,"Dark, artificial",Dry,95,Annex,95,Annex (95),Non-Fatal Injury,0,0,1,0,0,0,0,0,0,1,1,0,0,Turning Movement,['Driver'],East,"['Automobile, Station Wagon', 'Rickshaw']","['Turning Right', 'Going Ahead']","['Disobeyed Traffic Control', 'Other']",[],['Not Applicable'],['Not Applicable'],['Not Applicable'],['Not Applicable'],['Not Applicable'],False,"['35 to 39', '30 to 34']",3.0
3002668525.0,2023-11-18 10:00:00,1510,2023,DANFORTH AV,2265 DANFORTH AV,Major Arterial,Toronto and East York,43.686736,-79.308177,636353.2591,4838469.9983,At/Near Private Drive,No Control,Clear,Daylight,Dry,62,East End-Danforth,62,East End-Danforth (62),Non-Fatal Injury,0,0,1,0,0,0,0,0,0,1,0,0,0,Turning Movement,['Driver'],East,"['Automobile, Station Wagon', 'Unknown']","['Turning Right', 'Going Ahead']","['Failed to Yield Right of Way', 'Driving Properly']","['Inattentive', 'Normal']",['Not Applicable'],['Not Applicable'],['Not Applicable'],['Not Applicable'],['Not Applicable'],False,"['unknown', '65 to 69']",3.0
3002671468.0,2023-11-18 10:00:00,2230,2023,DANFORTH AV,PHARMACY AV,Major Arterial,Toronto and East York,43.692336,-79.283352,638341.1895,4839133.0758,Intersection Related,Traffic Signal,Clear,"Dusk, artificial",Dry,121,Oakridge,121,Oakridge (121),Non-Fatal Injury,0,0,1,0,0,0,0,0,0,1,0,0,0,Rear End,['Driver'],East,"['Automobile, Station Wagon', 'Unknown']","['Going Ahead', 'Stopped']","['Improper Passing', 'Driving Properly']",['Normal'],['Not Applicable'],['Not Applicable'],['Not Applicable'],['Not Applicable'],['Not Applicable'],False,"['45 to 49', '35 to 39']",3.0
3002675190.0,2023-11-19 10:00:00,1246,2023,ROTHERHAM AV,KEELE ST,Major Arterial,Etobicoke York,43.68584,-79.473179,623056.5506,4838112.4152,Intersection Related,No Control,Clear,Daylight,Dry,110,Keelesdale-Eglinton West,110,Keelesdale-Eglinton West (110),Non-Fatal Injury,0,0,1,0,0,0,0,1,0,1,0,0,0,Turning Movement,"['Driver', 'Passenger']",North,"['Automobile, Station Wagon']","['Turning Left', 'Going Ahead']","['Failed to Yield Right of Way', 'Driving Properly']",['Normal'],['Not Applicable'],['Not Applicable'],['Not Applicable'],['Not Applicable'],['Not Applicable'],False,"['30 to 34', '90 to 94', '80 to 84']",3.0
3002690239.0,2023-11-21 10:00:00,1248,2023,750 YORK MILLS RD,YORK MILLS RD,Major Arterial,North York,43.752895,-79.360866,631961.3949,4845732.6238,At/Near Private Drive,No Control,Rain,Daylight,Wet,42,Banbury-Don Mills,40,St.Andrew-Windfields (40),Non-Fatal Injury,0,0,1,0,0,0,0,1,1,1,0,0,0,Turning Movement,"['Driver', 'Passenger']",South,"['Automobile, Station Wagon']","['Turning Left', 'Going Ahead']","['Failed to Yield Right of Way', 'Driving Properly']","['Other', 'Normal']",['Not Applicable'],['Not Applicable'],['Not Applicable'],['Not Applicable'],['Not Applicable'],False,"['65 to 69', '20 to 24', '55 to 59']",3.0
3002725067.0,2023-11-25 10:00:00,2033,2023,BLOOR ST W,DUNDAS ST W,Major Arterial,Toronto and East York,43.656558,-79.451358,624875.9773,4834892.8692,Non Intersection,No Control,Clear,"Dark, artificial",Dry,86,Roncesvalles,88,High Park North (88),Property Damage O,1,0,1,0,0,0,0,0,0,0,0,0,0,Pedestrian Collisions,"['Driver', 'Pedestrian']",West,"['Automobile, Station Wagon']",['Going Ahead'],['Driving Properly'],['Normal'],['Crossing without right of way'],['Unknown'],['Not Applicable'],['Not Applicable'],['Not Applicable'],False,"['35 to 39', '45 to 49']",3.0
3002731107.0,2023-11-26 10:00:00,1810,2023,EGLINTON AV E,ROSEMOUNT DR,Major Arterial,Scarborough,43.730849,-79.273853,639017.6269,4843426.3951,Intersection Related,Traffic Signal,Rain,Dark,Wet,125,Ionview,125,Ionview (125),Non-Fatal Injury,1,0,1,0,0,0,0,0,0,1,0,0,0,Pedestrian Collisions,"['Driver', 'Pedestrian']",South,"['Automobile, Station Wagon']",['Turning Left'],['Failed to Yield Right of Way'],[],['Not Applicable'],['Unknown'],['Not Applicable'],['Not Applicable'],['Not Applicable'],False,"['15 to 19', '20 to 24']",3.0
3002742062.0,2023-11-28 10:00:00,655,2023,DON MILLS RD W,ESTERBROOKE AVE,Major Arterial,North York,43.77909,-79.348705,632882.432,4848661.4255,Intersection Related,Traffic Signal,Clear,Dark,Dry,47,Don Valley Village,47,Don Valley Village (47),Non-Fatal Injury,1,0,1,0,0,0,0,0,0,0,0,0,0,Pedestrian Collisions,"['Driver', 'Pedestrian']",East,"['Automobile, Station Wagon']",['Turning Left'],['Improper Turn'],['Normal'],['Not Applicable'],['Unknown'],['Not Applicable'],['Not Applicable'],['Not Applicable'],False,"['60 to 64', '20 to 24']",3.0
3002743496.0,2023-11-28 10:00:00,1025,2023,YONGE ST,HILLSDALE AVE E,Major Arterial,Etobicoke York,43.703326,-79.397647,629106.7005,4840169.3274,Intersection Related,Stop Sign,Clear,Daylight,Dry,174,South Eglinton-Davisville,104,Mount Pleasant West (104),Fatal,1,0,0,0,1,0,0,0,0,0,0,0,0,Pedestrian Collisions,"['Pedestrian', 'Truck Driver']",North,"['Truck - Closed (Blazer, etc)']",['Turning Left'],['Improper Turn'],['Normal'],['Crossing with right of way'],['Normal'],['Not Applicable'],['Not Applicable'],['Not Applicable'],True,"['75 to 79', '40 to 44']",4.0
3002755183.0,2023-11-29 10:00:00,1924,2023,113 TORYORK DR,ORMONT DRIVE,Collector,North York,43.756602,-79.551448,616610.9302,4845858.3659,Non Intersection,Missing Control,Clear,"Dark, artificial",Dry,21,Humber Summit,21,Humber Summit (21),Non-Fatal Injury,1,0,1,0,0,0,0,0,0,0,0,0,0,Pedestrian Collisions,"['Driver', 'Pedestrian']",East,"['Automobile, Station Wagon']",['Going Ahead'],['Driving Properly'],['Normal'],['Crossing without right of way'],['Normal'],['Not Applicable'],['Not Applicable'],['Not Applicable'],False,"['60 to 64', '40 to 44']",3.0
3002763481.0,2023-11-30 10:00:00,1956,2023,WESTON RD,RAY AVE,Minor Arterial,Toronto and East York,43.688666,-79.494174,621358.7119,4838395.3422,Non Intersection,Missing Control,Clear,Dark,Dry,115,Mount Dennis,115,Mount Dennis (115),Non-Fatal Injury,1,0,1,0,0,0,0,0,0,0,0,0,0,Pedestrian Collisions,"['Driver', 'Pedestrian']",West,"['Automobile, Station Wagon']",['Going Ahead'],['Driving Properly'],['Normal'],['Crossing without right of way'],['Had Been Drinking'],['Not Applicable'],['Not Applicable'],['Not Applicable'],False,"['65 to 69', '45 to 49']",3.0
3002774341.0,2023-12-02 10:00:00,328,2023,176 CHERRY ST,Not Applicable,Collector,Toronto and East York,43.641585,-79.349551,633118.4258,4833388.1748,Non Intersection,No Control,Rain,"Dark, artificial",Wet,70,South Riverdale,70,South Riverdale (70),Fatal,0,0,1,0,0,0,0,1,0,0,0,0,0,SMV Other,"['Passenger', 'Driver']",South,"['Automobile, Station Wagon']",['Other'],['Lost control'],['Other'],['Not Applicable'],['Not Applicable'],['Not Applicable'],['Not Applicable'],['Not Applicable'],True,['20 to 24'],4.0
3002778824.0,2023-12-02 10:00:00,1735,2023,EMMETT AVE,VERONA AVE,Collector,Toronto and East York,43.688903,-79.50397,620568.7436,4838407.3753,Intersection Related,Stop Sign,Clear,"Dark, artificial",Wet,115,Mount Dennis,115,Mount Dennis (115),Non-Fatal Injury,1,0,1,0,0,0,0,0,0,1,0,0,0,Pedestrian Collisions,"['Driver', 'Pedestrian']",West,"['Automobile, Station Wagon']",['Going Ahead'],['Failed to Yield Right of Way'],[],['Crossing with right of way'],['Normal'],['Not Applicable'],['Not Applicable'],['Not Applicable'],False,['45 to 49'],3.0
3002816709.0,2023-12-07 10:00:00,1246,2023,ST CLAIR AVE W,WINONA DR,Major Arterial,Toronto and East York,43.680205,-79.43246,626350.2218,4837547.7976,Intersection Related,Traffic Signal,Clear,Daylight,Dry,94,Wychwood,94,Wychwood (94),Fatal,1,0,0,0,1,0,0,0,0,1,0,0,0,Pedestrian Collisions,"['Pedestrian', 'Truck Driver']",West,['Truck - Dump'],['Turning Right'],['Failed to Yield Right of Way'],['Normal'],"['Crossing, no Traffic Control']",['Normal'],['Not Applicable'],['Not Applicable'],['Not Applicable'],True,"['70 to 74', '40 to 44']",4.0
3002818319.0,2023-12-07 10:00:00,1612,2023,FRONT ST W,SPADINA AVE,Minor Arterial,Toronto and East York,43.642749,-79.393894,629539.3618,4833447.2857,Intersection Related,Traffic Signal,Clear,Daylight,Dry,165,Harbourfront-CityPlace,77,Waterfront Communities-The Island (77),Non-Fatal Injury,1,0,1,0,0,0,0,0,0,0,0,0,0,Pedestrian Collisions,"['Driver', 'Pedestrian']",West,"['Automobile, Station Wagon']",['Going Ahead'],['Driving Properly'],['Normal'],['Not Applicable'],['Unknown'],['Not Applicable'],['Not Applicable'],['Not Applicable'],False,"['55 to 59', '25 to 29']",3.0
3002820255.0,2023-12-07 10:00:00,2047,2023,DUNDAS ST W,SHORNCLIFFE RD,Major Arterial,Toronto and East York,43.632125,-79.544666,617399.5316,4832043.0844,Intersection Related,Traffic Signal,Clear,"Dark, artificial",Dry,159,Etobicoke City Centre,14,Islington-City Centre West (14),Non-Fatal Injury,1,0,0,0,1,0,0,0,0,0,0,0,0,Pedestrian Collisions,"['Truck Driver', 'Pedestrian']",South,"['Truck - Closed (Blazer, etc)']",['Turning Right'],['Improper Turn'],['Normal'],['Not Applicable'],['Unknown'],['Not Applicable'],['Not Applicable'],['Not Applicable'],False,"['50 to 54', '65 to 69']",3.0
3002835959.0,2023-12-09 10:00:00,2040,2023,256 EPSOM DOWNS DR,Not Applicable,Local,North York,43.722567,-79.503848,620511.1014,4842146.4048,Non Intersection,No Control,Rain,"Dark, artificial",Wet,154,Oakdale-Beverley Heights,26,Downsview-Roding-CFB (26),Fatal,1,0,1,0,0,0,0,0,1,1,0,0,0,Pedestrian Collisions,"['Pedestrian', 'Driver']",East,"['Automobile, Station Wagon']",['Going Ahead'],['Exceeding Speed Limit'],['Normal'],['Walking on Roadway with Traffic'],['Normal'],['Not Applicable'],['Not Applicable'],['Not Applicable'],True,"['50 to 54', '40 to 44']",4.0
3002836008.0,2023-12-09 10:00:00,2048,2023,318 RUSTIC RD,CULFORD RD,Major Arterial,Etobicoke York,43.71532,-79.490322,621615.2545,4841361.2803,Intersection Related,Traffic Signal,Rain,"Dark, artificial",Wet,29,Maple Leaf,29,Maple Leaf (29),Non-Fatal Injury,1,0,1,0,0,0,0,0,0,0,0,0,0,Pedestrian Collisions,"['Driver', 'Pedestrian']",West,"['Automobile, Station Wagon']",['Going Ahead'],['Driving Properly'],['Normal'],['Not Applicable'],['Unknown'],['Not Applicable'],['Not Applicable'],['Not Applicable'],False,"['80 to 84', '75 to 79']",3.0
3002850941.0,2023-12-10 10:00:00,1240,2023,BIRCHMOUNT RD,DANFORTH AVE,Minor Arterial,Scarborough,43.696994,-79.264003,639889.6736,4839682.8774,Intersection Related,Traffic Signal,Clear,"Dark, artificial",Dry,122,Birchcliffe-Cliffside,122,Birchcliffe-Cliffside (122),Non-Fatal Injury,1,0,1,0,0,0,0,0,0,1,0,0,0,Pedestrian Collisions,"['Driver', 'Pedestrian']",West,"['Automobile, Station Wagon']",['Turning Right'],['Failed to Yield Right of Way'],['Inattentive'],['Crossing with right of way'],['Normal'],['Not Applicable'],['Not Applicable'],['Not Applicable'],False,"['30 to 34', '25 to 29']",3.0
3002861573.0,2023-12-13 10:00:00,1019,2023,BRIAR HILL AV,DUFFERIN ST,Major Arterial,North York,43.702346,-79.452083,624722.6096,4839977.152,Intersection Related,Traffic Signal,Clear,Daylight,Dry,108,Briar Hill-Belgravia,108,Briar Hill-Belgravia (108),Non-Fatal Injury,1,0,1,0,0,0,0,0,0,0,0,0,0,Pedestrian Collisions,"['Driver', 'Pedestrian']",East,"['Automobile, Station Wagon']",['Turning Left'],['Improper Turn'],['Fatigue'],['Crossing with right of way'],['Normal'],['Not Applicable'],['Not Applicable'],['Not Applicable'],False,"['25 to 29', '85 to 89']",3.0
3002862083.0,2023-11-18 10:00:00,1700,2023,DIXON RD,KIPLING AV,Major Arterial,Etobicoke York,43.694258,-79.558612,616154.6388,4838924.1282,Intersection Related,Traffic Signal,Clear,Daylight,Dry,6,Kingsview Village-The Westway,6,Kingsview Village-The Westway (6),Non-Fatal Injury,0,1,1,0,0,0,0,0,0,0,0,0,0,Cyclist Collisions,"['Driver', 'Cyclist']",East,"['Automobile, Station Wagon', 'Bicycle']","['Turning Right', 'Going Ahead']",[],['Unknown'],['Not Applicable'],['Not Applicable'],['Motorist turning right on red at signalized intersection strikes cyclist.'],['Driving Properly'],['Normal'],False,"['unknown', '30 to 34']",3.0
3002895047.0,2023-12-17 10:00:00,1707,2023,ALBION RD,ELMHURST DR,Major Arterial,Etobicoke York,43.725105,-79.550541,616745.1452,4842361.4497,Intersection Related,Traffic Signal,Rain,Dark,Wet,5,Elms-Old Rexdale,5,Elms-Old Rexdale (5),Non-Fatal Injury,1,0,1,0,0,0,0,0,0,0,0,0,0,Pedestrian Collisions,"['Driver', 'Pedestrian']",South,"['Automobile, Station Wagon']",['Going Ahead'],['Driving Properly'],['Normal'],['Not Applicable'],['Unknown'],['Not Applicable'],['Not Applicable'],['Not Applicable'],False,"['70 to 74', '75 to 79']",3.0
3002895177.0,2023-12-17 10:00:00,1700,2023,ANNDALE DR,BALES AVE,Local,North York,43.76034,-79.409351,628042.1066,4846483.3992,Intersection Related,Stop Sign,Rain,Dark,Wet,153,Avondale,51,Willowdale East (51),Non-Fatal Injury,1,0,1,0,0,0,0,1,0,1,0,0,0,Pedestrian Collisions,"['Driver', 'Passenger', 'Pedestrian']",West,"['Automobile, Station Wagon']",['Turning Left'],['Failed to Yield Right of Way'],['Normal'],['Crossing with right of way'],['Normal'],['Not Applicable'],['Not Applicable'],['Not Applicable'],False,"['40 to 44', '70 to 74', '50 to 54']",3.0
3002902760.0,2023-12-18 10:00:00,1800,2023,BRIMLEY RD,DALLYN CRES,Major Arterial,Scarborough,43.741137,-79.250186,640899.5718,4844609.0119,Intersection Related,Stop Sign,Rain,Dark,Wet,138,Eglinton East,138,Eglinton East (138),Non-Fatal Injury,1,0,1,0,0,0,0,0,0,0,0,0,0,Pedestrian Collisions,"['Driver', 'Pedestrian']",North,"['Automobile, Station Wagon']",['Going Ahead'],['Driving Properly'],['Normal'],['Crossing without right of way'],['Normal'],['Not Applicable'],['Not Applicable'],['Not Applicable'],False,"['35 to 39', '65 to 69']",3.0
3002903236.0,2023-12-18 10:00:00,1905,2023,GRANDRAVINE DR,JANE ST,Major Arterial,North York,43.747103,-79.515094,619556.4235,4844855.1876,Intersection Related,Traffic Signal,Snow,"Dark, artificial",Wet,25,Glenfield-Jane Heights,25,Glenfield-Jane Heights (25),Non-Fatal Injury,1,0,1,0,0,0,0,0,0,0,0,0,0,Pedestrian Collisions,"['Driver', 'Pedestrian']",West,"['Automobile, Station Wagon']",['Turning Left'],['Driving Properly'],['Normal'],['Crossing with right of way'],['Normal'],['Not Applicable'],['Not Applicable'],['Not Applicable'],False,['80 to 84'],3.0
3002906029.0,2023-12-19 10:00:00,711,2023,HAREWOOD AV,KINGSTON RD,Major Arterial,Scarborough,43.72272,-79.235164,642152.7655,4842589.1879,Non Intersection,No Control,Clear,Daylight,Dry,123,Cliffcrest,123,Cliffcrest (123),Non-Fatal Injury,1,0,1,0,0,0,0,0,0,0,0,0,0,Pedestrian Collisions,"['Driver', 'Pedestrian']",South,"['Automobile, Station Wagon']",['Slowing or Stopping'],['Driving Properly'],['Normal'],['Not Applicable'],['Unknown'],['Not Applicable'],['Not Applicable'],['Not Applicable'],False,"['25 to 29', '35 to 39']",3.0