accident_number,date,time,year,street1,street2,road_class,district,latitude,longitude,x,y,accident_location,traffctl,visibility,light,road_surface_condition,hood_158,neighbourhood_new,hood_140,neighbourhood_old,accident_class,pedestrian,cyclist,automobile,motorcycle,truck,trsn_city_veh,emerg_veh,passenger,speeding,aggressive_driving,redlight,alcohol,disability,impact_type,involvement_type,initial_direction,vehicle_type,manoeuver,driver_action,driver_condition,pedestrian_action,pedestrian_condition,cyclist_type,cyclist_action,cyclist_condition,injury,involvement_age,injury_severity_score
3002912499.0,2023-12-20 10:00:00,115,2023,KINGSTON RD,ELLESMERE RD,Minor Arterial,Scarborough,43.793585,-79.154567,648469.3341,4850601.2685,Intersection Related,Traffic Signal,Clear,Dark,Dry,133,Centennial Scarborough,133,Centennial Scarborough (133),Non-Fatal Injury,0,0,1,0,0,0,0,0,0,0,0,0,0,Unknown,['Driver'],East,"['Automobile, Station Wagon']","['Going Ahead', 'Stopped']","['Lost control', 'Driving Properly']","['Fatigue', 'Normal']",['Not Applicable'],['Not Applicable'],['Not Applicable'],['Not Applicable'],['Not Applicable'],False,"['55 to 59', '25 to 29']",3.0
3002925553.0,2023-12-21 10:00:00,1842,2023,CUMMER AVE,FLEMING DR,Collector,North York,43.794005,-79.385844,629861.4648,4850259.0274,Intersection Related,No Control,Clear,"Dark, artificial",Dry,49,Bayview Woods-Steeles,49,Bayview Woods-Steeles (49),Fatal,0,0,1,0,0,0,0,0,0,0,0,0,0,SMV Other,['Driver'],East,"['Automobile, Station Wagon']",['Going Ahead'],['Lost control'],['Other'],['Not Applicable'],['Not Applicable'],['Not Applicable'],['Not Applicable'],['Not Applicable'],True,['45 to 49'],4.0
3002931169.0,2023-12-22 10:00:00,1400,2023,FRONT ST E,MARKET STREET,Major Arterial,Toronto and East York,43.649455,-79.371433,631336.3423,4834227.3771,Non Intersection,Missing Control,Clear,Daylight,Dry,166,St Lawrence-East Bayfront-The Islands,73,Moss Park (73),Non-Fatal Injury,0,1,1,0,0,0,0,0,0,0,0,0,0,Cyclist Collisions,"['Driver', 'Cyclist']",East,"['Pick Up Truck', 'Bicycle']",['Going Ahead'],['Driving Properly'],['Normal'],['Not Applicable'],['Not Applicable'],['Not Applicable'],['Failed to Yield Right of Way'],['Normal'],False,"['60 to 64', '80 to 84']",3.0
3002940459.0,2023-12-23 10:00:00,1954,2023,BAYVIEW AVE,TEAGARDEN CRT,Major Arterial,North York,43.768195,-79.388377,629713.4835,4847388.457,Non Intersection,No Control,Rain,"Dark, artificial",Wet,52,Bayview Village,52,Bayview Village (52),Non-Fatal Injury,0,0,1,0,0,0,1,1,0,0,0,0,0,Turning Movement,"['Driver', 'Passenger']",South,"['Automobile, Station Wagon', 'Police Vehicle']","['Making U Turn', 'Going Ahead']",[],['Normal'],['Not Applicable'],['Not Applicable'],['Not Applicable'],['Not Applicable'],['Not Applicable'],False,"['35 to 39', '25 to 29', '5 to 9', '0 to 4']",3.0
3002943645.0,2023-12-24 10:00:00,957,2023,KEELE ST,LAWRENCE AV WEST,Major Arterial,Etobicoke York,43.664176,-79.464039,623837.7628,4835719.9415,At/Near Private Drive,Traffic Signal,Clear,Daylight,Dry,90,Junction Area,90,Junction Area (90),Non-Fatal Injury,1,0,1,0,0,0,0,0,0,0,0,0,0,Pedestrian Collisions,"['Driver', 'Pedestrian']",South,"['Automobile, Station Wagon']",['Turning Right'],['Improper Turn'],['Normal'],['Not Applicable'],['Unknown'],['Not Applicable'],['Not Applicable'],['Not Applicable'],False,"['60 to 64', '20 to 24']",3.0
3002946108.0,2023-12-24 10:00:00,1729,2023,SHEPPARD AVE E,MARKHAM RD,Major Arterial,Scarborough,43.793822,-79.238979,641677.5526,4850479.6242,Intersection Related,Traffic Signal,Clear,"Dark, artificial",Dry,128,Agincourt South-Malvern West,128,Agincourt South-Malvern West (128),Non-Fatal Injury,0,0,1,0,0,0,0,1,0,1,1,0,0,Angle,"['Driver', 'Passenger']",South,"['Automobile, Station Wagon']",['Going Ahead'],"['Disobeyed Traffic Control', 'Driving Properly']","['Inattentive', 'Normal']",['Not Applicable'],['Not Applicable'],['Not Applicable'],['Not Applicable'],['Not Applicable'],False,"['55 to 59', '50 to 54', '75 to 79', '45 to 49', '10 to 14', '5 to 9']",3.0
3002957349.0,2023-12-26 10:00:00,2008,2023,MCCOWAN RD,ELLESMERE RD,Major Arterial,Scarborough,43.772151,-79.25146,640724.2608,4848051.4268,Intersection Related,Traffic Signal,"Fog, Mist, Smoke, Dust","Dark, artificial",Wet,142,Woburn North,137,Woburn (137),Non-Fatal Injury,1,0,1,0,0,0,0,0,0,1,0,0,0,Pedestrian Collisions,"['Driver', 'Pedestrian']",North,"['Automobile, Station Wagon']",['Turning Left'],['Failed to Yield Right of Way'],['Normal'],['Crossing with right of way'],['Normal'],['Not Applicable'],['Not Applicable'],['Not Applicable'],False,"['60 to 64', '20 to 24']",3.0
3002964045.0,2023-10-27 08:00:00,1944,2023,150 WYNFORD DR,Not Applicable,Minor Arterial,North York,43.727255,-79.327731,634686.4956,4842938.2454,Intersection Related,Traffic Signal,Rain,"Dark, artificial",Wet,42,Banbury-Don Mills,42,Banbury-Don Mills (42),Fatal,1,0,1,0,0,0,0,0,0,0,0,0,0,Pedestrian Collisions,"['Driver', 'Pedestrian']",East,"['Automobile, Station Wagon']",['Going Ahead'],['Driving Properly'],['Normal'],['Crossing without right of way'],['Fatigue'],['Not Applicable'],['Not Applicable'],['Not Applicable'],True,"['25 to 29', '70 to 74']",4.0
3002971030.0,2023-12-28 10:00:00,1911,2023,DUFFERIN ST,FISHER ST,Minor Arterial,Toronto and East York,43.650847,-79.431903,626456.7479,4834288.0512,Intersection Related,No Control,Rain,Dark,Wet,84,Little Portugal,84,Little Portugal (84),Fatal,1,0,1,0,0,0,0,0,0,0,0,0,0,Pedestrian Collisions,"['Pedestrian', 'Driver']",East,"['Automobile, Station Wagon']",['Going Ahead'],['Driving Properly'],['Normal'],['Crossing without right of way'],['Normal'],['Not Applicable'],['Not Applicable'],['Not Applicable'],True,"['80 to 84', '20 to 24']",4.0
3002978088.0,2023-12-29 10:00:00,1829,2023,DONSIDE DR,MAYBOURNE AV,Local,Scarborough,43.700789,-79.290279,637763.5905,4840060.3675,Intersection Related,No Control,Rain,Dark,Wet,120,Clairlea-Birchmount,120,Clairlea-Birchmount (120),Non-Fatal Injury,1,0,1,0,0,0,0,0,0,0,0,0,0,Pedestrian Collisions,"['Driver', 'Pedestrian']",West,"['Automobile, Station Wagon']",['Going Ahead'],['Driving Properly'],['Normal'],"['Crossing, no Traffic Control']",['Normal'],['Not Applicable'],['Not Applicable'],['Not Applicable'],False,"['65 to 69', '15 to 19']",3.0
3013932599.0,2013-11-08 10:00:00,725,2013,LAWRENCE AVE E,BENNETT RD,Minor Arterial,Scarborough,43.772868,-79.166332,647573.771,4848279.2743,Intersection Related,Traffic Signal,Clear,Daylight,Dry,136,West Hill,136,West Hill (136),Fatal,1,0,1,0,0,0,0,0,0,1,0,0,0,Pedestrian Collisions,"['Driver', 'Pedestrian']",North,"['Automobile, Station Wagon']",['Turning Left'],['Failed to Yield Right of Way'],['Inattentive'],['Crossing with right of way'],['Normal'],['Not Applicable'],['Not Applicable'],['Not Applicable'],True,"['35 to 39', '25 to 29']",4.0
3013962476.0,2013-11-13 10:00:00,750,2013,WILSON AVE,INGLESIDE DR,Major Arterial,North York,43.727904,-79.478458,622545.3332,4842776.3871,Non Intersection,No Control,Clear,Daylight,Dry,155,Downsview,26,Downsview-Roding-CFB (26),Non-Fatal Injury,0,0,0,0,1,0,0,0,0,1,0,0,0,SMV Other,['Truck Driver'],West,['Truck - Open'],['Going Ahead'],['Failed to Yield Right of Way'],['Normal'],['Not Applicable'],['Not Applicable'],['Not Applicable'],['Not Applicable'],['Not Applicable'],False,['55 to 59'],3.0
316011.0,2020-02-13 10:00:00,2345,2020,BAY ST,LAKE SHORE BLVD W,Major Arterial,Toronto and East York,43.642932,-79.37778,630838.6419,4833492.8872,Intersection Related,No Control,Clear,"Dark, artificial",Dry,166,St Lawrence-East Bayfront-The Islands,77,Waterfront Communities-The Island (77),Non-Fatal Injury,1,0,1,0,0,0,0,0,0,1,0,0,0,Pedestrian Collisions,"['Driver', 'Pedestrian']",South,"['Automobile, Station Wagon']",['Going Ahead'],['Other'],['Had Been Drinking'],"['Crossing, no Traffic Control']",['Normal'],['Not Applicable'],['Not Applicable'],['Not Applicable'],False,['30 to 34'],3.0
332841.0,2020-02-16 10:00:00,1130,2020,STEELES AVE E,CONACHER DR,Major Arterial,North York,43.80202,-79.401675,628570.632,4851124.502,Non Intersection,No Control,Clear,Daylight,Dry,50,Newtonbrook East,50,Newtonbrook East (50),Non-Fatal Injury,0,0,1,0,0,0,0,1,0,1,0,0,0,Rear End,"['Driver', 'Passenger']",East,"['Automobile, Station Wagon', 'Pick Up Truck']","['Going Ahead', 'Slowing or Stopping', 'Stopped']","['Following too Close', 'Driving Properly']","['Inattentive', 'Normal']",['Not Applicable'],['Not Applicable'],['Not Applicable'],['Not Applicable'],['Not Applicable'],False,"['70 to 74', '25 to 29', '30 to 34', '60 to 64', '75 to 79']",3.0
342262.0,2020-02-17 10:00:00,1949,2020,LAKE SHORE BLVD W,THIRTY NINTH ST,Major Arterial,Etobicoke York,43.592768,-79.540553,617808.1403,4827677.8412,Intersection Related,No Control,Clear,"Dark, artificial",Dry,19,Long Branch,19,Long Branch (19),Non-Fatal Injury,1,0,1,0,0,0,0,1,0,1,0,0,0,Pedestrian Collisions,"['Driver', 'Passenger', 'Pedestrian']",East,"['Automobile, Station Wagon']",['Going Ahead'],"['Lost control', 'Driving Properly']","['Unknown', 'Normal']",['Coming From Behind Parked Vehicle'],['Normal'],['Not Applicable'],['Not Applicable'],['Not Applicable'],False,"['35 to 39', '30 to 34', '20 to 24', '25 to 29']",3.0
348999.0,2020-02-18 10:00:00,1818,2020,4673 JANE ST,Not Applicable,Major Arterial,North York,43.770259,-79.520694,619059.6044,4847418.9359,Non Intersection,No Control,Clear,"Dark, artificial",Wet,24,Black Creek,24,Black Creek (24),Non-Fatal Injury,1,0,1,0,0,0,0,0,0,0,0,0,0,Pedestrian Collisions,"['Driver', 'Pedestrian']",East,"['Automobile, Station Wagon']",['Going Ahead'],['Driving Properly'],['Normal'],"['Crossing, no Traffic Control']",['Inattentive'],['Not Applicable'],['Not Applicable'],['Not Applicable'],False,"['75 to 79', '85 to 89']",3.0
37330.0,2020-01-06 10:00:00,1555,2020,DUNDAS ST W,SHERIDAN AVE,Minor Arterial,Toronto and East York,43.649699,-79.43365,626318.2689,4834157.8902,At Intersection,Traffic Signal,Clear,"Dawn, artificial",Dry,84,Little Portugal,84,Little Portugal (84),Non-Fatal Injury,1,0,1,0,0,0,0,0,0,1,0,0,0,Pedestrian Collisions,"['Driver', 'Pedestrian']",North,"['Automobile, Station Wagon']",['Going Ahead'],['Failed to Yield Right of Way'],['Normal'],['Crossing with right of way'],['Normal'],['Not Applicable'],['Not Applicable'],['Not Applicable'],False,"['50 to 54', '75 to 79']",3.0
374527.0,2020-02-22 10:00:00,320,2020,GRANDRAVINE DR,FUTURA DR,Collector,North York,43.748633,-79.506542,620241.9251,4845037.4942,Non Intersection,No Control,Clear,"Dark, artificial",Dry,25,Glenfield-Jane Heights,25,Glenfield-Jane Heights (25),Non-Fatal Injury,0,0,1,0,0,0,0,1,1,1,0,0,0,SMV Other,"['Driver', 'Passenger']",West,"['Automobile, Station Wagon']",['Going Ahead'],['Speed too Fast For Condition'],['Unknown'],['Not Applicable'],['Not Applicable'],['Not Applicable'],['Not Applicable'],['Not Applicable'],False,"['30 to 34', '15 to 19', '25 to 29']",3.0
382209.0,2020-02-23 10:00:00,707,2020,DON MILLS RD,LAWRENCE AVE E,Major Arterial,Etobicoke York,43.737101,-79.34341,633401.8142,4844006.4237,At Intersection,Traffic Signal,Clear,Daylight,Dry,42,Banbury-Don Mills,42,Banbury-Don Mills (42),Non-Fatal Injury,0,0,1,0,0,0,0,0,0,1,1,0,0,Angle,['Driver'],East,"['Automobile, Station Wagon']",['Going Ahead'],"['Disobeyed Traffic Control', 'Driving Properly']",['Normal'],['Not Applicable'],['Not Applicable'],['Not Applicable'],['Not Applicable'],['Not Applicable'],False,"['45 to 49', '25 to 29']",3.0
385373.0,2020-02-23 10:00:00,1655,2020,VICTORIA PARK AVE,HUNTINGWOOD DR,Major Arterial,North York,43.78028,-79.325359,634758.4688,4848831.3311,At Intersection,Traffic Signal,Clear,Daylight,Dry,147,L'Amoreaux West,117,L'Amoreaux (117),Fatal,1,0,1,0,0,0,0,1,0,1,0,0,0,Pedestrian Collisions,"['Driver', 'Passenger', 'Pedestrian']",West,"['Automobile, Station Wagon']",['Turning Left'],['Failed to Yield Right of Way'],['Inattentive'],['Crossing with right of way'],['Normal'],['Not Applicable'],['Not Applicable'],['Not Applicable'],True,"['55 to 59', '25 to 29', '75 to 79']",4.0
4000008445.0,2014-06-17 08:00:00,1050,2014,5450 LAWRENCE AVE E,Not Applicable,Minor Arterial,Scarborough,43.778929,-79.139507,649717.5502,4849000.6101,At/Near Private Drive,No Control,Clear,Daylight,Dry,133,Centennial Scarborough,133,Centennial Scarborough (133),Non-Fatal Injury,0,1,1,0,0,0,0,0,0,1,0,0,0,Cyclist Collisions,"['Driver', 'Cyclist']",East,"['Automobile, Station Wagon', 'Bicycle']",['Going Ahead'],['Failed to Yield Right of Way'],['Normal'],['Not Applicable'],['Not Applicable'],"['Motorist without ROW drives into path of cyclist at inter, lnwy, dwy-Driver not turn.']",['Driving Properly'],['Normal'],False,"['70 to 74', '15 to 19']",3.0
4000009508.0,2014-08-17 08:00:00,2159,2014,KINGSTON RD,PICKERING ST,Major Arterial,Toronto and East York,43.680213,-79.289912,637840.2915,4837775.7229,At Intersection,No Control,Clear,"Dark, artificial",Dry,63,The Beaches,63,The Beaches (63),Non-Fatal Injury,0,1,1,0,0,0,0,0,0,0,0,0,0,Cyclist Collisions,"['Cyclist', 'Driver']",West,"['Bicycle', 'Automobile, Station Wagon']","['Changing Lanes', 'Going Ahead']",['Driving Properly'],['Normal'],['Not Applicable'],['Not Applicable'],['Cyclist and Driver travelling in same direction. One vehicle sideswipes the other.'],['Improper Lane Change'],['Inattentive'],False,"['15 to 19', '50 to 54']",3.0
4000047040.0,2014-12-08 10:00:00,1700,2014,MT PLEASANT RD,MERTON ST,Major Arterial,North York,43.698161,-79.38647,630018.4402,4839613.1485,At Intersection,Traffic Signal,Clear,"Dark, artificial",Dry,99,Mount Pleasant East,99,Mount Pleasant East (99),Non-Fatal Injury,1,0,1,0,0,0,0,0,0,1,0,0,0,Pedestrian Collisions,"['Driver', 'Pedestrian']",North,"['Automobile, Station Wagon']",['Turning Left'],['Failed to Yield Right of Way'],['Inattentive'],['Not Applicable'],['Unknown'],['Not Applicable'],['Not Applicable'],['Not Applicable'],False,"['75 to 79', '65 to 69']",3.0
4000062087.0,2023-06-28 08:00:00,2315,2023,WOLFE AV,COMMONWEALTH AV,Unknown,Unknown,43.727428,-79.25365,640652.7305,4843080.5367,Intersection Related,Traffic Signal,Clear,"Dark, artificial",Dry,124,Kennedy Park,124,Kennedy Park (124),Non-Fatal Injury,0,0,1,1,0,0,0,0,0,1,0,0,0,Unknown,"['Driver', 'Motorcycle Driver']",East,"['Automobile, Station Wagon', 'Motorcycle']","['Overtaking', 'Slowing or Stopping']","['Improper Passing', 'Driving Properly']",['Normal'],['Not Applicable'],['Not Applicable'],['Not Applicable'],['Not Applicable'],['Not Applicable'],False,"['unknown', '60 to 64']",3.0
4001311712.0,2014-01-09 10:00:00,1545,2014,MCCOWAN RD,EGLINTON AVE E,Major Arterial,Scarborough,43.738841,-79.238353,641857.8298,4844374.2003,Intersection Related,No Control,Clear,Daylight,Wet,138,Eglinton East,138,Eglinton East (138),Non-Fatal Injury,1,0,1,0,0,0,0,0,0,0,0,0,0,Pedestrian Collisions,"['Driver', 'Pedestrian']",Unknown,['Passenger Van'],['Unknown'],['Other'],['Unknown'],['Other'],['Unknown'],['Not Applicable'],['Not Applicable'],['Not Applicable'],False,"['unknown', '40 to 44']",3.0
4001313188.0,2014-01-09 10:00:00,2025,2014,ISLINGTON AVE,BRIMINGHAM ST,Major Arterial,Etobicoke York,43.603228,-79.506282,620553.667,4828888.7181,Intersection Related,Traffic Signal,Clear,"Dark, artificial",Wet,18,New Toronto,18,New Toronto (18),Non-Fatal Injury,1,0,1,0,0,0,0,0,0,0,0,0,0,Pedestrian Collisions,"['Driver', 'Pedestrian']",North,"['Automobile, Station Wagon']",['Going Ahead'],['Driving Properly'],['Normal'],"['Crossing, no Traffic Control']",['Normal'],['Not Applicable'],['Not Applicable'],['Not Applicable'],False,"['30 to 34', '40 to 44']",3.0
4001338478.0,2014-01-13 10:00:00,2125,2014,THE QUEENSWAY,427 C S QUEENSWAY RAMP,Major Arterial,Etobicoke York,43.615058,-79.552249,616820.8689,4830136.8901,At Intersection,Traffic Signal,Clear,"Dark, artificial",Wet,159,Etobicoke City Centre,14,Islington-City Centre West (14),Non-Fatal Injury,0,0,1,0,0,0,0,0,0,1,0,0,0,Turning Movement,['Driver'],East,"['Automobile, Station Wagon']","['Turning Left', 'Going Ahead']","['Failed to Yield Right of Way', 'Driving Properly']",['Normal'],['Not Applicable'],['Not Applicable'],['Not Applicable'],['Not Applicable'],['Not Applicable'],False,"['30 to 34', '65 to 69']",3.0
4001339945.0,2014-01-14 10:00:00,710,2014,JUDSON ST,HAROLD ST,Collector,Etobicoke York,43.61558,-79.500003,621035.6542,4830269.6895,Non Intersection,No Control,Clear,"Dawn, artificial",Dry,160,Mimico-Queensway,17,Mimico (includes Humber Bay Shores) (17),Non-Fatal Injury,0,0,1,0,0,0,0,0,1,1,0,0,0,SMV Other,['Driver'],West,"['Automobile, Station Wagon']",['Going Ahead'],['Speed too Fast For Condition'],['Inattentive'],['Not Applicable'],['Not Applicable'],['Not Applicable'],['Not Applicable'],['Not Applicable'],False,['30 to 34'],3.0
4001342712.0,2014-01-14 10:00:00,1518,2014,3 BELL ROYAL CRT,Not Applicable,Local,Etobicoke York,43.672438,-79.521617,619179.1113,4836553.2126,At/Near Private Drive,No Control,Clear,Daylight,Ice,9,Edenbridge-Humber Valley,9,Edenbridge-Humber Valley (9),Non-Fatal Injury,1,0,0,0,1,0,0,0,0,0,0,0,0,Pedestrian Collisions,"['Truck Driver', 'Pedestrian']",East,['Truck - Open'],['Going Ahead'],['Other'],['Normal'],['Walking on Roadway with Traffic'],['Normal'],['Not Applicable'],['Not Applicable'],['Not Applicable'],False,"['35 to 39', '20 to 24']",3.0
4001344082.0,2014-01-14 10:00:00,1929,2014,WARDEN AVE,SHEPPARD AVE E,Major Arterial,Scarborough,43.77872,-79.307895,636167.3541,4848686.645,Intersection Related,Traffic Signal,Clear,"Dark, artificial",Dry,118,Tam O'Shanter-Sullivan,118,Tam O'Shanter-Sullivan (118),Non-Fatal Injury,0,0,1,0,0,0,0,0,0,1,0,0,0,Turning Movement,['Driver'],North,"['Automobile, Station Wagon', 'Passenger Van']","['Turning Left', 'Going Ahead']","['Failed to Yield Right of Way', 'Driving Properly']","['Inattentive', 'Normal']",['Not Applicable'],['Not Applicable'],['Not Applicable'],['Not Applicable'],['Not Applicable'],False,"['20 to 24', '15 to 19']",3.0
4001361731.0,2014-01-17 10:00:00,1528,2014,JANE ST,PRITCHARD AVE,Major Arterial,Etobicoke York,43.669467,-79.492801,621508.1135,4836265.0471,At Intersection,Traffic Signal,Clear,Daylight,Dry,111,Rockcliffe-Smythe,111,Rockcliffe-Smythe (111),Non-Fatal Injury,1,0,1,0,0,0,0,1,0,1,1,0,0,Pedestrian Collisions,"['Driver', 'Passenger', 'Pedestrian']",North,"['Automobile, Station Wagon']","['Turning Left', 'Going Ahead']","['Driving Properly', 'Disobeyed Traffic Control']",['Normal'],['On Sidewalk or Shoulder'],['Normal'],['Not Applicable'],['Not Applicable'],['Not Applicable'],False,"['20 to 24', '65 to 69', '25 to 29', '60 to 64', '45 to 49']",3.0
4001374034.0,2014-01-19 10:00:00,1702,2014,KINGSTON RD,GLEN EVEREST RD,Major Arterial,Scarborough,43.697543,-79.256786,640469.9572,4839756.054,At Intersection,Traffic Signal,Snow,"Dark, artificial",Ice,122,Birchcliffe-Cliffside,122,Birchcliffe-Cliffside (122),Non-Fatal Injury,0,0,1,0,0,0,0,1,1,1,0,0,0,SMV Other,"['Driver', 'Passenger']",East,"['Automobile, Station Wagon']",['Going Ahead'],['Speed too Fast For Condition'],['Normal'],['Not Applicable'],['Not Applicable'],['Not Applicable'],['Not Applicable'],['Not Applicable'],False,"['50 to 54', '60 to 64']",3.0
4001383742.0,2014-01-21 10:00:00,1000,2014,KINGSTON RD,TOLLGATE MEWS,Major Arterial,Scarborough,43.732688,-79.223819,643042.8552,4843715.8066,Intersection Related,No Control,Clear,Daylight,Dry,139,Scarborough Village,139,Scarborough Village (139),Non-Fatal Injury,0,0,1,0,1,0,0,1,0,1,0,0,0,Rear End,"['Truck Driver', 'Driver', 'Passenger']",West,"['Truck-Tractor', 'Pick Up Truck', 'Automobile, Station Wagon', 'Truck - Closed (Blazer, etc)']","['Going Ahead', 'Stopped']","['Following too Close', 'Driving Properly']","['Inattentive', 'Normal']",['Not Applicable'],['Not Applicable'],['Not Applicable'],['Not Applicable'],['Not Applicable'],False,"['35 to 39', '50 to 54', '45 to 49', '55 to 59', '60 to 64', '40 to 44', '20 to 24', '25 to 29']",3.0
4001384194.0,2014-01-21 10:00:00,1222,2014,FINCH AVE W,ALNESS ST,Major Arterial,North York,43.767813,-79.471469,623026.4465,4847219.2253,At Intersection,Traffic Signal,Clear,Daylight,Dry,27,York University Heights,27,York University Heights (27),Non-Fatal Injury,1,0,0,0,1,0,0,0,0,1,0,0,0,Pedestrian Collisions,"['Truck Driver', 'Pedestrian']",North,['Truck - Dump'],['Turning Left'],['Failed to Yield Right of Way'],['Normal'],['Crossing with right of way'],['Unknown'],['Not Applicable'],['Not Applicable'],['Not Applicable'],False,"['45 to 49', '55 to 59']",3.0
4001392181.0,2014-01-22 10:00:00,1846,2014,KINGSTON RD,PAYZAC AVE,Major Arterial,Scarborough,43.758952,-79.197589,645091.8158,4846678.4451,At Intersection,Traffic Signal,Clear,Dark,Dry,136,West Hill,136,West Hill (136),Non-Fatal Injury,1,0,1,0,0,0,0,0,0,0,0,0,0,Pedestrian Collisions,"['Driver', 'Pedestrian']",North,"['Automobile, Station Wagon']",['Going Ahead'],['Driving Properly'],['Normal'],['Crossing without right of way'],['Normal'],['Not Applicable'],['Not Applicable'],['Not Applicable'],False,"['35 to 39', '30 to 34']",3.0
4001414099.0,2014-01-26 10:00:00,1510,2014,DUNDAS ST E,HAMILTON ST,Major Arterial,Toronto and East York,43.662223,-79.352245,632855.6219,4835675.9802,Intersection Related,Stop Sign,Snow,Daylight,Slush,70,South Riverdale,70,South Riverdale (70),Non-Fatal Injury,0,0,1,0,0,0,0,1,0,1,0,0,0,Angle,"['Driver', 'Passenger']",East,"['Automobile, Station Wagon']",['Going Ahead'],"['Failed to Yield Right of Way', 'Driving Properly']",['Normal'],['Not Applicable'],['Not Applicable'],['Not Applicable'],['Not Applicable'],['Not Applicable'],False,"['55 to 59', '40 to 44', 'unknown']",3.0
4001426631.0,2014-01-28 10:00:00,1740,2014,BRIMLEY RD,HIGHWAY 401 C  W,Major Arterial,Scarborough,43.779536,-79.264842,639630.0612,4848848.989,Non Intersection,No Control,Clear,"Dark, artificial",Dry,128,Agincourt South-Malvern West,128,Agincourt South-Malvern West (128),Non-Fatal Injury,0,0,1,0,0,0,0,1,0,1,0,0,0,Approaching,"['Driver', 'Passenger']",North,"['Pick Up Truck', 'Passenger Van']",['Going Ahead'],"['Lost control', 'Driving Properly']","['Inattentive', 'Normal']",['Not Applicable'],['Not Applicable'],['Not Applicable'],['Not Applicable'],['Not Applicable'],False,"['65 to 69', '40 to 44', '60 to 64', '5 to 9']",3.0
4001435138.0,2014-01-30 10:00:00,640,2014,1970 ELLESMERE RD,Not Applicable,Major Arterial,Scarborough,43.775023,-79.238376,641770.4997,4848392.7291,Non Intersection,No Control,Clear,Daylight,Dry,142,Woburn North,137,Woburn (137),Non-Fatal Injury,0,0,1,0,0,0,0,1,0,0,0,0,0,Approaching,"['Driver', 'Passenger']",East,"['Automobile, Station Wagon']",['Going Ahead'],"['Lost control', 'Driving Properly']","['Inattentive', 'Normal']",['Not Applicable'],['Not Applicable'],['Not Applicable'],['Not Applicable'],['Not Applicable'],False,"['25 to 29', '45 to 49', '15 to 19']",3.0
4001436264.0,2014-01-30 10:00:00,1027,2014,HIGHWAY 27  S,CARRIER DR,Major Arterial,Etobicoke York,43.739615,-79.605655,612278.9,4843896.8275,Non Intersection,No Control,Clear,Daylight,Dry,1,West Humber-Clairville,1,West Humber-Clairville (1),Non-Fatal Injury,0,0,1,0,0,0,0,0,1,1,0,0,1,Rear End,['Driver'],South,"['Passenger Van', 'Automobile, Station Wagon']","['Slowing or Stopping', 'Going Ahead']","['Driving Properly', 'Exceeding Speed Limit']","['Normal', 'Medical or Physical Disability']",['Not Applicable'],['Not Applicable'],['Not Applicable'],['Not Applicable'],['Not Applicable'],False,"['60 to 64', '20 to 24', '70 to 74']",3.0
4001438202.0,2014-01-30 10:00:00,1540,2014,THE POND RD,ATKINSON RD,Minor Arterial,Etobicoke York,43.770331,-79.500835,620657.7919,4847455.6778,At/Near Private Drive,Stop Sign,Clear,Daylight,Wet,27,York University Heights,27,York University Heights (27),Non-Fatal Injury,0,0,1,0,0,0,0,0,0,0,0,0,1,SMV Other,['Driver'],North,"['Automobile, Station Wagon']",['Turning Left'],['Lost control'],['Medical or Physical Disability'],['Not Applicable'],['Not Applicable'],['Not Applicable'],['Not Applicable'],['Not Applicable'],False,['40 to 44'],3.0
4001460471.0,2014-02-03 10:00:00,1043,2014,OLD WESTON RD,ROGERS RD,Minor Arterial,Etobicoke York,43.681517,-79.467433,623528.5348,4837640.8298,Non Intersection,No Control,Clear,Daylight,Dry,110,Keelesdale-Eglinton West,110,Keelesdale-Eglinton West (110),Non-Fatal Injury,0,1,1,0,0,0,0,0,0,0,0,0,0,Cyclist Collisions,"['Driver', 'Cyclist']",South,"['Automobile, Station Wagon', 'Bicycle']","['Going Ahead', 'Other']",['Driving Properly'],['Normal'],['Not Applicable'],['Not Applicable'],['Cyclist rode off sidewalk into road at midblock.'],['Other'],['Inattentive'],False,"['25 to 29', '50 to 54']",3.0
4001467875.0,2014-02-04 10:00:00,1255,2014,KIPLING AVE,WESTHUMBER BLVD,Major Arterial,Etobicoke York,43.728125,-79.574649,614797.6094,4842663.1849,At Intersection,Traffic Signal,Clear,Daylight,Dry,4,Rexdale-Kipling,4,Rexdale-Kipling (4),Non-Fatal Injury,1,0,1,0,0,0,0,0,0,1,1,1,0,Pedestrian Collisions,"['Driver', 'Pedestrian']",East,"['Automobile, Station Wagon']",['Going Ahead'],"['Driving Properly', 'Disobeyed Traffic Control']","['Normal', 'Ability Impaired, Alcohol Over .08']",['Crossing with right of way'],['Normal'],['Not Applicable'],['Not Applicable'],['Not Applicable'],False,"['35 to 39', '60 to 64', '25 to 29']",3.0
4001484501.0,2014-02-07 10:00:00,806,2014,LAKE SHORE BLVD W,PRIMROSE AVE,Major Arterial,Etobicoke York,43.614035,-79.489146,621914.8419,4830113.9804,Non Intersection,No Control,Clear,Daylight,Wet,161,Humber Bay Shores,17,Mimico (includes Humber Bay Shores) (17),Non-Fatal Injury,0,0,1,0,0,0,0,1,1,1,0,0,0,Angle,"['Driver', 'Passenger']",East,"['Automobile, Station Wagon', 'Pick Up Truck']",['Going Ahead'],"['Improper Turn', 'Driving Properly']","['Unknown', 'Normal']",['Not Applicable'],['Not Applicable'],['Not Applicable'],['Not Applicable'],['Not Applicable'],False,"['55 to 59', '20 to 24']",3.0