accident_number,date,time,year,street1,street2,road_class,district,latitude,longitude,x,y,accident_location,traffctl,visibility,light,road_surface_condition,hood_158,neighbourhood_new,hood_140,neighbourhood_old,accident_class,pedestrian,cyclist,automobile,motorcycle,truck,trsn_city_veh,emerg_veh,passenger,speeding,aggressive_driving,redlight,alcohol,disability,impact_type,involvement_type,initial_direction,vehicle_type,manoeuver,driver_action,driver_condition,pedestrian_action,pedestrian_condition,cyclist_type,cyclist_action,cyclist_condition,injury,involvement_age,injury_severity_score
4001829726.0,2014-04-04 08:00:00,2225,2014,DON MILLS RD,BARBER GREENE RD,Major Arterial,North York,43.727645,-79.340846,633629.3196,4842960.3276,Intersection Related,Traffic Signal,Rain,Dark,Wet,42,Banbury-Don Mills,42,Banbury-Don Mills (42),Non-Fatal Injury,1,0,1,0,0,0,0,0,0,0,0,0,0,Pedestrian Collisions,"['Driver', 'Pedestrian']",East,"['Automobile, Station Wagon']",['Turning Right'],['Improper Turn'],['Inattentive'],['Crossing without right of way'],['Inattentive'],['Not Applicable'],['Not Applicable'],['Not Applicable'],False,"['45 to 49', '20 to 24']",3.0
4001839598.0,2014-04-06 08:00:00,1555,2014,ROYAL YORK RD,KINGSGROVE BLVD,Minor Arterial,Etobicoke York,43.65351,-79.514026,619828.7115,4834461.9459,At Intersection,Stop Sign,Clear,Daylight,Dry,15,Kingsway South,15,Kingsway South (15),Non-Fatal Injury,0,0,1,1,0,0,0,0,0,1,0,0,0,Turning Movement,"['Driver', 'Motorcycle Driver']",North,"['Automobile, Station Wagon', 'Motorcycle']","['Turning Left', 'Going Ahead']","['Failed to Yield Right of Way', 'Driving Properly']","['Inattentive', 'Normal']",['Not Applicable'],['Not Applicable'],['Not Applicable'],['Not Applicable'],['Not Applicable'],False,"['15 to 19', '40 to 44']",3.0
4001839979.0,2014-04-06 08:00:00,1725,2014,YONGE ST,PLEASANT BLVD,Major Arterial,Toronto and East York,43.687121,-79.393695,629459.9954,4838375.6991,At Intersection,No Control,Clear,Daylight,Dry,98,Rosedale-Moore Park,98,Rosedale-Moore Park (98),Non-Fatal Injury,1,0,1,1,0,0,0,0,1,1,0,0,0,Pedestrian Collisions,"['Driver', 'Motorcycle Driver', 'Pedestrian']",North,"['Automobile, Station Wagon', 'Motorcycle']","['Turning Left', 'Changing Lanes']","['Failed to Yield Right of Way', 'Driving Properly']",['Normal'],['On Sidewalk or Shoulder'],['Normal'],['Not Applicable'],['Not Applicable'],['Not Applicable'],False,"['75 to 79', '25 to 29', '65 to 69']",3.0
4001840034.0,2014-04-06 08:00:00,1730,2014,DUNDAS ST W,MABELLE AVE,Major Arterial,Etobicoke York,43.646765,-79.530544,618509.9561,4833689.108,At Intersection,Traffic Signal,Clear,Daylight,Dry,159,Etobicoke City Centre,14,Islington-City Centre West (14),Non-Fatal Injury,1,0,1,0,0,0,0,1,0,1,0,0,0,Pedestrian Collisions,"['Driver', 'Passenger', 'Pedestrian']",North,"['Automobile, Station Wagon']",['Turning Left'],['Failed to Yield Right of Way'],['Inattentive'],['Crossing with right of way'],['Unknown'],['Not Applicable'],['Not Applicable'],['Not Applicable'],False,"['70 to 74', '80 to 84', '55 to 59']",3.0
4001840724.0,2014-04-06 08:00:00,2002,2014,BAYVIEW AVE,PARKHURST BLVD,Major Arterial,North York,43.708693,-79.376323,630813.1859,4840798.8377,At Intersection,Pedestrian Crossover,Clear,"Dark, artificial",Dry,56,Leaside-Bennington,56,Leaside-Bennington (56),Non-Fatal Injury,1,0,1,0,0,0,0,1,0,1,0,0,0,Pedestrian Collisions,"['Driver', 'Pedestrian', 'Passenger']",East,['Passenger Van'],['Going Ahead'],['Failed to Yield Right of Way'],['Inattentive'],"['Crossing, Pedestrian Crossover']",['Normal'],['Not Applicable'],['Not Applicable'],['Not Applicable'],False,"['15 to 19', '20 to 24']",3.0
4001851906.0,2014-04-08 08:00:00,1550,2014,DANFORTH RD,LINDEN AVE,Major Arterial,Scarborough,43.720854,-79.257076,640392.1503,4842344.5873,At Intersection,No Control,Clear,Daylight,Dry,124,Kennedy Park,124,Kennedy Park (124),Non-Fatal Injury,1,0,1,0,0,0,0,0,0,0,0,0,0,Pedestrian Collisions,"['Driver', 'Pedestrian']",East,"['Automobile, Station Wagon']",['Going Ahead'],['Driving Properly'],['Normal'],"['Crossing, no Traffic Control']",['Normal'],['Not Applicable'],['Not Applicable'],['Not Applicable'],False,"['30 to 34', '10 to 14']",3.0
4001856099.0,2014-04-09 08:00:00,1005,2014,STEELES AVE W,TORRESDALE AVE,Major Arterial,North York,43.790801,-79.453021,624463.5711,4849799.9667,At Intersection,Traffic Signal,Clear,Daylight,Dry,35,Westminster-Branson,35,Westminster-Branson (35),Non-Fatal Injury,0,0,1,0,0,0,0,1,1,1,0,0,0,Turning Movement,"['Driver', 'Passenger']",East,"['Automobile, Station Wagon']","['Turning Left', 'Going Ahead']","['Failed to Yield Right of Way', 'Exceeding Speed Limit']",['Normal'],['Not Applicable'],['Not Applicable'],['Not Applicable'],['Not Applicable'],['Not Applicable'],False,"['60 to 64', '15 to 19']",3.0
4001858374.0,2014-04-09 08:00:00,1604,2014,EGLINTON AVE E,BRENTCLIFFE RD,Major Arterial,North York,43.714595,-79.359813,632130.374,4841480.5253,At Intersection,Traffic Signal,Clear,Daylight,Dry,55,Thorncliffe Park,55,Thorncliffe Park (55),Non-Fatal Injury,0,0,1,1,0,0,0,0,1,1,1,0,0,Turning Movement,"['Driver', 'Motorcycle Driver']",East,"['Automobile, Station Wagon', 'Motorcycle']","['Turning Left', 'Going Ahead']","['Failed to Yield Right of Way', 'Disobeyed Traffic Control']","['Normal', 'Unknown']",['Not Applicable'],['Not Applicable'],['Not Applicable'],['Not Applicable'],['Not Applicable'],False,"['45 to 49', '35 to 39']",3.0
4001876057.0,2014-04-12 08:00:00,1030,2014,WESTON RD,EGLINTON AVE W,Major Arterial,Etobicoke York,43.686984,-79.48952,621737.1964,4838215.3546,Intersection Related,Traffic Signal,Clear,Daylight,Dry,115,Mount Dennis,115,Mount Dennis (115),Non-Fatal Injury,0,0,1,0,0,0,0,1,0,0,0,0,0,Turning Movement,"['Driver', 'Passenger']",North,"['Automobile, Station Wagon']","['Going Ahead', 'Turning Left']","['Driving Properly', 'Improper Turn']",['Normal'],['Not Applicable'],['Not Applicable'],['Not Applicable'],['Not Applicable'],['Not Applicable'],False,"['75 to 79', '40 to 44', '20 to 24']",3.0
4001879766.0,2014-04-12 08:00:00,2030,2014,GREENWOOD AVE,OAKVALE AVE,Minor Arterial,Toronto and East York,43.67966,-79.331622,634479.4869,4837645.8279,Intersection Related,Stop Sign,Clear,"Dark, artificial",Dry,65,Greenwood-Coxwell,65,Greenwood-Coxwell (65),Non-Fatal Injury,0,0,1,1,0,0,0,0,1,1,0,0,0,Turning Movement,"['Motorcycle Driver', 'Driver']",East,"['Motorcycle', 'Passenger Van', 'Automobile, Station Wagon']","['Going Ahead', 'Turning Left', 'Parked']","['Exceeding Speed Limit', 'Driving Properly']","['Normal', 'Unknown']",['Not Applicable'],['Not Applicable'],['Not Applicable'],['Not Applicable'],['Not Applicable'],False,"['35 to 39', '25 to 29', '20 to 24']",3.0
4001887812.0,2014-04-14 08:00:00,934,2014,BLOOR ST W,RUNNYMEDE RD,Major Arterial,Toronto and East York,43.651122,-79.476299,622875.9074,4834251.8983,Intersection Related,Traffic Signal,Clear,Daylight,Dry,87,High Park-Swansea,87,High Park-Swansea (87),Non-Fatal Injury,0,0,1,0,0,0,0,1,0,0,0,0,1,Sideswipe,"['Driver', 'Passenger']",West,"['Automobile, Station Wagon']","['Stopped', 'Going Ahead']","['Driving Properly', 'Lost control']","['Normal', 'Medical or Physical Disability']",['Not Applicable'],['Not Applicable'],['Not Applicable'],['Not Applicable'],['Not Applicable'],False,"['50 to 54', '35 to 39', '75 to 79', '30 to 34']",3.0
4001888181.0,2014-04-14 08:00:00,1030,2014,REXDALE BLVD,HUMBERWOOD BLVD,Major Arterial,Etobicoke York,43.72042,-79.609165,612032.0374,4841760.2032,Non Intersection,No Control,Clear,Daylight,Dry,1,West Humber-Clairville,1,West Humber-Clairville (1),Non-Fatal Injury,0,1,1,0,0,0,0,0,0,1,0,0,0,Cyclist Collisions,"['Driver', 'Cyclist']",West,"['Automobile, Station Wagon', 'Bicycle']",['Going Ahead'],['Improper Passing'],['Unknown'],['Not Applicable'],['Not Applicable'],['Cyclist and Driver travelling in same direction. One vehicle sideswipes the other.'],['Driving Properly'],['Normal'],False,"['unknown', '55 to 59']",3.0
4001889890.0,2014-04-14 08:00:00,1440,2014,CUMMER AVE,CONACHER DR,Minor Arterial,North York,43.791484,-79.397022,628967.5911,4849961.5533,At Intersection,Pedestrian Crossover,Clear,Daylight,Dry,50,Newtonbrook East,50,Newtonbrook East (50),Non-Fatal Injury,0,0,1,0,0,0,0,0,1,1,0,0,0,SMV Other,['Driver'],East,"['Automobile, Station Wagon']",['Going Ahead'],['Lost control'],['Unknown'],['Not Applicable'],['Not Applicable'],['Not Applicable'],['Not Applicable'],['Not Applicable'],False,['20 to 24'],3.0
4001900462.0,2014-04-16 08:00:00,718,2014,TORRESDALE AVE,STEELES AVE W,Major Arterial,North York,43.790801,-79.453021,624463.5711,4849799.9667,At Intersection,Traffic Signal,Clear,Daylight,Dry,35,Westminster-Branson,35,Westminster-Branson (35),Non-Fatal Injury,0,0,1,0,0,0,0,0,0,1,1,0,0,Turning Movement,['Driver'],East,"['Automobile, Station Wagon']","['Turning Left', 'Going Ahead']","['Driving Properly', 'Disobeyed Traffic Control']",['Normal'],['Not Applicable'],['Not Applicable'],['Not Applicable'],['Not Applicable'],['Not Applicable'],False,"['50 to 54', '40 to 44']",3.0
4001902313.0,2014-04-16 08:00:00,1453,2014,STEELES AVE W,GIHON SPRING DR,Major Arterial,Etobicoke York,43.759448,-79.596225,613000.9238,4846112.3899,Non Intersection,No Control,Clear,Daylight,Dry,2,Mount Olive-Silverstone-Jamestown,2,Mount Olive-Silverstone-Jamestown (2),Non-Fatal Injury,0,0,1,0,0,0,0,1,1,1,0,0,0,Approaching,"['Driver', 'Passenger']",East,"['Passenger Van', 'Automobile, Station Wagon']",['Going Ahead'],"['Lost control', 'Driving Properly']",['Normal'],['Not Applicable'],['Not Applicable'],['Not Applicable'],['Not Applicable'],['Not Applicable'],False,"['15 to 19', '40 to 44', '45 to 49']",3.0
4001910374.0,2014-04-08 08:00:00,1955,2014,HARBORD ST,SPADINA AVE,Major Arterial,Toronto and East York,43.663043,-79.402095,628834.5071,4835688.433,Non Intersection,No Control,Other,Daylight,Dry,79,University,79,University (79),Non-Fatal Injury,0,1,1,0,0,0,0,1,0,0,0,0,0,Cyclist Collisions,"['Driver', 'Cyclist', 'Passenger']",East,"['Automobile, Station Wagon', 'Bicycle']","['Parked', 'Going Ahead']",['Other'],['Unknown'],['Not Applicable'],['Not Applicable'],['Cyclist struck opened vehicle door'],['Driving Properly'],['Normal'],False,"['20 to 24', '50 to 54']",3.0
4001911454.0,2014-04-17 08:00:00,2030,2014,THE QUEENSWAY,SOUTH KINGSWAY,Major Arterial,Toronto and East York,43.635459,-79.473483,623134.9951,4832516.4959,Underpass or Tunnel,No Control,Clear,"Dark, artificial",Dry,87,High Park-Swansea,87,High Park-Swansea (87),Non-Fatal Injury,0,0,1,0,0,0,0,1,1,1,0,0,0,Sideswipe,"['Driver', 'Passenger']",East,"['Automobile, Station Wagon']","['Overtaking', 'Going Ahead']","['Exceeding Speed Limit', 'Driving Properly']",['Normal'],['Not Applicable'],['Not Applicable'],['Not Applicable'],['Not Applicable'],['Not Applicable'],False,"['35 to 39', '60 to 64', '40 to 44']",3.0
4001912926.0,2014-04-18 08:00:00,232,2014,DAWES RD,CRESCENT TOWN RD,Minor Arterial,Toronto and East York,43.696513,-79.297305,637207.2056,4839573.8058,Non Intersection,Traffic Signal,Clear,"Dark, artificial",Dry,61,Taylor-Massey,61,Taylor-Massey (61),Non-Fatal Injury,0,0,1,0,0,0,0,0,1,1,0,1,0,SMV Other,['Driver'],South,"['Automobile, Station Wagon']",['Going Ahead'],['Speed too Fast For Condition'],"['Ability Impaired, Alcohol']",['Not Applicable'],['Not Applicable'],['Not Applicable'],['Not Applicable'],['Not Applicable'],False,['40 to 44'],3.0
4001931404.0,2014-04-21 08:00:00,1433,2014,MORNINGSIDE AVE,GARDENTREE ST,Minor Arterial,Scarborough,43.760081,-79.182796,646279.8975,4846829.8623,Non Intersection,No Control,Clear,Daylight,Dry,136,West Hill,136,West Hill (136),Non-Fatal Injury,0,1,1,0,0,0,0,0,0,0,0,0,0,Cyclist Collisions,"['Driver', 'Cyclist']",North,"['Automobile, Station Wagon', 'Bicycle']","['Turning Left', 'Going Ahead']",['Improper Turn'],['Normal'],['Not Applicable'],['Not Applicable'],['Motorist turned left across cyclists path.'],['Driving Properly'],['Normal'],False,"['30 to 34', '55 to 59']",3.0
4001933544.0,2014-04-21 08:00:00,2201,2014,VICTORIA PARK AVE,LAWRENCE AVE E,Major Arterial,North York,43.742125,-79.309787,636098.0514,4844619.1012,Intersection Related,Traffic Signal,Clear,"Dark, artificial",Dry,43,Victoria Village,43,Victoria Village (43),Non-Fatal Injury,1,0,1,0,0,0,0,1,0,1,0,0,0,Pedestrian Collisions,"['Driver', 'Passenger', 'Pedestrian']",West,"['Automobile, Station Wagon']",['Turning Left'],['Failed to Yield Right of Way'],['Inattentive'],['Crossing with right of way'],['Normal'],['Not Applicable'],['Not Applicable'],['Not Applicable'],False,"['40 to 44', '15 to 19', '55 to 59']",3.0
4001938263.0,2014-04-22 08:00:00,1700,2014,MARKET ST,THE ESPLANADE,Local,Toronto and East York,43.648532,-79.371936,631297.7883,4834124.0698,Non Intersection,No Control,Clear,Daylight,Dry,166,St Lawrence-East Bayfront-The Islands,77,Waterfront Communities-The Island (77),Non-Fatal Injury,1,0,1,0,0,0,0,0,0,0,0,0,0,Pedestrian Collisions,"['Driver', 'Pedestrian']",North,"['Automobile, Station Wagon']",['Reversing'],['Other'],['Normal'],['Walking on Roadway Against Traffic'],['Normal'],['Not Applicable'],['Not Applicable'],['Not Applicable'],False,"['25 to 29', '40 to 44']",3.0
4001952133.0,2014-04-24 08:00:00,1956,2014,MAVETY ST,DUNDAS ST W,Major Arterial,Toronto and East York,43.665415,-79.465877,623687.0271,4835854.8069,At Intersection,No Control,Clear,"Dusk, artificial",Dry,90,Junction Area,90,Junction Area (90),Non-Fatal Injury,0,1,1,0,0,0,0,0,0,0,0,0,0,Cyclist Collisions,"['Driver', 'Cyclist']",East,"['Automobile, Station Wagon', 'Bicycle']","['Parked', 'Going Ahead']",['Other'],['Inattentive'],['Not Applicable'],['Not Applicable'],['Cyclist struck opened vehicle door'],['Driving Properly'],['Normal'],False,"['65 to 69', '35 to 39']",3.0
4001953344.0,2014-04-25 08:00:00,5,2014,DUNDAS ST W,GLADSTONE AVE,Minor Arterial,Toronto and East York,43.649573,-79.429813,626627.9716,4834149.7439,Non Intersection,No Control,Clear,"Dark, artificial",Dry,84,Little Portugal,84,Little Portugal (84),Non-Fatal Injury,0,1,1,0,0,0,0,0,0,0,0,0,0,Cyclist Collisions,"['Driver', 'Cyclist']",East,"['Automobile, Station Wagon', 'Bicycle']","['Making U Turn', 'Going Ahead']",['Improper Turn'],['Inattentive'],['Not Applicable'],['Not Applicable'],['Motorist makes u-turn in-front of cyclist.'],['Driving Properly'],['Normal'],False,"['40 to 44', '35 to 39']",3.0
4001968230.0,2014-04-27 08:00:00,1053,2014,FINCH AVE W,DRIFTWOOD AVE,Major Arterial,Etobicoke York,43.758048,-79.513431,619668.5043,4846073.1915,At Intersection,Traffic Signal,Clear,Daylight,Dry,25,Glenfield-Jane Heights,25,Glenfield-Jane Heights (25),Non-Fatal Injury,1,0,0,0,0,1,0,0,0,0,0,0,0,Pedestrian Collisions,"['Driver', 'Pedestrian']",East,['Municipal Transit Bus (TTC)'],['Going Ahead'],['Driving Properly'],['Normal'],['Crossing without right of way'],['Inattentive'],['Not Applicable'],['Not Applicable'],['Not Applicable'],False,"['30 to 34', '10 to 14']",3.0
4001981966.0,2014-04-29 08:00:00,1447,2014,SPADINA AVE,BALDWIN ST,Major Arterial,Toronto and East York,43.655112,-79.398898,629109.2722,4834812.5601,At Intersection,No Control,Rain,Daylight,Wet,78,Kensington-Chinatown,78,Kensington-Chinatown (78),Non-Fatal Injury,1,0,0,0,0,1,0,0,0,0,0,0,0,Pedestrian Collisions,"['Driver', 'Pedestrian']",East,['Street Car'],['Going Ahead'],['Driving Properly'],['Unknown'],['Crossing without right of way'],['Inattentive'],['Not Applicable'],['Not Applicable'],['Not Applicable'],False,"['60 to 64', '25 to 29']",3.0
4001988525.0,2014-04-30 08:00:00,1555,2014,BLOOR ST W,MILL RD,Major Arterial,Etobicoke York,43.632022,-79.575145,614941.0154,4831988.9936,Intersection Related,Traffic Signal,Clear,Daylight,Dry,12,Markland Wood,12,Markland Wood (12),Non-Fatal Injury,0,0,1,0,0,0,0,0,0,1,0,0,0,Turning Movement,['Driver'],East,"['Automobile, Station Wagon']","['Turning Left', 'Going Ahead']","['Failed to Yield Right of Way', 'Driving Properly']",['Normal'],['Not Applicable'],['Not Applicable'],['Not Applicable'],['Not Applicable'],['Not Applicable'],False,"['20 to 24', '50 to 54']",3.0
4001989403.0,2014-04-30 08:00:00,1822,2014,STEELES AVE W,HILDA AVE,Major Arterial,North York,43.795935,-79.429225,626367.2944,4850406.234,At Intersection,Traffic Signal,Rain,Daylight,Wet,36,Newtonbrook West,36,Newtonbrook West (36),Non-Fatal Injury,0,0,0,0,0,1,0,1,0,0,0,0,0,Other,"['Driver', 'Passenger']",West,['Municipal Transit Bus (TTC)'],['Pulling Away from Shoulder or Curb'],['Driving Properly'],['Normal'],['Not Applicable'],['Not Applicable'],['Not Applicable'],['Not Applicable'],['Not Applicable'],False,"['35 to 39', '85 to 89']",3.0
4001994857.0,2014-05-01 08:00:00,1520,2014,ELLESMERE RD,PHARMACY AVE,Major Arterial,Scarborough,43.759013,-79.310191,636027.2554,4846494.1049,At Intersection,Traffic Signal,Clear,Daylight,Dry,119,Wexford/Maryvale,119,Wexford/Maryvale (119),Non-Fatal Injury,0,0,0,0,0,1,0,1,0,0,0,0,0,Other,"['Driver', 'Passenger']",West,['Municipal Transit Bus (TTC)'],['Pulling Away from Shoulder or Curb'],['Driving Properly'],['Normal'],['Not Applicable'],['Not Applicable'],['Not Applicable'],['Not Applicable'],['Not Applicable'],False,"['60 to 64', '80 to 84']",3.0
4001997279.0,2014-05-01 08:00:00,2244,2014,WESTON RD,MAINSHEP RD,Major Arterial,Etobicoke York,43.731497,-79.537448,617787.1857,4843089.899,Non Intersection,No Control,Clear,"Dark, artificial",Dry,23,Pelmo Park-Humberlea,23,Pelmo Park-Humberlea (23),Non-Fatal Injury,0,0,1,0,0,0,0,1,1,1,0,1,0,Rear End,"['Driver', 'Passenger']",South,"['Automobile, Station Wagon']",['Going Ahead'],"['Exceeding Speed Limit', 'Driving Properly']","['Ability Impaired, Alcohol Over .08', 'Normal']",['Not Applicable'],['Not Applicable'],['Not Applicable'],['Not Applicable'],['Not Applicable'],False,"['20 to 24', '30 to 34', '25 to 29', '55 to 59']",3.0
4002013081.0,2013-10-23 08:00:00,1704,2013,COLLEGE ST,EUCLID AV,Major Arterial,Toronto and East York,43.655708,-79.411381,628101.3936,4834859.4063,Intersection Related,No Control,Clear,Daylight,Dry,81,Trinity-Bellwoods,81,Trinity-Bellwoods (81),Non-Fatal Injury,0,0,1,1,0,0,0,0,0,0,0,0,0,Turning Movement,"['Driver', 'Motorcycle Driver']",East,"['Automobile, Station Wagon', 'Motorcycle']","['Turning Left', 'Going Ahead']","['Improper Turn', 'Driving Properly']","['Inattentive', 'Normal']",['Not Applicable'],['Not Applicable'],['Not Applicable'],['Not Applicable'],['Not Applicable'],False,"['25 to 29', '40 to 44']",3.0
4002017268.0,2014-05-05 08:00:00,644,2014,WOODBINE AVE,MERRILL AVE E,Major Arterial,Toronto and East York,43.683406,-79.311847,636064.999,4838094.1275,Intersection Related,Stop Sign,Clear,Daylight,Dry,64,Woodbine Corridor,64,Woodbine Corridor (64),Non-Fatal Injury,0,1,1,0,0,0,0,1,0,1,0,0,0,Cyclist Collisions,"['Driver', 'Passenger', 'Cyclist']",East,"['Automobile, Station Wagon', 'Bicycle']","['Turning Left', 'Going Ahead']",['Failed to Yield Right of Way'],['Normal'],['Not Applicable'],['Not Applicable'],['Motorist turned left across cyclists path.'],['Driving Properly'],['Normal'],False,"['25 to 29', 'unknown', '55 to 59']",3.0
4002018320.0,2014-05-05 08:00:00,1009,2014,WOODBINE AVE,KINGSTON RD,Major Arterial,Toronto and East York,43.673918,-79.307918,636403.1782,4837046.8078,At Intersection,Traffic Signal,Clear,Daylight,Dry,63,The Beaches,63,The Beaches (63),Non-Fatal Injury,0,1,1,0,0,0,0,1,0,1,0,0,0,Cyclist Collisions,"['Cyclist', 'Driver', 'Passenger']",North,"['Bicycle', 'Automobile, Station Wagon']","['Going Ahead', 'Turning Left']",['Failed to Yield Right of Way'],['Normal'],['Not Applicable'],['Not Applicable'],['Motorist turned left across cyclists path.'],['Driving Properly'],['Normal'],False,"['50 to 54', '45 to 49', '20 to 24']",3.0
4002043758.0,2014-05-09 08:00:00,954,2014,EGLINTON AVE E,BRIMLEY RD,Major Arterial,Scarborough,43.736685,-79.248081,641079.53,4844118.1327,Intersection Related,Traffic Signal,Clear,Daylight,Dry,124,Kennedy Park,124,Kennedy Park (124),Non-Fatal Injury,0,0,1,0,0,0,0,0,0,1,1,0,1,Angle,['Driver'],South,"['Automobile, Station Wagon']",['Going Ahead'],"['Disobeyed Traffic Control', 'Driving Properly']","['Medical or Physical Disability', 'Normal']",['Not Applicable'],['Not Applicable'],['Not Applicable'],['Not Applicable'],['Not Applicable'],False,"['75 to 79', '60 to 64']",3.0
4002053519.0,2014-05-10 08:00:00,1910,2014,LAKE SHORE BLVD W,BROOKERS LANE,Major Arterial,Etobicoke York,43.626296,-79.479442,622672.9537,4831490.0078,Non Intersection,No Control,Clear,Daylight,Dry,161,Humber Bay Shores,17,Mimico (includes Humber Bay Shores) (17),Non-Fatal Injury,0,0,1,1,0,0,0,0,0,0,0,0,0,Sideswipe,"['Motorcycle Driver', 'Driver']",East,"['Motorcycle', 'Automobile, Station Wagon']","['Changing Lanes', 'Going Ahead']","['Improper Lane Change', 'Driving Properly']","['Inattentive', 'Normal']",['Not Applicable'],['Not Applicable'],['Not Applicable'],['Not Applicable'],['Not Applicable'],False,"['50 to 54', '30 to 34']",3.0
4002056901.0,2014-05-11 08:00:00,1033,2014,DUFFERIN ST,BRIDGELAND AVE,Major Arterial,North York,43.726924,-79.457614,624226.1538,4842698.5792,Intersection Related,Traffic Signal,Clear,Daylight,Dry,31,Yorkdale-Glen Park,31,Yorkdale-Glen Park (31),Non-Fatal Injury,1,0,1,0,0,0,0,0,0,1,0,0,0,Pedestrian Collisions,"['Driver', 'Pedestrian']",West,"['Automobile, Station Wagon']",['Turning Left'],['Failed to Yield Right of Way'],['Unknown'],['Crossing with right of way'],['Inattentive'],['Not Applicable'],['Not Applicable'],['Not Applicable'],False,"['35 to 39', '30 to 34']",3.0
4002062071.0,2014-05-12 08:00:00,740,2014,DUNDAS ST E,LESLIE ST,Minor Arterial,Toronto and East York,43.666724,-79.331714,634500.9669,4836208.9593,At Intersection,Traffic Signal,Clear,Daylight,Dry,70,South Riverdale,70,South Riverdale (70),Non-Fatal Injury,0,1,1,0,0,0,0,1,0,1,0,0,0,Cyclist Collisions,"['Driver', 'Passenger', 'Cyclist']",West,"['Automobile, Station Wagon', 'Bicycle']","['Turning Right', 'Going Ahead']",['Failed to Yield Right of Way'],['Normal'],['Not Applicable'],['Not Applicable'],['Motorist turning right on green or amber at signalized intersection strikes cyclist.'],['Driving Properly'],['Normal'],False,"['35 to 39', '30 to 34', '5 to 9', '0 to 4', '40 to 44']",3.0
4002067851.0,2014-05-12 08:00:00,2330,2014,KEELER BLVD,TWEEDROCK CRES,Collector,Scarborough,43.792792,-79.206989,644253.7193,4850420.4861,At Intersection,No Control,Rain,Dark,Wet,135,Morningside,135,Morningside (135),Non-Fatal Injury,1,0,0,0,0,0,0,0,0,0,0,0,0,Pedestrian Collisions,"['Driver', 'Pedestrian']",East,[],['Turning Left'],['Improper Turn'],['Unknown'],['Crossing with right of way'],['Normal'],['Not Applicable'],['Not Applicable'],['Not Applicable'],False,"['unknown', '40 to 44']",3.0
4002082136.0,2014-05-15 08:00:00,737,2014,FINCH AVE W,WILMINGTON AVE,Major Arterial,North York,43.770182,-79.460681,623889.8533,4847498.4224,At Intersection,Traffic Signal,Clear,Daylight,Dry,34,Bathurst Manor,34,Bathurst Manor (34),Non-Fatal Injury,0,0,1,0,0,0,0,1,0,1,0,0,0,Turning Movement,"['Driver', 'Passenger']",West,"['Automobile, Station Wagon']","['Turning Left', 'Stopped']","['Failed to Yield Right of Way', 'Driving Properly']","['Inattentive', 'Normal']",['Not Applicable'],['Not Applicable'],['Not Applicable'],['Not Applicable'],['Not Applicable'],False,"['60 to 64', '20 to 24', '40 to 44']",3.0
4002084310.0,2014-05-14 08:00:00,1908,2014,BLOOR ST W,DUNDAS ST W,Major Arterial,Toronto and East York,43.65631,-79.452441,624789.1617,4834863.6963,At Intersection,Traffic Signal,Rain,Dusk,Wet,86,Roncesvalles,86,Roncesvalles (86),Non-Fatal Injury,1,0,1,0,0,0,0,0,0,1,0,0,0,Pedestrian Collisions,"['Driver', 'Pedestrian']",North,"['Automobile, Station Wagon']",['Turning Left'],['Failed to Yield Right of Way'],['Normal'],['Crossing with right of way'],['Unknown'],['Not Applicable'],['Not Applicable'],['Not Applicable'],False,"['30 to 34', '40 to 44']",3.0
4002098742.0,2014-05-17 08:00:00,1729,2014,YONGE ST,QUEEN ST,Major Arterial,Toronto and East York,43.653201,-79.379573,630671.758,4834630.5689,Non Intersection,No Control,Clear,Daylight,Dry,168,Downtown Yonge East,75,Church-Yonge Corridor (75),Non-Fatal Injury,1,0,1,0,0,0,0,1,0,0,0,0,0,Pedestrian Collisions,"['Driver', 'Passenger', 'Pedestrian']",East,"['Automobile, Station Wagon']",['Going Ahead'],['Driving Properly'],['Had Been Drinking'],['Running onto Roadway'],['Normal'],['Not Applicable'],['Not Applicable'],['Not Applicable'],False,"['20 to 24', '60 to 64', '45 to 49']",3.0
4002131801.0,2014-05-22 08:00:00,2020,2014,LESLIE ST,ESTHER SHINER BLVD,Major Arterial,North York,43.769412,-79.364269,631651.1946,4847561.6709,At Intersection,Traffic Signal,Clear,"Dark, artificial",Dry,52,Bayview Village,52,Bayview Village (52),Non-Fatal Injury,0,0,1,0,0,0,0,1,0,1,1,1,0,Turning Movement,"['Driver', 'Passenger']",East,"['Automobile, Station Wagon']","['Going Ahead', 'Turning Left']","['Disobeyed Traffic Control', 'Driving Properly']","['Ability Impaired, Alcohol', 'Normal']",['Not Applicable'],['Not Applicable'],['Not Applicable'],['Not Applicable'],['Not Applicable'],False,"['25 to 29', '60 to 64']",3.0