accident_number,date,time,year,street1,street2,road_class,district,latitude,longitude,x,y,accident_location,traffctl,visibility,light,road_surface_condition,hood_158,neighbourhood_new,hood_140,neighbourhood_old,accident_class,pedestrian,cyclist,automobile,motorcycle,truck,trsn_city_veh,emerg_veh,passenger,speeding,aggressive_driving,redlight,alcohol,disability,impact_type,involvement_type,initial_direction,vehicle_type,manoeuver,driver_action,driver_condition,pedestrian_action,pedestrian_condition,cyclist_type,cyclist_action,cyclist_condition,injury,involvement_age,injury_severity_score
4002138456.0,2014-05-23 08:00:00,2011,2014,MEADOWVALE RD,SHEPPARD AVE E,Major Arterial,Scarborough,43.808364,-79.170802,647126.89,4852213.7212,At Intersection,Traffic Signal,Clear,Dark,Dry,143,West Rouge,131,Rouge (131),Non-Fatal Injury,0,0,1,1,0,0,0,0,0,1,0,0,0,Turning Movement,"['Motorcycle Driver', 'Driver']",North,"['Motorcycle', 'Automobile, Station Wagon']","['Going Ahead', 'Turning Left']","['Driving Properly', 'Failed to Yield Right of Way']",['Normal'],['Not Applicable'],['Not Applicable'],['Not Applicable'],['Not Applicable'],['Not Applicable'],False,"['45 to 49', '15 to 19']",3.0
4002140437.0,2014-05-24 08:00:00,319,2014,BRIMORTON DR,ALBACORE CRES,Collector,Scarborough,43.769133,-79.237544,641851.3827,4847739.9774,Non Intersection,No Control,Clear,"Dark, artificial",Dry,142,Woburn North,137,Woburn (137),Non-Fatal Injury,0,0,1,0,0,0,0,1,1,1,0,0,0,SMV Other,"['Driver', 'Passenger']",East,"['Automobile, Station Wagon']",['Going Ahead'],['Lost control'],['Had Been Drinking'],['Not Applicable'],['Not Applicable'],['Not Applicable'],['Not Applicable'],['Not Applicable'],False,"['30 to 34', '40 to 44']",3.0
4002144979.0,2014-05-24 08:00:00,1954,2014,1484 DANFORTH RD,Not Applicable,Major Arterial,Scarborough,43.74924,-79.244464,641341.2551,4845518.721,Non Intersection,No Control,Clear,Daylight,Dry,157,Bendale South,127,Bendale (127),Non-Fatal Injury,0,0,1,1,0,0,0,0,1,1,0,0,0,Angle,"['Driver', 'Motorcycle Driver']",East,"['Automobile, Station Wagon', 'Motorcycle']","['Reversing', 'Going Ahead']",['Other'],"['Inattentive', 'Unknown']",['Not Applicable'],['Not Applicable'],['Not Applicable'],['Not Applicable'],['Not Applicable'],False,"['35 to 39', '20 to 24']",3.0
4002159560.0,2014-05-26 08:00:00,2322,2014,1999 LESLIE ST,Not Applicable,Major Arterial,North York,43.760329,-79.361652,631881.7834,4846557.0296,Non Intersection,No Control,Clear,"Dark, artificial",Dry,40,St.Andrew-Windfields,40,St.Andrew-Windfields (40),Non-Fatal Injury,0,1,0,0,0,0,0,0,0,1,0,0,0,Cyclist Collisions,"['Cyclist', 'Driver']",North,['Bicycle'],['Going Ahead'],['Following too Close'],['Unknown'],['Not Applicable'],['Not Applicable'],['Cyclist and Driver travelling in same direction. One vehicle rear-ended the other.'],['Driving Properly'],['Normal'],False,"['50 to 54', 'unknown']",3.0
4002160939.0,2014-05-27 08:00:00,755,2014,STEELES AVE W,PETER KAISER GT,Major Arterial,Etobicoke York,43.7741,-79.527782,618481.549,4847835.3696,Non Intersection,No Control,Clear,Daylight,Dry,24,Black Creek,24,Black Creek (24),Non-Fatal Injury,0,1,1,0,0,0,0,0,0,0,0,0,0,Cyclist Collisions,"['Driver', 'Cyclist']",East,"['Automobile, Station Wagon', 'Bicycle']","['Changing Lanes', 'Going Ahead']",['Improper Lane Change'],['Normal'],['Not Applicable'],['Not Applicable'],['Cyclist and Driver travelling in same direction. One vehicle sideswipes the other.'],['Driving Properly'],['Normal'],False,"['50 to 54', '45 to 49']",3.0
4002164733.0,2014-05-27 08:00:00,1729,2014,STEELES AVE E,PICKERING TOWN LINE,Minor Arterial,Scarborough,43.855445,-79.170284,647052.8669,4857443.7829,At Intersection,Traffic Signal,Clear,Daylight,Dry,NSA,NSA,NSA,NSA,Non-Fatal Injury,0,0,1,0,0,0,0,0,0,1,0,0,0,Turning Movement,['Driver'],North,"['Pick Up Truck', 'Automobile, Station Wagon']","['Turning Left', 'Going Ahead']","['Failed to Yield Right of Way', 'Driving Properly']",['Normal'],['Not Applicable'],['Not Applicable'],['Not Applicable'],['Not Applicable'],['Not Applicable'],False,"['35 to 39', '40 to 44']",3.0
4002166140.0,2014-05-27 08:00:00,2125,2014,NEILSON RD.,ELLESMERE RD,Minor Arterial,Scarborough,43.783312,-79.205303,644412.195,4849370.5202,At/Near Private Drive,No Control,Clear,"Dark, artificial",Dry,135,Morningside,135,Morningside (135),Non-Fatal Injury,1,0,1,0,0,0,0,0,0,0,0,0,0,Pedestrian Collisions,"['Driver', 'Pedestrian']",East,"['Automobile, Station Wagon']",['Going Ahead'],['Driving Properly'],['Normal'],"['Crossing, no Traffic Control']",['Normal'],['Not Applicable'],['Not Applicable'],['Not Applicable'],False,"['50 to 54', '40 to 44']",3.0
4002168339.0,2014-05-28 08:00:00,837,2014,BREMNER BLVD,GRAND TRUNK CRES,Minor Arterial,Toronto and East York,43.642623,-79.382777,630436.2779,4833450.7033,Non Intersection,No Control,Clear,Daylight,Dry,165,Harbourfront-CityPlace,77,Waterfront Communities-The Island (77),Non-Fatal Injury,0,1,1,0,0,0,0,0,0,1,0,0,0,Cyclist Collisions,"['Driver', 'Cyclist']",East,"['Automobile, Station Wagon', 'Bicycle']",['Going Ahead'],['Improper Passing'],['Normal'],['Not Applicable'],['Not Applicable'],['Cyclist and Driver travelling in same direction. One vehicle rear-ended the other.'],['Driving Properly'],['Normal'],False,"['65 to 69', '50 to 54']",3.0
4002174888.0,2014-05-29 08:00:00,814,2014,FRED GARDINER EXPR,KIPLING AVENUE,Unknown,Etobicoke York,43.618888,-79.520129,619405.1136,4830607.9451,Non Intersection,No Control,Clear,Daylight,Dry,160,Mimico-Queensway,17,Mimico (includes Humber Bay Shores) (17),Non-Fatal Injury,0,0,1,0,1,0,0,0,1,1,0,0,0,Rear End,"['Driver', 'Truck Driver']",East,"['Delivery Van', 'Truck-Tractor']","['Slowing or Stopping', 'Stopped']","['Speed too Fast For Condition', 'Driving Properly']","['Unknown', 'Normal']",['Not Applicable'],['Not Applicable'],['Not Applicable'],['Not Applicable'],['Not Applicable'],False,"['45 to 49', '65 to 69']",3.0
4002177658.0,2014-05-29 08:00:00,1450,2014,45 BAY ST,Not Applicable,Major Arterial,Toronto and East York,43.643874,-79.378192,630803.3676,4833596.8592,At/Near Private Drive,No Control,Clear,Daylight,Dry,166,St Lawrence-East Bayfront-The Islands,77,Waterfront Communities-The Island (77),Non-Fatal Injury,1,0,1,0,0,0,0,0,0,1,0,0,0,Pedestrian Collisions,"['Driver', 'Pedestrian']",Unknown,"['Automobile, Station Wagon']",['Turning Left'],['Failed to Yield Right of Way'],['Inattentive'],"['Crossing, no Traffic Control']",['Inattentive'],['Not Applicable'],['Not Applicable'],['Not Applicable'],False,"['35 to 39', '25 to 29']",3.0
4002187226.0,2014-05-30 08:00:00,2205,2014,LAKE SHORE BLVD W,KIPLING AVE,Major Arterial,Etobicoke York,43.598124,-79.51691,619706.0255,4828306.4875,At Intersection,Traffic Signal,Clear,"Dark, artificial",Dry,18,New Toronto,18,New Toronto (18),Non-Fatal Injury,0,0,1,1,0,0,0,0,0,1,0,1,0,Rear End,"['Driver', 'Motorcycle Driver']",East,"['Automobile, Station Wagon', 'Motorcycle']","['Going Ahead', 'Stopped']","['Following too Close', 'Driving Properly']","['Ability Impaired, Alcohol Over .08', 'Normal']",['Not Applicable'],['Not Applicable'],['Not Applicable'],['Not Applicable'],['Not Applicable'],False,"['20 to 24', '35 to 39']",3.0
4002194232.0,2014-05-31 08:00:00,2217,2014,F G GARDINER XY  W,SPADINA AVE,Major Arterial,Toronto and East York,43.638892,-79.390979,629782.7759,4833023.4699,Non Intersection,No Control,Clear,"Dark, artificial",Dry,165,Harbourfront-CityPlace,77,Waterfront Communities-The Island (77),Non-Fatal Injury,0,0,1,0,0,0,0,1,0,0,0,0,0,Sideswipe,"['Driver', 'Passenger']",West,"['Automobile, Station Wagon']","['Changing Lanes', 'Going Ahead']","['Improper Lane Change', 'Driving Properly']","['Unknown', 'Normal']",['Not Applicable'],['Not Applicable'],['Not Applicable'],['Not Applicable'],['Not Applicable'],False,"['45 to 49', '15 to 19']",3.0
4002194958.0,2014-06-01 08:00:00,40,2014,BIRCHMOUNT RD,STEELES AVE E,Major Arterial,Scarborough,43.821383,-79.316913,635345.2794,4853410.2589,At Intersection,Traffic Signal,Clear,"Dark, artificial",Dry,116,Steeles,116,Steeles (116),Non-Fatal Injury,0,0,1,0,0,0,0,0,0,0,0,0,0,Turning Movement,['Driver'],East,"['Automobile, Station Wagon']","['Turning Left', 'Going Ahead']","['Improper Turn', 'Driving Properly']",['Normal'],['Not Applicable'],['Not Applicable'],['Not Applicable'],['Not Applicable'],['Not Applicable'],False,"['35 to 39', '25 to 29']",3.0
4002199465.0,2014-06-01 08:00:00,1747,2014,LAWRENCE AVE E,MCCOWAN RD,Major Arterial,Scarborough,43.755477,-79.245387,641252.2672,4846209.8607,At Intersection,Traffic Signal,Clear,Daylight,Dry,157,Bendale South,127,Bendale (127),Non-Fatal Injury,0,0,1,0,0,0,0,1,0,1,0,0,0,Rear End,"['Driver', 'Passenger']",West,"['Automobile, Station Wagon']","['Going Ahead', 'Stopped']","['Following too Close', 'Driving Properly']","['Had Been Drinking', 'Normal']",['Not Applicable'],['Not Applicable'],['Not Applicable'],['Not Applicable'],['Not Applicable'],False,"['30 to 34', '65 to 69', '50 to 54', '70 to 74']",3.0
4002199584.0,2014-06-01 08:00:00,1822,2014,DUNDAS ST W,PACIFIC AVE,Major Arterial,Toronto and East York,43.665461,-79.469447,623399.1029,4835854.5996,Non Intersection,No Control,Clear,Daylight,Dry,90,Junction Area,90,Junction Area (90),Non-Fatal Injury,0,1,1,0,0,0,0,0,0,0,0,0,0,Cyclist Collisions,"['Driver', 'Other', 'Cyclist']",West,"['Automobile, Station Wagon', 'Bicycle']",['Going Ahead'],['Driving Properly'],['Normal'],['Not Applicable'],['Not Applicable'],['Cyclist and Driver travelling in same direction. One vehicle rear-ended the other.'],['Lost control'],['Normal'],False,"['60 to 64', 'unknown', '45 to 49']",3.0
4002199854.0,2014-06-01 08:00:00,1913,2014,EGLINTON AVE E,MIDLAND AVE,Major Arterial,Scarborough,43.734919,-79.256099,640437.9727,4843908.3698,At/Near Private Drive,No Control,Clear,Daylight,Dry,124,Kennedy Park,124,Kennedy Park (124),Non-Fatal Injury,1,0,1,0,0,0,0,0,0,0,0,0,0,Pedestrian Collisions,"['Driver', 'Pedestrian']",South,"['Automobile, Station Wagon']",['Turning Left'],['Improper Turn'],['Normal'],"['Crossing, no Traffic Control']",['Normal'],['Not Applicable'],['Not Applicable'],['Not Applicable'],False,"['15 to 19', '85 to 89']",3.0
4002204042.0,2014-06-02 08:00:00,1204,2014,QUEEN ST E,JONES AVE,Minor Arterial,Toronto and East York,43.662654,-79.332813,634421.446,4835755.1496,At Intersection,Traffic Signal,Clear,Daylight,Dry,70,South Riverdale,70,South Riverdale (70),Non-Fatal Injury,1,0,0,0,1,0,0,0,0,1,0,0,0,Pedestrian Collisions,"['Truck Driver', 'Pedestrian']",West,['Truck - Open'],['Turning Right'],['Failed to Yield Right of Way'],['Normal'],['Crossing with right of way'],['Normal'],['Not Applicable'],['Not Applicable'],['Not Applicable'],False,"['65 to 69', '70 to 74']",3.0
4002215759.0,2014-06-03 08:00:00,2220,2014,KENNEDY RD,HIGHVIEW AV,Collector,Scarborough,43.702975,-79.255931,640526.1633,4840360.8045,Non Intersection,No Control,Clear,Dark,Dry,122,Birchcliffe-Cliffside,122,Birchcliffe-Cliffside (122),Non-Fatal Injury,0,0,1,1,0,0,0,1,0,1,0,0,0,Sideswipe,"['Motorcycle Driver', 'Driver', 'Passenger']",North,"['Motorcycle', 'Pick Up Truck']","['Slowing or Stopping', 'Overtaking']","['Improper Passing', 'Driving Properly']","['Inattentive', 'Normal']",['Not Applicable'],['Not Applicable'],['Not Applicable'],['Not Applicable'],['Not Applicable'],False,"['45 to 49', '15 to 19']",3.0
4002231179.0,2014-06-06 08:00:00,555,2014,F G GARDINER XY  E,GRAND AVE,Expressway,Etobicoke York,43.623709,-79.496753,621281.5563,4831177.2568,Non Intersection,No Control,Clear,Daylight,Dry,160,Mimico-Queensway,17,Mimico (includes Humber Bay Shores) (17),Non-Fatal Injury,0,0,0,1,0,0,0,0,1,1,0,0,0,SMV Other,['Motorcycle Driver'],East,['Motorcycle'],['Going Ahead'],['Speed too Fast For Condition'],['Unknown'],['Not Applicable'],['Not Applicable'],['Not Applicable'],['Not Applicable'],['Not Applicable'],False,['20 to 24'],3.0
4002237751.0,2014-06-07 08:00:00,110,2014,BATHURST ST,ARDMORE RD,Major Arterial,Toronto and East York,43.693701,-79.422572,627118.7321,4839061.8238,At Intersection,No Control,Clear,"Dark, artificial",Dry,101,Forest Hill South,101,Forest Hill South (101),Non-Fatal Injury,0,0,1,0,0,0,0,1,0,1,0,0,0,Rear End,"['Driver', 'Passenger']",North,"['Pick Up Truck', 'Automobile, Station Wagon', 'Delivery Van']","['Slowing or Stopping', 'Stopped']","['Following too Close', 'Driving Properly']",['Normal'],['Not Applicable'],['Not Applicable'],['Not Applicable'],['Not Applicable'],['Not Applicable'],False,"['25 to 29', '50 to 54', '35 to 39', '45 to 49']",3.0
4002253625.0,2014-06-09 08:00:00,1252,2014,THIRTY FIFTH ST,DOMINION RD,Local,Etobicoke York,43.592047,-79.534717,618280.6449,4827606.0582,Intersection Related,Stop Sign,Clear,Daylight,Dry,19,Long Branch,19,Long Branch (19),Non-Fatal Injury,0,0,1,0,0,0,0,1,0,1,0,0,0,Angle,"['Driver', 'Passenger']",North,"['Automobile, Station Wagon', 'Pick Up Truck']",['Going Ahead'],"['Failed to Yield Right of Way', 'Driving Properly']","['Inattentive', 'Normal']",['Not Applicable'],['Not Applicable'],['Not Applicable'],['Not Applicable'],['Not Applicable'],False,"['35 to 39', '5 to 9', '0 to 4']",3.0
4002255654.0,2014-06-09 08:00:00,1750,2014,QUEEN ST E,KINGSTON RD,Major Arterial,Toronto and East York,43.667227,-79.312595,636041.2652,4836296.0002,At Intersection,Traffic Signal,Clear,Daylight,Dry,63,The Beaches,63,The Beaches (63),Non-Fatal Injury,1,0,1,0,0,0,0,0,0,0,0,0,0,Pedestrian Collisions,"['Driver', 'Pedestrian']",East,"['Automobile, Station Wagon']",['Going Ahead'],['Driving Properly'],['Normal'],['Crossing without right of way'],['Inattentive'],['Not Applicable'],['Not Applicable'],['Not Applicable'],False,"['50 to 54', '30 to 34']",3.0
4002267356.0,2014-06-11 08:00:00,1100,2014,DON VALLEY PARKWAY  S,GERRARD ST E,Minor Arterial,Toronto and East York,43.664591,-79.355953,632551.4373,4835933.0473,Overpass or Bridge,No Control,Clear,Daylight,Dry,70,South Riverdale,70,South Riverdale (70),Non-Fatal Injury,1,0,1,0,0,0,0,0,0,0,0,0,0,Pedestrian Collisions,"['Driver', 'Pedestrian']",South,"['Automobile, Station Wagon']",['Going Ahead'],['Driving Properly'],['Normal'],['Other'],['Unknown'],['Not Applicable'],['Not Applicable'],['Not Applicable'],False,"['35 to 39', '40 to 44']",3.0
4002270913.0,2014-06-11 08:00:00,1940,2014,DON VALLEY PARKWAY  S,DON MILLS RD,Expressway,Toronto and East York,43.702536,-79.33308,634310.8894,4840184.1644,Non Intersection,No Control,Clear,Daylight,Dry,58,Old East York,58,Old East York (58),Non-Fatal Injury,0,0,1,0,0,0,0,1,1,1,0,0,0,Sideswipe,"['Driver', 'Passenger']",South,"['Automobile, Station Wagon', 'Delivery Van']",['Going Ahead'],"['Lost control', 'Driving Properly']","['Unknown', 'Normal']",['Not Applicable'],['Not Applicable'],['Not Applicable'],['Not Applicable'],['Not Applicable'],False,"['35 to 39', '45 to 49']",3.0
4002274575.0,2014-06-12 08:00:00,1119,2014,BAYVIEW AVE,401 C W BAYVIEW RAMP,Major Arterial,North York,43.764506,-79.387477,629793.9001,4846980.1478,At Intersection,Traffic Signal,Clear,Daylight,Dry,52,Bayview Village,52,Bayview Village (52),Non-Fatal Injury,0,0,1,0,0,0,0,1,0,1,1,0,0,Turning Movement,"['Driver', 'Passenger']",North,"['Delivery Van', 'Automobile, Station Wagon']","['Going Ahead', 'Turning Left']","['Disobeyed Traffic Control', 'Driving Properly']",['Normal'],['Not Applicable'],['Not Applicable'],['Not Applicable'],['Not Applicable'],['Not Applicable'],False,"['50 to 54', '85 to 89']",3.0
4002278513.0,2014-06-12 08:00:00,2138,2014,KINGSTON RD,VALHALLA BLVD,Major Arterial,Scarborough,43.689433,-79.268268,639563.5268,4838835.9338,At Intersection,Stop Sign,Clear,Dark,Dry,122,Birchcliffe-Cliffside,122,Birchcliffe-Cliffside (122),Non-Fatal Injury,0,0,1,1,0,0,0,0,0,1,0,0,0,Turning Movement,"['Driver', 'Motorcycle Driver']",East,"['Automobile, Station Wagon', 'Motorcycle']","['Turning Left', 'Going Ahead']","['Failed to Yield Right of Way', 'Driving Properly']","['Inattentive', 'Normal']",['Not Applicable'],['Not Applicable'],['Not Applicable'],['Not Applicable'],['Not Applicable'],False,"['60 to 64', '40 to 44']",3.0
4002279383.0,2014-06-12 08:00:00,2014,2014,JOHN GARLAND BLVD,FOUR LEAF DR,Collector,Etobicoke York,43.731764,-79.591045,613470.197,4843044.7651,At Intersection,No Control,Clear,"Dusk, artificial",Dry,1,West Humber-Clairville,1,West Humber-Clairville (1),Non-Fatal Injury,0,0,1,0,0,0,0,1,0,0,0,0,0,SMV Other,"['Driver', 'Passenger']",West,"['Automobile, Station Wagon']",['Turning Left'],['Lost control'],['Unknown'],['Not Applicable'],['Not Applicable'],['Not Applicable'],['Not Applicable'],['Not Applicable'],False,['15 to 19'],3.0
4002285719.0,2014-06-13 08:00:00,2158,2014,WESTON RD,AVON CRES,Major Arterial,Etobicoke York,43.681292,-79.476436,622803.3243,4837602.4709,Non Intersection,No Control,Clear,"Dark, artificial",Dry,111,Rockcliffe-Smythe,111,Rockcliffe-Smythe (111),Non-Fatal Injury,1,0,1,0,0,0,0,0,0,0,0,0,0,Pedestrian Collisions,"['Driver', 'Pedestrian']",East,"['Automobile, Station Wagon']",['Going Ahead'],['Driving Properly'],['Inattentive'],"['Crossing, no Traffic Control']","['Ability Impaired, Alcohol']",['Not Applicable'],['Not Applicable'],['Not Applicable'],False,"['65 to 69', '55 to 59']",3.0
4002286061.0,2014-06-14 08:00:00,2308,2014,STEELES AVE E,DON MILLS RD,Major Arterial,North York,43.811175,-79.360767,631841.1943,4852205.6807,At Intersection,Traffic Signal,Clear,Dark,Dry,48,Hillcrest Village,48,Hillcrest Village (48),Non-Fatal Injury,0,0,1,0,0,0,0,1,1,1,1,0,0,Turning Movement,"['Driver', 'Passenger']",East,"['Automobile, Station Wagon']","['Going Ahead', 'Turning Left']","['Disobeyed Traffic Control', 'Improper Turn']",['Inattentive'],['Not Applicable'],['Not Applicable'],['Not Applicable'],['Not Applicable'],['Not Applicable'],False,"['25 to 29', '20 to 24', '35 to 39', '55 to 59']",3.0
4002291464.0,2014-06-14 08:00:00,1930,2014,92 DUNCANWOODS DR,Not Applicable,Collector,Etobicoke York,43.75064,-79.562839,615705.4174,4845180.225,At/Near Private Drive,No Control,Clear,Daylight,Dry,21,Humber Summit,21,Humber Summit (21),Non-Fatal Injury,0,1,1,0,0,0,0,0,0,1,0,0,0,Cyclist Collisions,"['Driver', 'Cyclist']",North,"['Automobile, Station Wagon', 'Bicycle']",['Going Ahead'],['Failed to Yield Right of Way'],['Inattentive'],['Not Applicable'],['Not Applicable'],"['Motorist without ROW drives into path of cyclist at inter, lnwy, dwy-Driver not turn.']",['Driving Properly'],['Normal'],False,"['75 to 79', '5 to 9']",3.0
4002306340.0,2014-06-17 08:00:00,311,2014,KING ST W,BRANT ST,Major Arterial,Toronto and East York,43.644942,-79.397632,629233.1705,4833685.0193,Non Intersection,Pedestrian Crossover,Clear,"Dark, artificial",Dry,164,Wellington Place,77,Waterfront Communities-The Island (77),Non-Fatal Injury,0,0,0,1,0,0,0,0,0,0,0,0,0,Sideswipe,['Motorcycle Driver'],East,['Motorcycle'],"['Other', 'Going Ahead']","['Improper Lane Change', 'Driving Properly']",['Had Been Drinking'],['Not Applicable'],['Not Applicable'],['Not Applicable'],['Not Applicable'],['Not Applicable'],False,"['25 to 29', '30 to 34']",3.0
4002326649.0,2014-06-19 08:00:00,2134,2014,BATHURST ST,BEDFORD PARK AVE,Major Arterial,North York,43.721472,-79.430255,626441.1792,4842134.433,Non Intersection,No Control,Clear,"Dark, artificial",Dry,39,Bedford Park-Nortown,39,Bedford Park-Nortown (39),Non-Fatal Injury,0,0,0,0,0,1,0,1,0,0,0,0,0,Other,"['Driver', 'Passenger']",South,['Municipal Transit Bus (TTC)'],['Pulling Away from Shoulder or Curb'],['Driving Properly'],['Normal'],['Not Applicable'],['Not Applicable'],['Not Applicable'],['Not Applicable'],['Not Applicable'],False,"['30 to 34', '85 to 89']",3.0
4002339341.0,2014-06-21 08:00:00,1836,2014,ROYAL YORK RD,ALLANHURST DR,Minor Arterial,Etobicoke York,43.679274,-79.525287,618869.7559,4837307.1746,At Intersection,Traffic Signal,Clear,Daylight,Dry,9,Edenbridge-Humber Valley,9,Edenbridge-Humber Valley (9),Non-Fatal Injury,0,0,1,0,0,0,0,1,0,1,0,0,0,Turning Movement,"['Driver', 'Passenger']",North,"['Automobile, Station Wagon']","['Turning Left', 'Going Ahead']","['Failed to Yield Right of Way', 'Driving Properly']","['Inattentive', 'Normal']",['Not Applicable'],['Not Applicable'],['Not Applicable'],['Not Applicable'],['Not Applicable'],False,"['50 to 54', '65 to 69']",3.0
4002352031.0,2014-06-23 08:00:00,1720,2014,KING ST W,UNIVERSITY AVE,Major Arterial,Toronto and East York,43.64765,-79.384799,630262.3269,4834005.8413,Intersection Related,Traffic Signal,Clear,Daylight,Dry,170,Yonge-Bay Corridor,76,Bay Street Corridor (76),Non-Fatal Injury,0,1,0,0,1,0,0,0,0,1,0,0,0,Cyclist Collisions,"['Truck Driver', 'Cyclist']",East,['Truck - Open'],['Going Ahead'],['Following too Close'],['Inattentive'],['Not Applicable'],['Not Applicable'],['Cyclist and Driver travelling in same direction. One vehicle rear-ended the other.'],['Driving Properly'],['Unknown'],False,"['60 to 64', '15 to 19']",3.0
4002360451.0,2014-06-24 08:00:00,2024,2014,BEECROFT RD,PARK HOME AVE,Minor Arterial,North York,43.767054,-79.415736,627513.8647,4847219.2383,Non Intersection,No Control,Rain,"Dark, artificial",Wet,38,Lansing-Westgate,38,Lansing-Westgate (38),Non-Fatal Injury,1,0,1,0,0,0,0,0,0,1,0,0,0,Pedestrian Collisions,"['Driver', 'Pedestrian']",South,"['Automobile, Station Wagon']",['Going Ahead'],['Failed to Yield Right of Way'],['Normal'],"['Crossing, Pedestrian Crossover']",['Normal'],['Not Applicable'],['Not Applicable'],['Not Applicable'],False,"['20 to 24', '65 to 69']",3.0
4002366263.0,2014-06-19 08:00:00,1930,2014,DUNDAS ST W,DOVERCOURT RD,Minor Arterial,Toronto and East York,43.649428,-79.424739,627037.4748,4834141.3947,Non Intersection,No Control,Clear,Daylight,Dry,81,Trinity-Bellwoods,81,Trinity-Bellwoods (81),Non-Fatal Injury,0,1,1,0,0,0,0,1,0,1,0,0,0,Cyclist Collisions,"['Passenger', 'Driver', 'Cyclist']",East,"['Automobile, Station Wagon', 'Bicycle']","['Turning Left', 'Going Ahead']",['Failed to Yield Right of Way'],['Normal'],['Not Applicable'],['Not Applicable'],['Motorist turned left across cyclists path.'],['Driving Properly'],['Normal'],False,"['25 to 29', '20 to 24']",3.0
4002384040.0,2014-06-28 08:00:00,227,2014,FRED GARDINER EXP[EASTBOUND],WICKMAN RD 222,Unknown,Etobicoke York,43.616686,-79.531215,618514.9451,4830347.5042,Non Intersection,No Control,Clear,"Dark, artificial",Dry,20,Alderwood,20,Alderwood (20),Non-Fatal Injury,0,0,1,0,0,0,0,1,0,0,0,1,0,Approaching,"['Driver', 'Passenger']",East,"['Automobile, Station Wagon', 'Passenger Van']",['Going Ahead'],"['Wrong Way on One Way Road', 'Driving Properly']","['Ability Impaired, Alcohol', 'Normal']",['Not Applicable'],['Not Applicable'],['Not Applicable'],['Not Applicable'],['Not Applicable'],False,"['25 to 29', '30 to 34']",3.0
4002395351.0,2014-06-29 08:00:00,1748,2014,NEILSON RD,BERNER TRL,Minor Arterial,Scarborough,43.801406,-79.218105,643338.7896,4851357.8952,Non Intersection,No Control,Clear,Daylight,Dry,146,Malvern East,132,Malvern (132),Non-Fatal Injury,0,0,1,0,0,0,0,1,0,0,0,0,0,SMV Other,"['Driver', 'Passenger']",South,"['Automobile, Station Wagon']",['Going Ahead'],['Lost control'],['Unknown'],['Not Applicable'],['Not Applicable'],['Not Applicable'],['Not Applicable'],['Not Applicable'],False,"['20 to 24', '15 to 19']",3.0
4002396674.0,2014-06-29 08:00:00,2125,2014,HOLLYWOOD AVE,WILLOWDALE AVE,Minor Arterial,North York,43.767928,-79.401332,628671.347,4847338.5904,At Intersection,No Control,Clear,"Dusk, artificial",Dry,152,East Willowdale,51,Willowdale East (51),Non-Fatal Injury,1,0,1,0,0,0,0,0,0,0,0,0,0,Pedestrian Collisions,"['Driver', 'Other', 'Pedestrian']",North,"['Automobile, Station Wagon']",['Turning Left'],['Driving Properly'],['Normal'],"['Crossing, no Traffic Control']",['Normal'],['Not Applicable'],['Not Applicable'],['Not Applicable'],False,"['60 to 64', 'unknown', '50 to 54', '25 to 29']",3.0
4002412292.0,2014-07-02 08:00:00,650,2014,COXWELL AVE,GERRARD ST E,Minor Arterial,Toronto and East York,43.675261,-79.32027,635404.4189,4837175.7278,At Intersection,Traffic Signal,Clear,Daylight,Dry,64,Woodbine Corridor,64,Woodbine Corridor (64),Non-Fatal Injury,0,0,1,0,0,0,0,0,1,1,0,0,0,SMV Other,['Driver'],North,"['Automobile, Station Wagon']",['Turning Right'],['Lost control'],['Normal'],['Not Applicable'],['Not Applicable'],['Not Applicable'],['Not Applicable'],['Not Applicable'],False,['65 to 69'],3.0
4002443760.0,2014-07-06 08:00:00,1819,2014,DON VALLEY PARKWAY  S,BAYVIEW BLOOR DVP S RAMP,Expressway,Toronto and East York,43.681025,-79.362567,631982.1473,4837747.7197,Non Intersection,No Control,Clear,Daylight,Dry,57,Broadview North,57,Broadview North (57),Non-Fatal Injury,0,0,0,1,0,0,0,0,0,1,0,0,0,SMV Other,['Motorcycle Driver'],South,['Motorcycle'],['Going Ahead'],['Lost control'],['Normal'],['Not Applicable'],['Not Applicable'],['Not Applicable'],['Not Applicable'],['Not Applicable'],False,['35 to 39'],3.0
4002453551.0,2014-07-08 08:00:00,725,2014,WARDEN AVE N,LAWRENCE AVE E,Major Arterial,Scarborough,43.74536,-79.294727,637303.3187,4845003.2481,Intersection Related,Traffic Signal,Clear,Daylight,Dry,119,Wexford/Maryvale,119,Wexford/Maryvale (119),Non-Fatal Injury,1,0,1,0,0,0,0,0,0,0,0,0,0,Pedestrian Collisions,"['Driver', 'Pedestrian']",East,"['Automobile, Station Wagon']",['Going Ahead'],['Driving Properly'],['Normal'],['Crossing without right of way'],['Inattentive'],['Not Applicable'],['Not Applicable'],['Not Applicable'],False,"['70 to 74', '60 to 64']",3.0
4002458189.0,2014-07-08 08:00:00,2028,2014,DON MILLS RD,OVERLEA BLVD,Major Arterial,North York,43.709986,-79.334384,634189.1945,4841009.4812,Non Intersection,Traffic Signal,Clear,Daylight,Dry,44,Flemingdon Park,44,Flemingdon Park (44),Non-Fatal Injury,0,0,1,0,0,0,0,1,0,1,1,0,0,Angle,"['Driver', 'Passenger']",East,"['Automobile, Station Wagon']",['Going Ahead'],"['Disobeyed Traffic Control', 'Driving Properly']",['Normal'],['Not Applicable'],['Not Applicable'],['Not Applicable'],['Not Applicable'],['Not Applicable'],False,"['45 to 49', '80 to 84', '75 to 79']",3.0