accident_number,date,time,year,street1,street2,road_class,district,latitude,longitude,x,y,accident_location,traffctl,visibility,light,road_surface_condition,hood_158,neighbourhood_new,hood_140,neighbourhood_old,accident_class,pedestrian,cyclist,automobile,motorcycle,truck,trsn_city_veh,emerg_veh,passenger,speeding,aggressive_driving,redlight,alcohol,disability,impact_type,involvement_type,initial_direction,vehicle_type,manoeuver,driver_action,driver_condition,pedestrian_action,pedestrian_condition,cyclist_type,cyclist_action,cyclist_condition,injury,involvement_age,injury_severity_score
4002467400.0,2014-07-10 08:00:00,759,2014,1140 LESLIE ST,Not Applicable,Major Arterial,North York,43.726092,-79.349811,632910.7,4842773.4264,Non Intersection,No Control,Clear,Daylight,Dry,42,Banbury-Don Mills,42,Banbury-Don Mills (42),Non-Fatal Injury,0,0,1,0,0,0,0,0,0,1,0,0,0,Rear End,['Driver'],South,"['Automobile, Station Wagon']","['Going Ahead', 'Slowing or Stopping']","['Failed to Yield Right of Way', 'Driving Properly']",['Normal'],['Not Applicable'],['Not Applicable'],['Not Applicable'],['Not Applicable'],['Not Applicable'],False,"['35 to 39', '25 to 29']",3.0
4002469048.0,2014-07-10 08:00:00,1235,2014,HIGHWAY 27  N,ROYALCREST RD,Major Arterial,Etobicoke York,43.749705,-79.610454,611873.6649,4845010.974,At Intersection,Traffic Signal,Clear,Daylight,Dry,1,West Humber-Clairville,1,West Humber-Clairville (1),Non-Fatal Injury,0,0,1,0,0,0,0,0,0,0,0,0,0,SMV Other,['Driver'],South,"['Automobile, Station Wagon']",['Going Ahead'],['Lost control'],['Unknown'],['Not Applicable'],['Not Applicable'],['Not Applicable'],['Not Applicable'],['Not Applicable'],False,['60 to 64'],3.0
4002478309.0,2014-07-11 08:00:00,1918,2014,VICTORIA PARK AVE,GLENCREST BLVD,Major Arterial,Toronto and East York,43.708121,-79.29568,637311.6495,4840865.7303,At Intersection,No Control,Clear,Daylight,Dry,120,Clairlea-Birchmount,120,Clairlea-Birchmount (120),Non-Fatal Injury,0,1,1,0,0,0,0,0,0,0,0,0,0,Cyclist Collisions,"['Driver', 'Cyclist']",South,"['Automobile, Station Wagon', 'Bicycle']","['Going Ahead', 'Turning Left']",['Driving Properly'],['Normal'],['Not Applicable'],['Not Applicable'],['Cyclist turned left across motorists path.'],['Improper Turn'],['Inattentive'],False,"['50 to 54', '60 to 64']",3.0
4002482864.0,2014-07-12 08:00:00,1409,2014,WARDEN AVE,TOWER DR,Major Arterial,Scarborough,43.754336,-79.298351,636991.0419,4845994.1682,At Intersection,Traffic Signal,Clear,Daylight,Dry,119,Wexford/Maryvale,119,Wexford/Maryvale (119),Non-Fatal Injury,1,0,1,0,0,0,0,0,0,1,1,0,0,Pedestrian Collisions,"['Driver', 'Pedestrian']",North,"['Automobile, Station Wagon']",['Going Ahead'],['Disobeyed Traffic Control'],['Inattentive'],['Crossing with right of way'],['Normal'],['Not Applicable'],['Not Applicable'],['Not Applicable'],False,"['50 to 54', '25 to 29']",3.0
4002492921.0,2014-07-14 08:00:00,450,2014,DIXON RD,CELESTINE DR,Major Arterial,Etobicoke York,43.693392,-79.562503,615842.7465,4838822.5042,At Intersection,Traffic Signal,Clear,"Dark, artificial",Dry,7,Willowridge-Martingrove-Richview,7,Willowridge-Martingrove-Richview (7),Non-Fatal Injury,0,0,1,0,0,0,0,0,0,0,0,0,0,SMV Other,['Driver'],East,"['Automobile, Station Wagon']",['Going Ahead'],['Lost control'],['Fatigue'],['Not Applicable'],['Not Applicable'],['Not Applicable'],['Not Applicable'],['Not Applicable'],False,['20 to 24'],3.0
4002496005.0,2014-07-14 08:00:00,1453,2014,KEELE ST,WHITBURN CRES,Major Arterial,North York,43.736933,-79.484546,622036.6603,4843770.2022,Intersection Related,Traffic Signal,Clear,Daylight,Dry,155,Downsview,26,Downsview-Roding-CFB (26),Non-Fatal Injury,0,0,1,0,0,0,0,0,0,1,0,0,0,Rear End,['Driver'],North,"['Automobile, Station Wagon']","['Going Ahead', 'Stopped']","['Following too Close', 'Driving Properly']",['Normal'],['Not Applicable'],['Not Applicable'],['Not Applicable'],['Not Applicable'],['Not Applicable'],False,"['20 to 24', '60 to 64']",3.0
4002496866.0,2014-07-14 08:00:00,1716,2014,YONGE ST,ELLERSLIE AVE,Major Arterial,North York,43.771983,-79.413562,627678.3584,4847770.0285,At Intersection,No Control,Clear,Daylight,Dry,151,Yonge-Doris,51,Willowdale East (51),Non-Fatal Injury,0,1,1,0,0,0,0,1,0,1,0,0,0,Turning Movement,"['Driver', 'Moped Driver', 'Passenger']",North,"['Automobile, Station Wagon', 'Moped']","['Turning Left', 'Going Ahead']","['Failed to Yield Right of Way', 'Driving Properly']",['Normal'],['Not Applicable'],['Not Applicable'],['Not Applicable'],['Not Applicable'],['Not Applicable'],False,"['35 to 39', '40 to 44', '5 to 9']",3.0
4002524694.0,2014-07-18 08:00:00,2340,2014,3900 JANE ST,Not Applicable,Major Arterial,Etobicoke York,43.756663,-79.517566,619338.3883,4845913.4007,At/Near Private Drive,No Control,Clear,Daylight,Dry,25,Glenfield-Jane Heights,25,Glenfield-Jane Heights (25),Non-Fatal Injury,0,1,1,0,0,0,0,0,0,0,0,0,0,Cyclist Collisions,"['Driver', 'Cyclist']",East,"['Automobile, Station Wagon', 'Bicycle']","['Going Ahead', 'Unknown']",['Other'],['Unknown'],['Not Applicable'],['Not Applicable'],"['Motorist without ROW drives into path of cyclist at inter, lnwy, dwy-Driver not turn.']",['Other'],['Unknown'],False,"['35 to 39', '30 to 34']",3.0
4002525835.0,2014-07-18 08:00:00,2240,2014,GERRARD ST E,PEMBROKE ST,Minor Arterial,Toronto and East York,43.660868,-79.373523,631142.9454,4835491.636,At Intersection,No Control,Clear,Dark,Dry,73,Moss Park,73,Moss Park (73),Non-Fatal Injury,0,1,1,0,0,0,0,1,0,1,0,0,0,Cyclist Collisions,"['Cyclist', 'Driver', 'Passenger']",South,"['Bicycle', 'Automobile, Station Wagon']",['Going Ahead'],['Driving Properly'],['Normal'],['Not Applicable'],['Not Applicable'],"['Cyclist without ROW rides into path of motorist at inter, lnwy, dwy-Cyclist not turn.']",['Failed to Yield Right of Way'],['Had Been Drinking'],False,['25 to 29'],3.0
4002543282.0,2014-07-21 08:00:00,1745,2014,DUFFERIN ST,CLOVERLAWN AVE,Major Arterial,Toronto and East York,43.681208,-79.444362,625388.7729,4837641.1317,At Intersection,Stop Sign,Clear,Daylight,Dry,92,Corso Italia-Davenport,92,Corso Italia-Davenport (92),Non-Fatal Injury,0,0,1,0,0,0,0,0,0,0,0,0,0,Turning Movement,['Driver'],North,"['Automobile, Station Wagon']","['Turning Left', 'Going Ahead']","['Improper Turn', 'Driving Properly']",['Normal'],['Not Applicable'],['Not Applicable'],['Not Applicable'],['Not Applicable'],['Not Applicable'],False,"['20 to 24', '35 to 39']",3.0
4002555153.0,2014-07-23 08:00:00,1135,2014,50 CUMBERLAND ST,Not Applicable,Collector,Toronto and East York,43.670752,-79.388912,629880.7983,4836565.1768,Non Intersection,No Control,Clear,Daylight,Dry,95,Annex,95,Annex (95),Non-Fatal Injury,1,0,1,0,0,0,0,0,0,0,0,0,0,Pedestrian Collisions,"['Driver', 'Pedestrian']",East,"['Automobile, Station Wagon']",['Reversing'],['Other'],['Normal'],['Other'],['Unknown'],['Not Applicable'],['Not Applicable'],['Not Applicable'],False,"['35 to 39', '70 to 74']",3.0
4002581656.0,2014-07-27 08:00:00,1120,2014,GUILDWOOD PKWY,ROWATSON RD,Minor Arterial,Scarborough,43.747069,-79.201221,644828.1041,4845352.2977,At/Near Private Drive,No Control,Clear,Daylight,Dry,140,Guildwood,140,Guildwood (140),Non-Fatal Injury,0,0,1,1,0,0,0,0,0,0,0,0,0,Turning Movement,"['Driver', 'Motorcycle Driver']",East,"['Automobile, Station Wagon', 'Motorcycle']","['Turning Left', 'Going Ahead']","['Improper Turn', 'Driving Properly']","['Inattentive', 'Normal']",['Not Applicable'],['Not Applicable'],['Not Applicable'],['Not Applicable'],['Not Applicable'],False,"['20 to 24', '25 to 29']",3.0
4002589073.0,2014-07-28 08:00:00,1501,2014,BATHURST ST,SOUTHBOURNE AVE,Major Arterial,North York,43.738406,-79.434238,626084.8126,4844009.1289,Non Intersection,No Control,Clear,Daylight,Dry,38,Lansing-Westgate,38,Lansing-Westgate (38),Non-Fatal Injury,1,0,1,0,0,0,0,0,0,0,0,0,0,Pedestrian Collisions,"['Pedestrian', 'Driver']",North,"['Automobile, Station Wagon']",['Going Ahead'],['Driving Properly'],['Normal'],['Crossing without right of way'],['Normal'],['Not Applicable'],['Not Applicable'],['Not Applicable'],False,['60 to 64'],3.0
4002596710.0,2014-07-29 08:00:00,1630,2014,DUNDAS ST E,BROADVIEW AVE,Major Arterial,Toronto and East York,43.662455,-79.35136,632926.4667,4835703.1645,At Intersection,Traffic Signal,Clear,Daylight,Dry,70,South Riverdale,70,South Riverdale (70),Non-Fatal Injury,0,1,1,0,0,0,0,0,0,1,0,0,0,Cyclist Collisions,"['Driver', 'Cyclist']",East,"['Automobile, Station Wagon', 'Bicycle']",['Going Ahead'],['Improper Passing'],['Normal'],['Not Applicable'],['Not Applicable'],['Cyclist and Driver travelling in same direction. One vehicle sideswipes the other.'],['Driving Properly'],['Normal'],False,"['50 to 54', '40 to 44']",3.0
4002604819.0,2014-07-30 08:00:00,2312,2014,EGLINTON AVE E,BANFF RD,Major Arterial,North York,43.710009,-79.382236,630333.9418,4840935.6841,Intersection Related,Traffic Signal,Clear,"Dark, artificial",Dry,99,Mount Pleasant East,99,Mount Pleasant East (99),Non-Fatal Injury,0,1,1,0,0,0,0,0,0,0,0,0,0,Cyclist Collisions,"['Driver', 'Cyclist']",East,"['Automobile, Station Wagon', 'Bicycle']",['Going Ahead'],['Driving Properly'],['Normal'],['Not Applicable'],['Not Applicable'],"['Cyclist without ROW rides into path of motorist at inter, lnwy, dwy-Cyclist not turn.']",['Disobeyed Traffic Control'],['Normal'],False,"['25 to 29', '55 to 59']",3.0
4002612585.0,2014-08-01 08:00:00,253,2014,F G GARDINER XY  E,ISLINGTON AVE,Expressway,Etobicoke York,43.620928,-79.509891,620227.1198,4830849.2853,Non Intersection,No Control,Clear,"Dark, artificial",Dry,160,Mimico-Queensway,17,Mimico (includes Humber Bay Shores) (17),Non-Fatal Injury,0,0,1,0,0,0,0,0,0,0,0,0,0,SMV Other,['Driver'],East,"['Automobile, Station Wagon']",['Unknown'],['Lost control'],['Had Been Drinking'],['Not Applicable'],['Not Applicable'],['Not Applicable'],['Not Applicable'],['Not Applicable'],False,['20 to 24'],3.0
4002616805.0,2014-08-01 08:00:00,1722,2014,SHEPPARD AVE E,NEILSON RD,Major Arterial,Scarborough,43.798106,-79.21767,643381.6761,4850992.1304,Intersection Related,Traffic Signal,Clear,Daylight,Dry,146,Malvern East,132,Malvern (132),Fatal,0,1,1,0,0,0,0,0,1,1,0,0,0,Cyclist Collisions,"['Driver', 'Cyclist']",North,"['Automobile, Station Wagon', 'Bicycle']",['Going Ahead'],['Speed too Fast For Condition'],"['Normal', 'Inattentive']",['Not Applicable'],['Not Applicable'],"['Motorist without ROW drives into path of cyclist at inter, lnwy, dwy-Driver not turn.']",['Driving Properly'],['Inattentive'],True,"['15 to 19', '50 to 54']",4.0
4002616859.0,2014-08-01 08:00:00,1730,2014,WESTLAKE AVE,WESTBROOK AVE,Local,Toronto and East York,43.693019,-79.307636,636382.62,4839168.7032,At Intersection,Stop Sign,Clear,Daylight,Dry,60,Woodbine-Lumsden,60,Woodbine-Lumsden (60),Non-Fatal Injury,0,1,1,0,0,0,0,0,0,0,0,0,0,Cyclist Collisions,"['Driver', 'Cyclist']",South,"['Automobile, Station Wagon', 'Bicycle']",['Going Ahead'],['Driving Properly'],['Normal'],['Not Applicable'],['Not Applicable'],"['Cyclist without ROW rides into path of motorist at inter, lnwy, dwy-Cyclist not turn.']",['Disobeyed Traffic Control'],['Normal'],False,"['65 to 69', '25 to 29']",3.0
4002621781.0,2014-08-02 08:00:00,1240,2014,ST CLAIR AVE W,WINONA DR,Major Arterial,Toronto and East York,43.680205,-79.43246,626350.2218,4837547.7976,Intersection Related,Traffic Signal,Clear,Daylight,Dry,94,Wychwood,94,Wychwood (94),Non-Fatal Injury,0,1,1,0,0,0,0,0,0,1,0,0,0,Cyclist Collisions,"['Driver', 'Cyclist']",West,"['Automobile, Station Wagon', 'Bicycle']","['Overtaking', 'Going Ahead']",['Failed to Yield Right of Way'],['Unknown'],['Not Applicable'],['Not Applicable'],['Cyclist and Driver travelling in same direction. One vehicle sideswipes the other.'],['Driving Properly'],['Normal'],False,"['unknown', '35 to 39']",3.0
4002625418.0,2014-08-02 08:00:00,2319,2014,SHEPPARD  AVE E,ROBERT WOODHEAD CRES,Major Arterial,North York,43.746352,-79.482951,622145.9483,4844818.6694,Non Intersection,No Control,Clear,"Dark, artificial",Dry,155,Downsview,26,Downsview-Roding-CFB (26),Non-Fatal Injury,1,0,1,1,0,0,0,0,0,1,0,0,0,Pedestrian Collisions,"['Driver', 'Motorcycle Driver', 'Pedestrian']",West,"['Automobile, Station Wagon', 'Motorcycle']",['Going Ahead'],"['Driving Properly', 'Lost control']","['Normal', 'Had Been Drinking']","['Crossing, no Traffic Control']",['Had Been Drinking'],['Not Applicable'],['Not Applicable'],['Not Applicable'],False,"['35 to 39', '15 to 19']",3.0
4002628533.0,2014-08-03 08:00:00,1330,2014,BURNHAMTHORPE RD,MILL RD,Major Arterial,Etobicoke York,43.639193,-79.584354,614184.5511,4832772.7126,Intersection Related,Traffic Signal,Clear,Daylight,Dry,12,Markland Wood,12,Markland Wood (12),Non-Fatal Injury,0,0,1,0,0,0,0,1,0,1,0,0,0,Turning Movement,"['Driver', 'Passenger']",East,"['Automobile, Station Wagon']","['Turning Left', 'Going Ahead']","['Failed to Yield Right of Way', 'Driving Properly']",['Normal'],['Not Applicable'],['Not Applicable'],['Not Applicable'],['Not Applicable'],['Not Applicable'],False,"['75 to 79', '30 to 34', '35 to 39', '10 to 14']",3.0
4002642659.0,2014-08-05 08:00:00,1932,2014,SEWELLS RD,BRENYON WAY,Minor Arterial,Scarborough,43.80778,-79.215602,643524.8713,4852070.1705,Intersection Related,Traffic Signal,Clear,Daylight,Dry,146,Malvern East,132,Malvern (132),Non-Fatal Injury,1,0,1,0,0,0,0,1,0,1,0,0,0,Pedestrian Collisions,"['Driver', 'Passenger', 'Pedestrian']",North,['Passenger Van'],['Turning Left'],['Failed to Yield Right of Way'],['Normal'],['Crossing with right of way'],['Unknown'],['Not Applicable'],['Not Applicable'],['Not Applicable'],False,"['35 to 39', '10 to 14', '25 to 29']",3.0
4002647882.0,2014-08-06 08:00:00,1515,2014,ALNESS ST,DOLOMITE DR,Minor Arterial,North York,43.779563,-79.475604,622669.6052,4848518.1053,Intersection Related,Stop Sign,Clear,Daylight,Dry,27,York University Heights,27,York University Heights (27),Non-Fatal Injury,0,0,1,0,1,0,0,1,0,1,0,0,0,Turning Movement,"['Driver', 'Truck Driver', 'Passenger']",North,"['Automobile, Station Wagon', 'Truck - Closed (Blazer, etc)']","['Turning Left', 'Going Ahead']","['Failed to Yield Right of Way', 'Driving Properly']","['Unknown', 'Normal']",['Not Applicable'],['Not Applicable'],['Not Applicable'],['Not Applicable'],['Not Applicable'],False,"['85 to 89', '35 to 39', '50 to 54', '75 to 79']",3.0
4002650961.0,2014-08-07 08:00:00,100,2014,REXDALE BLVD,HIGHWAY 27  N,Major Arterial,Etobicoke York,43.717257,-79.595607,613130.0963,4841427.3237,Non Intersection,Traffic Signal,Clear,"Dusk, artificial",Dry,1,West Humber-Clairville,1,West Humber-Clairville (1),Non-Fatal Injury,0,0,0,1,0,0,0,0,0,0,0,0,0,SMV Other,['Motorcycle Driver'],West,['Motorcycle'],['Going Ahead'],['Lost control'],['Unknown'],['Not Applicable'],['Not Applicable'],['Not Applicable'],['Not Applicable'],['Not Applicable'],False,['35 to 39'],3.0
4002656548.0,2014-08-07 08:00:00,2022,2014,LAKE SHORE BLVD E,LOWER SHERBOURNE ST,Major Arterial,Toronto and East York,43.64643,-79.366123,631771.1882,4833899.8288,At Intersection,Traffic Signal,Clear,Dark,Dry,166,St Lawrence-East Bayfront-The Islands,77,Waterfront Communities-The Island (77),Non-Fatal Injury,0,0,1,0,0,0,0,1,0,0,0,0,0,Sideswipe,"['Driver', 'Passenger']",West,"['Automobile, Station Wagon']","['Changing Lanes', 'Going Ahead']","['Improper Lane Change', 'Driving Properly']","['Inattentive', 'Normal']",['Not Applicable'],['Not Applicable'],['Not Applicable'],['Not Applicable'],['Not Applicable'],False,"['25 to 29', '45 to 49', '60 to 64', '30 to 34', '55 to 59']",3.0
4002664969.0,2014-08-09 08:00:00,214,2014,LAWRENCE AVE E,GREENBRAE CRCT,Major Arterial,Scarborough,43.758174,-79.233073,642237.207,4846530.4796,Non Intersection,No Control,Clear,"Dark, artificial",Dry,141,Golfdale-Cedarbrae-Woburn,137,Woburn (137),Non-Fatal Injury,1,0,1,0,0,0,0,0,0,0,0,0,0,Pedestrian Collisions,"['Driver', 'Pedestrian']",North,"['Automobile, Station Wagon']",['Going Ahead'],['Driving Properly'],['Normal'],"['Crossing, no Traffic Control']",['Had Been Drinking'],['Not Applicable'],['Not Applicable'],['Not Applicable'],False,"['65 to 69', '15 to 19']",3.0
4002688656.0,2014-08-12 08:00:00,1614,2014,WOODBINE AVE,HEYWORTH CRES,Major Arterial,Toronto and East York,43.675315,-79.30849,636353.9032,4837201.0233,Non Intersection,No Control,Clear,Daylight,Dry,62,East End-Danforth,62,East End-Danforth (62),Non-Fatal Injury,0,0,1,1,0,0,0,1,0,1,0,0,0,Turning Movement,"['Driver', 'Motorcycle Driver', 'Passenger']",North,"['Automobile, Station Wagon', 'Motorcycle']","['Turning Left', 'Going Ahead']","['Failed to Yield Right of Way', 'Driving Properly']","['Inattentive', 'Normal']",['Not Applicable'],['Not Applicable'],['Not Applicable'],['Not Applicable'],['Not Applicable'],False,"['40 to 44', '35 to 39', '10 to 14']",3.0
4002711350.0,2014-08-16 08:00:00,2320,2014,LANSDOWNE AVE,DUPONT ST,Major Arterial,Toronto and East York,43.666716,-79.446452,625250.4558,4836028.4437,At Intersection,Traffic Signal,Clear,"Dark, artificial",Dry,171,Junction-Wallace Emerson,93,Dovercourt-Wallace Emerson-Junction (93),Non-Fatal Injury,0,0,1,1,0,0,0,0,0,1,0,0,0,Turning Movement,"['Driver', 'Motorcycle Driver']",North,"['Automobile, Station Wagon', 'Motorcycle']","['Turning Left', 'Going Ahead']","['Failed to Yield Right of Way', 'Driving Properly']","['Inattentive', 'Normal']",['Not Applicable'],['Not Applicable'],['Not Applicable'],['Not Applicable'],['Not Applicable'],False,['35 to 39'],3.0
4002712534.0,2014-08-16 08:00:00,515,2014,KENNEDY RD,BONIS AVE,Major Arterial,Scarborough,43.78575,-79.289455,637635.1433,4849497.9321,Intersection Related,Traffic Signal,Clear,"Dark, artificial",Dry,128,Agincourt South-Malvern West,128,Agincourt South-Malvern West (128),Fatal,1,0,1,0,0,0,0,0,0,1,0,0,0,Pedestrian Collisions,"['Driver', 'Pedestrian']",East,"['Automobile, Station Wagon']",['Turning Left'],['Failed to Yield Right of Way'],['Unknown'],['Crossing with right of way'],['Normal'],['Not Applicable'],['Not Applicable'],['Not Applicable'],True,"['45 to 49', '85 to 89']",4.0
4002717713.0,2014-08-17 08:00:00,51,2014,FINCH AVENUE WEST,ISLINGTON AVENUE,Major Arterial,Etobicoke York,43.746237,-79.568614,615248.9203,4844683.1581,Intersection Related,Traffic Signal,Clear,"Dark, artificial",Dry,3,Thistletown-Beaumond Heights,3,Thistletown-Beaumond Heights (3),Non-Fatal Injury,0,0,1,0,0,1,0,1,0,1,1,0,0,Angle,"['Driver', 'Passenger']",East,"['Automobile, Station Wagon', 'Bus (Other) (Go Bus, Gray Coa']",['Going Ahead'],"['Disobeyed Traffic Control', 'Driving Properly']","['Inattentive', 'Normal']",['Not Applicable'],['Not Applicable'],['Not Applicable'],['Not Applicable'],['Not Applicable'],False,"['45 to 49', '35 to 39', '25 to 29', '20 to 24', '30 to 34', '55 to 59']",3.0
4002721774.0,2014-08-17 08:00:00,1645,2014,OSSINGTON AVE,DEWSON ST,Minor Arterial,Toronto and East York,43.657092,-79.423747,627101.3072,4834994.101,At Intersection,No Control,Clear,Daylight,Dry,80,Palmerston-Little Italy,80,Palmerston-Little Italy (80),Non-Fatal Injury,0,0,1,1,0,0,0,1,0,0,0,0,0,Turning Movement,"['Driver', 'Motorcycle Driver', 'Passenger']",North,"['Passenger Van', 'Motorcycle']","['Turning Left', 'Going Ahead']","['Improper Turn', 'Driving Properly']","['Inattentive', 'Unknown']",['Not Applicable'],['Not Applicable'],['Not Applicable'],['Not Applicable'],['Not Applicable'],False,"['40 to 44', '30 to 34', '50 to 54', '45 to 49', '5 to 9', '35 to 39']",3.0
4002722723.0,2014-08-17 08:00:00,2100,2014,2169 YONGE ST,Not Applicable,Major Arterial,Toronto and East York,43.705058,-79.397983,629075.9105,4840361.1671,At/Near Private Drive,No Control,Clear,Daylight,Dry,174,South Eglinton-Davisville,104,Mount Pleasant West (104),Non-Fatal Injury,0,0,1,1,0,0,0,1,0,1,0,0,0,Turning Movement,"['Driver', 'Motorcycle Driver', 'Passenger']",North,"['Automobile, Station Wagon', 'Motorcycle']","['Turning Left', 'Going Ahead']","['Failed to Yield Right of Way', 'Driving Properly']","['Inattentive', 'Normal']",['Not Applicable'],['Not Applicable'],['Not Applicable'],['Not Applicable'],['Not Applicable'],False,"['40 to 44', 'unknown', '20 to 24']",3.0
4002723007.0,2014-08-17 08:00:00,2159,2014,KINGSTON RD,PICKERING ST,Major Arterial,Toronto and East York,43.680282,-79.289921,637839.408,4837783.3714,Non Intersection,No Control,Clear,"Dark, artificial",Dry,63,The Beaches,62,East End-Danforth (62),Non-Fatal Injury,0,1,1,0,0,0,0,0,0,0,0,0,0,Cyclist Collisions,"['Cyclist', 'Driver']",West,"['Bicycle', 'Automobile, Station Wagon']","['Changing Lanes', 'Going Ahead']",['Driving Properly'],['Normal'],['Not Applicable'],['Not Applicable'],['Not Applicable'],['Improper Lane Change'],['Inattentive'],False,"['15 to 19', '50 to 54']",3.0
4002735710.0,2014-08-19 08:00:00,2105,2014,MIDLAND AVE,KILCULLEN CASTLE GT,Major Arterial,Scarborough,43.809722,-79.290012,637535.3124,4852159.48,At Intersection,No Control,Clear,"Dark, artificial",Dry,130,Milliken,130,Milliken (130),Non-Fatal Injury,1,0,1,0,0,0,0,0,0,1,0,0,0,Pedestrian Collisions,"['Driver', 'Pedestrian']",North,"['Automobile, Station Wagon']",['Turning Left'],['Failed to Yield Right of Way'],['Unknown'],['Crossing with right of way'],['Unknown'],['Not Applicable'],['Not Applicable'],['Not Applicable'],False,['40 to 44'],3.0
4002735786.0,2014-08-19 08:00:00,2120,2014,COLLEGE ST,RUSHOLME PARK CRT,Major Arterial,Toronto and East York,43.652896,-79.429668,626632.6814,4834519.0276,At Intersection,Stop Sign,Clear,"Dark, artificial",Dry,84,Little Portugal,84,Little Portugal (84),Non-Fatal Injury,0,1,1,0,0,0,0,0,0,0,0,0,0,Cyclist Collisions,"['Driver', 'Cyclist']",East,"['Delivery Van', 'Bicycle']","['Turning Right', 'Going Ahead']",['Improper Turn'],['Inattentive'],['Not Applicable'],['Not Applicable'],"['Motorist turns right at non-signal Inter.(stop, yield, no cont.,and dwy) and strikes cyclist.']",['Driving Properly'],['Normal'],False,"['25 to 29', '40 to 44']",3.0
4002750756.0,2014-08-22 08:00:00,122,2014,BLOOR ST E,PARLIAMENT ST,Major Arterial,Toronto and East York,43.671954,-79.370693,631346.9496,4836727.3623,At Intersection,Traffic Signal,Clear,Dark,Dry,71,Cabbagetown-South St.James Town,71,Cabbagetown-South St.James Town (71),Non-Fatal Injury,0,1,1,0,0,0,0,0,0,1,0,0,0,Cyclist Collisions,"['Cyclist', 'Driver']",East,"['Bicycle', 'Automobile, Station Wagon']","['Going Ahead', 'Turning Left']",['Failed to Yield Right of Way'],['Inattentive'],['Not Applicable'],['Not Applicable'],['Motorist turned left across cyclists path.'],['Driving Properly'],['Normal'],False,"['25 to 29', '40 to 44']",3.0
4002755635.0,2014-08-22 08:00:00,1805,2014,ROYAL YORK RD,ASHLEY RD,Minor Arterial,Etobicoke York,43.663146,-79.51839,619457.6869,4835525.8556,At Intersection,No Control,Clear,Daylight,Dry,9,Edenbridge-Humber Valley,9,Edenbridge-Humber Valley (9),Non-Fatal Injury,0,1,1,0,0,0,0,0,0,1,0,0,0,Cyclist Collisions,"['Driver', 'Cyclist']",South,"['Automobile, Station Wagon', 'Bicycle']","['Turning Right', 'Going Ahead']",['Failed to Yield Right of Way'],['Inattentive'],['Not Applicable'],['Not Applicable'],"['Motorist turns right at non-signal Inter.(stop, yield, no cont.,and dwy) and strikes cyclist.']",['Driving Properly'],['Normal'],False,['30 to 34'],3.0
4002781365.0,2014-08-26 08:00:00,1720,2014,ROGERS RD,SILVERTHORN AVE,Minor Arterial,Etobicoke York,43.682765,-79.463306,623858.6157,4837785.592,Intersection Related,Traffic Signal,Clear,Daylight,Dry,110,Keelesdale-Eglinton West,110,Keelesdale-Eglinton West (110),Non-Fatal Injury,0,1,1,0,0,0,0,0,0,0,0,0,0,Cyclist Collisions,"['Driver', 'Cyclist']",West,"['Automobile, Station Wagon', 'Bicycle']",['Turning Right'],['Improper Turn'],['Normal'],['Not Applicable'],['Not Applicable'],['Motorist turning right on green or amber at signalized intersection strikes cyclist.'],['Driving Properly'],['Normal'],False,['30 to 34'],3.0
4002786358.0,2014-08-27 08:00:00,1205,2014,SHEPPARD AVE W,BATHURST ST,Major Arterial,North York,43.75545,-79.438464,625708.823,4845895.6933,Intersection Related,Traffic Signal,Clear,Daylight,Dry,38,Lansing-Westgate,38,Lansing-Westgate (38),Non-Fatal Injury,0,0,0,0,0,1,0,1,0,0,0,0,0,Other,"['Driver', 'Passenger']",East,['Municipal Transit Bus (TTC)'],['Slowing or Stopping'],['Other'],['Normal'],['Not Applicable'],['Not Applicable'],['Not Applicable'],['Not Applicable'],['Not Applicable'],False,"['50 to 54', '60 to 64']",3.0
4002788366.0,2014-08-27 08:00:00,1719,2014,YONGE ST,HOMEWOOD AVE,Major Arterial,North York,43.791163,-79.418346,627252.6348,4849892.8968,Non Intersection,No Control,Clear,Daylight,Dry,50,Newtonbrook East,50,Newtonbrook East (50),Non-Fatal Injury,0,0,1,0,0,0,0,0,0,1,0,0,0,Rear End,['Driver'],South,"['Automobile, Station Wagon']","['Going Ahead', 'Slowing or Stopping']","['Following too Close', 'Driving Properly']","['Normal', 'Unknown']",['Not Applicable'],['Not Applicable'],['Not Applicable'],['Not Applicable'],['Not Applicable'],False,"['20 to 24', '35 to 39', '45 to 49']",3.0
4002797820.0,2014-08-29 08:00:00,610,2014,KINGSTON  RD,WOODBINE AVE,Major Arterial,Toronto and East York,43.673918,-79.307918,636403.1782,4837046.8078,At Intersection,Traffic Signal,Clear,Dawn,Dry,63,The Beaches,63,The Beaches (63),Non-Fatal Injury,0,0,1,1,0,0,0,0,0,0,0,0,0,Turning Movement,"['Driver', 'Motorcycle Driver']",East,"['Automobile, Station Wagon', 'Motorcycle']","['Turning Left', 'Going Ahead']","['Improper Turn', 'Driving Properly']",['Normal'],['Not Applicable'],['Not Applicable'],['Not Applicable'],['Not Applicable'],['Not Applicable'],False,"['50 to 54', '60 to 64']",3.0