accident_number,date,time,year,street1,street2,road_class,district,latitude,longitude,x,y,accident_location,traffctl,visibility,light,road_surface_condition,hood_158,neighbourhood_new,hood_140,neighbourhood_old,accident_class,pedestrian,cyclist,automobile,motorcycle,truck,trsn_city_veh,emerg_veh,passenger,speeding,aggressive_driving,redlight,alcohol,disability,impact_type,involvement_type,initial_direction,vehicle_type,manoeuver,driver_action,driver_condition,pedestrian_action,pedestrian_condition,cyclist_type,cyclist_action,cyclist_condition,injury,involvement_age,injury_severity_score
45664.0,2020-01-07 10:00:00,1850,2020,EGLINTON AVE E,PHARMACY AVE,Major Arterial,Scarborough,43.725577,-79.297481,637126.722,4842801.491,At Intersection,Traffic Signal,Clear,Dark,Dry,120,Clairlea-Birchmount,120,Clairlea-Birchmount (120),Non-Fatal Injury,0,0,1,0,0,0,0,1,0,1,0,0,0,Turning Movement,"['Driver', 'Passenger']",East,"['Automobile, Station Wagon']","['Turning Left', 'Going Ahead']","['Failed to Yield Right of Way', 'Driving Properly']","['Inattentive', 'Normal']",['Not Applicable'],['Not Applicable'],['Not Applicable'],['Not Applicable'],['Not Applicable'],False,"['35 to 39', '50 to 54', '20 to 24']",3.0
474338.0,2020-03-06 10:00:00,1352,2020,GERRARD ST E,MAIN ST,Minor Arterial,Toronto and East York,43.683879,-79.300121,637009.0479,4838165.9664,At Intersection,Traffic Signal,Clear,Daylight,Dry,62,East End-Danforth,62,East End-Danforth (62),Non-Fatal Injury,1,0,0,0,0,1,0,0,0,1,0,0,0,Pedestrian Collisions,"['Driver', 'Pedestrian']",West,"['Bus (Other) (Go Bus, Gray Coa']",['Turning Right'],['Failed to Yield Right of Way'],['Inattentive'],['Crossing with right of way'],['Normal'],['Not Applicable'],['Not Applicable'],['Not Applicable'],False,"['60 to 64', '35 to 39']",3.0
484297.0,2020-03-07 10:00:00,1940,2020,HUMBER BLVD,LOUVAIN ST,Collector,Etobicoke York,43.68056,-79.482097,622348.5165,4837512.8061,At Intersection,No Control,Clear,"Dark, artificial",Dry,111,Rockcliffe-Smythe,111,Rockcliffe-Smythe (111),Non-Fatal Injury,0,0,0,0,0,1,0,1,0,0,0,0,0,Other,"['Driver', 'Passenger']",West,['Municipal Transit Bus (TTC)'],['Going Ahead'],['Driving Properly'],['Normal'],['Not Applicable'],['Not Applicable'],['Not Applicable'],['Not Applicable'],['Not Applicable'],False,"['40 to 44', '60 to 64']",3.0
488737.0,2020-03-08 09:00:00,1400,2020,NORTH BONNINGTON AVE,ZENITH DR,Local,Scarborough,43.712298,-79.264369,639824.5935,4841381.9896,Non Intersection,No Control,Clear,Daylight,Wet,120,Clairlea-Birchmount,120,Clairlea-Birchmount (120),Fatal,0,0,0,1,0,0,0,0,0,0,0,0,0,Other,['Motorcycle Driver'],South,['Motorcycle'],['Going Ahead'],['Lost control'],['Unknown'],['Not Applicable'],['Not Applicable'],['Not Applicable'],['Not Applicable'],['Not Applicable'],True,['20 to 24'],4.0
500879.0,2020-03-10 08:00:00,632,2020,ST CLAIR AVE W,CHRISTIE ST,Major Arterial,Toronto and East York,43.681639,-79.425678,626893.8612,4837717.4168,At Intersection,Traffic Signal,Rain,"Dark, artificial",Wet,94,Wychwood,94,Wychwood (94),Non-Fatal Injury,1,0,1,0,0,0,0,0,0,0,0,0,0,Pedestrian Collisions,"['Driver', 'Pedestrian']",North,"['Automobile, Station Wagon']",['Going Ahead'],['Driving Properly'],['Normal'],['Crossing without right of way'],['Inattentive'],['Not Applicable'],['Not Applicable'],['Not Applicable'],False,"['40 to 44', '20 to 24']",3.0
500922.0,2020-03-10 08:00:00,644,2020,FRONT ST E,PARLIAMENT ST,Minor Arterial,Toronto and East York,43.651496,-79.362697,632036.3952,4834467.9202,At Intersection,Traffic Signal,Rain,Dark,Wet,166,St Lawrence-East Bayfront-The Islands,77,Waterfront Communities-The Island (77),Non-Fatal Injury,1,0,1,0,0,0,0,0,0,1,0,0,0,Pedestrian Collisions,"['Driver', 'Pedestrian']",East,"['Automobile, Station Wagon']",['Turning Left'],['Failed to Yield Right of Way'],['Normal'],['Crossing with right of way'],['Normal'],['Not Applicable'],['Not Applicable'],['Not Applicable'],False,"['35 to 39', '25 to 29']",3.0
522896.0,2020-03-13 08:00:00,27,2020,QUEEN ST E,BROADVIEW AVE,Major Arterial,Toronto and East York,43.658805,-79.349811,633059.4236,4835300.2661,At Intersection,Traffic Signal,Clear,"Dark, artificial",Dry,70,South Riverdale,70,South Riverdale (70),Non-Fatal Injury,1,0,1,0,0,0,0,0,0,1,0,1,0,Pedestrian Collisions,"['Driver', 'Pedestrian']",North,"['Automobile, Station Wagon']",['Turning Left'],['Failed to Yield Right of Way'],"['Ability Impaired, Alcohol Over .08']",['Crossing without right of way'],['Normal'],['Not Applicable'],['Not Applicable'],['Not Applicable'],False,"['55 to 59', '20 to 24', '25 to 29']",3.0
540779.0,2020-03-15 08:00:00,1523,2020,BRIMLEY RD,KINGSTON RD,Major Arterial,Scarborough,43.718154,-79.240329,641747.5013,4842073.2194,At Intersection,Traffic Signal,Clear,Daylight,Dry,123,Cliffcrest,123,Cliffcrest (123),Non-Fatal Injury,0,1,1,0,0,0,0,1,0,0,0,0,0,Turning Movement,"['Cyclist', 'Driver', 'Passenger']",North,"['Bicycle', 'Automobile, Station Wagon']","['Turning Left', 'Going Ahead']",['Driving Properly'],['Normal'],['Not Applicable'],['Not Applicable'],['Cyclist turned left across motorists path.'],['Failed to Yield Right of Way'],['Unknown'],False,"['50 to 54', '20 to 24']",3.0
562879.0,2020-03-18 08:00:00,2105,2020,KINGSTON RD,BEECHGROVE DR,Major Arterial,Scarborough,43.776423,-79.173526,646986.079,4848661.3156,Intersection Related,Traffic Signal,Rain,Dark,Wet,136,West Hill,136,West Hill (136),Non-Fatal Injury,1,0,1,0,0,0,0,1,0,0,0,0,0,Pedestrian Collisions,"['Driver', 'Pedestrian', 'Passenger']",North,"['Automobile, Station Wagon']",['Going Ahead'],['Other'],['Unknown'],['Crossing without right of way'],['Inattentive'],['Not Applicable'],['Not Applicable'],['Not Applicable'],False,"['unknown', '55 to 59', '20 to 24']",3.0
565895.0,2020-03-19 08:00:00,1220,2020,MCCOWAN RD,MILNER AVE,Major Arterial,Scarborough,43.785308,-79.256435,640293.087,4849504.2749,At Intersection,Traffic Signal,Clear,Daylight,Dry,128,Agincourt South-Malvern West,128,Agincourt South-Malvern West (128),Non-Fatal Injury,0,0,1,0,1,0,0,1,0,0,0,0,0,Sideswipe,"['Driver', 'Truck Driver', 'Passenger']",North,"['Automobile, Station Wagon', 'Truck - Closed (Blazer, etc)']",['Stopped'],"['Lost control', 'Driving Properly']",['Normal'],['Not Applicable'],['Not Applicable'],['Not Applicable'],['Not Applicable'],['Not Applicable'],False,"['45 to 49', '55 to 59', '40 to 44', '50 to 54']",3.0
56815.0,2020-01-09 10:00:00,1100,2020,MARTIN GROVE RD,BELFIELD RD,Major Arterial,Etobicoke York,43.701876,-79.575588,614772.0788,4839746.5706,At Intersection,Traffic Signal,Clear,Daylight,Dry,1,West Humber-Clairville,1,West Humber-Clairville (1),Non-Fatal Injury,0,0,1,0,0,0,0,0,1,1,1,0,0,Angle,['Driver'],East,"['Delivery Van', 'Automobile, Station Wagon', 'Pick Up Truck']","['Going Ahead', 'Stopped']","['Disobeyed Traffic Control', 'Driving Properly']","['Inattentive', 'Normal']",['Not Applicable'],['Not Applicable'],['Not Applicable'],['Not Applicable'],['Not Applicable'],False,"['45 to 49', '50 to 54', '55 to 59', '35 to 39']",3.0
568837.0,2020-03-19 08:00:00,2110,2020,YONGE ST,CUMMER AVE,Major Arterial,North York,43.786997,-79.417308,627344.9951,4849431.7942,At Intersection,Traffic Signal,Rain,"Dark, artificial",Wet,50,Newtonbrook East,50,Newtonbrook East (50),Non-Fatal Injury,1,0,1,0,0,0,0,0,0,1,0,0,0,Pedestrian Collisions,"['Driver', 'Pedestrian']",North,"['Automobile, Station Wagon']",['Turning Left'],['Failed to Yield Right of Way'],['Inattentive'],['Crossing with right of way'],['Normal'],['Not Applicable'],['Not Applicable'],['Not Applicable'],False,"['20 to 24', '70 to 74']",3.0
568853.0,2020-03-19 08:00:00,2116,2020,BROADVIEW AVE,MONTCREST BLVD,Minor Arterial,Toronto and East York,43.673163,-79.356059,632524.0244,4836884.9144,At Intersection,Stop Sign,Rain,"Dark, artificial",Wet,68,North Riverdale,68,North Riverdale (68),Non-Fatal Injury,0,0,1,0,0,0,0,0,0,0,0,0,0,Turning Movement,['Driver'],North,"['Automobile, Station Wagon']","['Turning Left', 'Going Ahead']","['Improper Turn', 'Driving Properly']","['Unknown', 'Normal']",['Not Applicable'],['Not Applicable'],['Not Applicable'],['Not Applicable'],['Not Applicable'],False,['25 to 29'],3.0
598639.0,2020-03-25 08:00:00,524,2020,O CONNOR  DR,SUNRISE AVE,Major Arterial,North York,43.718833,-79.304431,636582.2636,4842040.9941,Intersection Related,Traffic Signal,Clear,Daylight,Dry,43,Victoria Village,43,Victoria Village (43),Non-Fatal Injury,1,0,1,0,0,0,0,0,0,0,0,0,0,Pedestrian Collisions,"['Driver', 'Pedestrian']",South,"['Automobile, Station Wagon']",['Going Ahead'],['Driving Properly'],['Normal'],['Crossing without right of way'],['Normal'],['Not Applicable'],['Not Applicable'],['Not Applicable'],False,"['60 to 64', '55 to 59']",3.0
602902.0,2020-03-25 08:00:00,2032,2020,KELVIN GROVE AVE,STEELES AVE E,Major Arterial,Scarborough,43.822402,-79.312221,635720.2808,4853531.1229,At Intersection,Traffic Signal,Clear,"Dark, artificial",Dry,116,Steeles,116,Steeles (116),Non-Fatal Injury,1,0,1,0,0,0,0,0,0,1,0,0,0,Pedestrian Collisions,"['Driver', 'Pedestrian']",North,"['Automobile, Station Wagon']",['Turning Left'],['Failed to Yield Right of Way'],['Inattentive'],['Crossing with right of way'],['Normal'],['Not Applicable'],['Not Applicable'],['Not Applicable'],False,"['40 to 44', '50 to 54']",3.0
608251.0,2020-03-26 08:00:00,1845,2020,LASCELLES BLVD,FROBISHER AVE,Local,Toronto and East York,43.696471,-79.400111,628922.8576,4839404.1497,At Intersection,Stop Sign,Clear,"Dark, artificial",Dry,100,Yonge-Eglinton,100,Yonge-Eglinton (100),Non-Fatal Injury,0,0,1,0,0,0,0,0,0,0,0,0,1,SMV Other,['Driver'],North,"['Automobile, Station Wagon']",['Turning Left'],['Lost control'],['Medical or Physical Disability'],['Not Applicable'],['Not Applicable'],['Not Applicable'],['Not Applicable'],['Not Applicable'],False,['35 to 39'],3.0
623949.0,2020-03-29 08:00:00,1535,2020,MARINE PARADE DR,SHORE BREEZE  DR,Collector,Etobicoke York,43.623797,-79.477939,622799.2993,4831214.6848,Non Intersection,No Control,Clear,Daylight,Dry,161,Humber Bay Shores,17,Mimico (includes Humber Bay Shores) (17),Non-Fatal Injury,0,1,1,0,0,0,0,0,0,0,0,0,0,Cyclist Collisions,"['Driver', 'Cyclist']",East,"['Automobile, Station Wagon', 'Bicycle']","['Making U Turn', 'Going Ahead']",['Improper Turn'],['Inattentive'],['Not Applicable'],['Not Applicable'],['Cyclist and Driver travelling in same direction. One vehicle sideswipes the other.'],['Driving Properly'],['Normal'],False,"['25 to 29', '50 to 54']",3.0
627897.0,2020-03-30 08:00:00,945,2020,KEELE ST,LAWRENCE AVE W,Major Arterial,Etobicoke York,43.708586,-79.478023,622619.7663,4840631.4943,At Intersection,Traffic Signal,Rain,Daylight,Wet,30,Brookhaven-Amesbury,30,Brookhaven-Amesbury (30),Non-Fatal Injury,1,0,1,0,1,0,0,0,1,1,0,0,0,Pedestrian Collisions,"['Truck Driver', 'Driver', 'Pedestrian']",North,"['Truck - Dump', 'Automobile, Station Wagon']","['Going Ahead', 'Turning Left']","['Speed too Fast For Condition', 'Failed to Yield Right of Way']",['Normal'],['On Sidewalk or Shoulder'],['Normal'],['Not Applicable'],['Not Applicable'],['Not Applicable'],False,"['40 to 44', '55 to 59']",3.0
656670.0,2020-04-03 08:00:00,2310,2020,STEELES AVE W,ISLINGTON AVE,Major Arterial,Etobicoke York,43.762202,-79.579898,614309.9767,4846440.6672,Non Intersection,No Control,Clear,"Dark, artificial",Wet,2,Mount Olive-Silverstone-Jamestown,2,Mount Olive-Silverstone-Jamestown (2),Fatal,0,0,1,0,0,0,0,1,0,0,0,0,0,Turning Movement,"['Driver', 'Passenger']",East,"['Automobile, Station Wagon']","['Making U Turn', 'Going Ahead']","['Improper Turn', 'Driving Properly']","['Unknown', 'Normal']",['Not Applicable'],['Not Applicable'],['Not Applicable'],['Not Applicable'],['Not Applicable'],True,"['25 to 29', '50 to 54', '35 to 39']",4.0
657926.0,2020-04-04 08:00:00,715,2020,HINTON RD,HAREFIELD DR,Local,Etobicoke York,43.726561,-79.569522,615213.5386,4842496.5957,At Intersection,No Control,Clear,Daylight,Dry,4,Rexdale-Kipling,4,Rexdale-Kipling (4),Non-Fatal Injury,0,1,1,0,0,0,0,0,1,1,0,0,0,Cyclist Collisions,"['Driver', 'Cyclist']",East,"['Automobile, Station Wagon', 'Bicycle']",['Going Ahead'],['Lost control'],['Inattentive'],['Not Applicable'],['Not Applicable'],['Cyclist and Driver travelling in same direction. One vehicle rear-ended the other.'],['Other'],['Normal'],False,"['25 to 29', '55 to 59']",3.0
658260.0,2020-04-04 08:00:00,917,2020,KEELE ST,SHEPPARD AVE W,Major Arterial,North York,43.744704,-79.486408,621870.9481,4844630.5435,At Intersection,Traffic Signal,Clear,Daylight,Dry,155,Downsview,26,Downsview-Roding-CFB (26),Non-Fatal Injury,0,0,1,0,0,1,0,1,0,1,1,0,0,Angle,"['Driver', 'Passenger']",South,"['Automobile, Station Wagon', 'Municipal Transit Bus (TTC)']",['Going Ahead'],"['Disobeyed Traffic Control', 'Driving Properly']","['Unknown', 'Normal']",['Not Applicable'],['Not Applicable'],['Not Applicable'],['Not Applicable'],['Not Applicable'],False,"['20 to 24', '55 to 59']",3.0
66893.0,2020-01-10 10:00:00,1721,2020,CRUIKSHANK AVE,CARLAW AVE,Collector,Toronto and East York,43.680693,-79.348178,633142.6921,4837733.8453,At Intersection,Stop Sign,Rain,"Dark, artificial",Wet,67,Playter Estates-Danforth,67,Playter Estates-Danforth (67),Non-Fatal Injury,1,0,1,0,0,0,0,0,0,1,0,0,0,Pedestrian Collisions,"['Driver', 'Pedestrian']",North,"['Automobile, Station Wagon']",['Turning Left'],['Failed to Yield Right of Way'],['Inattentive'],['Crossing with right of way'],['Normal'],['Not Applicable'],['Not Applicable'],['Not Applicable'],False,"['55 to 59', '40 to 44']",3.0
73153.0,2020-01-11 10:00:00,1625,2020,FORT YORK BLVD,DAN LECKIE WAY,Local,Toronto and East York,43.639331,-79.39796,629218.7452,4833061.3346,At Intersection,Traffic Signal,Rain,Dark,Wet,165,Harbourfront-CityPlace,77,Waterfront Communities-The Island (77),Non-Fatal Injury,1,0,1,0,0,0,0,0,0,0,0,0,0,Pedestrian Collisions,"['Driver', 'Pedestrian']",East,"['Automobile, Station Wagon']",['Making U Turn'],['Improper Turn'],['Unknown'],['Crossing with right of way'],['Normal'],['Not Applicable'],['Not Applicable'],['Not Applicable'],False,"['unknown', '25 to 29']",3.0
74293.0,2020-01-11 10:00:00,1938,2020,WESTON RD,DORA SPENCER RD,Minor Arterial,Etobicoke York,43.691981,-79.502734,620662.1844,4838751.0266,At Intersection,No Control,Rain,"Dark, artificial",Wet,115,Mount Dennis,115,Mount Dennis (115),Non-Fatal Injury,1,0,1,0,0,0,0,0,0,1,0,0,0,Pedestrian Collisions,"['Driver', 'Pedestrian']",North,"['Automobile, Station Wagon']",['Turning Left'],['Failed to Yield Right of Way'],['Normal'],['Crossing without right of way'],['Had Been Drinking'],['Not Applicable'],['Not Applicable'],['Not Applicable'],False,"['40 to 44', '70 to 74']",3.0
75272.0,2020-01-11 10:00:00,2257,2020,ST CLAIR AVE W,GLENHOLME AVE,Major Arterial,Etobicoke York,43.678935,-79.438586,625859.0915,4837397.4329,At Intersection,Traffic Signal,Rain,"Dark, artificial",Wet,92,Corso Italia-Davenport,92,Corso Italia-Davenport (92),Non-Fatal Injury,1,0,1,0,0,0,0,1,0,0,0,0,0,Pedestrian Collisions,"['Driver', 'Passenger', 'Pedestrian']",North,"['Automobile, Station Wagon']",['Going Ahead'],['Driving Properly'],['Normal'],['Crossing without right of way'],['Normal'],['Not Applicable'],['Not Applicable'],['Not Applicable'],False,"['20 to 24', '15 to 19', '10 to 14', '55 to 59']",3.0
76304.0,2020-01-12 10:00:00,330,2020,FRONT ST W,JOHN ST,Minor Arterial,Toronto and East York,43.643897,-79.388675,629957.8257,4833582.9451,Intersection Related,No Control,Rain,"Dark, artificial",Wet,165,Harbourfront-CityPlace,77,Waterfront Communities-The Island (77),Non-Fatal Injury,1,0,1,0,0,0,0,0,0,0,0,0,0,Pedestrian Collisions,"['Driver', 'Pedestrian']",North,"['Automobile, Station Wagon']",['Going Ahead'],['Driving Properly'],['Normal'],"['Crossing, no Traffic Control']",['Had Been Drinking'],['Not Applicable'],['Not Applicable'],['Not Applicable'],False,"['30 to 34', '20 to 24']",3.0
772626.0,2020-04-23 08:00:00,1323,2020,YONGE ST,BELSIZE DR,Major Arterial,Toronto and East York,43.700225,-79.396999,629165.5716,4839825.9273,Intersection Related,Traffic Signal,Clear,Daylight,Dry,174,South Eglinton-Davisville,104,Mount Pleasant West (104),Non-Fatal Injury,0,0,1,1,0,0,0,0,0,1,0,0,1,Rear End,"['Driver', 'Motorcycle Driver']",South,"['Passenger Van', 'Motorcycle']","['Going Ahead', 'Slowing or Stopping']","['Following too Close', 'Driving Properly']","['Medical or Physical Disability', 'Normal']",['Not Applicable'],['Not Applicable'],['Not Applicable'],['Not Applicable'],['Not Applicable'],False,"['75 to 79', '60 to 64']",3.0
778481.0,2020-04-24 08:00:00,1345,2020,347 MORNINGSIDE AVE,Not Applicable,Major Arterial,Scarborough,43.775935,-79.18922,645724.2687,4848579.3709,At/Near Private Drive,No Control,Clear,Daylight,Dry,136,West Hill,136,West Hill (136),Non-Fatal Injury,0,1,1,0,0,0,0,0,0,0,0,0,0,Turning Movement,"['Cyclist', 'Driver']",North,"['Bicycle', 'Automobile, Station Wagon']","['Going Ahead', 'Turning Right']",['Driving Properly'],['Normal'],['Not Applicable'],['Not Applicable'],"['Cyclist without ROW rides into path of motorist at inter, lnwy, dwy-Cyclist not turn.']",['Failed to Yield Right of Way'],['Inattentive'],False,"['55 to 59', '15 to 19']",3.0
780152.0,2020-04-23 08:00:00,1030,2020,KEELE ST,WILSON AVE,Major Arterial,North York,43.726569,-79.482028,622260.5181,4842622.8433,At Intersection,Traffic Signal,Clear,Daylight,Dry,155,Downsview,26,Downsview-Roding-CFB (26),Non-Fatal Injury,1,0,1,0,0,0,0,0,0,1,0,0,0,Pedestrian Collisions,"['Driver', 'Pedestrian']",East,"['Automobile, Station Wagon']",['Turning Right'],['Failed to Yield Right of Way'],['Inattentive'],['Crossing with right of way'],['Normal'],['Not Applicable'],['Not Applicable'],['Not Applicable'],False,['60 to 64'],3.0
806061.0,2020-04-29 08:00:00,858,2020,KENNEDY RD,ELLESMERE RD,Major Arterial,Scarborough,43.765731,-79.28104,638358.4083,4847288.5359,At Intersection,Traffic Signal,Clear,Daylight,Dry,126,Dorset Park,126,Dorset Park (126),Non-Fatal Injury,1,0,1,0,0,0,0,0,0,1,0,0,0,Pedestrian Collisions,"['Driver', 'Pedestrian']",East,['Pick Up Truck'],['Turning Left'],['Failed to Yield Right of Way'],['Inattentive'],['Crossing with right of way'],['Normal'],['Not Applicable'],['Not Applicable'],['Not Applicable'],False,"['30 to 34', '65 to 69']",3.0
819828.0,2020-05-01 08:00:00,1452,2020,PEMBROKE ST,DUNDAS ST E,Major Arterial,Toronto and East York,43.658099,-79.372348,631243.7198,4835185.9596,At Intersection,Stop Sign,Clear,Daylight,Dry,73,Moss Park,73,Moss Park (73),Non-Fatal Injury,1,0,1,0,0,0,0,1,0,1,0,0,0,Pedestrian Collisions,"['Driver', 'Passenger', 'Pedestrian']",East,"['Automobile, Station Wagon']",['Going Ahead'],"['Failed to Yield Right of Way', 'Driving Properly']","['Inattentive', 'Normal']",['Other'],['Normal'],['Not Applicable'],['Not Applicable'],['Not Applicable'],False,"['20 to 24', '30 to 34', '25 to 29', '40 to 44']",3.0
823448.0,2020-05-02 08:00:00,459,2020,CRAWFORD ST,DUNDAS ST W,Local,Toronto and East York,43.649356,-79.416789,627678.7643,4834145.599,Non Intersection,No Control,Clear,"Dark, artificial",Dry,81,Trinity-Bellwoods,81,Trinity-Bellwoods (81),Non-Fatal Injury,1,0,1,0,0,0,0,0,0,0,0,0,0,Pedestrian Collisions,"['Driver', 'Pedestrian']",North,"['Automobile, Station Wagon']",['Going Ahead'],['Other'],['Inattentive'],"['Crossing, no Traffic Control']",['Other'],['Not Applicable'],['Not Applicable'],['Not Applicable'],False,"['50 to 54', '35 to 39']",3.0
825994.0,2020-05-02 08:00:00,1538,2020,12 QUEENS QUAY W,Not Applicable,Minor Arterial,Toronto and East York,43.641387,-79.375934,630990.8886,4833324.2067,At/Near Private Drive,Stop Sign,Rain,Daylight,Wet,166,St Lawrence-East Bayfront-The Islands,77,Waterfront Communities-The Island (77),Non-Fatal Injury,0,1,1,0,0,0,0,1,0,1,0,0,0,Cyclist Collisions,"['Driver', 'Cyclist', 'Passenger']",East,"['Automobile, Station Wagon', 'Bicycle']","['Turning Right', 'Going Ahead']",['Failed to Yield Right of Way'],['Inattentive'],['Not Applicable'],['Not Applicable'],"['Motorist turns right at non-signal Inter.(stop, yield, no cont.,and dwy) and strikes cyclist.']",['Driving Properly'],['Normal'],False,"['30 to 34', '25 to 29']",3.0
826306.0,2020-05-02 08:00:00,1632,2020,DUNDAS ST W,BLOOR ST W,Major Arterial,Etobicoke York,43.65631,-79.452441,624789.1617,4834863.6963,At Intersection,Traffic Signal,Clear,Daylight,Dry,86,Roncesvalles,86,Roncesvalles (86),Non-Fatal Injury,0,0,1,0,0,0,0,1,1,1,1,0,0,Angle,"['Driver', 'Passenger']",North,"['Automobile, Station Wagon', 'Pick Up Truck']","['Going Ahead', 'Stopped']","['Disobeyed Traffic Control', 'Driving Properly']","['Ability Impaired, Drugs', 'Normal']",['Not Applicable'],['Not Applicable'],['Not Applicable'],['Not Applicable'],['Not Applicable'],False,"['50 to 54', '35 to 39', '40 to 44', '55 to 59', '25 to 29']",3.0
827861.0,2020-05-02 08:00:00,2153,2020,BRENTCLIFFE RD,EGLINTON AVE E,Major Arterial,North York,43.715083,-79.357372,632325.9443,4841538.6188,Non Intersection,No Control,Clear,"Dark, artificial",Dry,55,Thorncliffe Park,55,Thorncliffe Park (55),Non-Fatal Injury,0,0,1,0,0,0,0,0,1,1,0,0,0,SMV Other,['Driver'],West,"['Automobile, Station Wagon']",['Going Ahead'],['Lost control'],['Unknown'],['Not Applicable'],['Not Applicable'],['Not Applicable'],['Not Applicable'],['Not Applicable'],False,['50 to 54'],3.0
838759.0,2020-05-04 08:00:00,1847,2020,THE QUEENSWAY,STEPHEN DR,Major Arterial,Etobicoke York,43.630309,-79.484218,622279.5029,4831928.6556,At Intersection,Traffic Signal,Clear,Daylight,Dry,16,Stonegate-Queensway,16,Stonegate-Queensway (16),Non-Fatal Injury,0,0,1,0,0,1,0,0,0,1,1,0,0,Turning Movement,['Driver'],South,"['Delivery Van', 'Automobile, Station Wagon', 'Bus (Other) (Go Bus, Gray Coa']","['Going Ahead', 'Turning Left']","['Disobeyed Traffic Control', 'Driving Properly']","['Inattentive', 'Normal']",['Not Applicable'],['Not Applicable'],['Not Applicable'],['Not Applicable'],['Not Applicable'],False,"['40 to 44', '35 to 39', '45 to 49']",3.0
849955.0,2020-05-06 08:00:00,1627,2020,SPADINA AVE,BLUE JAYS WAY,Major Arterial,Toronto and East York,43.641268,-79.393306,629589.9712,4833283.7195,Intersection Related,No Control,Clear,Daylight,Dry,165,Harbourfront-CityPlace,77,Waterfront Communities-The Island (77),Non-Fatal Injury,1,0,1,0,0,0,0,0,0,0,0,0,0,Pedestrian Collisions,"['Driver', 'Pedestrian']",North,"['Automobile, Station Wagon']",['Going Ahead'],['Driving Properly'],['Normal'],['Crossing without right of way'],['Had Been Drinking'],['Not Applicable'],['Not Applicable'],['Not Applicable'],False,"['35 to 39', '25 to 29']",3.0
865160.0,2020-05-09 08:00:00,700,2020,SCARBOROUGH GOLF CLUB RD,KINGSTON RD,Major Arterial,Scarborough,43.745928,-79.209316,644179.069,4845211.4503,At Intersection,Traffic Signal,Clear,Daylight,Dry,140,Guildwood,140,Guildwood (140),Non-Fatal Injury,1,0,1,0,0,0,0,0,0,0,0,0,0,Pedestrian Collisions,"['Driver', 'Pedestrian']",South,['Pick Up Truck'],['Turning Left'],['Driving Properly'],['Normal'],['Crossing without right of way'],['Normal'],['Not Applicable'],['Not Applicable'],['Not Applicable'],False,"['35 to 39', '55 to 59']",3.0
882024.0,2006-01-07 10:00:00,2325,2006,STEELES AVE E,NINTH LINE ST,Minor Arterial,Scarborough,43.842745,-79.22479,642702.4974,4855937.7188,Unknown,No Control,Clear,Dark,Wet,144,Morningside Heights,131,Rouge (131),Fatal,0,0,1,0,0,0,0,0,0,0,0,0,0,Approaching,"['Driver', 'Vehicle Owner']",East,"['Automobile, Station Wagon', 'Other']",['Going Ahead'],"['Lost control', 'Driving Properly']","['Unknown', 'Normal']",['Not Applicable'],['Not Applicable'],['Not Applicable'],['Not Applicable'],['Not Applicable'],True,"['50 to 54', 'unknown', '35 to 39']",4.0
882079.0,2006-01-06 10:00:00,2210,2006,DON MILLS RD,LEITH HILL RD,Major Arterial,North York,43.777056,-79.347858,632955.1003,4848436.8781,At Intersection,Traffic Signal,Clear,"Dark, artificial",Dry,47,Don Valley Village,47,Don Valley Village (47),Non-Fatal Injury,1,0,1,0,0,0,0,0,0,0,0,0,0,Pedestrian Collisions,"['Driver', 'Pedestrian']",South,"['Automobile, Station Wagon']",['Going Ahead'],['Driving Properly'],['Normal'],['Crossing with right of way'],['Inattentive'],['Not Applicable'],['Not Applicable'],['Not Applicable'],False,"['50 to 54', '25 to 29']",3.0
882174.0,2006-01-09 10:00:00,1435,2006,KENNEDY RD,GLAMORGAN AVE,Major Arterial,Scarborough,43.769445,-79.28229,638249.2383,4847698.9453,At Intersection,Traffic Signal,Clear,Daylight,Dry,126,Dorset Park,126,Dorset Park (126),Fatal,1,0,1,0,0,0,0,0,0,0,0,0,0,Pedestrian Collisions,"['Vehicle Owner', 'Driver', 'Pedestrian']",East,"['Other', 'Automobile, Station Wagon']",['Going Ahead'],['Driving Properly'],['Normal'],['Crossing without right of way'],['Unknown'],['Not Applicable'],['Not Applicable'],['Not Applicable'],True,"['unknown', '50 to 54', '75 to 79']",4.0
882497.0,2006-01-08 10:00:00,1828,2006,ISLINGTON AVE,GOLFDOWN DR,Major Arterial,Etobicoke York,43.721445,-79.55809,616144.1868,4841944.3489,At Intersection,Pedestrian Crossover,Clear,Dark,Dry,5,Elms-Old Rexdale,5,Elms-Old Rexdale (5),Fatal,1,0,1,0,0,0,0,1,0,1,0,0,0,Pedestrian Collisions,"['Passenger', 'Vehicle Owner', 'Driver', 'Pedestrian']",East,"['Other', 'Automobile, Station Wagon']",['Going Ahead'],['Failed to Yield Right of Way'],['Normal'],"['Crossing, Pedestrian Crossover']",['Normal'],['Not Applicable'],['Not Applicable'],['Not Applicable'],True,"['20 to 24', '10 to 14', 'unknown']",4.0