accident_number,date,time,year,street1,street2,road_class,district,latitude,longitude,x,y,accident_location,traffctl,visibility,light,road_surface_condition,hood_158,neighbourhood_new,hood_140,neighbourhood_old,accident_class,pedestrian,cyclist,automobile,motorcycle,truck,trsn_city_veh,emerg_veh,passenger,speeding,aggressive_driving,redlight,alcohol,disability,impact_type,involvement_type,initial_direction,vehicle_type,manoeuver,driver_action,driver_condition,pedestrian_action,pedestrian_condition,cyclist_type,cyclist_action,cyclist_condition,injury,involvement_age,injury_severity_score
882501.0,2006-01-11 10:00:00,1120,2006,BARTLEY DR,JINNAH CRT,Collector,North York,43.722045,-79.30799,636288.2909,4842391.8744,Unknown,No Control,Clear,Daylight,Wet,43,Victoria Village,43,Victoria Village (43),Fatal,0,0,1,0,0,0,0,1,1,1,0,0,0,SMV Other,"['Passenger', 'Vehicle Owner', 'Driver', 'Other Property Owner']",East,"['Other', 'Automobile, Station Wagon']",['Going Ahead'],['Lost control'],['Inattentive'],['Not Applicable'],['Not Applicable'],['Not Applicable'],['Not Applicable'],['Not Applicable'],True,"['15 to 19', 'unknown']",4.0
882912.0,2006-01-14 10:00:00,904,2006,WESTON RD,CORONADO CRT,Major Arterial,Etobicoke York,43.741045,-79.53989,617571.83,4844146.8725,Unknown,Pedestrian Crossover,Strong wind,Daylight,Ice,22,Humbermede,22,Humbermede (22),Non-Fatal Injury,1,0,1,0,0,0,0,0,1,1,0,0,0,Pedestrian Collisions,"['Vehicle Owner', 'Driver', 'Pedestrian']",East,"['Other', 'Automobile, Station Wagon']",['Slowing or Stopping'],['Speed too Fast For Condition'],['Normal'],"['Crossing, Pedestrian Crossover']",['Normal'],['Not Applicable'],['Not Applicable'],['Not Applicable'],False,"['unknown', '40 to 44', '80 to 84']",3.0
884090.0,2006-01-02 10:00:00,705,2006,BATHURST ST,DUNDAS ST W,Major Arterial,Toronto and East York,43.652892,-79.406253,628520.911,4834554.5821,Unknown,No Control,Other,"Dark, artificial",Wet,78,Kensington-Chinatown,78,Kensington-Chinatown (78),Non-Fatal Injury,1,0,1,0,0,0,0,0,0,0,0,0,0,Pedestrian Collisions,"['Driver', 'Pedestrian']",South,"['Automobile, Station Wagon']",['Changing Lanes'],['Improper Lane Change'],['Inattentive'],['Crossing without right of way'],['Inattentive'],['Not Applicable'],['Not Applicable'],['Not Applicable'],False,"['30 to 34', '45 to 49']",3.0
884135.0,2006-01-10 10:00:00,804,2006,BRIMLEY RD,GULLY DR,Major Arterial,Scarborough,43.743645,-79.25129,640804.7938,4844885.6861,At Intersection,No Control,Clear,Daylight,Dry,157,Bendale South,127,Bendale (127),Non-Fatal Injury,0,0,1,0,0,0,0,0,0,0,0,0,1,Approaching,['Driver'],North,"['Automobile, Station Wagon']",['Going Ahead'],"['Other', 'Driving Properly']","['Medical or Physical Disability', 'Normal']",['Not Applicable'],['Not Applicable'],['Not Applicable'],['Not Applicable'],['Not Applicable'],False,"['80 to 84', '55 to 59']",3.0
884310.0,2006-01-22 10:00:00,230,2006,460 CORONATION DR,Not Applicable,Collector,Scarborough,43.765045,-79.17039,647266.3779,4847403.1814,Unknown,No Control,Clear,Dark,Dry,136,West Hill,136,West Hill (136),Non-Fatal Injury,1,0,1,0,0,0,0,0,0,1,0,0,0,Pedestrian Collisions,"['Pedestrian', 'Vehicle Owner', 'Driver']",East,"['Other', 'Automobile, Station Wagon']",['Going Ahead'],['Other'],['Had Been Drinking'],['Other'],['Had Been Drinking'],['Not Applicable'],['Not Applicable'],['Not Applicable'],False,"['20 to 24', 'unknown', '30 to 34']",3.0
884326.0,2006-01-22 10:00:00,1800,2006,YONGE ST,CUMBERLAND ST,Major Arterial,Toronto and East York,43.671145,-79.38719,630018.7733,4836611.5224,At Intersection,No Control,Clear,Dark,Dry,95,Annex,95,Annex (95),Non-Fatal Injury,1,0,1,0,0,0,0,0,0,0,0,0,0,Pedestrian Collisions,"['Pedestrian', 'Vehicle Owner', 'Driver']",South,"['Other', 'Automobile, Station Wagon']",['Going Ahead'],['Driving Properly'],['Normal'],"['Crossing, no Traffic Control']",['Normal'],['Not Applicable'],['Not Applicable'],['Not Applicable'],False,"['85 to 89', 'unknown', '50 to 54']",3.0
884560.0,2006-01-24 10:00:00,145,2006,WARDEN AVE,LAWRENCE AVE E,Major Arterial,Scarborough,43.745345,-79.29469,637306.3322,4845001.6435,Unknown,Traffic Signal,Clear,Dawn,Dry,119,Wexford/Maryvale,119,Wexford/Maryvale (119),Fatal,0,0,1,0,0,0,0,1,1,1,0,0,0,Angle,"['Passenger', 'Vehicle Owner', 'Driver']",South,"['Other', 'Automobile, Station Wagon']",['Going Ahead'],"['Driving Properly', 'Exceeding Speed Limit']","['Normal', 'Unknown']",['Not Applicable'],['Not Applicable'],['Not Applicable'],['Not Applicable'],['Not Applicable'],True,"['35 to 39', 'unknown', '40 to 44']",4.0
884714.0,2006-01-24 10:00:00,2220,2006,MOUNT PLEASANT RD,WHITEHALL RD,Major Arterial,Toronto and East York,43.684045,-79.38349,630289.1339,4838050.0488,At Intersection,No Control,Rain,Dark,Wet,98,Rosedale-Moore Park,98,Rosedale-Moore Park (98),Fatal,0,0,1,0,0,0,0,1,1,1,0,0,0,Turning Movement,"['Passenger', 'Driver', 'Vehicle Owner', 'Other Property Owner']",North,"['Other', 'Automobile, Station Wagon']","['Going Ahead', 'Turning Left']","['Exceeding Speed Limit', 'Driving Properly']",['Normal'],['Not Applicable'],['Not Applicable'],['Not Applicable'],['Not Applicable'],['Not Applicable'],True,"['15 to 19', 'unknown', '45 to 49']",4.0
884756.0,2006-01-24 10:00:00,754,2006,DEAN PARK RD,BRAYMORE BLVD,Collector,Scarborough,43.803445,-79.17069,647147.9771,4851667.5845,At Intersection,Stop Sign,Clear,Daylight,Wet,143,West Rouge,131,Rouge (131),Fatal,1,0,1,0,0,0,0,1,0,1,0,0,0,Pedestrian Collisions,"['Passenger', 'Driver', 'Pedestrian']",North,"['Other', 'Automobile, Station Wagon']",['Turning Left'],['Failed to Yield Right of Way'],['Inattentive'],['Crossing with right of way'],['Normal'],['Not Applicable'],['Not Applicable'],['Not Applicable'],True,"['10 to 14', '40 to 44', '75 to 79']",4.0
885650.0,2006-01-29 10:00:00,2048,2006,F G GARDINER XY W  W,KIPLING AVE,Major Arterial,Etobicoke York,43.618245,-79.52439,619062.576,4830530.4136,Unknown,No Control,Rain,Dark,Wet,160,Mimico-Queensway,17,Mimico (includes Humber Bay Shores) (17),Fatal,1,0,1,0,0,0,0,0,0,0,0,0,0,Pedestrian Collisions,"['Driver', 'Pedestrian']",South,"['Automobile, Station Wagon', 'Other']",['Going Ahead'],['Driving Properly'],['Normal'],['Running onto Roadway'],['Unknown'],['Not Applicable'],['Not Applicable'],['Not Applicable'],True,"['20 to 24', '15 to 19']",4.0
885782.0,2006-01-04 10:00:00,1940,2006,DUFFERIN ST,SYLVAN AVE,Major Arterial,Toronto and East York,43.655145,-79.43359,626311.6904,4834762.8307,At Intersection,Traffic Signal,Rain,Dark,Wet,83,Dufferin Grove,83,Dufferin Grove (83),Non-Fatal Injury,1,0,1,0,0,0,0,0,0,0,0,0,0,Pedestrian Collisions,"['Driver', 'Pedestrian']",East,"['Automobile, Station Wagon', 'Other']",['Going Ahead'],['Driving Properly'],['Normal'],['Crossing without right of way'],['Normal'],['Not Applicable'],['Not Applicable'],['Not Applicable'],False,"['25 to 29', '75 to 79']",3.0
886039.0,2006-01-09 10:00:00,1820,2006,FINCH AVE E,MIDDLEFIELD RD,Major Arterial,Scarborough,43.809817,-79.257663,640136.9673,4852224.3125,At Intersection,Traffic Signal,Clear,"Dark, artificial",Dry,129,Agincourt North,129,Agincourt North (129),Non-Fatal Injury,1,0,0,0,0,1,0,0,0,0,0,0,0,Pedestrian Collisions,"['Vehicle Owner', 'Driver', 'Pedestrian']",East,['Municipal Transit Bus (TTC)'],['Turning Right'],['Driving Properly'],['Normal'],['Crossing without right of way'],['Inattentive'],['Not Applicable'],['Not Applicable'],['Not Applicable'],False,"['unknown', '55 to 59', '50 to 54']",3.0
886175.0,2020-05-12 08:00:00,2109,2020,TAPSCOTT RD,MELFORD DR,Minor Arterial,Scarborough,43.807952,-79.234142,642033.2145,4852057.281,At Intersection,No Control,Clear,"Dark, artificial",Dry,145,Malvern West,132,Malvern (132),Fatal,0,0,0,1,0,0,0,0,0,0,0,0,0,SMV Other,['Motorcycle Driver'],North,['Motorcycle'],['Going Ahead'],['Lost control'],['Unknown'],['Not Applicable'],['Not Applicable'],['Not Applicable'],['Not Applicable'],['Not Applicable'],True,['30 to 34'],4.0
886230.0,2006-01-21 10:00:00,1829,2006,MIDLAND AVE,GOODLAND GT,Major Arterial,Scarborough,43.779345,-79.27559,638765.5901,4848809.7034,At Intersection,No Control,Clear,Dusk,Dry,128,Agincourt South-Malvern West,128,Agincourt South-Malvern West (128),Fatal,1,0,1,0,0,0,0,0,1,1,0,0,0,Pedestrian Collisions,"['Driver', 'Pedestrian']",West,"['Automobile, Station Wagon', 'Other']",['Going Ahead'],['Exceeding Speed Limit'],['Unknown'],"['Crossing, no Traffic Control']",['Normal'],['Not Applicable'],['Not Applicable'],['Not Applicable'],True,"['25 to 29', '40 to 44', '50 to 54']",4.0
886552.0,2006-01-15 10:00:00,1812,2006,3367 DUNDAS ST W,Not Applicable,Major Arterial,Toronto and East York,43.665545,-79.48289,622315.096,4835844.0217,Unknown,No Control,Clear,Dark,Dry,89,Runnymede-Bloor West Village,89,Runnymede-Bloor West Village (89),Non-Fatal Injury,1,0,1,0,0,0,0,0,0,0,0,0,0,Pedestrian Collisions,"['Driver', 'Pedestrian']",East,"['Automobile, Station Wagon', 'Other']",['Going Ahead'],['Driving Properly'],['Normal'],['Crossing without right of way'],['Medical or Physical Disability'],['Not Applicable'],['Not Applicable'],['Not Applicable'],False,"['25 to 29', '50 to 54']",3.0
886573.0,2006-01-14 10:00:00,2058,2006,EGLINTON AVE W,BRAEMAR AVE,Major Arterial,North York,43.704345,-79.40959,628142.2344,4840263.972,Unknown,No Control,Clear,Dark,Dry,100,Yonge-Eglinton,100,Yonge-Eglinton (100),Non-Fatal Injury,1,0,1,0,0,0,0,0,0,0,0,0,0,Pedestrian Collisions,"['Driver', 'Pedestrian']",East,"['Automobile, Station Wagon', 'Other']",['Going Ahead'],['Driving Properly'],['Normal'],"['Crossing, no Traffic Control']",['Normal'],['Not Applicable'],['Not Applicable'],['Not Applicable'],False,"['20 to 24', '25 to 29']",3.0
886747.0,2006-01-17 10:00:00,2200,2006,LAWRENCE AVE E,COLLINSGROVE RD,Minor Arterial,Scarborough,43.769145,-79.18279,646258.288,4847836.5722,At Intersection,Traffic Signal,Rain,Dark,Wet,136,West Hill,136,West Hill (136),Non-Fatal Injury,1,0,1,0,0,0,0,0,0,1,0,0,0,Pedestrian Collisions,"['Driver', 'Pedestrian']",South,"['Automobile, Station Wagon', 'Other']",['Turning Left'],['Failed to Yield Right of Way'],['Normal'],['Crossing with right of way'],['Medical or Physical Disability'],['Not Applicable'],['Not Applicable'],['Not Applicable'],False,"['55 to 59', '60 to 64']",3.0
887039.0,2006-01-17 10:00:00,1940,2006,SHEPPARD AVE W,SENLAC RD,Major Arterial,North York,43.758945,-79.42259,626979.3512,4846308.0804,At Intersection,Traffic Signal,Rain,Dark,Wet,38,Lansing-Westgate,38,Lansing-Westgate (38),Non-Fatal Injury,1,0,1,0,0,0,0,0,0,0,0,0,0,Pedestrian Collisions,"['Driver', 'Pedestrian']",East,"['Automobile, Station Wagon', 'Other']",['Going Ahead'],['Driving Properly'],['Normal'],['Crossing without right of way'],['Normal'],['Not Applicable'],['Not Applicable'],['Not Applicable'],False,"['40 to 44', '55 to 59']",3.0
887237.0,2006-01-27 10:00:00,2046,2006,BLOOR ST W,CHRISTIE ST,Major Arterial,Toronto and East York,43.663545,-79.41839,627519.6119,4835719.0117,At Intersection,No Control,Clear,Dark,Dry,80,Palmerston-Little Italy,80,Palmerston-Little Italy (80),Non-Fatal Injury,1,0,1,0,0,0,0,0,1,1,0,0,0,Pedestrian Collisions,"['Vehicle Owner', 'Driver', 'Pedestrian']",East,"['Other', 'Automobile, Station Wagon', 'Taxi']","['Changing Lanes', 'Going Ahead']","['Driving Properly', 'Exceeding Speed Limit']","['Normal', 'Unknown']","['Crossing, no Traffic Control']",['Normal'],['Not Applicable'],['Not Applicable'],['Not Applicable'],False,"['unknown', '20 to 24']",3.0
887427.0,2006-02-07 10:00:00,1330,2006,JANE ST,BRADLEY AVE,Major Arterial,Toronto and East York,43.663745,-79.49039,621714.0501,4835633.0781,Unknown,Pedestrian Crossover,Clear,Daylight,Dry,89,Runnymede-Bloor West Village,89,Runnymede-Bloor West Village (89),Non-Fatal Injury,1,0,1,0,0,0,0,0,0,0,0,0,0,Pedestrian Collisions,"['Driver', 'Pedestrian']",East,"['Automobile, Station Wagon', 'Other']",['Going Ahead'],['Other'],['Inattentive'],"['Crossing, Pedestrian Crossover']",['Normal'],['Not Applicable'],['Not Applicable'],['Not Applicable'],False,"['50 to 54', '80 to 84']",3.0
887568.0,2006-01-08 10:00:00,1507,2006,PARLIAMENT ST,FRONT ST E,Minor Arterial,Toronto and East York,43.651496,-79.362697,632036.3952,4834467.9202,At Intersection,Traffic Signal,Clear,Daylight,Dry,166,St Lawrence-East Bayfront-The Islands,77,Waterfront Communities-The Island (77),Non-Fatal Injury,0,0,1,0,0,0,0,0,0,1,1,0,0,Angle,"['Driver', 'Other Property Owner']",East,"['Automobile, Station Wagon', 'Passenger Van']",['Going Ahead'],"['Disobeyed Traffic Control', 'Driving Properly']",['Normal'],['Not Applicable'],['Not Applicable'],['Not Applicable'],['Not Applicable'],['Not Applicable'],False,"['40 to 44', '45 to 49', 'unknown']",3.0
887637.0,2006-02-08 10:00:00,1500,2006,CARLINGVIEW DR,DIXON RD,Major Arterial,Etobicoke York,43.686745,-79.59559,613188.8669,4838038.5765,Unknown,Traffic Signal,Clear,Daylight,Dry,1,West Humber-Clairville,1,West Humber-Clairville (1),Non-Fatal Injury,1,0,1,0,0,0,0,0,0,0,0,0,0,Pedestrian Collisions,"['Driver', 'Pedestrian']",North,"['Automobile, Station Wagon', 'Other']",['Turning Left'],['Driving Properly'],['Normal'],['Crossing without right of way'],['Normal'],['Not Applicable'],['Not Applicable'],['Not Applicable'],False,"['50 to 54', '80 to 84']",3.0
888108.0,2006-02-12 10:00:00,845,2006,840 KENNEDY RD,Not Applicable,Major Arterial,Scarborough,43.735945,-79.26949,639357.1902,4843999.7112,Unknown,No Control,Clear,Daylight,Dry,125,Ionview,125,Ionview (125),Non-Fatal Injury,0,0,1,0,0,0,0,1,0,0,0,0,0,Approaching,"['Driver', 'Passenger']",South,"['Automobile, Station Wagon']",['Going Ahead'],"['Driving Properly', 'Lost control']",['Normal'],['Not Applicable'],['Not Applicable'],['Not Applicable'],['Not Applicable'],['Not Applicable'],False,"['40 to 44', '5 to 9', '25 to 29', '0 to 4', '30 to 34']",3.0
888231.0,2006-02-13 10:00:00,925,2006,GLENBURN AVE,TIAGO AVE,Local,Toronto and East York,43.712545,-79.30039,636922.1007,4841349.288,At Intersection,Stop Sign,Clear,Daylight,Dry,54,O'Connor-Parkview,54,O'Connor-Parkview (54),Non-Fatal Injury,1,0,1,0,0,0,0,0,0,1,0,0,0,Pedestrian Collisions,"['Pedestrian', 'Vehicle Owner', 'Driver']",North,"['Other', 'Automobile, Station Wagon']",['Turning Left'],['Failed to Yield Right of Way'],['Inattentive'],['Crossing with right of way'],['Normal'],['Not Applicable'],['Not Applicable'],['Not Applicable'],False,"['55 to 59', 'unknown', '70 to 74']",3.0
888497.0,2006-02-15 10:00:00,935,2006,WESTWOOD AVE,WOODYCREST AVE,Local,Toronto and East York,43.687345,-79.34469,633409.0941,4838478.2472,At Intersection,Stop Sign,Clear,Daylight,Dry,59,Danforth East York,59,Danforth East York (59),Fatal,1,0,1,0,0,0,0,0,0,1,0,0,0,Pedestrian Collisions,"['Pedestrian', 'Vehicle Owner', 'Driver']",East,"['Other', 'Delivery Van']",['Turning Left'],['Failed to Yield Right of Way'],['Inattentive'],['Crossing with right of way'],['Normal'],['Not Applicable'],['Not Applicable'],['Not Applicable'],True,"['70 to 74', 'unknown', '50 to 54']",4.0
888584.0,2020-05-13 08:00:00,945,2020,LAWRENCE AVE E,FERN MEADOW RD,Minor Arterial,Scarborough,43.771643,-79.171214,647183.8673,4848134.5282,Non Intersection,No Control,Clear,Daylight,Dry,136,West Hill,136,West Hill (136),Fatal,1,0,1,0,0,0,0,0,0,0,0,0,0,Pedestrian Collisions,"['Driver', 'Pedestrian', 'Other']",South,"['Pick Up Truck', 'Automobile, Station Wagon']","['Going Ahead', 'Parked']",['Lost control'],['Unknown'],['On Sidewalk or Shoulder'],['Normal'],['Not Applicable'],['Not Applicable'],['Not Applicable'],True,"['35 to 39', '75 to 79', 'unknown']",4.0
888639.0,2006-02-16 10:00:00,620,2006,2443 ISLINGTON AVE,Not Applicable,Major Arterial,Etobicoke York,43.725545,-79.56009,615975.1765,4842396.9106,Unknown,No Control,Snow,Daylight,Slush,4,Rexdale-Kipling,4,Rexdale-Kipling (4),Non-Fatal Injury,0,0,1,0,0,0,0,0,1,1,0,0,0,SMV Other,"['Driver', 'Other Property Owner']",North,"['Automobile, Station Wagon', 'Other']",['Going Ahead'],['Speed too Fast For Condition'],['Unknown'],['Not Applicable'],['Not Applicable'],['Not Applicable'],['Not Applicable'],['Not Applicable'],False,"['40 to 44', 'unknown']",3.0
889218.0,2006-02-20 10:00:00,1840,2006,NEILSON RD,MCLEVIN AVE,Minor Arterial,Scarborough,43.808145,-79.21999,643171.0541,4852103.1075,Unknown,No Control,Clear,Dusk,Dry,145,Malvern West,132,Malvern (132),Fatal,1,0,1,0,0,0,0,0,0,0,0,0,0,Pedestrian Collisions,"['Vehicle Owner', 'Driver', 'Pedestrian']",North,"['Other', 'Automobile, Station Wagon']",['Going Ahead'],['Driving Properly'],['Inattentive'],"['Crossing, no Traffic Control']",['Normal'],['Not Applicable'],['Not Applicable'],['Not Applicable'],True,"['unknown', '40 to 44', '80 to 84']",4.0
889323.0,2006-01-29 10:00:00,2130,2006,ST CLAIR AVE W,SPADINA RD,Major Arterial,Toronto and East York,43.684645,-79.41119,628055.242,4838073.5427,At Intersection,Traffic Signal,Rain,Dark,Wet,96,Casa Loma,96,Casa Loma (96),Non-Fatal Injury,1,0,1,0,0,0,0,0,0,1,0,0,0,Pedestrian Collisions,"['Driver', 'Pedestrian']",North,"['Automobile, Station Wagon', 'Other']",['Turning Left'],['Failed to Yield Right of Way'],['Normal'],['Crossing with right of way'],['Normal'],['Not Applicable'],['Not Applicable'],['Not Applicable'],False,"['40 to 44', '65 to 69']",3.0
889773.0,2006-02-02 10:00:00,1421,2006,SPADINA AVE,NASSAU ST,Major Arterial,Toronto and East York,43.655845,-79.39919,629084.1552,4834893.5151,At Intersection,Traffic Signal,Clear,Daylight,Dry,78,Kensington-Chinatown,78,Kensington-Chinatown (78),Non-Fatal Injury,0,0,1,0,0,1,0,1,0,0,0,0,0,Turning Movement,"['Passenger', 'Driver', 'Vehicle Owner']",South,"['Other', 'Automobile, Station Wagon', 'Municipal Transit Bus (TTC)']","['Turning Left', 'Going Ahead']","['Improper Turn', 'Driving Properly']",['Normal'],['Not Applicable'],['Not Applicable'],['Not Applicable'],['Not Applicable'],['Not Applicable'],False,"['50 to 54', 'unknown', '40 to 44']",3.0
889954.0,2006-02-03 10:00:00,758,2006,BIRCHMOUNT RD,L AMOREAUX DR,Major Arterial,Scarborough,43.800645,-79.30709,636182.33,4851123.087,At Intersection,Traffic Signal,Rain,Daylight,Wet,148,East L'Amoreaux,117,L'Amoreaux (117),Non-Fatal Injury,1,0,1,0,0,0,0,0,0,1,0,0,0,Pedestrian Collisions,"['Driver', 'Pedestrian']",East,"['Automobile, Station Wagon', 'Other']",['Turning Left'],['Failed to Yield Right of Way'],['Normal'],['Crossing with right of way'],['Normal'],['Not Applicable'],['Not Applicable'],['Not Applicable'],False,"['70 to 74', '15 to 19']",3.0
890013.0,2006-02-03 10:00:00,957,2006,ELLESMERE RD,BIRCHMOUNT RD,Major Arterial,Scarborough,43.763445,-79.29139,637530.5704,4847017.399,At Intersection,Traffic Signal,Rain,Daylight,Wet,119,Wexford/Maryvale,119,Wexford/Maryvale (119),Non-Fatal Injury,1,0,1,0,0,0,0,0,0,1,0,0,0,Pedestrian Collisions,"['Driver', 'Pedestrian']",North,"['Automobile, Station Wagon', 'Other']",['Turning Left'],['Failed to Yield Right of Way'],['Normal'],['Running onto Roadway'],['Normal'],['Not Applicable'],['Not Applicable'],['Not Applicable'],False,"['50 to 54', '65 to 69']",3.0
890040.0,2006-02-24 10:00:00,837,2006,EGLINTON AVE W,RENFORTH DR,Major Arterial,Etobicoke York,43.666045,-79.58769,613864.7171,4835750.383,At Intersection,Traffic Signal,Clear,Daylight,Dry,11,Eringate-Centennial-West Deane,11,Eringate-Centennial-West Deane (11),Non-Fatal Injury,1,0,1,0,0,0,0,0,0,0,0,0,0,Pedestrian Collisions,"['Vehicle Owner', 'Driver', 'Pedestrian']",South,"['Other', 'Automobile, Station Wagon']",['Going Ahead'],['Driving Properly'],['Normal'],['Crossing without right of way'],['Normal'],['Not Applicable'],['Not Applicable'],['Not Applicable'],False,"['unknown', '35 to 39', '40 to 44']",3.0
890213.0,2006-02-25 10:00:00,1529,2006,AVENUE RD,ELGIN AVE,Major Arterial,Toronto and East York,43.671845,-79.39539,629356.209,4836676.4468,At Intersection,Traffic Signal,Clear,Daylight,Dry,95,Annex,95,Annex (95),Non-Fatal Injury,1,0,1,0,0,0,0,0,0,1,0,0,0,Pedestrian Collisions,"['Vehicle Owner', 'Driver', 'Pedestrian']",East,"['Other', 'Automobile, Station Wagon']",['Turning Left'],['Failed to Yield Right of Way'],['Normal'],['Crossing with right of way'],['Unknown'],['Not Applicable'],['Not Applicable'],['Not Applicable'],False,"['unknown', '50 to 54', '55 to 59']",3.0
890220.0,2006-02-26 10:00:00,430,2006,ADELAIDE ST E,EASTERN DIVERSION AVE,Major Arterial,Toronto and East York,43.655345,-79.35519,632633.3124,4834907.3748,Unknown,No Control,Clear,Dark,Loose Snow,73,Moss Park,73,Moss Park (73),Non-Fatal Injury,0,0,1,0,0,0,0,1,1,1,0,0,0,SMV Other,"['Passenger', 'Vehicle Owner', 'Driver']",East,"['Other', 'Automobile, Station Wagon']","['Other', 'Going Ahead']",['Speed too Fast For Condition'],['Normal'],['Not Applicable'],['Not Applicable'],['Not Applicable'],['Not Applicable'],['Not Applicable'],False,"['15 to 19', 'unknown']",3.0
890325.0,2006-01-27 10:00:00,2301,2006,NORTH YORK BLVD,BEECROFT RD,Collector,North York,43.766545,-79.41429,627631.3335,4847164.9338,At Intersection,Pedestrian Crossover,Clear,Dark,Dry,38,Lansing-Westgate,38,Lansing-Westgate (38),Non-Fatal Injury,0,0,1,0,0,0,0,1,1,1,0,0,0,SMV Other,"['Passenger', 'Driver', 'Other Property Owner']",West,"['Other', 'Automobile, Station Wagon']",['Going Ahead'],['Lost control'],['Unknown'],['Not Applicable'],['Not Applicable'],['Not Applicable'],['Not Applicable'],['Not Applicable'],False,"['20 to 24', 'unknown']",3.0
890506.0,2006-02-27 10:00:00,501,2006,MARTIN GROVE RD,RACINE RD,Major Arterial,Etobicoke York,43.717145,-79.58259,614178.8933,4841432.7332,Unknown,No Control,Clear,Dark,Dry,1,West Humber-Clairville,1,West Humber-Clairville (1),Fatal,1,0,1,0,0,0,0,0,1,1,0,0,0,Pedestrian Collisions,"['Vehicle Owner', 'Driver', 'Pedestrian']",North,"['Other', 'Automobile, Station Wagon']",['Going Ahead'],['Improper Passing'],['Inattentive'],['Pushing/Working on Vehicle'],['Unknown'],['Not Applicable'],['Not Applicable'],['Not Applicable'],True,"['unknown', '25 to 29', '30 to 34']",4.0
890516.0,2006-02-21 10:00:00,1846,2006,BATHURST ST,ALLINGHAM GDNS,Major Arterial,North York,43.740545,-79.43479,626035.8737,4844245.8561,At Intersection,Stop Sign,Clear,Dark,Dry,38,Lansing-Westgate,38,Lansing-Westgate (38),Non-Fatal Injury,1,0,1,0,0,0,0,0,0,1,0,0,0,Pedestrian Collisions,"['Driver', 'Pedestrian']",West,"['Automobile, Station Wagon', 'Other']",['Turning Left'],['Failed to Yield Right of Way'],['Normal'],['Crossing with right of way'],['Normal'],['Not Applicable'],['Not Applicable'],['Not Applicable'],False,"['55 to 59', '75 to 79']",3.0
890583.0,2006-02-08 10:00:00,745,2006,WOODSIDE AVE,RUNNYMEDE RD,Minor Arterial,Toronto and East York,43.657845,-79.47909,622637.1452,4834994.4455,At Intersection,Stop Sign,Clear,Daylight,Dry,88,High Park North,88,High Park North (88),Non-Fatal Injury,1,0,1,0,0,0,0,0,0,1,0,0,0,Pedestrian Collisions,"['Driver', 'Pedestrian']",South,"['Automobile, Station Wagon', 'Other']",['Turning Right'],['Failed to Yield Right of Way'],['Normal'],['Crossing with right of way'],['Normal'],['Not Applicable'],['Not Applicable'],['Not Applicable'],False,"['30 to 34', '50 to 54']",3.0
890767.0,2006-02-28 10:00:00,1754,2006,RENFORTH DR,EGLINTON AVE W,Major Arterial,Etobicoke York,43.666645,-79.58739,613887.7696,4835817.4325,Unknown,No Control,Clear,Dark,Dry,11,Eringate-Centennial-West Deane,11,Eringate-Centennial-West Deane (11),Non-Fatal Injury,0,0,1,0,0,0,0,0,0,0,0,0,0,SMV Other,['Driver'],North,"['Automobile, Station Wagon']",['Going Ahead'],['Other'],['Unknown'],['Not Applicable'],['Not Applicable'],['Not Applicable'],['Not Applicable'],['Not Applicable'],False,['55 to 59'],3.0
891027.0,2006-02-11 10:00:00,1804,2006,UNDERHILL DR,CASSANDRA BLVD,Collector,North York,43.752745,-79.32639,634737.3121,4845771.4693,At Intersection,No Control,Clear,Dark,Dry,149,Parkwoods-O'Connor Hills,45,Parkwoods-Donalda (45),Non-Fatal Injury,0,1,1,0,0,0,0,0,0,0,0,0,0,Cyclist Collisions,"['Driver', 'Cyclist']",North,"['Automobile, Station Wagon', 'Bicycle']","['Turning Left', 'Going Ahead']",['Improper Turn'],['Inattentive'],['Not Applicable'],['Not Applicable'],['Motorist turned left across cyclists path.'],['Not Applicable'],['Not Applicable'],False,"['65 to 69', '20 to 24']",3.0
891178.0,2006-02-14 10:00:00,520,2006,EGLINTON AVE W,BLACK CREEK DR,Major Arterial,Etobicoke York,43.688345,-79.48289,622268.7809,4838376.2658,At Intersection,Traffic Signal,Clear,Dark,Dry,110,Keelesdale-Eglinton West,110,Keelesdale-Eglinton West (110),Non-Fatal Injury,0,0,1,0,0,0,0,0,1,1,1,0,0,Angle,"['Vehicle Owner', 'Driver']",East,"['Other', 'Automobile, Station Wagon']","['Stopped', 'Going Ahead']","['Driving Properly', 'Disobeyed Traffic Control']","['Normal', 'Unknown']",['Not Applicable'],['Not Applicable'],['Not Applicable'],['Not Applicable'],['Not Applicable'],False,"['unknown', '40 to 44', '55 to 59', '35 to 39', '25 to 29']",3.0
891189.0,2006-02-12 10:00:00,856,2006,PAPE AVE,CANNING AVE,Major Arterial,Toronto and East York,43.682345,-79.34609,633307.3352,4837920.6767,Unknown,No Control,Clear,Daylight,Dry,66,Danforth,66,Danforth (66),Non-Fatal Injury,0,0,1,0,0,0,0,0,1,1,0,0,0,Rear End,"['Vehicle Owner', 'Driver', 'Other Property Owner']",South,"['Other', 'Automobile, Station Wagon']",['Going Ahead'],"['Following too Close', 'Speed too Fast For Condition']","['Fatigue', 'Normal']",['Not Applicable'],['Not Applicable'],['Not Applicable'],['Not Applicable'],['Not Applicable'],False,"['unknown', '50 to 54', '45 to 49']",3.0
891641.0,2006-02-16 10:00:00,2159,2006,DOVERCOURT RD,NORTHUMBERLAND ST,Minor Arterial,Toronto and East York,43.662545,-79.42979,626602.5633,4835590.4895,Unknown,No Control,Rain,Dark,Wet,172,Dovercourt Village,93,Dovercourt-Wallace Emerson-Junction (93),Non-Fatal Injury,1,0,1,0,0,0,0,0,0,1,0,0,0,Pedestrian Collisions,"['Vehicle Owner', 'Driver', 'Pedestrian']",South,"['Other', 'Automobile, Station Wagon']",['Other'],['Failed to Yield Right of Way'],['Had Been Drinking'],['Coming From Behind Parked Vehicle'],"['Ability Impaired, Alcohol']",['Not Applicable'],['Not Applicable'],['Not Applicable'],False,"['unknown', '50 to 54', '40 to 44']",3.0