accident_number,date,time,year,street1,street2,road_class,district,latitude,longitude,x,y,accident_location,traffctl,visibility,light,road_surface_condition,hood_158,neighbourhood_new,hood_140,neighbourhood_old,accident_class,pedestrian,cyclist,automobile,motorcycle,truck,trsn_city_veh,emerg_veh,passenger,speeding,aggressive_driving,redlight,alcohol,disability,impact_type,involvement_type,initial_direction,vehicle_type,manoeuver,driver_action,driver_condition,pedestrian_action,pedestrian_condition,cyclist_type,cyclist_action,cyclist_condition,injury,involvement_age,injury_severity_score
891993.0,2006-03-06 10:00:00,2222,2006,F G GARDINER XY  W,PARK LAWN RD,Expressway,Etobicoke York,43.627745,-79.48149,622504.7837,4831647.9133,Unknown,No Control,Clear,Dark,Dry,161,Humber Bay Shores,17,Mimico (includes Humber Bay Shores) (17),Fatal,0,0,1,0,0,0,0,1,0,0,0,1,0,Sideswipe,"['Passenger', 'Driver', 'Vehicle Owner', 'Other Property Owner']",West,"['Other', 'Automobile, Station Wagon']","['Overtaking', 'Going Ahead']","['Lost control', 'Driving Properly']","['Ability Impaired, Alcohol Over .08', 'Normal']",['Not Applicable'],['Not Applicable'],['Not Applicable'],['Not Applicable'],['Not Applicable'],True,"['15 to 19', '20 to 24', '35 to 39', 'unknown', '25 to 29', '40 to 44']",4.0
892432.0,2006-02-28 10:00:00,2334,2006,DANFORTH RD,EGLINTON AVE E,Major Arterial,Scarborough,43.737045,-79.24619,641230.965,4844161.3379,Unknown,Traffic Signal,Clear,Dark,Dry,138,Eglinton East,138,Eglinton East (138),Non-Fatal Injury,1,0,1,0,0,0,0,0,0,0,0,0,0,Pedestrian Collisions,"['Vehicle Owner', 'Driver', 'Pedestrian']",West,"['Other', 'Automobile, Station Wagon']","['Unknown', 'Going Ahead', 'Other']",[],[],['Not Applicable'],['Not Applicable'],['Not Applicable'],['Not Applicable'],['Not Applicable'],False,['unknown'],3.0
892453.0,2006-03-08 10:00:00,2018,2006,F G GARDINER XY E  E,KIPLING AVE,Major Arterial,Etobicoke York,43.618845,-79.52039,619384.1395,4830602.7941,Unknown,No Control,Clear,Dark,Dry,160,Mimico-Queensway,17,Mimico (includes Humber Bay Shores) (17),Fatal,0,0,1,0,0,0,0,1,0,0,0,0,0,Rear End,"['Passenger', 'Other', 'Driver']",East,"['Other', 'Automobile, Station Wagon']","['Parked', 'Going Ahead']",['Lost control'],['Inattentive'],['Not Applicable'],['Not Applicable'],['Not Applicable'],['Not Applicable'],['Not Applicable'],True,"['5 to 9', '40 to 44', 'unknown', '30 to 34']",4.0
892658.0,2006-03-11 10:00:00,852,2006,BLOOR ST W,DUNDAS ST W,Major Arterial,Toronto and East York,43.656345,-79.45249,624785.138,4834867.5098,At Intersection,Traffic Signal,Clear,Daylight,Dry,88,High Park North,88,High Park North (88),Fatal,1,0,1,0,0,0,0,0,0,1,0,0,0,Pedestrian Collisions,"['Driver', 'Pedestrian']",North,"['Automobile, Station Wagon', 'Other']",['Turning Left'],['Failed to Yield Right of Way'],['Unknown'],['Crossing with right of way'],['Unknown'],['Not Applicable'],['Not Applicable'],['Not Applicable'],True,"['unknown', '65 to 69']",4.0
892682.0,2006-03-12 10:00:00,240,2006,EGLINTON AVE E,COMMONWEALTH AVE,Major Arterial,Scarborough,43.734945,-79.25619,640430.5835,4843911.1032,Unknown,No Control,Clear,Dark,Dry,124,Kennedy Park,138,Eglinton East (138),Fatal,1,0,1,0,0,0,0,0,0,0,0,1,0,Pedestrian Collisions,"['Driver', 'Pedestrian']",South,"['Automobile, Station Wagon', 'Other']",['Going Ahead'],['Other'],"['Ability Impaired, Alcohol']","['Crossing, no Traffic Control']",['Normal'],['Not Applicable'],['Not Applicable'],['Not Applicable'],True,"['25 to 29', '30 to 34', '40 to 44']",4.0
892810.0,2006-03-11 10:00:00,915,2006,MORNINGSIDE AVE,SHEPPARD AVE E,Major Arterial,Scarborough,43.801943,-79.199786,644811.1227,4851449.4329,At Intersection,Traffic Signal,Clear,Daylight,Dry,146,Malvern East,132,Malvern (132),Fatal,0,0,1,1,0,0,0,0,0,1,1,0,0,Turning Movement,"['Motorcycle Driver', 'Driver']",East,"['Motorcycle', 'Automobile, Station Wagon']","['Turning Right', 'Going Ahead']","['Disobeyed Traffic Control', 'Driving Properly']",['Unknown'],['Not Applicable'],['Not Applicable'],['Not Applicable'],['Not Applicable'],['Not Applicable'],True,"['45 to 49', 'unknown']",4.0
892913.0,2006-03-12 10:00:00,1903,2006,OSSINGTON AVE,DUNDAS ST W,Major Arterial,Toronto and East York,43.649345,-79.42079,627356.1219,4834138.2293,At Intersection,Traffic Signal,Clear,Dark,Dry,81,Trinity-Bellwoods,81,Trinity-Bellwoods (81),Non-Fatal Injury,1,0,1,0,0,0,0,0,0,1,0,1,0,Pedestrian Collisions,"['Driver', 'Pedestrian']",East,"['Automobile, Station Wagon', 'Other']",['Turning Left'],['Failed to Yield Right of Way'],"['Ability Impaired, Alcohol Over .08']",['Crossing with right of way'],['Normal'],['Not Applicable'],['Not Applicable'],['Not Applicable'],False,"['30 to 34', '25 to 29']",3.0
892999.0,2006-01-17 10:00:00,2350,2006,KING EDWARD AVE,BURRELL AVE,Local,Toronto and East York,43.690445,-79.31139,636085.9145,4838876.6566,Unknown,No Control,Rain,Dark,Wet,60,Woodbine-Lumsden,60,Woodbine-Lumsden (60),Non-Fatal Injury,1,0,1,0,0,0,0,0,0,0,0,0,0,Pedestrian Collisions,"['Vehicle Owner', 'Driver', 'Pedestrian']",North,"['Other', 'Automobile, Station Wagon']",['Other'],['Other'],['Unknown'],['Other'],['Unknown'],['Not Applicable'],['Not Applicable'],['Not Applicable'],False,"['unknown', '35 to 39', '40 to 44']",3.0
893071.0,2006-02-19 10:00:00,1508,2006,EGLINTON AVE E,SUTHERLAND DR,Major Arterial,North York,43.713045,-79.36719,631539.4818,4841296.6422,At Intersection,Traffic Signal,Clear,Daylight,Dry,56,Leaside-Bennington,56,Leaside-Bennington (56),Non-Fatal Injury,1,0,1,0,0,0,0,0,0,0,0,0,0,Pedestrian Collisions,"['Driver', 'Pedestrian']",South,"['Automobile, Station Wagon', 'Other']",['Going Ahead'],['Driving Properly'],['Normal'],['Crossing without right of way'],['Inattentive'],['Not Applicable'],['Not Applicable'],['Not Applicable'],False,"['45 to 49', '20 to 24']",3.0
893184.0,2006-01-01 10:00:00,236,2006,WOODBINE AVE,O CONNOR DR,Major Arterial,Toronto and East York,43.699595,-79.318797,635468.3685,4839880.7636,Intersection Related,No Control,Clear,Dark,Wet,60,Woodbine-Lumsden,60,Woodbine-Lumsden (60),Non-Fatal Injury,0,0,1,0,0,0,0,1,1,1,0,1,0,Approaching,"['Passenger', 'Driver', 'Vehicle Owner']",North,"['Automobile, Station Wagon']",['Going Ahead'],"['Driving Properly', 'Lost control']","['Normal', 'Ability Impaired, Alcohol Over .08']",['Not Applicable'],['Not Applicable'],['Not Applicable'],['Not Applicable'],['Not Applicable'],False,"['50 to 54', '15 to 19', '55 to 59', '20 to 24', 'unknown', '25 to 29']",3.0
893251.0,2006-03-15 10:00:00,1535,2006,ISLINGTON AVE,DIXON RD,Major Arterial,Etobicoke York,43.697045,-79.54669,617109.9585,4839250.4313,At Intersection,Traffic Signal,Clear,Daylight,Dry,6,Kingsview Village-The Westway,6,Kingsview Village-The Westway (6),Fatal,1,0,1,0,0,0,0,0,0,0,0,0,0,Pedestrian Collisions,"['Driver', 'Pedestrian']",East,"['Automobile, Station Wagon', 'Other']",['Going Ahead'],['Driving Properly'],['Normal'],['Crossing without right of way'],['Normal'],['Not Applicable'],['Not Applicable'],['Not Applicable'],True,"['40 to 44', '20 to 24']",4.0
893365.0,2006-02-20 10:00:00,607,2006,1302 KING ST W,Not Applicable,Major Arterial,Toronto and East York,43.638245,-79.43109,626548.7696,4832889.676,Unknown,No Control,Clear,Dark,Dry,85,South Parkdale,85,South Parkdale (85),Non-Fatal Injury,0,0,1,0,0,0,0,1,1,1,0,0,0,SMV Other,"['Passenger', 'Driver']",West,"['Other', 'Automobile, Station Wagon']",['Going Ahead'],['Other'],['Other'],['Not Applicable'],['Not Applicable'],['Not Applicable'],['Not Applicable'],['Not Applicable'],False,"['40 to 44', '35 to 39']",3.0
893520.0,2006-02-23 10:00:00,700,2006,DUNDAS ST W,427 C S DUNDAS RAMP S,Major Arterial,Etobicoke York,43.628045,-79.55889,616259.9603,4831569.9332,At Intersection,Traffic Signal,Clear,Daylight,Dry,159,Etobicoke City Centre,12,Markland Wood (12),Non-Fatal Injury,0,0,1,0,0,0,0,0,0,1,1,0,0,Turning Movement,"['Vehicle Owner', 'Driver']",South,"['Other', 'Automobile, Station Wagon']","['Turning Left', 'Going Ahead']",['Disobeyed Traffic Control'],"['Normal', 'Inattentive']",['Not Applicable'],['Not Applicable'],['Not Applicable'],['Not Applicable'],['Not Applicable'],False,"['unknown', '20 to 24', '25 to 29']",3.0
893539.0,2006-02-23 10:00:00,1350,2006,ARDMORE RD,BATHURST ST,Major Arterial,Toronto and East York,43.693745,-79.42259,627117.1886,4839066.683,At Intersection,Stop Sign,Clear,Daylight,Dry,101,Forest Hill South,101,Forest Hill South (101),Non-Fatal Injury,1,0,1,0,0,0,0,0,0,1,0,0,0,Pedestrian Collisions,"['Pedestrian', 'Driver']",South,"['Other', 'Automobile, Station Wagon']",['Going Ahead'],['Failed to Yield Right of Way'],['Inattentive'],['Crossing with right of way'],['Normal'],['Not Applicable'],['Not Applicable'],['Not Applicable'],False,"['75 to 79', '40 to 44']",3.0
893580.0,2006-02-27 10:00:00,1955,2006,MORNINGSIDE AVE,KINGSTON RD,Major Arterial,Scarborough,43.770645,-79.18689,645924.6468,4847995.9366,Unknown,Traffic Signal,Clear,Dark,Wet,136,West Hill,136,West Hill (136),Non-Fatal Injury,0,1,0,0,0,1,0,0,0,1,0,0,0,Cyclist Collisions,"['Vehicle Owner', 'Driver', 'Cyclist']",South,"['Other', 'Municipal Transit Bus (TTC)', 'Bicycle']","['Turning Right', 'Going Ahead']",['Failed to Yield Right of Way'],['Inattentive'],['Not Applicable'],['Not Applicable'],['Motorist turning right on green or amber at signalized intersection strikes cyclist.'],['Driving Properly'],['Normal'],False,"['unknown', '35 to 39', '25 to 29']",3.0
893720.0,2006-03-18 10:00:00,343,2006,WILLOWDALE AVE,MCKEE AVE,Minor Arterial,North York,43.774945,-79.40429,628418.2464,4848113.3431,At Intersection,Stop Sign,Clear,Dark,Dry,152,East Willowdale,51,Willowdale East (51),Non-Fatal Injury,0,0,1,0,0,0,0,1,0,1,0,0,0,Angle,"['Driver', 'Passenger', 'Vehicle Owner']",North,"['Automobile, Station Wagon', 'Other']","['Going Ahead', 'Other']","['Disobeyed Traffic Control', 'Driving Properly']","['Had Been Drinking', 'Normal']",['Not Applicable'],['Not Applicable'],['Not Applicable'],['Not Applicable'],['Not Applicable'],False,"['25 to 29', '15 to 19', '20 to 24', 'unknown']",3.0
893964.0,2006-03-20 10:00:00,755,2006,941 PROGRESS AVE,Not Applicable,Minor Arterial,Scarborough,43.783845,-79.23179,642279.6005,4849383.8506,Unknown,Traffic Signal,Clear,Daylight,Dry,142,Woburn North,137,Woburn (137),Non-Fatal Injury,1,0,1,0,0,0,0,0,0,0,0,0,0,Pedestrian Collisions,"['Driver', 'Pedestrian']",East,"['Automobile, Station Wagon', 'Other']",['Going Ahead'],['Driving Properly'],['Normal'],['Running onto Roadway'],['Normal'],['Not Applicable'],['Not Applicable'],['Not Applicable'],False,"['20 to 24', '60 to 64']",3.0
894030.0,2006-03-20 10:00:00,2100,2006,BLACK CREEK DR,LAWRENCE AVE W,Major Arterial,Etobicoke York,43.704945,-79.49409,621332.6454,4840203.4706,Unknown,Traffic Signal,Clear,Dark,Dry,30,Brookhaven-Amesbury,28,Rustic (28),Non-Fatal Injury,0,0,1,0,0,0,0,1,0,1,0,0,0,Rear End,"['Passenger', 'Driver']",North,"['Other', 'Automobile, Station Wagon']","['Slowing or Stopping', 'Going Ahead']","['Driving Properly', 'Failed to Yield Right of Way']","['Normal', 'Inattentive']",['Not Applicable'],['Not Applicable'],['Not Applicable'],['Not Applicable'],['Not Applicable'],False,"['20 to 24', '25 to 29', '30 to 34']",3.0
894195.0,2006-03-01 10:00:00,1110,2006,COSBURN AVE,LOGAN AVE,Minor Arterial,Toronto and East York,43.688645,-79.35279,632753.4026,4838609.6311,Unknown,No Control,Clear,Daylight,Dry,57,Broadview North,57,Broadview North (57),Non-Fatal Injury,0,1,1,0,0,0,0,0,0,0,0,0,0,Cyclist Collisions,"['Driver', 'Cyclist']",West,"['Automobile, Station Wagon', 'Bicycle']","['Parked', 'Going Ahead']",['Other'],['Inattentive'],['Not Applicable'],['Not Applicable'],['Cyclist struck opened vehicle door'],['Driving Properly'],['Normal'],False,"['35 to 39', '80 to 84']",3.0
894423.0,2006-03-22 10:00:00,1435,2006,2423 KEELE ST,Not Applicable,Major Arterial,Etobicoke York,43.710645,-79.47849,622577.9444,4840859.4843,Unknown,No Control,Clear,Daylight,Dry,29,Maple Leaf,29,Maple Leaf (29),Non-Fatal Injury,0,0,1,0,0,0,0,0,0,0,0,0,1,SMV Unattended Vehicle,"['Driver', 'Other']",North,"['Automobile, Station Wagon', 'Other']","['Going Ahead', 'Parked']","['Driving Properly', 'Lost control']","['Normal', 'Medical or Physical Disability']",['Not Applicable'],['Not Applicable'],['Not Applicable'],['Not Applicable'],['Not Applicable'],False,"['50 to 54', '70 to 74', 'unknown']",3.0
894467.0,2006-02-27 10:00:00,1723,2006,QUEEN ST E,BOULTON AVE,Minor Arterial,Toronto and East York,43.659545,-79.34669,633309.4438,4835387.4629,At Intersection,Pedestrian Crossover,Clear,Daylight,Dry,70,South Riverdale,70,South Riverdale (70),Non-Fatal Injury,1,0,1,0,0,0,0,0,0,1,0,0,0,Pedestrian Collisions,"['Driver', 'Pedestrian']",South,"['Automobile, Station Wagon', 'Other']",['Going Ahead'],['Failed to Yield Right of Way'],['Inattentive'],"['Crossing, Pedestrian Crossover']",['Normal'],['Not Applicable'],['Not Applicable'],['Not Applicable'],False,"['30 to 34', '60 to 64']",3.0
894735.0,2006-03-25 10:00:00,1850,2006,910 DUNDAS ST E,Not Applicable,Minor Arterial,Toronto and East York,43.662845,-79.34979,633052.1924,4835748.9959,Unknown,No Control,Rain,Dark,Wet,70,South Riverdale,70,South Riverdale (70),Non-Fatal Injury,1,0,1,0,0,0,0,0,0,1,0,0,0,Pedestrian Collisions,"['Driver', 'Pedestrian']",Unknown,"['Automobile, Station Wagon', 'Other']",['Unknown'],['Failed to Yield Right of Way'],['Unknown'],['Other'],['Unknown'],['Not Applicable'],['Not Applicable'],['Not Applicable'],False,"['unknown', '25 to 29']",3.0
894953.0,2006-03-16 10:00:00,1710,2006,DUNDAS ST E,PEMBROKE ST,Major Arterial,Toronto and East York,43.658145,-79.37239,631240.2329,4835191.0021,Unknown,Pedestrian Crossover,Clear,Daylight,Dry,73,Moss Park,73,Moss Park (73),Non-Fatal Injury,1,0,1,0,0,0,0,0,0,1,0,0,0,Pedestrian Collisions,"['Driver', 'Pedestrian']",South,"['Automobile, Station Wagon', 'Other']",['Going Ahead'],['Failed to Yield Right of Way'],['Normal'],"['Crossing, Pedestrian Crossover']",['Medical or Physical Disability'],['Not Applicable'],['Not Applicable'],['Not Applicable'],False,"['25 to 29', '60 to 64']",3.0
895068.0,2006-03-06 10:00:00,1828,2006,SOUTH KINGSWAY,RIPLEY AVE,Minor Arterial,Toronto and East York,43.636545,-79.47509,623003.1511,4832634.7273,Unknown,No Control,Clear,"Dusk, artificial",Dry,87,High Park-Swansea,87,High Park-Swansea (87),Non-Fatal Injury,1,0,1,0,0,0,0,0,0,0,0,0,0,Pedestrian Collisions,"['Vehicle Owner', 'Driver', 'Pedestrian']",East,"['Other', 'Automobile, Station Wagon']",['Turning Left'],['Driving Properly'],['Normal'],"['Crossing, no Traffic Control']",['Normal'],['Not Applicable'],['Not Applicable'],['Not Applicable'],False,"['unknown', '30 to 34', '45 to 49']",3.0
895313.0,2020-05-14 08:00:00,1149,2020,EGLINTON AVE E,CEDAR DR,Major Arterial,Scarborough,43.743876,-79.215534,643683.3226,4844972.7402,Intersection Related,Traffic Signal,Clear,Daylight,Dry,139,Scarborough Village,139,Scarborough Village (139),Non-Fatal Injury,1,0,0,0,0,0,0,0,0,0,0,0,0,Pedestrian Collisions,['Pedestrian'],Unknown,[],[],[],[],['On Sidewalk or Shoulder'],['Normal'],['Not Applicable'],['Not Applicable'],['Not Applicable'],False,"['10 to 14', '35 to 39', '50 to 54']",3.0
895615.0,2006-04-01 10:00:00,2344,2006,F G GARDINER XY E  E,SPADINA AVE,Major Arterial,Toronto and East York,43.638745,-79.39129,629758.007,4833006.6574,Unknown,No Control,Clear,Dark,Dry,165,Harbourfront-CityPlace,77,Waterfront Communities-The Island (77),Non-Fatal Injury,0,0,1,0,0,0,0,1,0,1,0,0,0,Rear End,"['Driver', 'Passenger']",East,"['Automobile, Station Wagon', 'Other']","['Going Ahead', 'Stopped']","['Driving Properly', 'Following too Close']","['Unknown', 'Normal', 'Inattentive']",['Not Applicable'],['Not Applicable'],['Not Applicable'],['Not Applicable'],['Not Applicable'],False,"['50 to 54', '25 to 29', '20 to 24', '30 to 34']",3.0
895818.0,2006-04-02 09:00:00,1717,2006,DON MILLS RD,GATEWAY BLVD,Major Arterial,North York,43.713045,-79.33579,634069.0987,4841346.9518,Unknown,No Control,Clear,Daylight,Dry,44,Flemingdon Park,44,Flemingdon Park (44),Non-Fatal Injury,0,0,1,0,0,0,0,0,0,0,0,0,1,SMV Other,"['Driver', 'Other Property Owner']",South,"['Automobile, Station Wagon', 'Other']",['Going Ahead'],['Lost control'],['Medical or Physical Disability'],['Not Applicable'],['Not Applicable'],['Not Applicable'],['Not Applicable'],['Not Applicable'],False,"['55 to 59', 'unknown']",3.0
895926.0,2006-04-04 08:00:00,230,2006,1340 LESLIE ST,Not Applicable,Major Arterial,North York,43.732745,-79.35559,632430.5753,4843503.0866,Unknown,No Control,Clear,Dark,Dry,42,Banbury-Don Mills,42,Banbury-Don Mills (42),Non-Fatal Injury,0,0,1,0,0,0,0,0,0,0,0,1,0,SMV Other,"['Vehicle Owner', 'Driver']",South,"['Other', 'Automobile, Station Wagon']",['Going Ahead'],['Lost control'],"['Ability Impaired, Alcohol Over .08']",['Not Applicable'],['Not Applicable'],['Not Applicable'],['Not Applicable'],['Not Applicable'],False,"['unknown', '40 to 44']",3.0
896072.0,2006-04-04 08:00:00,1325,2006,WALMER RD,HEATH ST W,Collector,Toronto and East York,43.686545,-79.41319,627890.0063,4838281.4774,At Intersection,Stop Sign,Clear,Daylight,Dry,101,Forest Hill South,101,Forest Hill South (101),Non-Fatal Injury,1,0,1,0,0,0,0,0,0,0,0,0,0,Pedestrian Collisions,"['Driver', 'Pedestrian']",North,"['Automobile, Station Wagon', 'Other']",['Turning Right'],['Other'],['Normal'],['Running onto Roadway'],['Normal'],['Not Applicable'],['Not Applicable'],['Not Applicable'],False,"['60 to 64', '15 to 19']",3.0
896606.0,2006-03-16 10:00:00,925,2006,BIRCHMOUNT RD,SANWOOD BLVD,Major Arterial,Scarborough,43.816245,-79.31449,635551.7534,4852843.5674,At Intersection,Traffic Signal,Clear,Daylight,Dry,116,Steeles,116,Steeles (116),Non-Fatal Injury,0,0,1,0,0,0,0,1,0,1,1,0,0,Turning Movement,"['Passenger', 'Vehicle Owner', 'Driver']",East,"['Other', 'Automobile, Station Wagon']","['Going Ahead', 'Turning Left', 'Stopped']","['Driving Properly', 'Disobeyed Traffic Control']",['Normal'],['Not Applicable'],['Not Applicable'],['Not Applicable'],['Not Applicable'],['Not Applicable'],False,"['55 to 59', 'unknown', '0 to 4', '25 to 29', '65 to 69', '35 to 39']",3.0
897313.0,2006-04-12 08:00:00,1813,2006,HIGHWAY 27 N  N,HARNESS RD,Major Arterial,Etobicoke York,43.722345,-79.59789,612936.63,4841989.3032,At Intersection,No Control,Rain,Dark,Wet,1,West Humber-Clairville,1,West Humber-Clairville (1),Non-Fatal Injury,1,0,1,0,0,0,0,0,0,0,0,0,0,Pedestrian Collisions,"['Vehicle Owner', 'Driver', 'Pedestrian']",North,"['Other', 'Automobile, Station Wagon']",['Going Ahead'],['Driving Properly'],['Unknown'],"['Crossing, no Traffic Control']",['Normal'],['Not Applicable'],['Not Applicable'],['Not Applicable'],False,"['unknown', '25 to 29', '40 to 44']",3.0
897335.0,2006-03-17 10:00:00,642,2006,SYMINGTON AVE,ANTLER ST,Collector,Toronto and East York,43.663945,-79.45049,624930.6483,4835714.5991,At Intersection,Stop Sign,Clear,Daylight,Dry,171,Junction-Wallace Emerson,93,Dovercourt-Wallace Emerson-Junction (93),Non-Fatal Injury,1,0,1,0,0,0,0,0,0,1,0,0,0,Pedestrian Collisions,"['Driver', 'Pedestrian']",South,"['Automobile, Station Wagon', 'Other']",['Going Ahead'],['Failed to Yield Right of Way'],['Normal'],['Crossing with right of way'],['Normal'],['Not Applicable'],['Not Applicable'],['Not Applicable'],False,"['40 to 44', '50 to 54']",3.0
897348.0,2006-03-17 10:00:00,1554,2006,BLOOR ST W,BATHURST ST,Major Arterial,Toronto and East York,43.665145,-79.41129,628088.6626,4835907.6504,At Intersection,No Control,Clear,Daylight,Dry,95,Annex,95,Annex (95),Non-Fatal Injury,1,0,1,0,0,0,0,0,0,0,0,0,0,Pedestrian Collisions,"['Driver', 'Pedestrian']",North,"['Automobile, Station Wagon', 'Other']",['Going Ahead'],['Driving Properly'],['Normal'],['Running onto Roadway'],['Inattentive'],['Not Applicable'],['Not Applicable'],['Not Applicable'],False,"['40 to 44', '20 to 24']",3.0
897350.0,2006-04-07 08:00:00,1555,2006,KINGSTON RD,EGLINTON AVE E,Major Arterial,Scarborough,43.745745,-79.20959,644157.4466,4845190.6484,Unknown,No Control,Rain,Daylight,Wet,139,Scarborough Village,139,Scarborough Village (139),Non-Fatal Injury,0,0,1,0,0,0,0,0,1,1,0,0,0,Rear End,"['Vehicle Owner', 'Driver']",East,"['Other', 'Automobile, Station Wagon']",['Slowing or Stopping'],"['Speed too Fast For Condition', 'Driving Properly']",['Normal'],['Not Applicable'],['Not Applicable'],['Not Applicable'],['Not Applicable'],['Not Applicable'],False,"['unknown', '40 to 44', '55 to 59']",3.0
897456.0,2006-03-19 10:00:00,207,2006,ST CLAIR AVE W,BLACKTHORN AVE,Major Arterial,Toronto and East York,43.674445,-79.45869,624247.8431,4836868.4482,Unknown,No Control,Clear,Dark,Dry,91,Weston-Pelham Park,91,Weston-Pellam Park (91),Non-Fatal Injury,0,0,1,0,0,0,0,1,1,1,0,0,0,SMV Other,"['Passenger', 'Driver', 'Other Property Owner']",West,"['Other', 'Automobile, Station Wagon']",['Going Ahead'],['Lost control'],['Other'],['Not Applicable'],['Not Applicable'],['Not Applicable'],['Not Applicable'],['Not Applicable'],False,"['25 to 29', 'unknown']",3.0
897664.0,2006-04-15 08:00:00,2000,2006,YONGE ST,BREADALBANE ST,Major Arterial,Toronto and East York,43.663745,-79.38409,630284.6952,4835794.5167,Unknown,No Control,Clear,Dark,Dry,169,Bay-Cloverhill,75,Church-Yonge Corridor (75),Fatal,1,0,1,0,0,0,0,0,0,0,0,0,0,Pedestrian Collisions,"['Vehicle Owner', 'Driver', 'Pedestrian']",North,"['Other', 'Taxi']",['Going Ahead'],['Driving Properly'],['Normal'],['Running onto Roadway'],['Unknown'],['Not Applicable'],['Not Applicable'],['Not Applicable'],True,"['unknown', '55 to 59', '40 to 44']",4.0
897916.0,2006-04-18 08:00:00,1930,2006,WARDEN AVE,COMSTOCK RD,Major Arterial,Scarborough,43.721545,-79.28499,638142.069,4842374.4239,At Intersection,Traffic Signal,Clear,Daylight,Dry,120,Clairlea-Birchmount,120,Clairlea-Birchmount (120),Fatal,0,0,1,0,0,1,0,1,0,1,1,0,0,Angle,"['Passenger', 'Driver', 'Vehicle Owner']",North,"['Other', 'Automobile, Station Wagon', 'Municipal Transit Bus (TTC)']","['Going Ahead', 'Stopped']","['Disobeyed Traffic Control', 'Driving Properly']","['Unknown', 'Normal']",['Not Applicable'],['Not Applicable'],['Not Applicable'],['Not Applicable'],['Not Applicable'],True,"['5 to 9', '30 to 34', '35 to 39', '50 to 54', 'unknown']",4.0
898163.0,2006-03-19 10:00:00,1743,2006,STEELES AVE E,WARDEN AVE,Major Arterial,Scarborough,43.819645,-79.32439,634747.9211,4853205.0196,At Intersection,Traffic Signal,Clear,Daylight,Dry,NSA,NSA,NSA,NSA,Non-Fatal Injury,0,0,1,0,0,0,0,1,0,1,1,0,0,Angle,"['Driver', 'Passenger']",West,"['Automobile, Station Wagon', 'Other']","['Stopped', 'Going Ahead']","['Driving Properly', 'Disobeyed Traffic Control']","['Normal', 'Inattentive']",['Not Applicable'],['Not Applicable'],['Not Applicable'],['Not Applicable'],['Not Applicable'],False,"['25 to 29', '40 to 44', '80 to 84', '50 to 54', '20 to 24']",3.0
898340.0,2006-04-20 08:00:00,843,2006,AVENUE RD,CORTLEIGH BLVD,Major Arterial,North York,43.713045,-79.41179,627946.4623,4841226.8314,At Intersection,No Control,Clear,Daylight,Dry,103,Lawrence Park South,103,Lawrence Park South (103),Fatal,0,1,0,0,1,0,0,0,0,0,0,0,0,Cyclist Collisions,"['Vehicle Owner', 'Truck Driver', 'Cyclist']",South,"['Other', 'Truck - Open', 'Bicycle']","['Turning Right', 'Going Ahead']",['Improper Turn'],['Normal'],['Not Applicable'],['Not Applicable'],"['Motorist turns right at non-signal Inter.(stop, yield, no cont.,and dwy) and strikes cyclist.']",['Driving Properly'],['Normal'],True,"['unknown', '50 to 54', '45 to 49']",4.0
898350.0,2006-04-20 08:00:00,2053,2006,KEELE ST,FINCH AVE W,Major Arterial,Etobicoke York,43.763445,-79.49099,621464.0928,4846705.2771,At Intersection,Traffic Signal,Clear,Dark,Dry,27,York University Heights,27,York University Heights (27),Fatal,0,1,0,0,1,0,0,0,0,0,0,0,0,Cyclist Collisions,"['Vehicle Owner', 'Cyclist', 'Truck Driver']",North,"['Other', 'Bicycle', 'Truck - Open']","['Making U Turn', 'Turning Right']",['Driving Properly'],['Normal'],['Not Applicable'],['Not Applicable'],['Cyclist makes u-turn in-front of driver.'],['Improper Turn'],['Had Been Drinking'],True,"['unknown', '15 to 19', '45 to 49']",4.0
898555.0,2006-04-23 08:00:00,950,2006,MCCOWAN RD,ELLESMERE RD,Major Arterial,Scarborough,43.772145,-79.25149,640721.8604,4848050.7095,At Intersection,Traffic Signal,Rain,Daylight,Wet,142,Woburn North,137,Woburn (137),Non-Fatal Injury,0,0,1,0,0,0,0,1,1,1,0,0,0,Turning Movement,"['Passenger', 'Driver']",North,"['Other', 'Automobile, Station Wagon']","['Other', 'Turning Left', 'Going Ahead']","['Improper Turn', 'Speed too Fast For Condition']",['Normal'],['Not Applicable'],['Not Applicable'],['Not Applicable'],['Not Applicable'],['Not Applicable'],False,"['75 to 79', '80 to 84', '35 to 39']",3.0
898778.0,2006-03-25 10:00:00,1139,2006,WESTON RD,ROGERS RD,Major Arterial,Etobicoke York,43.682545,-79.47799,622675.5129,4837739.3336,Unknown,No Control,Rain,Daylight,Wet,111,Rockcliffe-Smythe,111,Rockcliffe-Smythe (111),Non-Fatal Injury,0,0,1,0,0,0,0,1,0,0,0,0,0,Turning Movement,"['Vehicle Owner', 'Passenger', 'Driver']",North,"['Other', 'Automobile, Station Wagon']","['Going Ahead', 'Making U Turn']","['Driving Properly', 'Other']","['Normal', 'Inattentive']",['Not Applicable'],['Not Applicable'],['Not Applicable'],['Not Applicable'],['Not Applicable'],False,"['unknown', '40 to 44', '45 to 49', '15 to 19']",3.0