accident_number,date,time,year,street1,street2,road_class,district,latitude,longitude,x,y,accident_location,traffctl,visibility,light,road_surface_condition,hood_158,neighbourhood_new,hood_140,neighbourhood_old,accident_class,pedestrian,cyclist,automobile,motorcycle,truck,trsn_city_veh,emerg_veh,passenger,speeding,aggressive_driving,redlight,alcohol,disability,impact_type,involvement_type,initial_direction,vehicle_type,manoeuver,driver_action,driver_condition,pedestrian_action,pedestrian_condition,cyclist_type,cyclist_action,cyclist_condition,injury,involvement_age,injury_severity_score
905249.0,2006-05-13 08:00:00,1225,2006,BAY ST,CUMBERLAND ST,Major Arterial,Toronto and East York,43.670545,-79.38979,629810.4623,4836540.8123,At Intersection,Stop Sign,Clear,Daylight,Dry,95,Annex,95,Annex (95),Non-Fatal Injury,1,0,1,0,0,0,0,0,0,0,0,0,0,Pedestrian Collisions,"['Driver', 'Pedestrian']",East,"['Automobile, Station Wagon', 'Other']",['Turning Left'],['Other'],['Normal'],"['Crossing, no Traffic Control']",['Normal'],['Not Applicable'],['Not Applicable'],['Not Applicable'],False,"['45 to 49', '55 to 59']",3.0
905408.0,2006-05-28 08:00:00,550,2006,KENNEDY RD,LAWRENCE AVE E,Major Arterial,Scarborough,43.749445,-79.27489,638891.1022,4845490.0205,At Intersection,Traffic Signal,Clear,"Dusk, artificial",Dry,126,Dorset Park,126,Dorset Park (126),Non-Fatal Injury,0,0,1,0,0,0,0,1,0,0,0,1,0,SMV Other,"['Passenger', 'Vehicle Owner', 'Driver', 'Other Property Owner']",South,"['Other', 'Automobile, Station Wagon']",['Turning Left'],['Lost control'],"['Ability Impaired, Alcohol Over .08']",['Not Applicable'],['Not Applicable'],['Not Applicable'],['Not Applicable'],['Not Applicable'],False,"['20 to 24', 'unknown']",3.0
905456.0,2006-05-28 08:00:00,1615,2006,EGLINTON AVE W,ROYAL YORK RD,Major Arterial,Etobicoke York,43.682345,-79.52659,618758.6673,4837646.3834,At Intersection,Traffic Signal,Clear,Daylight,Other,8,Humber Heights-Westmount,8,Humber Heights-Westmount (8),Non-Fatal Injury,0,0,1,0,0,0,0,0,0,0,0,0,0,Turning Movement,"['Driver', 'Vehicle Owner']",East,"['Automobile, Station Wagon', 'Other']","['Going Ahead', 'Turning Right']","['Driving Properly', 'Lost control']","['Normal', 'Ability Impaired, Drugs']",['Not Applicable'],['Not Applicable'],['Not Applicable'],['Not Applicable'],['Not Applicable'],False,"['40 to 44', 'unknown', '45 to 49', '35 to 39']",3.0
905457.0,2006-05-26 08:00:00,2214,2006,BATHURST ST,DAVENPORT RD,Major Arterial,Toronto and East York,43.676745,-79.41579,627701.2457,4837189.0479,At Intersection,Traffic Signal,Clear,Dark,Dry,96,Casa Loma,96,Casa Loma (96),Non-Fatal Injury,0,1,0,0,0,0,0,0,0,0,0,0,0,Cyclist Collisions,['Cyclist'],South,['Bicycle'],['Going Ahead'],[],[],['Not Applicable'],['Not Applicable'],"['Cyclist loses control and strikes object (pole, ttc track)']",['Lost control'],['Had Been Drinking'],False,['40 to 44'],3.0
905761.0,2006-05-30 08:00:00,2328,2006,ROSEDALE VALLEY RD,BAYVIEW AVE,Minor Arterial,Toronto and East York,43.671645,-79.36609,631718.7014,4836700.3426,Unknown,No Control,Clear,Dark,Dry,71,Cabbagetown-South St.James Town,71,Cabbagetown-South St.James Town (71),Fatal,0,0,0,1,0,0,0,0,0,1,0,0,0,SMV Other,['Motorcycle Driver'],East,['Motorcycle'],['Going Ahead'],['Lost control'],['Normal'],['Not Applicable'],['Not Applicable'],['Not Applicable'],['Not Applicable'],['Not Applicable'],True,['25 to 29'],4.0
905909.0,2006-05-08 08:00:00,1911,2006,MANNING AVE,BLOOR ST W,Local,Toronto and East York,43.665345,-79.41649,627668.988,4835921.8477,Unknown,No Control,Clear,Daylight,Dry,95,Annex,95,Annex (95),Non-Fatal Injury,1,0,1,0,0,0,0,0,1,1,0,0,0,Pedestrian Collisions,"['Driver', 'Pedestrian']",East,"['Automobile, Station Wagon', 'Other']",['Unknown'],['Speed too Fast For Condition'],['Unknown'],['On Sidewalk or Shoulder'],['Normal'],['Not Applicable'],['Not Applicable'],['Not Applicable'],False,"['unknown', '30 to 34']",3.0
906207.0,2006-06-02 08:00:00,734,2006,KINGSTON RD,DUNDAS ST E,Major Arterial,Toronto and East York,43.669945,-79.31119,636148.3943,4836600.1762,Unknown,Traffic Signal,Clear,Daylight,Dry,63,The Beaches,63,The Beaches (63),Fatal,1,0,1,0,0,0,0,0,0,0,0,0,0,Pedestrian Collisions,"['Driver', 'Pedestrian']",East,"['Automobile, Station Wagon', 'Other']",['Going Ahead'],['Driving Properly'],['Normal'],['Crossing without right of way'],['Inattentive'],['Not Applicable'],['Not Applicable'],['Not Applicable'],True,"['35 to 39', '50 to 54']",4.0
906225.0,2006-05-17 08:00:00,1137,2006,FINCH AVE W,VIRGILWOOD DR,Major Arterial,North York,43.772845,-79.44819,624889.6388,4847812.9534,At Intersection,Traffic Signal,Clear,Daylight,Dry,35,Westminster-Branson,35,Westminster-Branson (35),Non-Fatal Injury,1,0,1,0,0,0,0,0,0,1,0,0,0,Pedestrian Collisions,"['Driver', 'Pedestrian']",South,"['Automobile, Station Wagon', 'Other']",['Turning Left'],['Failed to Yield Right of Way'],['Normal'],['Crossing with right of way'],['Normal'],['Not Applicable'],['Not Applicable'],['Not Applicable'],False,"['50 to 54', '15 to 19']",3.0
906284.0,2006-05-09 08:00:00,710,2006,THE QUEENSWAY,MORGAN AVE,Major Arterial,Etobicoke York,43.626545,-79.50149,620893.6882,4831485.321,At Intersection,Stop Sign,Clear,Daylight,Dry,16,Stonegate-Queensway,16,Stonegate-Queensway (16),Non-Fatal Injury,0,0,1,0,0,0,0,1,0,0,0,0,0,Turning Movement,"['Driver', 'Passenger', 'Vehicle Owner']",East,"['Automobile, Station Wagon', 'Other']","['Turning Left', 'Going Ahead']","['Improper Turn', 'Driving Properly']",['Normal'],['Not Applicable'],['Not Applicable'],['Not Applicable'],['Not Applicable'],['Not Applicable'],False,"['65 to 69', '30 to 34', 'unknown', '35 to 39']",3.0
906410.0,2006-06-03 08:00:00,1815,2006,ST CLAIR AVE W,WINONA DR,Major Arterial,Toronto and East York,43.680245,-79.43249,626347.7197,4837552.1945,At Intersection,Traffic Signal,Rain,Daylight,Wet,94,Wychwood,94,Wychwood (94),Non-Fatal Injury,1,0,1,0,0,0,0,0,0,1,0,0,0,Pedestrian Collisions,"['Vehicle Owner', 'Driver', 'Pedestrian']",North,"['Other', 'Automobile, Station Wagon']",['Turning Left'],['Failed to Yield Right of Way'],['Unknown'],['Crossing with right of way'],['Normal'],['Not Applicable'],['Not Applicable'],['Not Applicable'],False,"['unknown', '20 to 24', '75 to 79']",3.0
906526.0,2006-06-04 08:00:00,1655,2006,BRIMLEY RD,CHARTLAND BLVD S,Major Arterial,Scarborough,43.804745,-79.27669,638618.3326,4851628.9344,At Intersection,No Control,Clear,Daylight,Dry,129,Agincourt North,129,Agincourt North (129),Non-Fatal Injury,0,0,1,0,0,0,0,0,0,0,0,0,1,SMV Other,['Driver'],South,"['Automobile, Station Wagon']",['Slowing or Stopping'],['Lost control'],['Medical or Physical Disability'],['Not Applicable'],['Not Applicable'],['Not Applicable'],['Not Applicable'],['Not Applicable'],False,['45 to 49'],3.0
906553.0,2006-06-05 08:00:00,110,2006,WILLIAM R ALLEN RD N,RIDELLE AVE,Expressway,North York,43.705545,-79.43839,625819.2337,4840353.136,Unknown,No Control,Clear,Dark,Dry,102,Forest Hill North,102,Forest Hill North (102),Non-Fatal Injury,0,0,1,0,0,0,0,1,0,0,0,1,0,SMV Other,"['Vehicle Owner', 'Passenger', 'Driver', 'Other Property Owner']",North,"['Other', 'Automobile, Station Wagon']",['Going Ahead'],['Lost control'],"['Ability Impaired, Alcohol']",['Not Applicable'],['Not Applicable'],['Not Applicable'],['Not Applicable'],['Not Applicable'],False,"['unknown', '20 to 24']",3.0
906767.0,2006-06-05 08:00:00,1906,2006,BLOOR ST W,HAVELOCK ST,Major Arterial,Toronto and East York,43.660445,-79.43239,626397.3357,4835353.2926,At Intersection,Traffic Signal,Clear,Daylight,Dry,83,Dufferin Grove,83,Dufferin Grove (83),Fatal,1,0,1,0,0,0,0,0,0,1,0,0,0,Pedestrian Collisions,"['Driver', 'Pedestrian']",North,"['Automobile, Station Wagon', 'Other']",['Turning Left'],['Failed to Yield Right of Way'],['Normal'],['Crossing with right of way'],['Had Been Drinking'],['Not Applicable'],['Not Applicable'],['Not Applicable'],True,"['45 to 49', '75 to 79']",4.0
907009.0,2006-06-06 08:00:00,1515,2006,SPADINA AVE,CECIL ST,Major Arterial,Toronto and East York,43.656345,-79.39939,629066.9565,4834948.7356,Unknown,No Control,Clear,Daylight,Dry,78,Kensington-Chinatown,78,Kensington-Chinatown (78),Non-Fatal Injury,1,0,0,0,0,1,0,0,0,0,0,0,0,Pedestrian Collisions,"['Vehicle Owner', 'Driver', 'Pedestrian']",East,"['Other', 'Municipal Transit Bus (TTC)']",['Going Ahead'],['Driving Properly'],['Normal'],"['Crossing, no Traffic Control']",['Unknown'],['Not Applicable'],['Not Applicable'],['Not Applicable'],False,"['unknown', '35 to 39', '50 to 54']",3.0
907251.0,2006-06-07 08:00:00,2141,2006,ISLINGTON AVE,STEELES AVE W,Major Arterial,Etobicoke York,43.764345,-79.57489,614708.9987,4846685.6032,At Intersection,Traffic Signal,Clear,Dark,Dry,NSA,NSA,NSA,NSA,Non-Fatal Injury,0,0,1,0,0,0,0,0,1,1,0,0,0,Sideswipe,['Driver'],North,"['Automobile, Station Wagon']","['Changing Lanes', 'Going Ahead']","['Improper Lane Change', 'Driving Properly', 'Exceeding Speed Limit']","['Normal', 'Had Been Drinking']",['Not Applicable'],['Not Applicable'],['Not Applicable'],['Not Applicable'],['Not Applicable'],False,"['45 to 49', '40 to 44']",3.0
907409.0,2006-06-08 08:00:00,1543,2006,LAKE SHORE BLVD W,PARK LAWN RD,Major Arterial,Etobicoke York,43.622945,-79.48119,622538.7384,4831115.2564,At Intersection,Traffic Signal,Clear,Daylight,Dry,161,Humber Bay Shores,17,Mimico (includes Humber Bay Shores) (17),Non-Fatal Injury,0,0,1,0,0,0,0,1,0,0,0,0,0,Turning Movement,"['Passenger', 'Driver']",East,"['Other', 'Automobile, Station Wagon']","['Going Ahead', 'Turning Left']","['Driving Properly', 'Improper Turn']",['Normal'],['Not Applicable'],['Not Applicable'],['Not Applicable'],['Not Applicable'],['Not Applicable'],False,"['0 to 4', '60 to 64', '40 to 44']",3.0
907646.0,2006-06-10 08:00:00,934,2006,MIDLAND AVE,ROMULUS DR,Major Arterial,Scarborough,43.747045,-79.26339,639822.583,4845242.8118,Unknown,No Control,Clear,Daylight,Dry,157,Bendale South,127,Bendale (127),Fatal,0,0,1,0,0,0,0,1,0,1,0,0,0,SMV Other,"['Passenger', 'Driver']",South,"['Other', 'Automobile, Station Wagon']",['Going Ahead'],['Lost control'],['Normal'],['Not Applicable'],['Not Applicable'],['Not Applicable'],['Not Applicable'],['Not Applicable'],True,"['85 to 89', '75 to 79']",4.0
907762.0,2006-05-21 08:00:00,1024,2006,REXDALE BLVD,BERGAMOT AVE,Major Arterial,Etobicoke York,43.713345,-79.55969,616030.94,4841042.4905,At Intersection,Traffic Signal,Rain,Daylight,Wet,4,Rexdale-Kipling,4,Rexdale-Kipling (4),Non-Fatal Injury,0,0,1,0,0,0,0,0,0,0,0,0,0,Turning Movement,"['Driver', 'Vehicle Owner']",East,"['Automobile, Station Wagon', 'Other']","['Going Ahead', 'Turning Left', 'Stopped']","['Driving Properly', 'Improper Turn']",['Normal'],['Not Applicable'],['Not Applicable'],['Not Applicable'],['Not Applicable'],['Not Applicable'],False,"['50 to 54', 'unknown', '15 to 19', '45 to 49']",3.0
907900.0,2006-05-24 08:00:00,622,2006,RENFORTH DR,CONVAIR DR,Major Arterial,Etobicoke York,43.672145,-79.59329,613401.7374,4836420.1965,At Intersection,Traffic Signal,Clear,Daylight,Dry,NSA,NSA,NSA,NSA,Non-Fatal Injury,0,0,1,0,0,0,0,0,0,1,1,0,0,Turning Movement,['Driver'],North,"['Automobile, Station Wagon']","['Turning Left', 'Going Ahead']","['Driving Properly', 'Disobeyed Traffic Control']","['Normal', 'Inattentive']",['Not Applicable'],['Not Applicable'],['Not Applicable'],['Not Applicable'],['Not Applicable'],False,"['45 to 49', '20 to 24']",3.0
908179.0,2006-03-18 10:00:00,2120,2006,STEELES AVE W,SHALE GT,Major Arterial,North York,43.783345,-79.48669,621769.819,4848921.7879,Unknown,No Control,Clear,Dark,Dry,27,York University Heights,27,York University Heights (27),Non-Fatal Injury,0,0,1,0,0,0,0,0,1,1,0,1,0,Approaching,['Driver'],East,"['Automobile, Station Wagon']","['Going Ahead', 'Making U Turn']","['Driving Properly', 'Failed to Yield Right of Way']","['Normal', 'Ability Impaired, Alcohol']",['Not Applicable'],['Not Applicable'],['Not Applicable'],['Not Applicable'],['Not Applicable'],False,"['25 to 29', '20 to 24']",3.0
908396.0,2006-06-14 08:00:00,556,2006,LAKE SHORE BLVD W,YONGE ST,Major Arterial,Toronto and East York,43.644045,-79.37579,630996.7261,4833619.6395,At Intersection,Traffic Signal,Clear,Daylight,Dry,166,St Lawrence-East Bayfront-The Islands,77,Waterfront Communities-The Island (77),Non-Fatal Injury,0,0,1,0,0,0,0,0,0,1,1,0,0,Angle,"['Driver', 'Vehicle Owner']",North,"['Automobile, Station Wagon']",['Going Ahead'],"['Disobeyed Traffic Control', 'Driving Properly']","['Unknown', 'Normal']",['Not Applicable'],['Not Applicable'],['Not Applicable'],['Not Applicable'],['Not Applicable'],False,"['55 to 59', 'unknown', '35 to 39']",3.0
908674.0,2006-06-15 08:00:00,941,2006,EGLINTON AVE E,REDPATH AVE,Major Arterial,Toronto and East York,43.707845,-79.39279,629488.3181,4840678.8013,At Intersection,Traffic Signal,Clear,Daylight,Dry,174,South Eglinton-Davisville,104,Mount Pleasant West (104),Non-Fatal Injury,1,0,1,0,0,0,0,0,0,1,0,0,0,Pedestrian Collisions,"['Driver', 'Pedestrian']",North,"['Automobile, Station Wagon', 'Other']",['Turning Left'],['Failed to Yield Right of Way'],['Normal'],['Crossing with right of way'],['Normal'],['Not Applicable'],['Not Applicable'],['Not Applicable'],False,"['65 to 69', '80 to 84']",3.0
908702.0,2006-05-27 08:00:00,2358,2006,GOSFORD BLVD,ARTECH CRT,Collector,Etobicoke York,43.763345,-79.52119,619033.3971,4846650.3202,Unknown,No Control,Clear,Dark,Dry,24,Black Creek,24,Black Creek (24),Non-Fatal Injury,0,0,1,0,0,0,0,1,1,1,0,1,0,SMV Other,"['Passenger', 'Other Property Owner', 'Driver']",South,"['Other', 'Automobile, Station Wagon']",['Going Ahead'],['Exceeding Speed Limit'],"['Ability Impaired, Alcohol Over .08']",['Not Applicable'],['Not Applicable'],['Not Applicable'],['Not Applicable'],['Not Applicable'],False,"['10 to 14', '20 to 24', 'unknown', '25 to 29']",3.0
908832.0,2006-05-29 08:00:00,2149,2006,YONGE ST,LORD SEATON RD,Major Arterial,North York,43.752445,-79.40809,628160.4674,4845608.4918,Unknown,Traffic Signal,Clear,Dark,Dry,40,St.Andrew-Windfields,40,St.Andrew-Windfields (40),Non-Fatal Injury,0,0,1,0,0,0,0,1,0,0,0,0,0,Turning Movement,"['Passenger', 'Vehicle Owner', 'Driver']",North,"['Other', 'Automobile, Station Wagon']","['Turning Left', 'Going Ahead']","['Improper Turn', 'Driving Properly']","['Unknown', 'Normal']",['Not Applicable'],['Not Applicable'],['Not Applicable'],['Not Applicable'],['Not Applicable'],False,"['unknown', '30 to 34', '20 to 24']",3.0
909071.0,2006-06-18 08:00:00,2308,2006,REXDALE BLVD,QUEENS PLATE DR,Major Arterial,Etobicoke York,43.718845,-79.60229,612588.7734,4841594.5934,Unknown,No Control,Clear,Dark,Dry,1,West Humber-Clairville,1,West Humber-Clairville (1),Non-Fatal Injury,0,0,1,0,0,0,0,0,0,0,0,0,0,SMV Other,"['Vehicle Owner', 'Driver']",West,"['Other', 'Automobile, Station Wagon']",['Changing Lanes'],"['Lost control', 'Improper Lane Change']","['Normal', 'Unknown']",['Not Applicable'],['Not Applicable'],['Not Applicable'],['Not Applicable'],['Not Applicable'],False,"['unknown', '30 to 34']",3.0
909261.0,2006-06-19 08:00:00,1208,2006,LAKE SHORE BLVD W,FIFTH ST,Major Arterial,Etobicoke York,43.601245,-79.50299,620823.3265,4828673.2657,At Intersection,Traffic Signal,Clear,Daylight,Dry,18,New Toronto,18,New Toronto (18),Fatal,1,0,0,0,0,1,0,0,0,0,0,0,0,Pedestrian Collisions,"['Pedestrian', 'Vehicle Owner', 'Driver']",Unknown,"['Other', 'Municipal Transit Bus (TTC)']",['Going Ahead'],['Driving Properly'],['Normal'],['Crossing without right of way'],['Normal'],['Not Applicable'],['Not Applicable'],['Not Applicable'],True,"['85 to 89', 'unknown', '40 to 44']",4.0
909285.0,2020-05-16 08:00:00,1752,2020,RATHBURN RD,CENTENNIAL PARK RD,Minor Arterial,Etobicoke York,43.650893,-79.58118,614418.3512,4834076.5151,At Intersection,No Control,Clear,Daylight,Dry,11,Eringate-Centennial-West Deane,11,Eringate-Centennial-West Deane (11),Non-Fatal Injury,0,0,0,1,0,0,0,0,1,1,0,0,0,SMV Other,['Motorcycle Driver'],West,['Motorcycle'],['Going Ahead'],['Lost control'],['Normal'],['Not Applicable'],['Not Applicable'],['Not Applicable'],['Not Applicable'],['Not Applicable'],False,['20 to 24'],3.0
909380.0,2006-06-07 08:00:00,831,2006,2275 MARKHAM RD,FINCH Aven E,Major Arterial,Scarborough,43.811245,-79.24289,641321.8116,4852408.0428,Unknown,No Control,Clear,Daylight,Dry,129,Agincourt North,129,Agincourt North (129),Non-Fatal Injury,0,0,1,0,1,0,0,1,0,0,0,0,1,Approaching,"['Passenger', 'Vehicle Owner', 'Driver', 'Truck Driver']",North,"['Other', 'Automobile, Station Wagon', 'Truck - Open']",['Going Ahead'],"['Driving Properly', 'Lost control']","['Normal', 'Medical or Physical Disability']",['Not Applicable'],['Not Applicable'],['Not Applicable'],['Not Applicable'],['Not Applicable'],False,"['40 to 44', 'unknown', '55 to 59']",3.0
909409.0,2006-06-20 08:00:00,2055,2006,BARTLEY DR,TISDALE AVE,Collector,North York,43.722245,-79.30709,636360.3313,4842415.5678,At Intersection,Stop Sign,Clear,Dark,Dry,43,Victoria Village,43,Victoria Village (43),Fatal,0,0,1,1,0,0,0,1,1,1,0,0,0,SMV Unattended Vehicle,"['Vehicle Owner', 'Motorcycle Driver', 'Other', 'Passenger', 'Driver - Not Hit']",East,"['Other', 'Motorcycle', 'Automobile, Station Wagon']","['Going Ahead', 'Parked']",['Exceeding Speed Limit'],['Normal'],['Not Applicable'],['Not Applicable'],['Not Applicable'],['Not Applicable'],['Not Applicable'],True,"['unknown', '30 to 34', '20 to 24']",4.0
909606.0,2006-06-01 08:00:00,1203,2006,MCCOWAN RD,EGLINTON AVE E,Major Arterial,Scarborough,43.738845,-79.23839,641854.8409,4844374.5812,At Intersection,Traffic Signal,Clear,Daylight,Dry,138,Eglinton East,138,Eglinton East (138),Non-Fatal Injury,0,0,1,0,0,0,0,1,0,1,0,1,0,Turning Movement,"['Passenger', 'Driver']",North,"['Other', 'Automobile, Station Wagon']","['Going Ahead', 'Turning Left']","['Driving Properly', 'Failed to Yield Right of Way']","['Normal', 'Ability Impaired, Alcohol']",['Not Applicable'],['Not Applicable'],['Not Applicable'],['Not Applicable'],['Not Applicable'],False,"['15 to 19', '20 to 24', '25 to 29']",3.0
909646.0,2006-01-01 10:00:00,315,2006,DANFORTH AVE,WEST LYNN AVE,Major Arterial,Toronto and East York,43.684874,-79.316188,635711.8004,4838250.0562,Intersection Related,No Control,Snow,"Dark, artificial",Slush,64,Woodbine Corridor,64,Woodbine Corridor (64),Non-Fatal Injury,0,0,1,0,0,0,0,1,0,0,0,0,0,SMV Other,"['Passenger', 'Driver', 'Other Property Owner']",East,"['Automobile, Station Wagon']",['Changing Lanes'],['Lost control'],['Inattentive'],['Not Applicable'],['Not Applicable'],['Not Applicable'],['Not Applicable'],['Not Applicable'],False,"['10 to 14', '15 to 19', '20 to 24', 'unknown']",3.0
909657.0,2006-05-14 08:00:00,510,2006,FINCH AVE W,SENTINEL RD,Major Arterial,Etobicoke York,43.761045,-79.49999,620744.4819,4846425.5607,Unknown,Traffic Signal,Clear,"Dawn, artificial",Dry,27,York University Heights,27,York University Heights (27),Non-Fatal Injury,1,0,1,0,0,0,0,0,1,1,0,0,0,Pedestrian Collisions,"['Vehicle Owner', 'Driver', 'Pedestrian', 'Other Property Owner']",North,"['Other', 'Automobile, Station Wagon']","['Changing Lanes', 'Turning Left']","['Exceeding Speed Limit', 'Failed to Yield Right of Way']",['Normal'],['On Sidewalk or Shoulder'],['Normal'],['Not Applicable'],['Not Applicable'],['Not Applicable'],False,"['unknown', '20 to 24', '30 to 34', '25 to 29']",3.0
909745.0,2006-06-22 08:00:00,2210,2006,UNIVERSITY AVE,DUNDAS ST W,Major Arterial,Toronto and East York,43.655145,-79.38849,629948.4876,4834832.4723,At Intersection,No Control,Clear,Dark,Dry,78,Kensington-Chinatown,78,Kensington-Chinatown (78),Non-Fatal Injury,1,0,1,0,0,0,0,0,0,0,0,0,0,Pedestrian Collisions,"['Driver', 'Pedestrian']",North,"['Automobile, Station Wagon', 'Other']",['Going Ahead'],['Driving Properly'],['Normal'],['Running onto Roadway'],['Had Been Drinking'],['Not Applicable'],['Not Applicable'],['Not Applicable'],False,"['25 to 29', '30 to 34']",3.0
910258.0,2006-06-08 08:00:00,2340,2006,KING ST E,ST LAWRENCE ST,Major Arterial,Toronto and East York,43.656145,-79.35749,632446.0854,4834992.5515,Unknown,No Control,Rain,Dark,Wet,73,Moss Park,73,Moss Park (73),Non-Fatal Injury,0,0,0,1,0,0,0,0,0,0,0,0,0,SMV Other,['Motorcycle Driver'],East,['Motorcycle'],['Changing Lanes'],['Driving Properly'],['Normal'],['Not Applicable'],['Not Applicable'],['Not Applicable'],['Not Applicable'],['Not Applicable'],False,['50 to 54'],3.0
910277.0,2006-06-09 08:00:00,1704,2006,CREEKWOOD DR,SILVERSAND PL,Local,Scarborough,43.786545,-79.21999,643222.6542,4849704.0785,Unknown,No Control,Clear,Dark,Dry,135,Morningside,135,Morningside (135),Non-Fatal Injury,1,0,1,0,0,0,0,0,0,1,0,0,0,Pedestrian Collisions,"['Vehicle Owner', 'Driver', 'Pedestrian']",Unknown,"['Other', 'Automobile, Station Wagon']",['Reversing'],['Failed to Yield Right of Way'],['Normal'],"['Crossing, no Traffic Control']",['Normal'],['Not Applicable'],['Not Applicable'],['Not Applicable'],False,"['unknown', '25 to 29', '70 to 74']",3.0
910569.0,2006-06-11 08:00:00,1916,2006,THURODALE AVE,RENFIELD ST,Local,Etobicoke York,43.702245,-79.49909,620935.2159,4839896.2929,Unknown,No Control,Clear,Daylight,Dry,30,Brookhaven-Amesbury,30,Brookhaven-Amesbury (30),Non-Fatal Injury,0,0,0,1,0,0,0,0,0,0,0,0,0,SMV Other,"['Vehicle Owner', 'Motorcycle Driver']",East,"['Other', 'Motorcycle']",['Going Ahead'],['Lost control'],['Unknown'],['Not Applicable'],['Not Applicable'],['Not Applicable'],['Not Applicable'],['Not Applicable'],False,"['unknown', '25 to 29']",3.0
910787.0,2006-02-26 10:00:00,117,2006,LANSDOWNE AVE,DUNDAS ST W,Minor Arterial,Toronto and East York,43.650445,-79.43979,625821.5463,4834231.4154,Unknown,No Control,Snow,Dark,Wet,83,Dufferin Grove,83,Dufferin Grove (83),Non-Fatal Injury,0,0,1,0,0,0,0,1,1,1,0,0,0,SMV Other,"['Passenger', 'Vehicle Owner', 'Driver', 'Other Property Owner']",North,"['Other', 'Automobile, Station Wagon']",['Going Ahead'],['Lost control'],['Unknown'],['Not Applicable'],['Not Applicable'],['Not Applicable'],['Not Applicable'],['Not Applicable'],False,"['15 to 19', 'unknown', '20 to 24']",3.0
910951.0,2006-06-13 08:00:00,2124,2006,SILVERSTONE DR,ALBION RD,Major Arterial,Etobicoke York,43.742945,-79.60009,612720.7725,4844274.2278,At Intersection,Traffic Signal,Clear,Dark,Dry,1,West Humber-Clairville,1,West Humber-Clairville (1),Non-Fatal Injury,1,0,1,0,0,0,0,0,1,1,0,0,0,Pedestrian Collisions,"['Driver', 'Pedestrian']",East,"['Automobile, Station Wagon', 'Other']",['Turning Left'],['Failed to Yield Right of Way'],['Normal'],['Crossing with right of way'],['Normal'],['Not Applicable'],['Not Applicable'],['Not Applicable'],False,"['30 to 34', '55 to 59']",3.0
911012.0,2006-06-14 08:00:00,1440,2006,KIPLING AVE,BETHRIDGE RD,Major Arterial,Etobicoke York,43.709145,-79.56549,615571.7626,4840567.9204,At Intersection,Traffic Signal,Clear,Daylight,Dry,1,West Humber-Clairville,1,West Humber-Clairville (1),Non-Fatal Injury,1,0,1,0,0,0,0,0,0,0,0,0,0,Pedestrian Collisions,"['Driver', 'Pedestrian']",South,"['Automobile, Station Wagon', 'Other']",['Going Ahead'],['Driving Properly'],['Unknown'],['Crossing without right of way'],['Inattentive'],['Not Applicable'],['Not Applicable'],['Not Applicable'],False,"['25 to 29', '40 to 44']",3.0
911228.0,2006-06-25 08:00:00,1729,2006,LAKE SHORE BLVD E,CHERRY ST,Major Arterial,Toronto and East York,43.648146,-79.354793,632681.1777,4834108.4654,At Intersection,Traffic Signal,Clear,Daylight,Dry,166,St Lawrence-East Bayfront-The Islands,77,Waterfront Communities-The Island (77),Non-Fatal Injury,0,0,0,1,0,0,0,1,1,1,0,0,0,SMV Other,"['Motorcycle Passenger', 'Motorcycle Driver']",East,"['Other', 'Motorcycle']",['Going Ahead'],['Speed too Fast For Condition'],['Unknown'],['Not Applicable'],['Not Applicable'],['Not Applicable'],['Not Applicable'],['Not Applicable'],False,['40 to 44'],3.0
911336.0,2006-06-28 08:00:00,1000,2006,BIRCHMOUNT RD,MODERN RD,Major Arterial,Scarborough,43.744045,-79.28349,638211.1238,4844875.8844,Unknown,Stop Sign,Clear,Daylight,Dry,119,Wexford/Maryvale,119,Wexford/Maryvale (119),Non-Fatal Injury,0,1,1,0,0,0,0,0,0,0,0,0,0,Cyclist Collisions,"['Vehicle Owner', 'Driver', 'Cyclist']",East,"['Other', 'Automobile, Station Wagon', 'Bicycle']","['Going Ahead', 'Turning Right']",['Driving Properly'],['Normal'],['Not Applicable'],['Not Applicable'],['Cyclist turns right across motorists path'],['Failed to Yield Right of Way'],['Inattentive'],False,"['unknown', '45 to 49', '30 to 34']",3.0
911355.0,2006-06-17 08:00:00,1325,2006,SHUTER ST,BERKELEY ST,Minor Arterial,Toronto and East York,43.656645,-79.36629,631735.384,4835034.074,At Intersection,No Control,Clear,Daylight,Dry,73,Moss Park,73,Moss Park (73),Non-Fatal Injury,0,1,1,0,0,0,0,0,0,0,0,0,0,Cyclist Collisions,"['Driver', 'Cyclist']",East,"['Automobile, Station Wagon', 'Bicycle']","['Going Ahead', 'Turning Right']",['Driving Properly'],['Normal'],['Not Applicable'],['Not Applicable'],['Cyclist turns right across motorists path'],['Failed to Yield Right of Way'],['Normal'],False,"['50 to 54', '25 to 29']",3.0
911449.0,2006-06-20 08:00:00,2048,2006,EGLINTON Aven W,OLD FOREST HILL Road,Major Arterial,North York,43.701345,-79.42379,627004.4382,4839908.9293,Unknown,Traffic Signal,Clear,Dark,Dry,101,Forest Hill South,101,Forest Hill South (101),Non-Fatal Injury,0,0,1,0,0,0,0,0,1,1,0,1,0,Approaching,"['Driver', 'Vehicle Owner']",East,"['Automobile, Station Wagon', 'Other']","['Overtaking', 'Going Ahead', 'Unknown']","['Improper Passing', 'Driving Properly']","['Ability Impaired, Alcohol', 'Normal']",['Not Applicable'],['Not Applicable'],['Not Applicable'],['Not Applicable'],['Not Applicable'],False,"['30 to 34', '35 to 39', 'unknown', '65 to 69']",3.0