accident_number,date,time,year,street1,street2,road_class,district,latitude,longitude,x,y,accident_location,traffctl,visibility,light,road_surface_condition,hood_158,neighbourhood_new,hood_140,neighbourhood_old,accident_class,pedestrian,cyclist,automobile,motorcycle,truck,trsn_city_veh,emerg_veh,passenger,speeding,aggressive_driving,redlight,alcohol,disability,impact_type,involvement_type,initial_direction,vehicle_type,manoeuver,driver_action,driver_condition,pedestrian_action,pedestrian_condition,cyclist_type,cyclist_action,cyclist_condition,injury,involvement_age,injury_severity_score
916979.0,2006-08-03 08:00:00,122,2006,F G GARDINER XY E  E,LAKESHORE W GARDINER RAMP E,Major Arterial,Toronto and East York,43.634145,-79.47169,623282.3139,4832373.2209,Unknown,No Control,Rain,Dark,Wet,85,South Parkdale,85,South Parkdale (85),Non-Fatal Injury,1,0,1,0,0,0,0,1,0,0,0,1,0,Pedestrian Collisions,"['Vehicle Owner', 'Driver', 'Passenger', 'Pedestrian']",East,"['Other', 'Automobile, Station Wagon']","['Stopped', 'Going Ahead']","['Driving Properly', 'Lost control']","['Normal', 'Ability Impaired, Alcohol']",['On Sidewalk or Shoulder'],['Normal'],['Not Applicable'],['Not Applicable'],['Not Applicable'],False,"['unknown', '45 to 49', '15 to 19', '20 to 24']",3.0
917154.0,2006-08-03 08:00:00,130,2006,JANE ST,FOXWELL ST,Major Arterial,Etobicoke York,43.672145,-79.49399,621406.8577,4836560.7335,Unknown,No Control,Rain,Dark,Wet,111,Rockcliffe-Smythe,111,Rockcliffe-Smythe (111),Fatal,1,0,1,0,0,0,0,0,0,0,0,0,0,Pedestrian Collisions,"['Pedestrian', 'Vehicle Owner', 'Driver']",East,"['Other', 'Automobile, Station Wagon']",['Going Ahead'],['Driving Properly'],['Normal'],['Running onto Roadway'],['Unknown'],['Not Applicable'],['Not Applicable'],['Not Applicable'],True,"['50 to 54', 'unknown', '40 to 44']",4.0
917223.0,2006-08-05 08:00:00,6,2006,WESTHEAD RD,DUNNING CRES,Local,Etobicoke York,43.603245,-79.55459,616654.8024,4828821.625,Unknown,No Control,Clear,Dark,Dry,20,Alderwood,20,Alderwood (20),Non-Fatal Injury,1,0,1,0,0,0,0,0,0,0,0,0,0,Pedestrian Collisions,"['Driver', 'Pedestrian']",South,"['Automobile, Station Wagon', 'Other']",['Going Ahead'],['Other'],['Had Been Drinking'],['Walking on Roadway Against Traffic'],['Had Been Drinking'],['Not Applicable'],['Not Applicable'],['Not Applicable'],False,"['20 to 24', '15 to 19']",3.0
917225.0,2006-08-06 08:00:00,203,2006,MOUNT PLEASANT RD,SOUTH DR,Major Arterial,Toronto and East York,43.677645,-79.38059,630536.7524,4837343.8014,Unknown,No Control,Clear,Dark,Dry,98,Rosedale-Moore Park,98,Rosedale-Moore Park (98),Non-Fatal Injury,1,0,1,0,0,0,0,0,0,0,0,0,0,Pedestrian Collisions,"['Driver', 'Pedestrian']",North,"['Automobile, Station Wagon', 'Other']",['Going Ahead'],['Other'],['Unknown'],"['Crossing, no Traffic Control']",['Unknown'],['Not Applicable'],['Not Applicable'],['Not Applicable'],False,"['20 to 24', '25 to 29']",3.0
917426.0,2006-08-07 08:00:00,2110,2006,FINCH AVE W,KISKADEE DR,Major Arterial,Etobicoke York,43.735245,-79.59819,612888.2303,4843421.6202,At Intersection,No Control,Clear,Dark,Dry,1,West Humber-Clairville,1,West Humber-Clairville (1),Non-Fatal Injury,1,0,1,0,0,0,0,0,0,1,0,0,0,Pedestrian Collisions,"['Driver', 'Pedestrian']",North,"['Automobile, Station Wagon', 'Other']",['Turning Left'],['Failed to Yield Right of Way'],['Unknown'],['Crossing with right of way'],['Normal'],['Not Applicable'],['Not Applicable'],['Not Applicable'],False,"['unknown', '70 to 74']",3.0
917526.0,2006-07-10 08:00:00,1313,2006,MARTIN GROVE RD,LEXINGTON AVE,Minor Arterial,Etobicoke York,43.744245,-79.59539,613096.7711,4844425.0167,At Intersection,Traffic Signal,Clear,Daylight,Dry,1,West Humber-Clairville,1,West Humber-Clairville (1),Non-Fatal Injury,0,0,1,0,0,0,0,1,0,0,0,0,0,Turning Movement,"['Vehicle Owner', 'Driver', 'Passenger']",North,"['Other', 'Automobile, Station Wagon']","['Going Ahead', 'Turning Left']","['Driving Properly', 'Improper Turn']",['Normal'],['Not Applicable'],['Not Applicable'],['Not Applicable'],['Not Applicable'],['Not Applicable'],False,"['unknown', '25 to 29', '15 to 19', '35 to 39']",3.0
917567.0,2006-07-11 08:00:00,825,2006,MEADOWVALE RD,ROTARY DR,Minor Arterial,Scarborough,43.807445,-79.17039,647162.2857,4852112.3838,Unknown,No Control,Clear,Daylight,Dry,143,West Rouge,131,Rouge (131),Non-Fatal Injury,1,0,0,0,0,0,0,0,0,1,0,0,0,Pedestrian Collisions,"['Driver', 'Pedestrian']",North,['Other'],['Turning Left'],['Failed to Yield Right of Way'],['Inattentive'],['On Sidewalk or Shoulder'],['Normal'],['Not Applicable'],['Not Applicable'],['Not Applicable'],False,"['55 to 59', '35 to 39']",3.0
917568.0,2006-07-11 08:00:00,1815,2006,WINNETT AVE,HURSTING AVE,Local,Toronto and East York,43.686245,-79.43189,626383.483,4838219.4901,Unknown,No Control,Clear,Daylight,Dry,107,Oakwood Village,107,Oakwood Village (107),Non-Fatal Injury,0,1,1,0,0,0,0,0,0,0,0,0,0,Cyclist Collisions,"['Driver', 'Cyclist']",South,"['Automobile, Station Wagon', 'Bicycle']",['Going Ahead'],['Driving Properly'],['Normal'],['Not Applicable'],['Not Applicable'],"['Cyclist without ROW rides into path of motorist at inter, lnwy, dwy-Cyclist not turn.']",['Failed to Yield Right of Way'],['Inattentive'],False,"['55 to 59', '5 to 9']",3.0
917569.0,2006-07-10 08:00:00,1310,2006,2609 LAKE SHORE BLVD W,Not Applicable,Major Arterial,Etobicoke York,43.605445,-79.49109,621775.3074,4829157.1048,Unknown,No Control,Rain,Daylight,Wet,160,Mimico-Queensway,17,Mimico (includes Humber Bay Shores) (17),Non-Fatal Injury,0,0,1,0,0,0,0,1,0,1,0,0,0,Sideswipe,"['Vehicle Owner', 'Driver', 'Passenger']",East,"['Other', 'Automobile, Station Wagon']","['Going Ahead', 'Pulling Away from Shoulder or Curb']","['Other', 'Failed to Yield Right of Way']","['Had Been Drinking', 'Normal']",['Not Applicable'],['Not Applicable'],['Not Applicable'],['Not Applicable'],['Not Applicable'],False,"['unknown', '45 to 49', '70 to 74', '60 to 64']",3.0
917572.0,2006-08-06 08:00:00,2150,2006,DANFORTH AVE,LUTTRELL AVE,Major Arterial,Toronto and East York,43.690145,-79.29309,637561.4237,4838873.5334,Unknown,No Control,Clear,Dark,Dry,61,Taylor-Massey,61,Taylor-Massey (61),Non-Fatal Injury,0,0,1,0,0,0,0,0,1,1,0,0,0,Rear End,"['Vehicle Owner', 'Driver']",West,"['Other', 'Automobile, Station Wagon']",['Going Ahead'],"['Driving Properly', 'Exceeding Speed Limit']","['Normal', 'Unknown']",['Not Applicable'],['Not Applicable'],['Not Applicable'],['Not Applicable'],['Not Applicable'],False,"['unknown', '45 to 49']",3.0
917581.0,2006-05-25 08:00:00,2250,2006,YONGE ST,ROSEHILL AVE,Major Arterial,Toronto and East York,43.686245,-79.39329,629494.5216,4838279.0396,At Intersection,Traffic Signal,Clear,Dark,Dry,98,Rosedale-Moore Park,98,Rosedale-Moore Park (98),Non-Fatal Injury,1,1,0,0,0,0,0,0,0,0,0,0,0,Pedestrian Collisions,"['Pedestrian', 'Cyclist']",East,"['Other', 'Bicycle']",['Going Ahead'],[],[],['Crossing with right of way'],['Had Been Drinking'],['Cyclist strikes pedestrian.'],['Disobeyed Traffic Control'],['Normal'],False,"['45 to 49', '40 to 44']",3.0
917601.0,2006-08-08 08:00:00,1006,2006,YONGE ST,ATHABASKA AVE,Major Arterial,North York,43.795445,-79.41939,627159.5566,4850366.8752,At Intersection,Traffic Signal,Clear,Daylight,Dry,50,Newtonbrook East,50,Newtonbrook East (50),Non-Fatal Injury,1,0,1,0,0,0,0,0,0,1,0,0,0,Pedestrian Collisions,"['Driver', 'Pedestrian']",East,"['Automobile, Station Wagon', 'Other']",['Turning Left'],['Failed to Yield Right of Way'],['Normal'],['Crossing with right of way'],['Normal'],['Not Applicable'],['Not Applicable'],['Not Applicable'],False,"['40 to 44', '80 to 84']",3.0
917719.0,2006-07-12 08:00:00,150,2006,BURNHAMTHORPE RD,TRANQUIL DR,Major Arterial,Etobicoke York,43.643045,-79.57379,615029.288,4833215.1114,Unknown,No Control,Clear,Dark,Dry,11,Eringate-Centennial-West Deane,11,Eringate-Centennial-West Deane (11),Non-Fatal Injury,0,0,0,1,0,0,0,1,1,1,0,0,0,Other,"['Motorcycle Passenger', 'Motorcycle Driver']",West,"['Other', 'Motorcycle']",['Going Ahead'],['Exceeding Speed Limit'],['Had Been Drinking'],['Not Applicable'],['Not Applicable'],['Not Applicable'],['Not Applicable'],['Not Applicable'],False,"['25 to 29', '30 to 34']",3.0
917731.0,2006-07-12 08:00:00,1600,2006,BRIMLEY RD,DORCOT AVE,Major Arterial,Scarborough,43.758945,-79.25709,640302.0192,4846575.1422,At Intersection,Traffic Signal,Other,Daylight,Other,156,Bendale-Glen Andrew,127,Bendale (127),Non-Fatal Injury,1,0,1,0,0,0,0,0,0,0,0,0,0,Pedestrian Collisions,['Pedestrian'],North,"['Automobile, Station Wagon', 'Other']",['Going Ahead'],[],[],['Crossing with right of way'],['Unknown'],['Not Applicable'],['Not Applicable'],['Not Applicable'],False,"['unknown', '50 to 54']",3.0
917847.0,2006-07-13 08:00:00,1100,2006,QUEENS PR S WELLESLEY RAMP E,WELLESLEY ST W,Minor Arterial,Toronto and East York,43.663145,-79.39269,629592.5936,4835714.4093,Unknown,Stop Sign,Clear,Daylight,Dry,169,Bay-Cloverhill,76,Bay Street Corridor (76),Non-Fatal Injury,0,1,1,0,0,0,0,0,0,0,0,0,0,Cyclist Collisions,"['Driver', 'Cyclist']",South,"['Automobile, Station Wagon', 'Bicycle']",['Going Ahead'],['Other'],['Inattentive'],['Not Applicable'],['Not Applicable'],"['Cyclist without ROW rides into path of motorist at inter, lnwy, dwy-Cyclist not turn.']",['Other'],['Inattentive'],False,"['45 to 49', '20 to 24']",3.0
917855.0,2006-07-13 08:00:00,1310,2006,SPADINA AVE,RICHMOND ST W,Major Arterial,Toronto and East York,43.647845,-79.39599,629359.3699,4834009.9934,Unknown,Traffic Signal,Clear,Daylight,Dry,164,Wellington Place,77,Waterfront Communities-The Island (77),Non-Fatal Injury,1,0,0,0,0,1,0,0,0,0,0,0,0,Pedestrian Collisions,"['Vehicle Owner', 'Driver', 'Pedestrian']",East,"['Other', 'Municipal Transit Bus (TTC)']",['Going Ahead'],['Driving Properly'],['Unknown'],['Crossing without right of way'],['Inattentive'],['Not Applicable'],['Not Applicable'],['Not Applicable'],False,"['unknown', '40 to 44']",3.0
917941.0,2006-08-11 08:00:00,2230,2006,ROGERS RD,MCROBERTS AVE,Minor Arterial,Toronto and East York,43.683245,-79.45599,624447.3033,4837849.8543,At Intersection,No Control,Clear,Dark,Dry,109,Caledonia-Fairbank,109,Caledonia-Fairbank (109),Non-Fatal Injury,0,0,1,0,0,0,0,1,0,0,0,0,0,SMV Other,"['Passenger', 'Vehicle Owner', 'Driver', 'Other Property Owner']",West,"['Other', 'Automobile, Station Wagon']",['Going Ahead'],['Lost control'],['Unknown'],['Not Applicable'],['Not Applicable'],['Not Applicable'],['Not Applicable'],['Not Applicable'],False,"['5 to 9', '10 to 14', 'unknown', '30 to 34']",3.0
918059.0,2006-06-21 08:00:00,800,2006,DANFORTH AVE,WOODBINE AVE,Major Arterial,Toronto and East York,43.685645,-79.31279,635983.9332,4838341.2529,At Intersection,Traffic Signal,Clear,Daylight,Dry,64,Woodbine Corridor,64,Woodbine Corridor (64),Non-Fatal Injury,1,1,0,0,0,0,0,0,0,0,0,0,0,Pedestrian Collisions,"['Pedestrian', 'Cyclist']",South,"['Other', 'Bicycle']",['Going Ahead'],[],[],['Crossing with right of way'],['Normal'],['Cyclist strikes pedestrian.'],['Disobeyed Traffic Control'],['Normal'],False,"['40 to 44', '5 to 9', '20 to 24']",3.0
918102.0,2006-07-14 08:00:00,920,2006,DUFFERIN ST,DUNDAS ST W,Minor Arterial,Toronto and East York,43.649645,-79.43139,626500.6418,4834155.3354,At Intersection,Traffic Signal,Clear,Daylight,Dry,84,Little Portugal,84,Little Portugal (84),Non-Fatal Injury,0,1,1,0,0,0,0,0,1,1,1,0,0,Cyclist Collisions,"['Vehicle Owner', 'Driver', 'Cyclist']",East,"['Other', 'Automobile, Station Wagon', 'Bicycle']",['Going Ahead'],['Disobeyed Traffic Control'],['Inattentive'],['Not Applicable'],['Not Applicable'],"['Motorist without ROW drives into path of cyclist at inter, lnwy, dwy-Driver not turn.']",['Driving Properly'],['Normal'],False,"['unknown', '20 to 24', '25 to 29']",3.0
918124.0,2006-07-14 08:00:00,1310,2006,BURNHAMTHORPE RD,OLD BURNHAMTHORPE RD,Major Arterial,Etobicoke York,43.642845,-79.57469,614957.0804,4833191.652,At Intersection,No Control,Clear,Daylight,Dry,11,Eringate-Centennial-West Deane,11,Eringate-Centennial-West Deane (11),Non-Fatal Injury,1,0,0,0,0,1,0,0,0,0,0,0,0,Pedestrian Collisions,"['Vehicle Owner', 'Driver', 'Pedestrian']",East,"['Other', 'Municipal Transit Bus (TTC)']",['Going Ahead'],['Driving Properly'],['Normal'],['Other'],['Had Been Drinking'],['Not Applicable'],['Not Applicable'],['Not Applicable'],False,"['unknown', '35 to 39', '60 to 64']",3.0
918129.0,2006-07-17 08:00:00,1958,2006,BATHURST ST,RICHMOND ST W,Major Arterial,Toronto and East York,43.646445,-79.40379,628733.3036,4833842.3764,At Intersection,Traffic Signal,Clear,Daylight,Dry,162,West Queen West,82,Niagara (82),Non-Fatal Injury,0,0,1,1,0,0,0,0,1,1,0,0,0,Angle,"['Motorcycle Driver', 'Driver']",North,"['Motorcycle', 'Automobile, Station Wagon']",['Going Ahead'],"['Other', 'Driving Properly']","['Unknown', 'Normal']",['Not Applicable'],['Not Applicable'],['Not Applicable'],['Not Applicable'],['Not Applicable'],False,"['25 to 29', '55 to 59']",3.0
918360.0,2006-07-18 08:00:00,1020,2006,YONGE ST,LORD SEATON RD,Major Arterial,North York,43.752445,-79.40809,628160.4674,4845608.4918,At Intersection,Traffic Signal,Clear,Daylight,Dry,40,St.Andrew-Windfields,40,St.Andrew-Windfields (40),Non-Fatal Injury,0,0,1,0,0,0,0,1,0,1,0,0,0,Rear End,"['Passenger', 'Driver']",South,"['Other', 'Automobile, Station Wagon']","['Stopped', 'Going Ahead']","['Failed to Yield Right of Way', 'Driving Properly']","['Normal', 'Inattentive']",['Not Applicable'],['Not Applicable'],['Not Applicable'],['Not Applicable'],['Not Applicable'],False,"['35 to 39', '40 to 44', '50 to 54', '30 to 34', '45 to 49']",3.0
918378.0,2006-07-20 08:00:00,1623,2006,EGLINTON AVE W,LLOYD MANOR RD,Major Arterial,Etobicoke York,43.675745,-79.55709,616313.0623,4836870.1463,Unknown,No Control,Rain,Daylight,Wet,10,Princess-Rosethorn,10,Princess-Rosethorn (10),Non-Fatal Injury,0,0,1,1,0,0,0,0,0,0,0,0,0,Sideswipe,"['Motorcycle Driver', 'Driver']",East,"['Motorcycle', 'Automobile, Station Wagon']","['Going Ahead', 'Changing Lanes']","['Driving Properly', 'Improper Lane Change']","['Normal', 'Unknown']",['Not Applicable'],['Not Applicable'],['Not Applicable'],['Not Applicable'],['Not Applicable'],False,"['40 to 44', 'unknown']",3.0
918595.0,2006-08-15 08:00:00,829,2006,1233 THE QUEENSWAY,Not Applicable,Major Arterial,Etobicoke York,43.615445,-79.55059,616953.9866,4830182.2063,Unknown,No Control,Clear,Daylight,Dry,159,Etobicoke City Centre,14,Islington-City Centre West (14),Non-Fatal Injury,0,0,1,0,1,0,0,0,0,1,0,0,0,Approaching,"['Vehicle Owner', 'Driver', 'Truck Driver']",East,"['Other', 'Automobile, Station Wagon', 'Truck - Open']","['Going Ahead', 'Stopped']","['Improper Passing', 'Driving Properly']",['Normal'],['Not Applicable'],['Not Applicable'],['Not Applicable'],['Not Applicable'],['Not Applicable'],False,"['unknown', '40 to 44', '20 to 24', '35 to 39', '60 to 64']",3.0
918634.0,2006-08-15 08:00:00,1519,2006,MCCOWAN RD,SANDHURST CRCL,Major Arterial,Scarborough,43.811645,-79.26919,639205.588,4852407.8828,At Intersection,Traffic Signal,Clear,Daylight,Dry,129,Agincourt North,129,Agincourt North (129),Non-Fatal Injury,0,0,1,0,0,0,0,0,0,0,0,0,0,Turning Movement,['Driver'],East,"['Automobile, Station Wagon']","['Going Ahead', 'Stopped', 'Turning Left']","['Driving Properly', 'Improper Turn']",['Normal'],['Not Applicable'],['Not Applicable'],['Not Applicable'],['Not Applicable'],['Not Applicable'],False,"['25 to 29', '40 to 44', '65 to 69']",3.0
918693.0,2006-07-22 08:00:00,640,2006,RICHMOND ST E,PARLIAMENT ST,Major Arterial,Toronto and East York,43.654545,-79.36399,631925.4468,4834804.4954,At Intersection,Traffic Signal,Clear,Daylight,Dry,73,Moss Park,73,Moss Park (73),Non-Fatal Injury,0,0,1,0,0,1,0,0,0,1,1,0,0,Angle,"['Driver', 'Vehicle Owner']",North,"['Automobile, Station Wagon', 'Other', 'Municipal Transit Bus (TTC)']",['Going Ahead'],"['Disobeyed Traffic Control', 'Driving Properly']","['Inattentive', 'Normal']",['Not Applicable'],['Not Applicable'],['Not Applicable'],['Not Applicable'],['Not Applicable'],False,"['50 to 54', 'unknown', '40 to 44']",3.0
918775.0,2006-07-24 08:00:00,1428,2006,STEELES AVE W,ALNESS ST,Major Arterial,North York,43.784645,-79.48109,622217.7824,4849074.4251,At Intersection,Traffic Signal,Clear,Daylight,Dry,27,York University Heights,27,York University Heights (27),Non-Fatal Injury,0,0,1,0,0,0,0,1,0,0,0,0,0,Sideswipe,"['Vehicle Owner', 'Driver', 'Passenger']",North,"['Other', 'Automobile, Station Wagon']","['Stopped', 'Turning Right', 'Going Ahead']","['Driving Properly', 'Improper Lane Change']","['Unknown', 'Inattentive', 'Normal']",['Not Applicable'],['Not Applicable'],['Not Applicable'],['Not Applicable'],['Not Applicable'],False,"['unknown', '35 to 39', '15 to 19', '20 to 24', '60 to 64']",3.0
919141.0,2006-08-17 08:00:00,1828,2006,RICHMOND ST E,PARLIAMENT ST,Major Arterial,Toronto and East York,43.655045,-79.36209,632077.5655,4834863.0496,Unknown,No Control,Clear,Dark,Dry,73,Moss Park,73,Moss Park (73),Non-Fatal Injury,1,0,1,0,0,0,0,0,0,0,0,0,0,Pedestrian Collisions,"['Vehicle Owner', 'Driver', 'Pedestrian']",North,"['Other', 'Automobile, Station Wagon']",['Turning Right'],['Driving Properly'],['Normal'],['On Sidewalk or Shoulder'],['Had Been Drinking'],['Not Applicable'],['Not Applicable'],['Not Applicable'],False,"['unknown', '40 to 44', '60 to 64']",3.0
919231.0,2006-07-24 08:00:00,2348,2006,DON MILLS RD,DON VALLEY PARKWAY S  S,Major Arterial,Toronto and East York,43.700245,-79.33769,633944.5397,4839922.2581,Unknown,No Control,Clear,Dark,Dry,58,Old East York,58,Old East York (58),Non-Fatal Injury,0,0,1,0,0,0,0,1,0,0,0,1,0,Approaching,"['Driver', 'Passenger', 'Vehicle Owner']",North,"['Automobile, Station Wagon', 'Other']","['Other', 'Going Ahead']","['Other', 'Driving Properly']","['Ability Impaired, Alcohol Over .08', 'Normal']",['Not Applicable'],['Not Applicable'],['Not Applicable'],['Not Applicable'],['Not Applicable'],False,"['30 to 34', '25 to 29', 'unknown']",3.0
919330.0,2006-08-18 08:00:00,2100,2006,BELLAMY RD N,PROGRESS AVE,Minor Arterial,Scarborough,43.780145,-79.24379,641322.7234,4848952.3512,At Intersection,Traffic Signal,Clear,Dark,Dry,142,Woburn North,137,Woburn (137),Fatal,0,0,1,0,0,0,0,1,0,0,0,0,0,Turning Movement,"['Passenger', 'Driver', 'Vehicle Owner']",North,"['Other', 'Automobile, Station Wagon']","['Going Ahead', 'Turning Left']","['Driving Properly', 'Improper Turn']",['Normal'],['Not Applicable'],['Not Applicable'],['Not Applicable'],['Not Applicable'],['Not Applicable'],True,"['70 to 74', '15 to 19', 'unknown', '20 to 24']",4.0
919331.0,2006-06-30 08:00:00,1208,2006,SENLAC RD,BURNETT AVE,Minor Arterial,North York,43.765245,-79.42519,626756.7474,4847003.807,Unknown,No Control,Clear,Daylight,Dry,38,Lansing-Westgate,38,Lansing-Westgate (38),Non-Fatal Injury,1,0,1,0,0,0,0,0,0,1,0,0,0,Pedestrian Collisions,"['Vehicle Owner', 'Driver', 'Pedestrian']",South,"['Other', 'Automobile, Station Wagon']",['Overtaking'],['Improper Passing'],['Normal'],['Running onto Roadway'],['Normal'],['Not Applicable'],['Not Applicable'],['Not Applicable'],False,"['unknown', '50 to 54', '10 to 14']",3.0
919332.0,2006-08-18 08:00:00,1639,2006,SCARBOROUGH GOLF CLUB RD,BRIMORTON DR,Minor Arterial,Scarborough,43.769845,-79.21869,643367.1653,4847851.5295,Unknown,Traffic Signal,Clear,Daylight,Dry,135,Morningside,135,Morningside (135),Fatal,0,0,1,0,0,0,0,1,0,0,0,0,0,Approaching,"['Vehicle Owner', 'Driver', 'Passenger']",South,"['Other', 'Automobile, Station Wagon']",['Going Ahead'],"['Driving Properly', 'Other']","['Normal', 'Inattentive']",['Not Applicable'],['Not Applicable'],['Not Applicable'],['Not Applicable'],['Not Applicable'],True,"['unknown', '25 to 29', '35 to 39', '0 to 4', '5 to 9', '65 to 69']",4.0
919514.0,2006-07-26 08:00:00,2135,2006,ALBION RD,ARMEL CRT,Major Arterial,Etobicoke York,43.721345,-79.54559,617151.2496,4841950.8353,At Intersection,Traffic Signal,Rain,Dark,Wet,5,Elms-Old Rexdale,5,Elms-Old Rexdale (5),Non-Fatal Injury,0,0,1,0,0,0,0,1,0,0,0,0,0,Angle,"['Vehicle Owner', 'Driver', 'Passenger']",North,"['Other', 'Automobile, Station Wagon']",['Going Ahead'],['Other'],['Normal'],['Not Applicable'],['Not Applicable'],['Not Applicable'],['Not Applicable'],['Not Applicable'],False,"['unknown', '20 to 24', '60 to 64', '65 to 69']",3.0
919516.0,2006-08-19 08:00:00,2345,2006,QUEEN ST E,LESLIE ST,Minor Arterial,Toronto and East York,43.663245,-79.33019,634631.6138,4835825.0414,At Intersection,Traffic Signal,Clear,Dark,Dry,65,Greenwood-Coxwell,70,South Riverdale (70),Fatal,1,0,1,0,0,0,0,0,0,1,0,0,0,Pedestrian Collisions,"['Driver', 'Pedestrian']",North,"['Automobile, Station Wagon', 'Other']",['Turning Right'],['Failed to Yield Right of Way'],['Normal'],['Crossing with right of way'],['Had Been Drinking'],['Not Applicable'],['Not Applicable'],['Not Applicable'],True,"['75 to 79', '60 to 64']",4.0
919517.0,2006-08-21 08:00:00,1040,2006,DVP S EGLINTON RAMP E,EGLINTON AVE E,Major Arterial,North York,43.722145,-79.33279,634290.4513,4842362.4951,Unknown,No Control,Clear,Daylight,Other,44,Flemingdon Park,44,Flemingdon Park (44),Non-Fatal Injury,1,0,1,0,0,0,0,0,0,0,0,0,0,Pedestrian Collisions,"['Driver', 'Pedestrian']",East,"['Automobile, Station Wagon', 'Other']",['Going Ahead'],['Driving Properly'],['Normal'],['On Sidewalk or Shoulder'],['Inattentive'],['Not Applicable'],['Not Applicable'],['Not Applicable'],False,"['55 to 59', '25 to 29']",3.0
919520.0,2006-08-21 08:00:00,1142,2006,MCCOWAN RD,SHEPPARD AVE E,Major Arterial,Scarborough,43.789645,-79.25879,640093.4608,4849981.979,At Intersection,Traffic Signal,Clear,Daylight,Dry,128,Agincourt South-Malvern West,128,Agincourt South-Malvern West (128),Non-Fatal Injury,1,0,1,0,0,0,0,1,0,1,0,0,0,Pedestrian Collisions,"['Passenger', 'Driver', 'Pedestrian']",West,"['Other', 'Automobile, Station Wagon']",['Turning Right'],['Failed to Yield Right of Way'],['Normal'],['Crossing with right of way'],['Normal'],['Not Applicable'],['Not Applicable'],['Not Applicable'],False,"['40 to 44', '75 to 79', '65 to 69']",3.0
919534.0,2006-05-17 08:00:00,1215,2006,6 HAVENBROOK BLVD,Not Applicable,Local,North York,43.768745,-79.35689,632246.5665,4847499.3489,Unknown,No Control,Clear,Daylight,Dry,53,Henry Farm,53,Henry Farm (53),Non-Fatal Injury,0,1,1,0,0,0,0,0,0,1,0,0,0,Cyclist Collisions,"['Driver', 'Cyclist']",West,"['Automobile, Station Wagon', 'Bicycle']",['Overtaking'],['Improper Passing'],['Normal'],['Not Applicable'],['Not Applicable'],['Cyclist and Driver travelling in same direction. One vehicle sideswipes the other.'],['Improper Passing'],['Normal'],False,"['75 to 79', '70 to 74']",3.0
919596.0,2006-07-14 08:00:00,1600,2006,CHAPLIN CRES,EGLINTON AVE W,Major Arterial,North York,43.702745,-79.41739,627517.1604,4840074.2428,At Intersection,Traffic Signal,Clear,Daylight,Dry,102,Forest Hill North,102,Forest Hill North (102),Non-Fatal Injury,0,0,1,0,0,0,0,1,0,0,0,0,0,Turning Movement,"['Passenger', 'Driver']",North,"['Other', 'Automobile, Station Wagon']","['Going Ahead', 'Turning Left']","['Driving Properly', 'Improper Turn']",['Normal'],['Not Applicable'],['Not Applicable'],['Not Applicable'],['Not Applicable'],['Not Applicable'],False,"['40 to 44', '35 to 39', '55 to 59']",3.0
919641.0,2006-08-19 08:00:00,1335,2006,ELLESMERE RD,POLLARD DR,Major Arterial,Scarborough,43.758345,-79.31299,635803.4487,4846415.3198,Unknown,No Control,Clear,Daylight,Dry,119,Wexford/Maryvale,119,Wexford/Maryvale (119),Fatal,1,0,1,0,0,0,0,0,0,0,0,0,0,Pedestrian Collisions,"['Driver', 'Pedestrian']",South,"['Automobile, Station Wagon', 'Other']",['Going Ahead'],['Driving Properly'],['Normal'],['Running onto Roadway'],['Medical or Physical Disability'],['Not Applicable'],['Not Applicable'],['Not Applicable'],True,"['55 to 59', '5 to 9']",4.0
919681.0,2006-08-22 08:00:00,2004,2006,DUFFERIN ST,LIVINGSTONE AVE,Major Arterial,North York,43.696445,-79.45079,624839.0393,4839323.7103,At Intersection,Stop Sign,Clear,Daylight,Dry,108,Briar Hill-Belgravia,108,Briar Hill-Belgravia (108),Non-Fatal Injury,0,0,1,1,0,0,0,0,0,0,0,0,0,Turning Movement,"['Motorcycle Driver', 'Driver']",North,"['Motorcycle', 'Automobile, Station Wagon']","['Going Ahead', 'Turning Left']","['Driving Properly', 'Improper Turn']",['Normal'],['Not Applicable'],['Not Applicable'],['Not Applicable'],['Not Applicable'],['Not Applicable'],False,"['25 to 29', '50 to 54']",3.0
919684.0,2006-08-22 08:00:00,2046,2006,EGLINTON AVE E,BELLAMY RD N,Major Arterial,Scarborough,43.740245,-79.23209,642358.8407,4844540.8791,At Intersection,Traffic Signal,Clear,Dark,Dry,138,Eglinton East,138,Eglinton East (138),Non-Fatal Injury,1,0,1,0,0,0,0,1,0,1,0,0,0,Pedestrian Collisions,"['Vehicle Owner', 'Driver', 'Passenger', 'Pedestrian']",East,"['Other', 'Automobile, Station Wagon']","['Turning Left', 'Stopped', 'Going Ahead']","['Improper Turn', 'Driving Properly']",['Normal'],['On Sidewalk or Shoulder'],['Normal'],['Not Applicable'],['Not Applicable'],['Not Applicable'],False,"['unknown', '45 to 49', '40 to 44', '20 to 24', '35 to 39', '70 to 74']",3.0
919835.0,2006-07-28 08:00:00,1610,2006,225 BIRMINGHAM ST,Not Applicable,Collector,Etobicoke York,43.602045,-79.51169,620119.5533,4828749.4968,Unknown,No Control,Clear,Daylight,Dry,18,New Toronto,18,New Toronto (18),Non-Fatal Injury,0,1,1,0,0,0,0,0,0,1,0,0,0,Cyclist Collisions,"['Vehicle Owner', 'Driver', 'Cyclist']",East,"['Other', 'Automobile, Station Wagon', 'Bicycle']","['Turning Left', 'Going Ahead']",['Failed to Yield Right of Way'],['Inattentive'],['Not Applicable'],['Not Applicable'],['Motorist turned left across cyclists path.'],['Driving Properly'],['Normal'],False,"['unknown', '55 to 59', '45 to 49']",3.0