accident_number,date,time,year,street1,street2,road_class,district,latitude,longitude,x,y,accident_location,traffctl,visibility,light,road_surface_condition,hood_158,neighbourhood_new,hood_140,neighbourhood_old,accident_class,pedestrian,cyclist,automobile,motorcycle,truck,trsn_city_veh,emerg_veh,passenger,speeding,aggressive_driving,redlight,alcohol,disability,impact_type,involvement_type,initial_direction,vehicle_type,manoeuver,driver_action,driver_condition,pedestrian_action,pedestrian_condition,cyclist_type,cyclist_action,cyclist_condition,injury,involvement_age,injury_severity_score
920182.0,2006-07-31 08:00:00,1440,2006,BLOOR ST W,KENNEDY AVE,Major Arterial,Toronto and East York,43.651245,-79.47549,622940.8973,4834266.7572,Unknown,No Control,Clear,Daylight,Dry,87,High Park-Swansea,87,High Park-Swansea (87),Non-Fatal Injury,1,0,1,0,0,0,0,0,0,1,0,0,0,Pedestrian Collisions,"['Vehicle Owner', 'Driver', 'Pedestrian']",South,"['Other', 'Automobile, Station Wagon']",['Going Ahead'],['Improper Passing'],['Normal'],['Running onto Roadway'],['Normal'],['Not Applicable'],['Not Applicable'],['Not Applicable'],False,"['unknown', '40 to 44', '10 to 14']",3.0
920271.0,2006-08-23 08:00:00,954,2006,F G GARDINER XY W  W,GARDINER LAKESHORE W RAMP,Unknown,Toronto and East York,43.633245,-79.42779,626825.4692,4832339.3989,Unknown,No Control,Clear,Daylight,Dry,163,Fort York-Liberty Village,82,Niagara (82),Non-Fatal Injury,0,0,1,0,0,0,0,1,0,1,0,0,0,SMV Other,"['Driver', 'Passenger', 'Vehicle Owner']",West,"['Automobile, Station Wagon', 'Other']","['Changing Lanes', 'Going Ahead']","['Failed to Yield Right of Way', 'Driving Properly']","['Unknown', 'Normal']",['Not Applicable'],['Not Applicable'],['Not Applicable'],['Not Applicable'],['Not Applicable'],False,"['unknown', '40 to 44', '50 to 54']",3.0
920315.0,2006-07-31 08:00:00,1659,2006,BAY ST,KING ST W,Major Arterial,Toronto and East York,43.648645,-79.38029,630623.8146,4834123.4365,Unknown,Traffic Signal,Clear,Daylight,Dry,170,Yonge-Bay Corridor,76,Bay Street Corridor (76),Non-Fatal Injury,0,1,0,0,0,0,0,0,0,0,0,0,0,Cyclist Collisions,['Cyclist'],South,['Bicycle'],['Pulling Onto Shoulder or towardCurb'],[],[],['Not Applicable'],['Not Applicable'],"['Cyclist loses control and strikes object (pole, ttc track)']",['Lost control'],['Normal'],False,['30 to 34'],3.0
920395.0,2006-08-24 08:00:00,2130,2006,MCCOWAN RD,STEELES AVE E,Major Arterial,Scarborough,43.831045,-79.27519,638678.0886,4854552.4941,At Intersection,Traffic Signal,Clear,Dark,Dry,130,Milliken,NSA,NSA,Non-Fatal Injury,1,0,1,0,0,0,0,0,0,0,0,0,0,Pedestrian Collisions,"['Driver', 'Pedestrian']",South,"['Automobile, Station Wagon', 'Other']","['Going Ahead', 'Other']",[],[],['Not Applicable'],['Not Applicable'],['Not Applicable'],['Not Applicable'],['Not Applicable'],False,['unknown'],3.0
920424.0,2006-08-03 08:00:00,1831,2006,SHEPPARD AVE E,DORIS AVE,Major Arterial,North York,43.762045,-79.40829,628123.8749,4846674.406,Unknown,Traffic Signal,Clear,Daylight,Dry,153,Avondale,51,Willowdale East (51),Non-Fatal Injury,1,0,1,0,0,0,0,0,0,1,0,0,0,Pedestrian Collisions,"['Driver', 'Pedestrian']",West,"['Automobile, Station Wagon', 'Other']","['Going Ahead', 'Turning Left', 'Stopped']","['Driving Properly', 'Failed to Yield Right of Way']",['Normal'],['Crossing with right of way'],['Normal'],['Not Applicable'],['Not Applicable'],['Not Applicable'],False,"['55 to 59', '60 to 64', '40 to 44', '45 to 49']",3.0
920502.0,2006-08-25 08:00:00,2330,2006,LESLIE ST,COLDWATER RD,Major Arterial,North York,43.755245,-79.36049,631986.4994,4845994.2258,Unknown,No Control,Rain,Dark,Wet,40,St.Andrew-Windfields,40,St.Andrew-Windfields (40),Fatal,0,0,1,0,0,0,0,0,0,1,0,0,0,Turning Movement,"['Vehicle Owner', 'Driver']",North,"['Other', 'Automobile, Station Wagon']","['Turning Left', 'Going Ahead']","['Failed to Yield Right of Way', 'Driving Properly']","['Unknown', 'Normal']",['Not Applicable'],['Not Applicable'],['Not Applicable'],['Not Applicable'],['Not Applicable'],True,"['unknown', '60 to 64', '20 to 24']",4.0
920690.0,2006-08-27 08:00:00,1928,2006,F G GARDINER XY  W,BATHURST ST,Expressway,Toronto and East York,43.637945,-79.40389,628743.3932,4832898.1865,Unknown,No Control,Clear,Daylight,Dry,163,Fort York-Liberty Village,82,Niagara (82),Fatal,0,0,0,1,0,0,0,0,0,0,0,0,0,SMV Other,"['Vehicle Owner', 'Motorcycle Driver']",West,"['Other', 'Motorcycle']","['Other', 'Going Ahead']",['Lost control'],['Unknown'],['Not Applicable'],['Not Applicable'],['Not Applicable'],['Not Applicable'],['Not Applicable'],True,"['unknown', '30 to 34']",4.0
920756.0,2006-08-01 08:00:00,1838,2006,HENLEY CRES,KIPLING AVE,Local,Etobicoke York,43.730645,-79.57539,614733.1175,4842942.0402,At Intersection,No Control,Clear,Daylight,Dry,4,Rexdale-Kipling,4,Rexdale-Kipling (4),Non-Fatal Injury,0,1,1,0,0,0,0,0,0,1,0,0,0,Cyclist Collisions,"['Driver', 'Cyclist']",South,"['Automobile, Station Wagon', 'Bicycle']",['Going Ahead'],['Disobeyed Traffic Control'],['Unknown'],['Not Applicable'],['Not Applicable'],['Cyclist rode off sidewalk into road at midblock.'],['Driving Properly'],['Normal'],False,"['70 to 74', '60 to 64']",3.0
920927.0,2006-08-07 08:00:00,2330,2006,KING ST W,BLUE JAYS WAY,Major Arterial,Toronto and East York,43.646145,-79.39179,629701.7516,4833827.7417,Unknown,No Control,Clear,Dark,Dry,164,Wellington Place,77,Waterfront Communities-The Island (77),Non-Fatal Injury,1,0,1,0,0,0,0,0,0,1,0,0,0,Pedestrian Collisions,"['Driver', 'Pedestrian']",West,"['Automobile, Station Wagon', 'Other']",['Going Ahead'],['Failed to Yield Right of Way'],['Unknown'],['Running onto Roadway'],['Had Been Drinking'],['Not Applicable'],['Not Applicable'],['Not Applicable'],False,"['unknown', '25 to 29']",3.0
920995.0,2006-08-05 08:00:00,330,2006,333 KING ST W,Not Applicable,Major Arterial,Toronto and East York,43.646245,-79.39149,629725.7315,4833839.3169,Unknown,No Control,Clear,Dark,Dry,164,Wellington Place,77,Waterfront Communities-The Island (77),Non-Fatal Injury,0,0,1,0,0,0,0,1,0,1,0,0,0,SMV Unattended Vehicle,"['Other', 'Vehicle Owner', 'Passenger', 'Driver']",East,"['Other', 'Automobile, Station Wagon']","['Parked', 'Changing Lanes']",['Other'],['Inattentive'],['Not Applicable'],['Not Applicable'],['Not Applicable'],['Not Applicable'],['Not Applicable'],False,"['Over 95', 'unknown', '0 to 4', '35 to 39']",3.0
920998.0,2006-08-08 08:00:00,916,2006,2159 KIPLING AVE,Not Applicable,Major Arterial,Etobicoke York,43.721145,-79.57119,615089.5638,4841892.7556,Unknown,No Control,Clear,Daylight,Dry,4,Rexdale-Kipling,4,Rexdale-Kipling (4),Non-Fatal Injury,1,0,1,0,0,0,0,0,0,0,0,0,0,Pedestrian Collisions,"['Driver', 'Pedestrian']",North,"['Automobile, Station Wagon', 'Other']",['Going Ahead'],['Driving Properly'],['Normal'],['Other'],['Normal'],['Not Applicable'],['Not Applicable'],['Not Applicable'],False,"['65 to 69', '55 to 59']",3.0
921084.0,2006-08-29 08:00:00,921,2006,3680 KEELE ST,Not Applicable,Major Arterial,Etobicoke York,43.753345,-79.48849,621685.7975,4845587.1923,Unknown,No Control,Clear,Daylight,Dry,27,York University Heights,27,York University Heights (27),Non-Fatal Injury,1,0,1,0,0,0,0,0,0,0,0,0,0,Pedestrian Collisions,"['Pedestrian', 'Driver']",East,"['Other', 'Automobile, Station Wagon']",['Going Ahead'],['Other'],['Unknown'],"['Crossing, no Traffic Control']",['Inattentive'],['Not Applicable'],['Not Applicable'],['Not Applicable'],False,"['75 to 79', '45 to 49']",3.0
921174.0,2006-08-10 08:00:00,1826,2006,DON MILLS RD,FRESHMEADOW DR,Major Arterial,North York,43.808945,-79.35899,631989.0294,4851960.8365,At Intersection,Stop Sign,Clear,Daylight,Dry,48,Hillcrest Village,48,Hillcrest Village (48),Non-Fatal Injury,0,1,1,0,0,0,0,0,0,1,0,0,0,Cyclist Collisions,"['Driver', 'Cyclist']",North,"['Automobile, Station Wagon', 'Bicycle']",['Going Ahead'],['Improper Passing'],['Normal'],['Not Applicable'],['Not Applicable'],"['Motorist without ROW drives into path of cyclist at inter, lnwy, dwy-Driver not turn.']",['Driving Properly'],['Normal'],False,"['45 to 49', '40 to 44']",3.0
921181.0,2006-08-10 08:00:00,1836,2006,3279 KINGSTON RD,Not Applicable,Major Arterial,Scarborough,43.731545,-79.22519,642935.1611,4843586.4933,Unknown,No Control,Clear,Daylight,Dry,123,Cliffcrest,123,Cliffcrest (123),Non-Fatal Injury,0,1,1,0,0,0,0,0,0,0,0,0,0,Cyclist Collisions,"['Driver', 'Cyclist']",East,"['Automobile, Station Wagon', 'Bicycle']","['Turning Right', 'Going Ahead']",['Improper Turn'],['Normal'],['Not Applicable'],['Not Applicable'],"['Motorist turns right at non-signal Inter.(stop, yield, no cont.,and dwy) and strikes cyclist.']",['Driving Properly'],['Normal'],False,"['35 to 39', '65 to 69']",3.0
921192.0,2006-08-09 08:00:00,1825,2006,ORIOLE PKWY,TRANMER AVE,Minor Arterial,Toronto and East York,43.699945,-79.40409,628594.7906,4839783.8065,At Intersection,Stop Sign,Clear,Daylight,Dry,100,Yonge-Eglinton,100,Yonge-Eglinton (100),Non-Fatal Injury,0,0,1,0,0,0,0,0,0,1,0,0,0,Angle,"['Vehicle Owner', 'Driver']",South,"['Other', 'Automobile, Station Wagon']",['Going Ahead'],"['Failed to Yield Right of Way', 'Driving Properly']",['Normal'],['Not Applicable'],['Not Applicable'],['Not Applicable'],['Not Applicable'],['Not Applicable'],False,"['unknown', '35 to 39', '40 to 44']",3.0
921246.0,2006-08-12 08:00:00,236,2006,WELLESLEY ST E,CHURCH ST,Minor Arterial,Toronto and East York,43.665745,-79.38099,630530.3043,4836021.5163,At Intersection,Traffic Signal,Clear,Dark,Dry,167,Church-Wellesley,75,Church-Yonge Corridor (75),Non-Fatal Injury,1,0,1,0,0,0,0,0,0,0,0,0,0,Pedestrian Collisions,"['Driver', 'Pedestrian']",East,"['Automobile, Station Wagon', 'Other']",['Going Ahead'],['Driving Properly'],['Normal'],['Crossing without right of way'],['Had Been Drinking'],['Not Applicable'],['Not Applicable'],['Not Applicable'],False,"['20 to 24', '25 to 29']",3.0
921668.0,2006-08-15 08:00:00,1550,2006,QUEEN E ST E,SHERBOURNE ST,Major Arterial,Toronto and East York,43.654545,-79.36949,631481.93,4834795.7656,At Intersection,Traffic Signal,Clear,Daylight,Dry,73,Moss Park,73,Moss Park (73),Non-Fatal Injury,0,1,0,0,1,0,0,0,0,0,0,0,0,Cyclist Collisions,"['Vehicle Owner', 'Truck Driver', 'Cyclist']",South,"['Other', 'Truck - Open', 'Bicycle']","['Going Ahead', 'Turning Left']",['Driving Properly'],['Normal'],['Not Applicable'],['Not Applicable'],['Cyclist turned left across motorists path.'],['Disobeyed Traffic Control'],['Unknown'],False,"['unknown', '40 to 44']",3.0
921907.0,2006-09-02 08:00:00,315,2006,CHURCH ST,COLBORNE ST,Minor Arterial,Toronto and East York,43.649245,-79.37409,631122.5222,4834199.8521,At Intersection,Stop Sign,Clear,Dark,Dry,168,Downtown Yonge East,75,Church-Yonge Corridor (75),Non-Fatal Injury,0,0,1,0,0,0,0,1,1,1,0,0,0,SMV Other,"['Passenger', 'Vehicle Owner', 'Driver']",East,"['Other', 'Automobile, Station Wagon']",['Going Ahead'],['Exceeding Speed Limit'],['Had Been Drinking'],['Not Applicable'],['Not Applicable'],['Not Applicable'],['Not Applicable'],['Not Applicable'],False,"['unknown', '30 to 34']",3.0
921910.0,2006-09-02 08:00:00,1255,2006,RENFORTH DR,ERINGATE DR,Minor Arterial,Etobicoke York,43.659945,-79.58329,614231.0289,4835078.9478,At Intersection,Traffic Signal,Rain,Daylight,Wet,11,Eringate-Centennial-West Deane,11,Eringate-Centennial-West Deane (11),Non-Fatal Injury,0,0,1,0,0,0,0,0,0,0,0,0,1,Rear End,"['Driver', 'Vehicle Owner']",North,"['Automobile, Station Wagon', 'Other']","['Going Ahead', 'Stopped']","['Other', 'Driving Properly']","['Medical or Physical Disability', 'Normal']",['Not Applicable'],['Not Applicable'],['Not Applicable'],['Not Applicable'],['Not Applicable'],False,"['80 to 84', 'unknown', '40 to 44']",3.0
922297.0,2006-08-17 08:00:00,2144,2006,QUEEN ST W,SPADINA AVE,Major Arterial,Toronto and East York,43.649145,-79.39449,629477.5491,4834156.7146,Unknown,No Control,Clear,Dark,Dry,164,Wellington Place,77,Waterfront Communities-The Island (77),Non-Fatal Injury,1,0,0,0,0,0,0,0,0,0,0,0,0,Pedestrian Collisions,"['Vehicle Owner', 'Driver', 'Pedestrian']",East,['Other'],['Going Ahead'],['Wrong Way on One Way Road'],['Normal'],"['Crossing, no Traffic Control']",['Inattentive'],['Not Applicable'],['Not Applicable'],['Not Applicable'],False,"['unknown', '40 to 44', '35 to 39']",3.0
922379.0,2006-09-05 08:00:00,1115,2006,ST CLAIR AVE W,LANSDOWNE AVE,Major Arterial,Toronto and East York,43.676345,-79.45059,624896.8633,4837091.6334,At Intersection,Traffic Signal,Clear,Daylight,Dry,92,Corso Italia-Davenport,92,Corso Italia-Davenport (92),Non-Fatal Injury,0,0,1,0,0,0,0,1,0,1,0,0,0,Approaching,"['Passenger', 'Driver', 'Vehicle Owner']",West,"['Other', 'Automobile, Station Wagon']",['Going Ahead'],"['Driving Properly', 'Lost control']","['Normal', 'Unknown']",['Not Applicable'],['Not Applicable'],['Not Applicable'],['Not Applicable'],['Not Applicable'],False,"['30 to 34', '50 to 54', 'unknown', '40 to 44']",3.0
922598.0,2006-07-30 08:00:00,1435,2006,DON MILLS RD,MCNICOLL AVE,Major Arterial,North York,43.799645,-79.35409,632403.6924,4850935.7512,At Intersection,Traffic Signal,Clear,Daylight,Dry,48,Hillcrest Village,48,Hillcrest Village (48),Non-Fatal Injury,0,0,1,0,0,0,0,1,0,0,0,0,0,Turning Movement,"['Passenger', 'Driver', 'Vehicle Owner', 'Other Property Owner']",North,"['Other', 'Automobile, Station Wagon']","['Going Ahead', 'Turning Left']","['Driving Properly', 'Improper Turn']",['Normal'],['Not Applicable'],['Not Applicable'],['Not Applicable'],['Not Applicable'],['Not Applicable'],False,"['45 to 49', 'unknown', '35 to 39']",3.0
922700.0,2006-08-15 08:00:00,1405,2006,MARKHAM RD,STEELES AVE E,Major Arterial,Scarborough,43.836545,-79.25119,640594.8393,4855203.8827,Unknown,Traffic Signal,Clear,Daylight,Dry,130,Milliken,130,Milliken (130),Non-Fatal Injury,0,0,1,0,0,0,0,0,0,0,0,0,0,Turning Movement,"['Vehicle Owner', 'Driver']",North,"['Other', 'Automobile, Station Wagon']","['Turning Left', 'Going Ahead']","['Improper Turn', 'Driving Properly']",['Normal'],['Not Applicable'],['Not Applicable'],['Not Applicable'],['Not Applicable'],['Not Applicable'],False,"['unknown', '20 to 24', '45 to 49']",3.0
922716.0,2006-08-15 08:00:00,1813,2006,PIPERBROOK CRES,LING RD,Local,Scarborough,43.767545,-79.18169,646350.7252,4847660.8107,Unknown,No Control,Clear,Daylight,Dry,136,West Hill,136,West Hill (136),Non-Fatal Injury,1,0,1,0,0,0,0,0,0,0,0,0,0,Pedestrian Collisions,"['Driver', 'Pedestrian']",South,"['Automobile, Station Wagon', 'Other']",['Going Ahead'],['Driving Properly'],['Normal'],['Coming From Behind Parked Vehicle'],['Inattentive'],['Not Applicable'],['Not Applicable'],['Not Applicable'],False,"['25 to 29', '5 to 9']",3.0
922743.0,2006-08-18 08:00:00,2115,2006,BLOOR ST W,HURON ST,Major Arterial,Toronto and East York,43.667345,-79.40069,628938.5787,4836168.4102,Unknown,No Control,Clear,Dark,Dry,95,Annex,95,Annex (95),Non-Fatal Injury,0,1,1,0,0,0,0,0,0,0,0,0,0,Cyclist Collisions,"['Driver', 'Cyclist']",East,"['Automobile, Station Wagon', 'Bicycle']",['Changing Lanes'],['Driving Properly'],['Normal'],['Not Applicable'],['Not Applicable'],['Cyclist and Driver travelling in same direction. One vehicle sideswipes the other.'],['Other'],['Inattentive'],False,"['45 to 49', '25 to 29']",3.0
922819.0,2006-07-20 08:00:00,1624,2006,70 MILNER AVE,Not Applicable,Minor Arterial,Scarborough,43.784045,-79.25269,640597.3867,4849370.3528,Unknown,No Control,Clear,Daylight,Dry,128,Agincourt South-Malvern West,128,Agincourt South-Malvern West (128),Non-Fatal Injury,1,0,1,0,0,0,0,0,0,0,0,0,0,Pedestrian Collisions,"['Vehicle Owner', 'Driver', 'Pedestrian']",South,"['Other', 'Automobile, Station Wagon']",['Going Ahead'],['Driving Properly'],['Normal'],['Coming From Behind Parked Vehicle'],['Inattentive'],['Not Applicable'],['Not Applicable'],['Not Applicable'],False,"['unknown', '30 to 34', '60 to 64']",3.0
922913.0,2006-09-08 08:00:00,1025,2006,NEILSON RD,ELLESMERE RD,Major Arterial,Scarborough,43.782545,-79.20499,644439.2285,4849285.8787,At Intersection,Traffic Signal,Clear,Daylight,Dry,135,Morningside,135,Morningside (135),Non-Fatal Injury,1,0,0,0,0,1,0,1,0,0,0,0,0,Pedestrian Collisions,"['Passenger', 'Vehicle Owner', 'Driver', 'Pedestrian']",North,"['Other', 'Municipal Transit Bus (TTC)']",['Turning Left'],['Other'],['Normal'],['Crossing without right of way'],['Normal'],['Not Applicable'],['Not Applicable'],['Not Applicable'],False,"['35 to 39', 'unknown', '45 to 49', '75 to 79']",3.0
922947.0,2006-09-09 08:00:00,19,2006,DANFORTH AVE,GILLARD AVE,Major Arterial,Toronto and East York,43.682345,-79.32829,634742.0548,4837949.4423,At Intersection,No Control,Rain,Dark,Wet,65,Greenwood-Coxwell,65,Greenwood-Coxwell (65),Non-Fatal Injury,1,0,1,0,0,0,0,1,0,0,0,0,0,Pedestrian Collisions,"['Passenger', 'Driver', 'Pedestrian']",South,"['Other', 'Automobile, Station Wagon']",['Going Ahead'],['Driving Properly'],['Normal'],"['Crossing, no Traffic Control']",['Unknown'],['Not Applicable'],['Not Applicable'],['Not Applicable'],False,"['20 to 24', '50 to 54']",3.0
922948.0,2006-09-09 08:00:00,308,2006,MORNINGSIDE AVE,SHEPPARD AVE E,Major Arterial,Scarborough,43.801945,-79.19979,644810.7961,4851449.648,Unknown,Traffic Signal,Clear,Dark,Wet,146,Malvern East,132,Malvern (132),Fatal,0,0,1,0,1,0,0,1,0,1,1,0,0,Angle,"['Vehicle Owner', 'Passenger', 'Truck Driver', 'Driver']",East,"['Other', 'Truck - Open', 'Automobile, Station Wagon']",['Going Ahead'],"['Driving Properly', 'Disobeyed Traffic Control']",['Unknown'],['Not Applicable'],['Not Applicable'],['Not Applicable'],['Not Applicable'],['Not Applicable'],True,"['unknown', '25 to 29', '55 to 59']",4.0
923176.0,2006-09-10 08:00:00,1505,2006,36 GRAYLEE AVE,Not Applicable,Local,Scarborough,43.742345,-79.24749,641113.825,4844747.7675,Unknown,No Control,Clear,Daylight,Dry,138,Eglinton East,138,Eglinton East (138),Non-Fatal Injury,0,0,1,0,0,0,0,0,0,1,0,0,0,SMV Other,['Driver'],East,"['Automobile, Station Wagon']",['Going Ahead'],['Lost control'],['Normal'],['Not Applicable'],['Not Applicable'],['Not Applicable'],['Not Applicable'],['Not Applicable'],False,['45 to 49'],3.0
923248.0,2006-08-17 08:00:00,1725,2006,STEELES E AVE E,TAPSCOTT RD,Major Arterial,Scarborough,43.840445,-79.23489,641896.0399,4855664.8841,Unknown,No Control,Clear,Daylight,Dry,NSA,NSA,NSA,NSA,Non-Fatal Injury,0,0,1,0,0,0,0,0,0,0,0,0,0,Rear End,['Driver'],East,"['Automobile, Station Wagon']",['Going Ahead'],"['Driving Properly', 'Other']","['Normal', 'Unknown']",['Not Applicable'],['Not Applicable'],['Not Applicable'],['Not Applicable'],['Not Applicable'],False,"['50 to 54', 'unknown']",3.0
923250.0,2006-08-17 08:00:00,2256,2006,224 BEECHGROVE DR,Not Applicable,Collector,Scarborough,43.772345,-79.16079,648021.0879,4848231.0802,Unknown,No Control,Clear,Dark,Dry,136,West Hill,136,West Hill (136),Non-Fatal Injury,1,0,1,0,0,0,0,0,0,1,0,1,0,Pedestrian Collisions,"['Driver', 'Pedestrian']",South,"['Automobile, Station Wagon', 'Other']",['Going Ahead'],['Failed to Yield Right of Way'],"['Ability Impaired, Alcohol']",['On Sidewalk or Shoulder'],['Unknown'],['Not Applicable'],['Not Applicable'],['Not Applicable'],False,"['40 to 44', '15 to 19']",3.0
923341.0,2006-08-21 08:00:00,850,2006,BIRCHMOUNT RD,GLENDOWER CRCT,Major Arterial,Scarborough,43.797145,-79.30519,636343.1337,4850737.4846,Unknown,Traffic Signal,Clear,Daylight,Dry,148,East L'Amoreaux,117,L'Amoreaux (117),Non-Fatal Injury,1,0,1,0,0,0,0,0,0,0,0,0,0,Pedestrian Collisions,"['Driver', 'Pedestrian']",South,"['Automobile, Station Wagon', 'Other']",['Going Ahead'],['Driving Properly'],['Normal'],['Crossing without right of way'],['Normal'],['Not Applicable'],['Not Applicable'],['Not Applicable'],False,"['25 to 29', '10 to 14']",3.0
923394.0,2006-09-11 08:00:00,1629,2006,EGLINTON AVE E,LESLIE ST,Major Arterial,North York,43.715945,-79.35349,632636.7698,4841640.5612,At Intersection,No Control,Clear,Daylight,Dry,55,Thorncliffe Park,55,Thorncliffe Park (55),Fatal,0,1,0,0,1,0,0,0,0,1,0,0,0,Cyclist Collisions,"['Vehicle Owner', 'Truck Driver', 'Cyclist']",West,"['Other', 'Truck - Open', 'Bicycle']","['Overtaking', 'Going Ahead']",['Improper Passing'],['Inattentive'],['Not Applicable'],['Not Applicable'],['Cyclist and Driver travelling in same direction. One vehicle sideswipes the other.'],['Driving Properly'],['Normal'],True,"['unknown', '45 to 49']",4.0
923419.0,2006-08-20 08:00:00,1513,2006,QUEEN ST W,COWAN AVE,Major Arterial,Toronto and East York,43.641245,-79.43309,626381.1575,4833219.8171,At Intersection,Stop Sign,Clear,Daylight,Dry,85,South Parkdale,85,South Parkdale (85),Non-Fatal Injury,0,0,1,1,0,0,0,0,0,0,0,0,0,Turning Movement,"['Motorcycle Driver', 'Driver']",East,"['Motorcycle', 'Automobile, Station Wagon']","['Going Ahead', 'Making U Turn']","['Driving Properly', 'Improper Turn']",['Normal'],['Not Applicable'],['Not Applicable'],['Not Applicable'],['Not Applicable'],['Not Applicable'],False,"['55 to 59', '35 to 39']",3.0
923482.0,2020-05-19 08:00:00,920,2020,QUEEN ST E,CARLAW AVE,Minor Arterial,Toronto and East York,43.660987,-79.340053,633841.3992,4835558.3017,At Intersection,Traffic Signal,Clear,Daylight,Dry,70,South Riverdale,70,South Riverdale (70),Non-Fatal Injury,0,0,1,0,0,1,0,0,0,0,0,0,1,Angle,['Driver'],South,"['Automobile, Station Wagon', 'Street Car']",['Going Ahead'],"['Lost control', 'Driving Properly']","['Medical or Physical Disability', 'Normal']",['Not Applicable'],['Not Applicable'],['Not Applicable'],['Not Applicable'],['Not Applicable'],False,"['45 to 49', '40 to 44']",3.0
923585.0,2006-08-22 08:00:00,1104,2006,55 SUNNYPOINT CRES,Not Applicable,Local,Scarborough,43.714545,-79.23159,642460.0189,4841687.3707,Unknown,No Control,Clear,Daylight,Dry,123,Cliffcrest,123,Cliffcrest (123),Non-Fatal Injury,0,0,1,0,0,0,0,0,1,1,0,0,1,SMV Other,"['Driver', 'Other Property Owner']",North,"['Automobile, Station Wagon', 'Other']",['Going Ahead'],['Lost control'],['Medical or Physical Disability'],['Not Applicable'],['Not Applicable'],['Not Applicable'],['Not Applicable'],['Not Applicable'],False,"['35 to 39', 'unknown']",3.0
923640.0,2006-08-24 08:00:00,600,2006,JOHN ST,QUEEN ST W,Major Arterial,Toronto and East York,43.650145,-79.39119,629741.5297,4834272.9318,Unknown,No Control,Clear,Dawn,Dry,78,Kensington-Chinatown,78,Kensington-Chinatown (78),Non-Fatal Injury,1,0,1,0,0,0,0,0,0,0,0,0,1,Pedestrian Collisions,"['Vehicle Owner', 'Driver', 'Pedestrian']",East,"['Other', 'Automobile, Station Wagon']","['Turning Left', 'Parked']",['Lost control'],['Medical or Physical Disability'],['Other'],['Normal'],['Not Applicable'],['Not Applicable'],['Not Applicable'],False,"['unknown', '50 to 54', '30 to 34']",3.0
923655.0,2006-08-24 08:00:00,2126,2006,ATTWELL DR,READING CRT,Collector,Etobicoke York,43.690745,-79.58729,613850.2449,4838494.191,At Intersection,No Control,Clear,Daylight,Dry,1,West Humber-Clairville,1,West Humber-Clairville (1),Non-Fatal Injury,0,0,1,0,0,0,0,0,1,1,0,1,0,Approaching,"['Driver', 'Vehicle Owner']",North,"['Automobile, Station Wagon', 'Other']",['Going Ahead'],"['Driving Properly', 'Failed to Yield Right of Way']","['Normal', 'Ability Impaired, Alcohol Over .08']",['Not Applicable'],['Not Applicable'],['Not Applicable'],['Not Applicable'],['Not Applicable'],False,"['15 to 19', 'unknown', '45 to 49']",3.0
923881.0,2020-05-19 08:00:00,1040,2020,LAWRENCE AVE E,KENNEDY RD,Major Arterial,Scarborough,43.749427,-79.274898,638890.4997,4845488.0079,At Intersection,Traffic Signal,Clear,Daylight,Dry,126,Dorset Park,126,Dorset Park (126),Fatal,0,0,1,0,0,0,0,0,0,1,0,0,0,Sideswipe,['Driver'],West,"['Automobile, Station Wagon']","['Changing Lanes', 'Going Ahead']","['Improper Lane Change', 'Driving Properly']","['Unknown', 'Normal']",['Not Applicable'],['Not Applicable'],['Not Applicable'],['Not Applicable'],['Not Applicable'],True,"['55 to 59', '30 to 34']",4.0
923894.0,2006-09-12 08:00:00,2208,2006,F G GARDINER XY  W,DOWLING AVE,Local,Toronto and East York,43.634345,-79.43769,626024.5587,4832446.4901,Unknown,No Control,Rain,Dark,Wet,85,South Parkdale,85,South Parkdale (85),Non-Fatal Injury,1,0,1,0,0,0,0,1,0,0,0,0,0,Pedestrian Collisions,"['Passenger', 'Driver', 'Vehicle Owner', 'Pedestrian']",West,"['Other', 'Automobile, Station Wagon']",['Going Ahead'],['Driving Properly'],['Normal'],['Other'],['Unknown'],['Not Applicable'],['Not Applicable'],['Not Applicable'],False,"['45 to 49', 'unknown', '60 to 64', '0 to 4', '25 to 29', '55 to 59', '20 to 24']",3.0
923895.0,2006-09-13 08:00:00,2101,2006,THE WEST MALL,BURNHAMTHORPE RD,Major Arterial,Etobicoke York,43.644545,-79.56719,615558.7313,4833390.8733,At Intersection,Traffic Signal,Clear,Dark,Dry,13,Etobicoke West Mall,13,Etobicoke West Mall (13),Non-Fatal Injury,0,0,1,0,0,0,0,1,0,1,0,0,0,Turning Movement,"['Passenger', 'Driver']",North,"['Other', 'Automobile, Station Wagon']","['Turning Left', 'Going Ahead']","['Improper Turn', 'Driving Properly']",['Normal'],['Not Applicable'],['Not Applicable'],['Not Applicable'],['Not Applicable'],['Not Applicable'],False,"['60 to 64', '65 to 69', '15 to 19']",3.0
923965.0,2006-08-12 08:00:00,958,2006,100 UNWIN AVE,Not Applicable,Collector,Toronto and East York,43.639045,-79.34669,633354.8043,4833110.6675,Unknown,Stop Sign,Clear,Daylight,Dry,70,South Riverdale,70,South Riverdale (70),Non-Fatal Injury,0,1,0,0,1,0,0,0,0,0,0,0,0,Cyclist Collisions,"['Vehicle Owner', 'Truck Driver', 'Cyclist']",West,"['Other', 'Truck - Open', 'Bicycle']","['Turning Right', 'Going Ahead']",['Improper Turn'],['Normal'],['Not Applicable'],['Not Applicable'],"['Motorist turns right at non-signal Inter.(stop, yield, no cont.,and dwy) and strikes cyclist.']",['Driving Properly'],['Normal'],False,"['unknown', '45 to 49', '35 to 39']",3.0