accident_number,date,time,year,street1,street2,road_class,district,latitude,longitude,x,y,accident_location,traffctl,visibility,light,road_surface_condition,hood_158,neighbourhood_new,hood_140,neighbourhood_old,accident_class,pedestrian,cyclist,automobile,motorcycle,truck,trsn_city_veh,emerg_veh,passenger,speeding,aggressive_driving,redlight,alcohol,disability,impact_type,involvement_type,initial_direction,vehicle_type,manoeuver,driver_action,driver_condition,pedestrian_action,pedestrian_condition,cyclist_type,cyclist_action,cyclist_condition,injury,involvement_age,injury_severity_score
924041.0,2006-08-26 08:00:00,1536,2006,OSLER ST,DAVENPORT RD,Local,Toronto and East York,43.671045,-79.45999,624150.0571,4836488.8865,Unknown,No Control,Clear,Daylight,Dry,91,Weston-Pelham Park,91,Weston-Pellam Park (91),Non-Fatal Injury,1,0,1,0,0,0,0,0,0,0,0,0,0,Pedestrian Collisions,"['Driver', 'Pedestrian']",South,"['Automobile, Station Wagon', 'Other']",['Going Ahead'],['Driving Properly'],['Normal'],['Running onto Roadway'],['Inattentive'],['Not Applicable'],['Not Applicable'],['Not Applicable'],False,"['30 to 34', '0 to 4']",3.0
924064.0,2006-08-26 08:00:00,2056,2006,DUPONT ST,EDWIN AVE,Major Arterial,Toronto and East York,43.665045,-79.45459,624597.8033,4835830.6029,Unknown,No Control,Rain,Dark,Wet,171,Junction-Wallace Emerson,93,Dovercourt-Wallace Emerson-Junction (93),Non-Fatal Injury,1,0,1,0,0,0,0,0,0,0,0,0,0,Pedestrian Collisions,"['Driver', 'Pedestrian']",East,"['Automobile, Station Wagon', 'Other']",['Slowing or Stopping'],['Driving Properly'],['Normal'],"['Crossing, no Traffic Control']",['Unknown'],['Not Applicable'],['Not Applicable'],['Not Applicable'],False,"['55 to 59', '85 to 89']",3.0
924338.0,2006-07-30 08:00:00,720,2006,LAWRENCE AVE W,JANE ST,Major Arterial,Etobicoke York,43.702845,-79.50379,620555.3097,4839956.0862,At Intersection,Traffic Signal,Clear,Daylight,Dry,30,Brookhaven-Amesbury,30,Brookhaven-Amesbury (30),Non-Fatal Injury,1,0,1,0,0,0,0,0,0,1,0,0,0,Pedestrian Collisions,"['Driver', 'Pedestrian']",East,"['Automobile, Station Wagon', 'Other']",['Turning Right'],['Failed to Yield Right of Way'],['Unknown'],['Crossing with right of way'],['Normal'],['Not Applicable'],['Not Applicable'],['Not Applicable'],False,"['20 to 24', '80 to 84']",3.0
924445.0,2006-09-12 08:00:00,2226,2006,MARTIN GROVE RD,LEXINGTON AVE,Minor Arterial,Etobicoke York,43.744245,-79.59539,613096.7711,4844425.0167,At Intersection,Traffic Signal,Rain,Dark,Wet,1,West Humber-Clairville,1,West Humber-Clairville (1),Non-Fatal Injury,0,0,1,0,0,0,0,0,0,1,1,0,0,Angle,['Driver'],East,"['Automobile, Station Wagon']",['Going Ahead'],"['Disobeyed Traffic Control', 'Driving Properly']","['Inattentive', 'Normal']",['Not Applicable'],['Not Applicable'],['Not Applicable'],['Not Applicable'],['Not Applicable'],False,"['30 to 34', '55 to 59']",3.0
924979.0,2006-08-22 08:00:00,1045,2006,QUEEN ST W,JAMESON AVE,Major Arterial,Toronto and East York,43.640445,-79.43729,626044.0705,4833124.5801,At Intersection,Stop Sign,Clear,Daylight,Dry,85,South Parkdale,86,Roncesvalles (86),Non-Fatal Injury,1,0,1,0,0,0,0,1,0,0,0,0,0,Pedestrian Collisions,"['Passenger', 'Driver', 'Pedestrian']",North,"['Other', 'Automobile, Station Wagon']",['Turning Right'],['Driving Properly'],['Normal'],"['Crossing, no Traffic Control']",['Inattentive'],['Not Applicable'],['Not Applicable'],['Not Applicable'],False,"['10 to 14', '5 to 9', '60 to 64', '65 to 69']",3.0
925202.0,2006-08-29 08:00:00,1700,2006,LESLIE ST,LAWRENCE AVE E,Major Arterial,North York,43.734545,-79.35599,632394.3949,4843702.3637,At Intersection,Traffic Signal,Clear,Daylight,Dry,42,Banbury-Don Mills,42,Banbury-Don Mills (42),Non-Fatal Injury,1,0,1,0,0,0,0,0,0,0,0,0,0,Pedestrian Collisions,"['Driver', 'Pedestrian']",East,"['Automobile, Station Wagon', 'Other']",['Going Ahead'],['Driving Properly'],['Normal'],['Crossing without right of way'],['Unknown'],['Not Applicable'],['Not Applicable'],['Not Applicable'],False,"['40 to 44', '60 to 64']",3.0
925504.0,2006-08-18 08:00:00,1640,2006,DUPONT ST,MANNING AVE,Major Arterial,Toronto and East York,43.672145,-79.41909,627444.9711,4836673.0807,At Intersection,No Control,Clear,Daylight,Dry,95,Annex,95,Annex (95),Non-Fatal Injury,0,0,1,1,0,0,0,0,0,1,0,0,0,Turning Movement,"['Motorcycle Driver', 'Driver']",East,"['Motorcycle', 'Automobile, Station Wagon']","['Going Ahead', 'Turning Left']","['Driving Properly', 'Failed to Yield Right of Way']",['Normal'],['Not Applicable'],['Not Applicable'],['Not Applicable'],['Not Applicable'],['Not Applicable'],False,"['35 to 39', '70 to 74']",3.0
925612.0,2006-09-21 08:00:00,1408,2006,STEELES AVE W,BLACK HAWKWAY,Major Arterial,North York,43.789845,-79.45759,624097.9437,4849686.928,At Intersection,Traffic Signal,Clear,Daylight,Dry,35,Westminster-Branson,35,Westminster-Branson (35),Non-Fatal Injury,1,0,1,0,0,0,0,0,0,0,0,0,0,Pedestrian Collisions,"['Vehicle Owner', 'Driver', 'Pedestrian']",East,"['Other', 'Delivery Van']",['Going Ahead'],['Driving Properly'],['Normal'],['Crossing without right of way'],['Unknown'],['Not Applicable'],['Not Applicable'],['Not Applicable'],False,"['unknown', '55 to 59', '50 to 54']",3.0
925640.0,2006-08-25 08:00:00,1700,2006,2111 LAKE SHORE BLVD W,Not Applicable,Major Arterial,Etobicoke York,43.628546,-79.478587,622737.3532,4831741.162,Non Intersection,No Control,Clear,Daylight,Wet,161,Humber Bay Shores,17,Mimico (includes Humber Bay Shores) (17),Non-Fatal Injury,0,0,1,1,0,0,0,0,1,1,0,0,0,Rear End,"['Motorcycle Driver', 'Vehicle Owner', 'Driver']",East,"['Motorcycle', 'Delivery Van']","['Going Ahead', 'Stopped']","['Speed too Fast For Condition', 'Driving Properly']","['Inattentive', 'Normal']",['Not Applicable'],['Not Applicable'],['Not Applicable'],['Not Applicable'],['Not Applicable'],False,"['30 to 34', 'unknown', '55 to 59']",3.0
925837.0,2006-09-22 08:00:00,2158,2006,BRIMLEY RD,WETHERBY DR,Major Arterial,Scarborough,43.738745,-79.24919,640985.3877,4844345.0388,At Intersection,No Control,Rain,Dark,Wet,138,Eglinton East,138,Eglinton East (138),Fatal,0,0,1,0,0,0,0,0,1,1,0,0,0,SMV Other,"['Vehicle Owner', 'Driver']",South,"['Other', 'Automobile, Station Wagon']",['Turning Left'],['Lost control'],['Inattentive'],['Not Applicable'],['Not Applicable'],['Not Applicable'],['Not Applicable'],['Not Applicable'],True,"['unknown', '40 to 44']",4.0
925963.0,2006-08-31 08:00:00,2005,2006,VALENTINE DR,SHAMOKIN DR,Local,North York,43.761645,-79.34459,633252.3122,4846730.5035,At Intersection,Stop Sign,Clear,Dark,Dry,149,Parkwoods-O'Connor Hills,45,Parkwoods-Donalda (45),Non-Fatal Injury,0,1,1,0,0,0,0,0,0,0,0,0,0,Cyclist Collisions,"['Driver', 'Cyclist']",North,"['Automobile, Station Wagon', 'Bicycle']",['Going Ahead'],['Driving Properly'],['Normal'],['Not Applicable'],['Not Applicable'],"['Cyclist without ROW rides into path of motorist at inter, lnwy, dwy-Cyclist not turn.']",['Disobeyed Traffic Control'],['Normal'],False,"['55 to 59', '15 to 19']",3.0
925966.0,2006-08-31 08:00:00,117,2006,YONGE ST,BREADALBANE ST,Major Arterial,Toronto and East York,43.663845,-79.38419,630276.4162,4835805.466,At Intersection,Stop Sign,Clear,Dark,Dry,169,Bay-Cloverhill,76,Bay Street Corridor (76),Non-Fatal Injury,0,1,1,0,0,0,0,0,0,0,0,0,0,Cyclist Collisions,"['Driver', 'Cyclist']",East,"['Automobile, Station Wagon', 'Bicycle']",['Going Ahead'],['Driving Properly'],['Normal'],['Not Applicable'],['Not Applicable'],"['Motorist without ROW drives into path of cyclist at inter, lnwy, dwy-Driver not turn.']",['Failed to Yield Right of Way'],['Normal'],False,"['25 to 29', '30 to 34']",3.0
925968.0,2006-08-31 08:00:00,740,2006,SHEPPARD AVE E,REAN DR,Major Arterial,North York,43.767745,-79.38309,630139.9942,4847346.7733,At Intersection,Traffic Signal,Clear,Daylight,Dry,52,Bayview Village,52,Bayview Village (52),Non-Fatal Injury,1,0,1,0,0,0,0,0,0,0,0,0,0,Pedestrian Collisions,"['Driver', 'Pedestrian']",East,"['Automobile, Station Wagon', 'Other']",['Going Ahead'],['Driving Properly'],['Normal'],['Crossing without right of way'],['Normal'],['Not Applicable'],['Not Applicable'],['Not Applicable'],False,"['30 to 34', '65 to 69']",3.0
926117.0,2006-08-29 08:00:00,1415,2006,EASTERN AVE,MARIGOLD AVE,Minor Arterial,Toronto and East York,43.660845,-79.33029,634628.9155,4835558.3268,Unknown,No Control,Clear,Daylight,Dry,70,South Riverdale,70,South Riverdale (70),Non-Fatal Injury,0,0,1,1,0,0,0,0,0,0,0,0,0,Turning Movement,"['Motorcycle Driver', 'Driver']",East,"['Motorcycle', 'Automobile, Station Wagon']","['Going Ahead', 'Turning Left']","['Driving Properly', 'Improper Turn']","['Normal', 'Inattentive']",['Not Applicable'],['Not Applicable'],['Not Applicable'],['Not Applicable'],['Not Applicable'],False,"['35 to 39', '55 to 59']",3.0
926125.0,2006-08-29 08:00:00,2114,2006,LAWRENCE AVE W,BENTON RD,Major Arterial,Etobicoke York,43.710245,-79.47189,623110.486,4840824.8394,At Intersection,Traffic Signal,Clear,Dark,Dry,30,Brookhaven-Amesbury,30,Brookhaven-Amesbury (30),Non-Fatal Injury,0,0,1,1,0,0,0,0,0,1,0,0,0,Sideswipe,"['Motorcycle Driver', 'Driver']",West,"['Motorcycle', 'Automobile, Station Wagon']","['Going Ahead', 'Pulling Away from Shoulder or Curb']","['Driving Properly', 'Failed to Yield Right of Way']",['Unknown'],['Not Applicable'],['Not Applicable'],['Not Applicable'],['Not Applicable'],['Not Applicable'],False,"['15 to 19', '45 to 49']",3.0
926129.0,2006-09-25 08:00:00,1242,2006,BRENTCLIFFE RD,WICKSTEED AVE,Minor Arterial,North York,43.711445,-79.35849,632243.8819,4841132.7826,At Intersection,Traffic Signal,Clear,Daylight,Dry,55,Thorncliffe Park,55,Thorncliffe Park (55),Non-Fatal Injury,1,0,0,0,1,0,0,0,0,1,0,0,0,Pedestrian Collisions,"['Vehicle Owner', 'Truck Driver', 'Pedestrian']",South,"['Other', 'Truck - Open']",['Turning Left'],['Failed to Yield Right of Way'],['Normal'],['Crossing with right of way'],['Normal'],['Not Applicable'],['Not Applicable'],['Not Applicable'],False,"['unknown', '30 to 34', '80 to 84']",3.0
926327.0,2006-09-26 08:00:00,1525,2006,ELLESMERE RD,POLLARD DR,Major Arterial,Scarborough,43.758845,-79.31109,635955.2669,4846473.9697,Unknown,No Control,Clear,Daylight,Dry,119,Wexford/Maryvale,119,Wexford/Maryvale (119),Non-Fatal Injury,0,0,1,0,0,0,0,1,0,0,0,0,0,Rear End,"['Other', 'Passenger', 'Driver']",West,"['Other', 'Automobile, Station Wagon']","['Parked', 'Going Ahead']","['Lost control', 'Driving Properly']",['Normal'],['Not Applicable'],['Not Applicable'],['Not Applicable'],['Not Applicable'],['Not Applicable'],False,"['unknown', '45 to 49', '40 to 44', '0 to 4', '35 to 39']",3.0
926382.0,2006-06-10 08:00:00,1646,2006,OSSINGTON AVE,DUPONT ST,Major Arterial,Toronto and East York,43.670043,-79.428989,626651.3773,4836424.4645,At Intersection,Traffic Signal,Clear,Daylight,Dry,172,Dovercourt Village,93,Dovercourt-Wallace Emerson-Junction (93),Non-Fatal Injury,0,1,0,0,0,1,0,0,0,0,0,0,0,Cyclist Collisions,"['Vehicle Owner', 'Driver', 'Cyclist']",East,"['Municipal Transit Bus (TTC)', 'Bicycle']",['Going Ahead'],['Driving Properly'],['Normal'],['Not Applicable'],['Not Applicable'],"['Cyclist without ROW rides into path of motorist at inter, lnwy, dwy-Cyclist not turn.']",['Disobeyed Traffic Control'],['Normal'],False,"['unknown', '60 to 64', '35 to 39']",3.0
926656.0,2006-09-28 08:00:00,800,2006,LAWRENCE AVE E,MCCOWAN RD,Major Arterial,Scarborough,43.755945,-79.24349,641403.8815,4846265.0764,Unknown,No Control,Clear,Daylight,Dry,157,Bendale South,137,Woburn (137),Non-Fatal Injury,1,0,1,0,0,0,0,0,0,0,0,0,0,Pedestrian Collisions,"['Driver', 'Pedestrian']",West,"['Automobile, Station Wagon', 'Other']",['Going Ahead'],['Driving Properly'],['Normal'],['Running onto Roadway'],['Inattentive'],['Not Applicable'],['Not Applicable'],['Not Applicable'],False,"['40 to 44', '10 to 14']",3.0
926819.0,2006-08-08 08:00:00,1709,2006,GATEWAY BLVD,DON MILLS RD,Collector,North York,43.714645,-79.33529,634105.8102,4841525.4637,Unknown,No Control,Clear,Daylight,Dry,44,Flemingdon Park,44,Flemingdon Park (44),Non-Fatal Injury,0,0,1,0,0,0,0,1,0,1,0,0,0,Rear End,"['Driver', 'Passenger']",East,"['Automobile, Station Wagon', 'Other']","['Going Ahead', 'Turning Left']","['Following too Close', 'Driving Properly']",['Normal'],['Not Applicable'],['Not Applicable'],['Not Applicable'],['Not Applicable'],['Not Applicable'],False,"['45 to 49', '35 to 39']",3.0
927010.0,2006-09-30 08:00:00,805,2006,RONCESVALLES AVE,MARION ST,Minor Arterial,Toronto and East York,43.641045,-79.44699,625260.4397,4833176.5331,At Intersection,Pedestrian Crossover,Clear,Daylight,Dry,86,Roncesvalles,86,Roncesvalles (86),Non-Fatal Injury,1,0,1,0,0,0,0,0,0,1,0,0,0,Pedestrian Collisions,"['Driver', 'Pedestrian']",East,"['Automobile, Station Wagon', 'Other']",['Going Ahead'],['Failed to Yield Right of Way'],['Normal'],"['Crossing, Pedestrian Crossover']",['Normal'],['Not Applicable'],['Not Applicable'],['Not Applicable'],False,"['unknown', '65 to 69']",3.0
927027.0,2006-09-30 08:00:00,2042,2006,BLOOR ST W,THE WEST MALL,Major Arterial,Etobicoke York,43.635645,-79.56229,615971.0491,4832409.2513,Unknown,Traffic Signal,Rain,Dark,Wet,13,Etobicoke West Mall,13,Etobicoke West Mall (13),Non-Fatal Injury,0,0,1,0,0,0,0,0,0,0,0,0,0,Turning Movement,"['Driver', 'Vehicle Owner', 'Other Property Owner']",North,"['Automobile, Station Wagon', 'Other']","['Turning Left', 'Stopped', 'Going Ahead']","['Improper Turn', 'Driving Properly']",['Normal'],['Not Applicable'],['Not Applicable'],['Not Applicable'],['Not Applicable'],['Not Applicable'],False,"['80 to 84', '40 to 44', 'unknown', '20 to 24']",3.0
927087.0,2020-05-19 08:00:00,1952,2020,BURNHAMTHORPE RD,MILL RD,Major Arterial,Etobicoke York,43.639434,-79.583965,614215.4711,4832800.0138,Non Intersection,No Control,Clear,Daylight,Dry,12,Markland Wood,12,Markland Wood (12),Fatal,0,0,0,1,0,0,0,0,0,0,0,0,0,SMV Other,['Motorcycle Driver'],West,['Motorcycle'],['Going Ahead'],['Lost control'],['Unknown'],['Not Applicable'],['Not Applicable'],['Not Applicable'],['Not Applicable'],['Not Applicable'],True,['60 to 64'],4.0
927137.0,2006-10-01 08:00:00,413,2006,KENNEDY RD,SHEPPARD AVE E,Major Arterial,Scarborough,43.783245,-79.28829,637734.6365,4849221.6502,At Intersection,Traffic Signal,Clear,"Dark, artificial",Wet,118,Tam O'Shanter-Sullivan,118,Tam O'Shanter-Sullivan (118),Non-Fatal Injury,0,0,1,0,0,0,0,0,1,1,0,0,0,SMV Other,"['Driver', 'Other Property Owner']",North,"['Automobile, Station Wagon', 'Other']",['Going Ahead'],['Speed too Fast For Condition'],['Had Been Drinking'],['Not Applicable'],['Not Applicable'],['Not Applicable'],['Not Applicable'],['Not Applicable'],False,"['15 to 19', 'unknown']",3.0
927151.0,2006-10-01 08:00:00,1827,2006,1143 BRIMLEY RD,Not Applicable,Major Arterial,Scarborough,43.763445,-79.25889,640146.6118,4847071.8887,Unknown,No Control,Clear,Daylight,Dry,156,Bendale-Glen Andrew,127,Bendale (127),Non-Fatal Injury,0,0,1,0,0,0,0,1,1,1,0,0,0,Approaching,"['Passenger', 'Driver', 'Vehicle Owner']",North,"['Other', 'Automobile, Station Wagon']",['Going Ahead'],"['Driving Properly', 'Other']","['Normal', 'Inattentive']",['Not Applicable'],['Not Applicable'],['Not Applicable'],['Not Applicable'],['Not Applicable'],False,"['15 to 19', '45 to 49', '20 to 24', 'unknown']",3.0
927513.0,2006-09-04 08:00:00,1210,2006,70 HUMBERLINE DR,Not Applicable,Collector,Etobicoke York,43.731845,-79.61649,611420.8206,4843019.2336,Unknown,No Control,Clear,Daylight,Dry,1,West Humber-Clairville,1,West Humber-Clairville (1),Non-Fatal Injury,1,0,1,0,0,0,0,1,0,0,0,0,0,Pedestrian Collisions,"['Passenger', 'Driver', 'Pedestrian']",North,"['Other', 'Automobile, Station Wagon']",['Going Ahead'],['Driving Properly'],['Normal'],['Running onto Roadway'],['Inattentive'],['Not Applicable'],['Not Applicable'],['Not Applicable'],False,"['10 to 14', '15 to 19']",3.0
927542.0,2006-10-02 08:00:00,1340,2006,3295 BIRCHMOUNT RD,Not Applicable,Major Arterial,Scarborough,43.813045,-79.31319,635663.549,4852490.2863,Unknown,No Control,Clear,Daylight,Dry,116,Steeles,116,Steeles (116),Non-Fatal Injury,1,0,1,0,0,0,0,0,0,0,0,0,0,Pedestrian Collisions,"['Vehicle Owner', 'Driver', 'Other Property Owner', 'Pedestrian']",North,"['Other', 'Automobile, Station Wagon']",['Going Ahead'],['Other'],['Unknown'],['On Sidewalk or Shoulder'],['Normal'],['Not Applicable'],['Not Applicable'],['Not Applicable'],False,"['unknown', '20 to 24', '25 to 29']",3.0
927585.0,2006-09-05 08:00:00,930,2006,400 S JANE ST RAMP  S,JANE ST Stre,Major Arterial,Etobicoke York,43.711045,-79.50599,620361.6334,4840863.6129,Unknown,Traffic Signal,Clear,Daylight,Dry,23,Pelmo Park-Humberlea,23,Pelmo Park-Humberlea (23),Non-Fatal Injury,0,0,1,0,0,0,0,0,0,1,0,0,0,Rear End,"['Driver', 'Vehicle Owner']",East,"['Automobile, Station Wagon', 'Other']","['Stopped', 'Going Ahead']","['Driving Properly', 'Following too Close']",['Normal'],['Not Applicable'],['Not Applicable'],['Not Applicable'],['Not Applicable'],['Not Applicable'],False,"['35 to 39', 'unknown', '30 to 34']",3.0
927677.0,2006-08-12 08:00:00,1845,2006,562 BLOOR W ST W,Not Applicable,Major Arterial,Toronto and East York,43.665045,-79.411586,628065.0102,4835896.0871,Unknown,No Control,Clear,Daylight,Dry,80,Palmerston-Little Italy,95,Annex (95),Non-Fatal Injury,0,1,1,0,0,0,0,0,0,0,0,0,0,Cyclist Collisions,"['Driver', 'Cyclist']",West,"['Automobile, Station Wagon', 'Bicycle']","['Parked', 'Going Ahead']",['Other'],['Unknown'],['Not Applicable'],['Not Applicable'],['Cyclist struck opened vehicle door'],['Driving Properly'],['Normal'],False,"['45 to 49', '40 to 44']",3.0
927745.0,2006-09-05 08:00:00,2226,2006,QUEEN ST E,SPRUCE HILL RD,Minor Arterial,Toronto and East York,43.672545,-79.28809,638004.7317,4836927.1153,Unknown,No Control,Clear,Dark,Dry,63,The Beaches,63,The Beaches (63),Non-Fatal Injury,1,0,1,0,0,0,0,0,0,0,0,0,0,Pedestrian Collisions,"['Driver', 'Other', 'Pedestrian']",South,"['Automobile, Station Wagon', 'Other']",['Going Ahead'],['Driving Properly'],['Normal'],['Crossing without right of way'],['Had Been Drinking'],['Not Applicable'],['Not Applicable'],['Not Applicable'],False,"['25 to 29', 'unknown', '15 to 19']",3.0
927841.0,2006-10-02 08:00:00,929,2006,SKYMARK DR,DON MILLS RD,Collector,North York,43.793945,-79.35249,632545.0065,4850305.2371,Unknown,Pedestrian Crossover,Clear,Daylight,Dry,48,Hillcrest Village,48,Hillcrest Village (48),Non-Fatal Injury,1,0,1,0,0,0,0,0,0,1,0,0,0,Pedestrian Collisions,"['Driver', 'Pedestrian']",East,"['Automobile, Station Wagon', 'Other']",['Turning Left'],['Failed to Yield Right of Way'],['Inattentive'],"['Crossing, Pedestrian Crossover']",['Medical or Physical Disability'],['Not Applicable'],['Not Applicable'],['Not Applicable'],False,"['20 to 24', '85 to 89']",3.0
927891.0,2006-09-08 08:00:00,1252,2006,EGLINTON AVE W,BLACK CREEK DR,Major Arterial,Etobicoke York,43.687745,-79.48549,622060.4537,4838305.7976,Unknown,No Control,Clear,Daylight,Dry,110,Keelesdale-Eglinton West,110,Keelesdale-Eglinton West (110),Non-Fatal Injury,0,0,1,0,0,0,0,0,0,1,0,0,0,Rear End,['Driver'],West,"['Automobile, Station Wagon']","['Going Ahead', 'Stopped']","['Following too Close', 'Driving Properly']",['Normal'],['Not Applicable'],['Not Applicable'],['Not Applicable'],['Not Applicable'],['Not Applicable'],False,"['30 to 34', '50 to 54']",3.0
927912.0,2006-10-04 08:00:00,1403,2006,ISLINGTON AVE,REXDALE BLVD,Major Arterial,Etobicoke York,43.714445,-79.55499,616407.4437,4841171.2504,At Intersection,No Control,Clear,Daylight,Dry,1,West Humber-Clairville,1,West Humber-Clairville (1),Non-Fatal Injury,0,0,1,0,0,0,0,0,0,0,0,0,1,SMV Other,"['Driver', 'Other Property Owner']",North,"['Automobile, Station Wagon', 'Other']",['Going Ahead'],['Lost control'],['Medical or Physical Disability'],['Not Applicable'],['Not Applicable'],['Not Applicable'],['Not Applicable'],['Not Applicable'],False,"['70 to 74', 'unknown']",3.0
928049.0,2006-09-09 08:00:00,2017,2006,1132 LESLIE ST,Not Applicable,Major Arterial,North York,43.718645,-79.35039,632880.5286,4841945.4007,Unknown,Stop Sign,Clear,Dark,Dry,42,Banbury-Don Mills,42,Banbury-Don Mills (42),Non-Fatal Injury,0,0,1,0,0,0,0,1,0,1,0,0,0,Turning Movement,"['Vehicle Owner', 'Driver', 'Passenger', 'Other Property Owner']",South,"['Other', 'Automobile, Station Wagon']","['Going Ahead', 'Turning Left', 'Stopped']","['Driving Properly', 'Improper Turn']","['Normal', 'Had Been Drinking']",['Not Applicable'],['Not Applicable'],['Not Applicable'],['Not Applicable'],['Not Applicable'],False,"['unknown', '50 to 54', '0 to 4', '55 to 59', '40 to 44']",3.0
928305.0,2006-10-05 08:00:00,2034,2006,ELLESMERE RD,ORTON PARK RD,Major Arterial,Scarborough,43.779745,-79.21709,643472.2627,4848953.8523,At Intersection,Traffic Signal,Clear,Dark,Dry,135,Morningside,135,Morningside (135),Non-Fatal Injury,0,0,1,0,0,0,0,1,0,1,0,0,0,Turning Movement,"['Driver', 'Passenger', 'Vehicle Owner']",East,"['Automobile, Station Wagon', 'Other']","['Going Ahead', 'Turning Right']","['Driving Properly', 'Failed to Yield Right of Way', 'Other']","['Normal', 'Unknown']",['Not Applicable'],['Not Applicable'],['Not Applicable'],['Not Applicable'],['Not Applicable'],False,"['40 to 44', '0 to 4', 'unknown', '30 to 34']",3.0
928690.0,2006-09-15 08:00:00,2159,2006,DUFFERIN ST,GIBSON ST,Major Arterial,Toronto and East York,43.690345,-79.44809,625069.2932,4838650.2903,Unknown,No Control,Clear,Dark,Dry,109,Caledonia-Fairbank,109,Caledonia-Fairbank (109),Non-Fatal Injury,1,0,1,0,0,0,0,0,0,0,0,0,0,Pedestrian Collisions,"['Driver', 'Pedestrian']",East,"['Automobile, Station Wagon', 'Other']",['Going Ahead'],['Driving Properly'],['Normal'],"['Crossing, no Traffic Control']",['Normal'],['Not Applicable'],['Not Applicable'],['Not Applicable'],False,"['45 to 49', '55 to 59']",3.0
928810.0,2006-10-09 08:00:00,315,2006,ALBION RD,CLAIREPORT CRES,Major Arterial,Etobicoke York,43.747445,-79.63419,609966.7839,4844728.1874,Unknown,No Control,Clear,Dark,Dry,1,West Humber-Clairville,1,West Humber-Clairville (1),Non-Fatal Injury,0,0,1,0,0,0,0,0,0,0,0,0,0,SMV Other,['Driver'],West,"['Automobile, Station Wagon']",['Going Ahead'],['Lost control'],['Unknown'],['Not Applicable'],['Not Applicable'],['Not Applicable'],['Not Applicable'],['Not Applicable'],False,['45 to 49'],3.0
929097.0,2006-09-30 08:00:00,1904,2006,GATEWAY BLVD,SUNNY GLENWAY,Minor Arterial,North York,43.710745,-79.33119,634444.8226,4841098.9546,Unknown,Pedestrian Crossover,Rain,Dark,Wet,44,Flemingdon Park,44,Flemingdon Park (44),Non-Fatal Injury,1,0,1,0,0,0,0,0,0,1,0,0,0,Pedestrian Collisions,"['Vehicle Owner', 'Driver', 'Pedestrian']",North,"['Other', 'Automobile, Station Wagon']",['Going Ahead'],['Failed to Yield Right of Way'],['Inattentive'],"['Crossing, Pedestrian Crossover']",['Normal'],['Not Applicable'],['Not Applicable'],['Not Applicable'],False,"['unknown', '40 to 44', '25 to 29']",3.0
929165.0,2006-09-17 08:00:00,1,2006,LAWRENCE AVE W,HICKORY TREE RD,Major Arterial,Etobicoke York,43.699945,-79.51709,619489.4304,4839614.748,Unknown,No Control,Clear,Dark,Dry,113,Weston,113,Weston (113),Non-Fatal Injury,1,0,1,0,0,0,0,0,0,0,0,0,0,Pedestrian Collisions,"['Pedestrian', 'Driver']",North,"['Other', 'Automobile, Station Wagon']",['Going Ahead'],['Driving Properly'],['Normal'],['Running onto Roadway'],['Had Been Drinking'],['Not Applicable'],['Not Applicable'],['Not Applicable'],False,"['55 to 59', '50 to 54']",3.0
929168.0,2006-09-17 08:00:00,2019,2006,QUEEN ST E,KENILWORTH AVE,Minor Arterial,Toronto and East York,43.669645,-79.30149,636931.0799,4836582.8234,Unknown,No Control,Clear,Daylight,Dry,63,The Beaches,63,The Beaches (63),Non-Fatal Injury,0,1,1,0,0,0,0,0,0,0,0,0,0,Cyclist Collisions,"['Vehicle Owner', 'Driver', 'Cyclist']",East,"['Other', 'Automobile, Station Wagon', 'Bicycle']","['Merging', 'Going Ahead']",['Lost control'],['Inattentive'],['Not Applicable'],['Not Applicable'],['Motorist turned left across cyclists path.'],['Driving Properly'],['Normal'],False,"['unknown', '35 to 39', '20 to 24']",3.0
929172.0,2006-09-17 08:00:00,310,2006,STEELES AVE E,ASPENWOOD DR,Major Arterial,North York,43.809745,-79.36699,631343.8171,4852036.9591,Unknown,No Control,"Fog, Mist, Smoke, Dust",Dark,Dry,48,Hillcrest Village,48,Hillcrest Village (48),Non-Fatal Injury,0,0,1,0,0,0,0,1,0,0,0,0,0,Approaching,"['Passenger', 'Driver']",East,"['Other', 'Automobile, Station Wagon']",['Going Ahead'],"['Driving Properly', 'Other']","['Normal', 'Fatigue']",['Not Applicable'],['Not Applicable'],['Not Applicable'],['Not Applicable'],['Not Applicable'],False,"['0 to 4', '50 to 54', '20 to 24']",3.0
929484.0,2006-09-19 08:00:00,950,2006,WALMER RD,DAVENPORT RD,Minor Arterial,Toronto and East York,43.676845,-79.41039,628136.3246,4837208.4823,At Intersection,Traffic Signal,Clear,Daylight,Dry,96,Casa Loma,96,Casa Loma (96),Non-Fatal Injury,0,1,1,0,0,0,0,0,0,1,0,0,0,Cyclist Collisions,"['Driver', 'Cyclist']",South,"['Automobile, Station Wagon', 'Bicycle']","['Going Ahead', 'Turning Left']",['Failed to Yield Right of Way'],['Inattentive'],['Not Applicable'],['Not Applicable'],['Cyclist turned left across motorists path.'],['Driving Properly'],['Normal'],False,"['25 to 29', '45 to 49']",3.0
929542.0,2006-10-12 08:00:00,1210,2006,LAKE SHORE BLVD W,LEGION RD,Major Arterial,Etobicoke York,43.620245,-79.48379,622334.4424,4830811.5542,Unknown,No Control,Clear,Daylight,Dry,161,Humber Bay Shores,17,Mimico (includes Humber Bay Shores) (17),Non-Fatal Injury,1,0,0,0,1,0,0,0,0,0,0,0,0,Pedestrian Collisions,"['Truck Driver', 'Pedestrian']",East,"['Truck - Open', 'Other']",['Going Ahead'],['Driving Properly'],['Normal'],"['Crossing, no Traffic Control']",['Unknown'],['Not Applicable'],['Not Applicable'],['Not Applicable'],False,"['35 to 39', '60 to 64']",3.0