accident_number,date,time,year,street1,street2,road_class,district,latitude,longitude,x,y,accident_location,traffctl,visibility,light,road_surface_condition,hood_158,neighbourhood_new,hood_140,neighbourhood_old,accident_class,pedestrian,cyclist,automobile,motorcycle,truck,trsn_city_veh,emerg_veh,passenger,speeding,aggressive_driving,redlight,alcohol,disability,impact_type,involvement_type,initial_direction,vehicle_type,manoeuver,driver_action,driver_condition,pedestrian_action,pedestrian_condition,cyclist_type,cyclist_action,cyclist_condition,injury,involvement_age,injury_severity_score
929545.0,2006-09-20 08:00:00,830,2006,ISLINGTON AVE,ELMHURST DR,Major Arterial,Etobicoke York,43.723145,-79.55889,616076.4642,4842132.037,Unknown,Traffic Signal,Clear,Daylight,Dry,5,Elms-Old Rexdale,5,Elms-Old Rexdale (5),Non-Fatal Injury,0,0,1,0,0,0,0,1,0,1,1,0,0,Angle,"['Passenger', 'Driver', 'Other Property Owner']",East,"['Other', 'Automobile, Station Wagon']",['Going Ahead'],"['Driving Properly', 'Disobeyed Traffic Control']",['Normal'],['Not Applicable'],['Not Applicable'],['Not Applicable'],['Not Applicable'],['Not Applicable'],False,"['45 to 49', '65 to 69', '70 to 74', '15 to 19', 'unknown']",3.0
929596.0,2006-09-20 08:00:00,1315,2006,2440 DUNDAS ST W,Not Applicable,Minor Arterial,Toronto and East York,43.658545,-79.45309,624732.2007,4835110.9464,Unknown,No Control,Clear,Daylight,Dry,88,High Park North,88,High Park North (88),Non-Fatal Injury,1,0,1,0,1,0,0,0,0,0,0,0,0,Pedestrian Collisions,"['Truck Driver', 'Other Property Owner', 'Pedestrian', 'Driver']",North,"['Truck - Open', 'Other', 'Automobile, Station Wagon']","['Going Ahead', 'Reversing']","['Driving Properly', 'Lost control']",['Normal'],['On Sidewalk or Shoulder'],['Normal'],['Not Applicable'],['Not Applicable'],['Not Applicable'],False,"['35 to 39', 'unknown', '60 to 64', '80 to 84']",3.0
929816.0,2006-09-22 08:00:00,127,2006,DANFORTH AVE,BROADVIEW AVE,Major Arterial,Toronto and East York,43.676145,-79.35889,632289.2521,4837211.5869,Unknown,Traffic Signal,Clear,Dark,Wet,68,North Riverdale,68,North Riverdale (68),Non-Fatal Injury,0,1,0,0,1,0,0,0,0,0,0,0,0,Cyclist Collisions,"['Vehicle Owner', 'Truck Driver', 'Cyclist']",East,"['Other', 'Truck - Open', 'Bicycle']","['Turning Right', 'Going Ahead']",['Improper Turn'],['Normal'],['Not Applicable'],['Not Applicable'],['Motorist turning right on green or amber at signalized intersection strikes cyclist.'],['Driving Properly'],['Normal'],False,"['unknown', '30 to 34', '25 to 29']",3.0
930115.0,2006-09-21 08:00:00,1817,2006,LAWRENCE AVE W,BLOSSOMFIELD DR,Major Arterial,North York,43.715245,-79.44839,624993.3594,4841415.3288,At Intersection,Traffic Signal,Clear,Daylight,Dry,31,Yorkdale-Glen Park,31,Yorkdale-Glen Park (31),Non-Fatal Injury,0,0,1,1,0,0,0,0,0,0,0,0,0,Turning Movement,"['Motorcycle Driver', 'Driver']",East,"['Motorcycle', 'Automobile, Station Wagon']","['Going Ahead', 'Turning Left']","['Driving Properly', 'Improper Turn']","['Normal', 'Inattentive']",['Not Applicable'],['Not Applicable'],['Not Applicable'],['Not Applicable'],['Not Applicable'],False,"['30 to 34', '50 to 54']",3.0
930125.0,2006-09-21 08:00:00,1500,2006,27 SELLMAR RD,Not Applicable,Local,Etobicoke York,43.687145,-79.53389,618160.8496,4838169.0607,Unknown,No Control,Clear,Daylight,Dry,7,Willowridge-Martingrove-Richview,7,Willowridge-Martingrove-Richview (7),Non-Fatal Injury,1,0,1,0,0,0,0,0,0,0,0,0,0,Pedestrian Collisions,"['Vehicle Owner', 'Driver', 'Pedestrian']",East,"['Other', 'Automobile, Station Wagon']",['Reversing'],['Driving Properly'],['Normal'],['Playing or Working on Highway'],['Normal'],['Not Applicable'],['Not Applicable'],['Not Applicable'],False,"['unknown', '35 to 39', '85 to 89']",3.0
930421.0,2006-10-11 08:00:00,2255,2006,STEELES AVE W,KEELE ST,Major Arterial,Etobicoke York,43.781545,-79.49449,621145.8159,4848710.4269,At Intersection,Traffic Signal,Rain,Dark,Wet,27,York University Heights,27,York University Heights (27),Non-Fatal Injury,1,0,1,0,0,0,0,0,0,0,0,0,0,Pedestrian Collisions,"['Driver', 'Pedestrian']",Unknown,"['Automobile, Station Wagon', 'Other']","['Unknown', 'Other']",[],[],['Not Applicable'],['Not Applicable'],['Not Applicable'],['Not Applicable'],['Not Applicable'],False,['unknown'],3.0
930469.0,2006-09-26 08:00:00,1443,2006,EGLINTON AVE W,FAIRBANK AVE,Major Arterial,North York,43.695145,-79.45279,624680.5672,4839176.3182,Unknown,No Control,Clear,Daylight,Dry,109,Caledonia-Fairbank,108,Briar Hill-Belgravia (108),Non-Fatal Injury,1,0,1,0,0,0,0,0,0,1,0,0,0,Pedestrian Collisions,"['Driver', 'Pedestrian']",East,"['Automobile, Station Wagon', 'Other']",['Turning Left'],['Failed to Yield Right of Way'],['Inattentive'],['Crossing with right of way'],['Normal'],['Not Applicable'],['Not Applicable'],['Not Applicable'],False,"['50 to 54', '75 to 79']",3.0
930555.0,2006-09-28 08:00:00,1453,2006,BATHURST ST,FAIRHOLME AVE,Major Arterial,North York,43.718945,-79.42969,626492.0073,4841854.6358,Unknown,No Control,Clear,Daylight,Dry,39,Bedford Park-Nortown,39,Bedford Park-Nortown (39),Non-Fatal Injury,1,0,1,0,0,0,0,0,0,0,0,0,0,Pedestrian Collisions,"['Driver', 'Other Property Owner', 'Pedestrian']",South,"['Automobile, Station Wagon', 'Other']",['Going Ahead'],['Lost control'],['Unknown'],['On Sidewalk or Shoulder'],['Unknown'],['Not Applicable'],['Not Applicable'],['Not Applicable'],False,"['55 to 59', 'unknown', '35 to 39']",3.0
930606.0,2006-10-17 08:00:00,2028,2006,WILSON AVE,GARRATT BLVD,Major Arterial,North York,43.730345,-79.46809,623375.3695,4843062.8795,At Intersection,Traffic Signal,Rain,Dark,Wet,155,Downsview,26,Downsview-Roding-CFB (26),Non-Fatal Injury,1,0,1,0,0,0,0,0,0,0,0,0,0,Pedestrian Collisions,"['Vehicle Owner', 'Driver', 'Pedestrian']",South,"['Other', 'Automobile, Station Wagon']",['Slowing or Stopping'],['Driving Properly'],['Normal'],['Crossing without right of way'],['Normal'],['Not Applicable'],['Not Applicable'],['Not Applicable'],False,"['unknown', '30 to 34', '75 to 79']",3.0
930634.0,2006-09-29 08:00:00,320,2006,TRETHEWEY DR,YORKTOWN DR,Minor Arterial,Etobicoke York,43.692745,-79.47779,622670.8396,4838872.4776,Unknown,No Control,Clear,Dark,Dry,112,Beechborough-Greenbrook,112,Beechborough-Greenbrook (112),Non-Fatal Injury,0,0,1,0,0,0,0,1,0,1,0,1,0,Approaching,"['Passenger', 'Driver']",North,"['Other', 'Automobile, Station Wagon']",['Going Ahead'],"['Driving Properly', 'Lost control']","['Normal', 'Ability Impaired, Alcohol Over .08']",['Not Applicable'],['Not Applicable'],['Not Applicable'],['Not Applicable'],['Not Applicable'],False,"['15 to 19', '45 to 49', '30 to 34']",3.0
930768.0,2006-09-30 08:00:00,1910,2006,MARTIN GROVE RD,ALBION RD,Major Arterial,Etobicoke York,43.741945,-79.59419,613197.7282,4844171.2077,At Intersection,Traffic Signal,Rain,Daylight,Wet,2,Mount Olive-Silverstone-Jamestown,2,Mount Olive-Silverstone-Jamestown (2),Non-Fatal Injury,1,0,1,0,0,0,0,0,0,0,0,0,0,Pedestrian Collisions,"['Driver', 'Pedestrian']",South,"['Automobile, Station Wagon', 'Other']",['Turning Left'],['Improper Turn'],['Normal'],['Crossing with right of way'],['Normal'],['Not Applicable'],['Not Applicable'],['Not Applicable'],False,"['65 to 69', '75 to 79']",3.0
930852.0,2006-10-01 08:00:00,1540,2006,BIRCHMOUNT RD,EGLINTON AVE E,Major Arterial,Scarborough,43.732145,-79.27859,638633.1313,4843562.3984,Unknown,No Control,Clear,Daylight,Dry,125,Ionview,125,Ionview (125),Non-Fatal Injury,0,0,1,0,0,0,0,1,0,0,0,0,0,Rear End,"['Passenger', 'Driver']",North,"['Other', 'Automobile, Station Wagon']",['Slowing or Stopping'],"['Driving Properly', 'Lost control']",['Normal'],['Not Applicable'],['Not Applicable'],['Not Applicable'],['Not Applicable'],['Not Applicable'],False,"['55 to 59', '85 to 89', '65 to 69']",3.0
930890.0,2006-10-18 08:00:00,2136,2006,OLD FINCH AVE,REESOR RD,Collector,Scarborough,43.824745,-79.19059,645495.4797,4853998.1058,Unknown,No Control,Clear,Dark,Dry,144,Morningside Heights,131,Rouge (131),Fatal,0,0,0,1,0,0,0,0,0,0,0,0,0,SMV Other,['Motorcycle Driver'],West,['Motorcycle'],['Going Ahead'],['Lost control'],['Inattentive'],['Not Applicable'],['Not Applicable'],['Not Applicable'],['Not Applicable'],['Not Applicable'],True,['20 to 24'],4.0
931108.0,2006-10-03 08:00:00,1728,2006,STEELES AVE W,KEELE ST,Major Arterial,North York,43.781645,-79.49399,621185.8483,4848722.2652,Unknown,No Control,Clear,Daylight,Dry,27,York University Heights,27,York University Heights (27),Non-Fatal Injury,1,0,1,0,0,0,0,0,0,0,0,0,0,Pedestrian Collisions,"['Driver', 'Pedestrian']",South,"['Automobile, Station Wagon', 'Other']",['Going Ahead'],['Driving Properly'],['Normal'],['Crossing without right of way'],['Inattentive'],['Not Applicable'],['Not Applicable'],['Not Applicable'],False,"['60 to 64', '30 to 34']",3.0
931113.0,2006-10-03 08:00:00,1055,2006,KIPLING AVE,PENLEA AVE,Major Arterial,Etobicoke York,43.741245,-79.58109,614253.8963,4844111.4445,Unknown,Pedestrian Crossover,Clear,Daylight,Wet,3,Thistletown-Beaumond Heights,3,Thistletown-Beaumond Heights (3),Non-Fatal Injury,1,0,1,0,0,0,0,0,0,1,0,0,0,Pedestrian Collisions,"['Driver', 'Pedestrian']",South,"['Automobile, Station Wagon', 'Other']",['Going Ahead'],['Disobeyed Traffic Control'],['Inattentive'],"['Crossing, Pedestrian Crossover']",['Normal'],['Not Applicable'],['Not Applicable'],['Not Applicable'],False,"['55 to 59', '75 to 79']",3.0
931507.0,2006-10-21 08:00:00,1916,2006,DANFORTH AVE,SIBLEY AVE,Major Arterial,Toronto and East York,43.690245,-79.29269,637593.4318,4838885.3034,At Intersection,Stop Sign,Clear,Dark,Dry,61,Taylor-Massey,61,Taylor-Massey (61),Non-Fatal Injury,1,0,1,0,0,0,0,1,0,0,0,0,0,Pedestrian Collisions,"['Passenger', 'Driver', 'Pedestrian']",North,"['Other', 'Automobile, Station Wagon']",['Turning Right'],['Lost control'],['Other'],['On Sidewalk or Shoulder'],['Normal'],['Not Applicable'],['Not Applicable'],['Not Applicable'],False,"['15 to 19', '20 to 24', '55 to 59']",3.0
931671.0,2006-10-06 08:00:00,638,2006,LAWRENCE AVE W,KEELE ST,Major Arterial,Etobicoke York,43.708645,-79.47809,622614.248,4840637.9479,At Intersection,Traffic Signal,Clear,Dawn,Dry,30,Brookhaven-Amesbury,29,Maple Leaf (29),Non-Fatal Injury,0,0,1,0,0,0,0,0,0,1,1,0,0,Turning Movement,['Driver'],East,"['Automobile, Station Wagon']","['Turning Left', 'Going Ahead']","['Driving Properly', 'Disobeyed Traffic Control']",['Normal'],['Not Applicable'],['Not Applicable'],['Not Applicable'],['Not Applicable'],['Not Applicable'],False,"['55 to 59', '20 to 24']",3.0
931768.0,2006-10-05 08:00:00,1500,2006,ADELAIDE ST W,UNIVERSITY AVE,Major Arterial,Toronto and East York,43.648845,-79.38559,630195.952,4834137.3203,At Intersection,Traffic Signal,Clear,Daylight,Dry,170,Yonge-Bay Corridor,76,Bay Street Corridor (76),Non-Fatal Injury,1,0,1,0,0,0,0,0,0,0,0,0,0,Pedestrian Collisions,"['Driver', 'Pedestrian']",East,"['Automobile, Station Wagon', 'Other']",['Turning Left'],['Driving Properly'],['Normal'],['Crossing without right of way'],['Inattentive'],['Not Applicable'],['Not Applicable'],['Not Applicable'],False,"['55 to 59', '45 to 49']",3.0
931773.0,2006-10-05 08:00:00,1940,2006,QUEEN ST E,LOGAN AVE,Minor Arterial,Toronto and East York,43.660545,-79.34249,633645.8826,4835505.2832,At Intersection,Traffic Signal,Clear,Dark,Dry,70,South Riverdale,70,South Riverdale (70),Non-Fatal Injury,0,1,1,0,0,0,0,1,0,1,1,0,0,Cyclist Collisions,"['Driver', 'Passenger', 'Vehicle Owner', 'Cyclist']",East,"['Automobile, Station Wagon', 'Other', 'Taxi', 'Bicycle']",['Going Ahead'],"['Driving Properly', 'Disobeyed Traffic Control']","['Normal', 'Inattentive']",['Not Applicable'],['Not Applicable'],"['Motorist without ROW drives into path of cyclist at inter, lnwy, dwy-Driver not turn.']",['Driving Properly'],['Normal'],False,"['35 to 39', 'unknown', '25 to 29', '30 to 34']",3.0
932028.0,2006-10-09 08:00:00,1002,2006,PARLIAMENT ST,GERRARD ST E,Minor Arterial,Toronto and East York,43.661945,-79.36699,631667.353,4835621.5984,At Intersection,Traffic Signal,Clear,Daylight,Dry,72,Regent Park,72,Regent Park (72),Non-Fatal Injury,0,1,1,0,0,0,0,0,0,0,0,0,0,Cyclist Collisions,"['Driver', 'Cyclist']",East,"['Automobile, Station Wagon', 'Bicycle']","['Going Ahead', 'Turning Left']",['Driving Properly'],['Normal'],['Not Applicable'],['Not Applicable'],['Cyclist turned left across motorists path.'],['Improper Turn'],['Normal'],False,"['25 to 29', '35 to 39']",3.0
932038.0,2006-10-09 08:00:00,1912,2006,YONGE ST,CHURCH AVE,Major Arterial,North York,43.773745,-79.41399,627640.1636,4847965.0656,At Intersection,Traffic Signal,Clear,Dark,Dry,151,Yonge-Doris,51,Willowdale East (51),Non-Fatal Injury,1,0,1,0,0,0,0,0,0,1,1,0,0,Pedestrian Collisions,"['Driver', 'Pedestrian']",North,"['Automobile, Station Wagon', 'Other']",['Going Ahead'],['Disobeyed Traffic Control'],['Had Been Drinking'],['On Sidewalk or Shoulder'],['Normal'],['Not Applicable'],['Not Applicable'],['Not Applicable'],False,"['60 to 64', '25 to 29']",3.0
932044.0,2006-10-10 08:00:00,743,2006,CARSLAKE CRES,DANFORTH RD,Major Arterial,Scarborough,43.747145,-79.24459,641336.0415,4845285.8244,At Intersection,Stop Sign,Clear,Daylight,Dry,157,Bendale South,127,Bendale (127),Non-Fatal Injury,0,1,1,0,0,0,0,0,0,1,0,0,0,Cyclist Collisions,"['Driver', 'Cyclist']",South,"['Automobile, Station Wagon', 'Bicycle']","['Turning Right', 'Going Ahead']",['Failed to Yield Right of Way'],['Normal'],['Not Applicable'],['Not Applicable'],"['Motorist turns right at non-signal Inter.(stop, yield, no cont.,and dwy) and strikes cyclist.']",['Driving Properly'],['Normal'],False,"['50 to 54', '10 to 14']",3.0
932096.0,2006-10-11 08:00:00,1406,2006,SPADINA AVE,BALDWIN ST,Major Arterial,Toronto and East York,43.655545,-79.39909,629092.8618,4834860.3517,Unknown,No Control,Rain,Daylight,Wet,78,Kensington-Chinatown,78,Kensington-Chinatown (78),Non-Fatal Injury,1,0,0,0,0,1,0,0,0,0,0,0,0,Pedestrian Collisions,"['Pedestrian', 'Vehicle Owner', 'Driver']",North,"['Other', 'Municipal Transit Bus (TTC)']",['Slowing or Stopping'],['Driving Properly'],['Normal'],['Other'],['Had Been Drinking'],['Not Applicable'],['Not Applicable'],['Not Applicable'],False,"['unknown', '45 to 49', '30 to 34']",3.0
932337.0,2006-10-25 08:00:00,1300,2006,DON MILLS RD,GREEN BELT DR,Major Arterial,North York,43.727645,-79.34089,633625.7758,4842960.2567,Unknown,Traffic Signal,Clear,Daylight,Dry,42,Banbury-Don Mills,42,Banbury-Don Mills (42),Non-Fatal Injury,0,0,1,0,0,0,0,1,0,0,0,0,0,Turning Movement,"['Passenger', 'Driver', 'Vehicle Owner']",North,"['Other', 'Automobile, Station Wagon']","['Turning Left', 'Going Ahead']","['Improper Turn', 'Driving Properly']",['Normal'],['Not Applicable'],['Not Applicable'],['Not Applicable'],['Not Applicable'],['Not Applicable'],False,"['80 to 84', '70 to 74', 'unknown', '30 to 34']",3.0
932486.0,2006-10-15 08:00:00,1912,2006,2650 FINCH AVE W,Not Applicable,Major Arterial,Etobicoke York,43.746645,-79.56669,615403.0494,4844731.1507,Unknown,No Control,Clear,Dark,Dry,22,Humbermede,22,Humbermede (22),Non-Fatal Injury,0,1,1,0,0,0,0,0,0,1,0,0,0,Cyclist Collisions,"['Cyclist', 'Driver']",East,"['Bicycle', 'Automobile, Station Wagon']","['Going Ahead', 'Turning Right']",['Failed to Yield Right of Way'],['Normal'],['Not Applicable'],['Not Applicable'],"['Motorist without ROW drives into path of cyclist at inter, lnwy, dwy-Driver not turn.']",['Other'],['Normal'],False,"['45 to 49', '40 to 44']",3.0
93249.0,2020-01-14 10:00:00,1356,2020,LAKE SHORE BV E,DON RY,Major Arterial,North York,43.650023,-79.34885,633156.321,4834326.4501,Non Intersection,No Control,Clear,Daylight,Dry,166,St Lawrence-East Bayfront-The Islands,77,Waterfront Communities-The Island (77),Non-Fatal Injury,0,0,1,0,0,0,0,1,0,0,0,0,0,Turning Movement,"['Driver', 'Passenger']",West,"['Pick Up Truck', 'Automobile, Station Wagon']","['Turning Left', 'Going Ahead']","['Improper Turn', 'Driving Properly']",['Normal'],['Not Applicable'],['Not Applicable'],['Not Applicable'],['Not Applicable'],['Not Applicable'],False,"['35 to 39', '65 to 69', '45 to 49']",3.0
932574.0,2006-10-16 08:00:00,745,2006,CUMMER AVE,WILLOWDALE AVE,Minor Arterial,North York,43.788845,-79.40909,628002.2849,4849649.7186,Unknown,No Control,Clear,Daylight,Dry,50,Newtonbrook East,50,Newtonbrook East (50),Non-Fatal Injury,1,0,1,0,0,0,0,0,0,1,0,0,0,Pedestrian Collisions,"['Driver', 'Pedestrian']",East,"['Automobile, Station Wagon', 'Other']",['Going Ahead'],['Improper Passing'],['Normal'],"['Crossing, no Traffic Control']",['Normal'],['Not Applicable'],['Not Applicable'],['Not Applicable'],False,"['40 to 44', '75 to 79']",3.0
932578.0,2006-09-25 08:00:00,805,2006,THE WEST MALL,BURNHAMTHORPE RD,Major Arterial,Etobicoke York,43.644545,-79.56719,615558.7313,4833390.8733,At Intersection,Traffic Signal,Clear,Daylight,Dry,13,Etobicoke West Mall,13,Etobicoke West Mall (13),Non-Fatal Injury,1,0,1,0,0,0,0,0,0,1,0,0,0,Pedestrian Collisions,"['Driver', 'Pedestrian']",North,"['Automobile, Station Wagon', 'Other']",['Turning Left'],['Failed to Yield Right of Way'],['Inattentive'],['Crossing with right of way'],['Normal'],['Not Applicable'],['Not Applicable'],['Not Applicable'],False,"['45 to 49', '35 to 39']",3.0
932797.0,2006-10-17 08:00:00,1042,2006,RIVERSIDE DR,RIVERSIDE TRL,Local,Toronto and East York,43.643545,-79.48489,622198.4597,4833397.6907,Unknown,No Control,Rain,Daylight,Wet,87,High Park-Swansea,87,High Park-Swansea (87),Non-Fatal Injury,0,0,1,0,0,0,0,1,0,0,0,0,0,SMV Other,"['Passenger', 'Vehicle Owner', 'Driver', 'Other Property Owner']",North,"['Other', 'Automobile, Station Wagon']","['Other', 'Going Ahead']",['Lost control'],['Normal'],['Not Applicable'],['Not Applicable'],['Not Applicable'],['Not Applicable'],['Not Applicable'],False,"['10 to 14', '15 to 19', 'unknown']",3.0
932873.0,2006-08-20 08:00:00,1543,2006,COLLEGE ST,CLINTON ST,Major Arterial,Toronto and East York,43.655345,-79.41299,627972.4185,4834816.6077,At Intersection,No Control,Clear,Daylight,Dry,81,Trinity-Bellwoods,81,Trinity-Bellwoods (81),Non-Fatal Injury,0,1,1,0,0,0,0,1,0,0,0,0,0,Cyclist Collisions,"['Passenger', 'Driver', 'Cyclist']",West,"['Other', 'Automobile, Station Wagon', 'Bicycle']","['Parked', 'Going Ahead']",['Other'],['Normal'],['Not Applicable'],['Not Applicable'],['Cyclist struck opened vehicle door'],['Driving Properly'],['Normal'],False,"['35 to 39', '40 to 44', '20 to 24']",3.0
932897.0,2006-10-07 08:00:00,850,2006,ST CLAIR AVE W,MOULD AVE,Major Arterial,Etobicoke York,43.668145,-79.48699,621979.2694,4836126.7493,At Intersection,No Control,Clear,Daylight,Dry,111,Rockcliffe-Smythe,111,Rockcliffe-Smythe (111),Non-Fatal Injury,0,0,1,0,0,0,0,0,0,1,0,0,0,Rear End,['Driver'],West,"['Automobile, Station Wagon']","['Stopped', 'Going Ahead']","['Driving Properly', 'Following too Close']",['Normal'],['Not Applicable'],['Not Applicable'],['Not Applicable'],['Not Applicable'],['Not Applicable'],False,"['50 to 54', '20 to 24']",3.0
933152.0,2006-10-28 08:00:00,2030,2006,EGLINTON AVE E,BRENTCLIFFE RD,Major Arterial,North York,43.714745,-79.35889,632204.4001,4841498.6567,Unknown,No Control,Rain,Dark,Wet,55,Thorncliffe Park,55,Thorncliffe Park (55),Non-Fatal Injury,1,0,1,0,0,0,0,0,0,0,0,0,0,Pedestrian Collisions,"['Driver', 'Pedestrian']",North,"['Automobile, Station Wagon', 'Other']",['Going Ahead'],['Driving Properly'],['Normal'],"['Crossing, no Traffic Control']",['Normal'],['Not Applicable'],['Not Applicable'],['Not Applicable'],False,"['30 to 34', '40 to 44']",3.0
933173.0,2006-10-29 09:00:00,35,2006,HIGHWAY 27  N,HUMBER COLLEGE BLVD,Major Arterial,Etobicoke York,43.730445,-79.60139,612639.5294,4842884.158,At Intersection,Traffic Signal,Rain,Dark,Wet,1,West Humber-Clairville,1,West Humber-Clairville (1),Fatal,1,0,1,0,0,0,0,0,0,0,0,0,0,Pedestrian Collisions,"['Driver', 'Pedestrian']",East,"['Automobile, Station Wagon', 'Other']",['Going Ahead'],['Driving Properly'],['Normal'],['Crossing without right of way'],['Unknown'],['Not Applicable'],['Not Applicable'],['Not Applicable'],True,"['60 to 64', '15 to 19']",4.0
933527.0,2006-10-06 08:00:00,1830,2006,ROGERS RD,GLENHOLME AVE,Minor Arterial,Toronto and East York,43.686545,-79.441592,625600.9066,4838238.0694,At Intersection,Traffic Signal,Clear,"Dusk, artificial",Dry,107,Oakwood Village,107,Oakwood Village (107),Non-Fatal Injury,0,1,1,0,0,0,0,0,0,0,0,0,0,Cyclist Collisions,"['Driver', 'Cyclist']",South,"['Automobile, Station Wagon', 'Bicycle']",['Going Ahead'],['Driving Properly'],['Normal'],['Not Applicable'],['Not Applicable'],"['Cyclist without ROW rides into path of motorist at inter, lnwy, dwy-Cyclist not turn.']",['Disobeyed Traffic Control'],['Normal'],False,"['75 to 79', '40 to 44']",3.0
933951.0,2006-10-26 08:00:00,225,2006,SHERBOURNE ST,QUEEN ST E,Major Arterial,Toronto and East York,43.654545,-79.36949,631481.93,4834795.7656,At Intersection,Traffic Signal,Clear,Dark,Dry,73,Moss Park,73,Moss Park (73),Non-Fatal Injury,1,0,1,0,0,0,0,0,0,0,0,0,0,Pedestrian Collisions,"['Driver', 'Pedestrian']",East,"['Automobile, Station Wagon', 'Other']",['Turning Left'],['Driving Properly'],['Normal'],['Running onto Roadway'],['Inattentive'],['Not Applicable'],['Not Applicable'],['Not Applicable'],False,"['40 to 44', '45 to 49']",3.0
933963.0,2006-10-30 10:00:00,1320,2006,SHEPPARD AVE E,KENNEDY RD,Major Arterial,Scarborough,43.783245,-79.28829,637734.6365,4849221.6502,At Intersection,Traffic Signal,Clear,Daylight,Dry,118,Tam O'Shanter-Sullivan,118,Tam O'Shanter-Sullivan (118),Non-Fatal Injury,1,0,1,0,0,0,0,0,0,1,0,0,0,Pedestrian Collisions,"['Vehicle Owner', 'Driver', 'Pedestrian']",East,"['Other', 'Automobile, Station Wagon']",['Turning Right'],['Failed to Yield Right of Way'],['Normal'],['Crossing with right of way'],['Normal'],['Not Applicable'],['Not Applicable'],['Not Applicable'],False,"['unknown', '45 to 49', '70 to 74']",3.0
934047.0,2006-10-29 09:00:00,228,2006,QUEEN ST W,YORK ST,Major Arterial,Toronto and East York,43.651245,-79.38499,630239.1527,4834404.8133,At Intersection,Traffic Signal,Rain,Dark,Wet,170,Yonge-Bay Corridor,76,Bay Street Corridor (76),Non-Fatal Injury,1,0,1,0,0,0,0,0,0,1,1,0,0,Pedestrian Collisions,"['Driver', 'Pedestrian']",South,"['Automobile, Station Wagon', 'Other']",['Going Ahead'],['Disobeyed Traffic Control'],['Unknown'],['Crossing with right of way'],['Normal'],['Not Applicable'],['Not Applicable'],['Not Applicable'],False,"['unknown', '20 to 24']",3.0
934070.0,2006-10-27 08:00:00,2330,2006,1345 BAYVIEW AVE,AIRDRIE Road,Major Arterial,North York,43.699345,-79.37279,631118.2067,4839766.1918,Unknown,No Control,Rain,Dark,Wet,99,Mount Pleasant East,99,Mount Pleasant East (99),Non-Fatal Injury,0,0,1,0,0,0,0,1,1,1,0,0,0,SMV Other,"['Passenger', 'Driver', 'Other Property Owner']",North,"['Other', 'Automobile, Station Wagon']",['Going Ahead'],['Speed too Fast For Condition'],['Normal'],['Not Applicable'],['Not Applicable'],['Not Applicable'],['Not Applicable'],['Not Applicable'],False,"['25 to 29', '30 to 34', '15 to 19', 'unknown']",3.0
934337.0,2006-11-03 10:00:00,1053,2006,STEELES AVE E,TOWNSEND RD,Major Arterial,North York,43.811945,-79.35749,632103.0636,4852296.4285,Unknown,Traffic Signal,Clear,Daylight,Dry,NSA,NSA,NSA,NSA,Non-Fatal Injury,1,0,1,0,0,0,0,0,0,0,0,0,0,Pedestrian Collisions,"['Driver', 'Pedestrian']",West,"['Automobile, Station Wagon', 'Other']","['Going Ahead', 'Changing Lanes']","['Driving Properly', 'Improper Lane Change']",['Normal'],['On Sidewalk or Shoulder'],['Normal'],['Not Applicable'],['Not Applicable'],['Not Applicable'],False,"['50 to 54', '40 to 44', '60 to 64']",3.0
934341.0,2006-11-03 10:00:00,830,2006,F G GARDINER XY  W,ISLINGTON AVE,Expressway,Etobicoke York,43.620645,-79.51199,620058.3271,4830814.8175,Unknown,Missing Control,Other,Daylight,Other,160,Mimico-Queensway,17,Mimico (includes Humber Bay Shores) (17),Non-Fatal Injury,0,0,1,0,0,0,0,0,0,0,0,0,0,Other,"['Vehicle Owner', 'Driver']",West,"['Other', 'Automobile, Station Wagon']",['Unknown'],[],[],['Not Applicable'],['Not Applicable'],['Not Applicable'],['Not Applicable'],['Not Applicable'],False,"['unknown', '25 to 29', '40 to 44']",3.0
934738.0,2006-10-12 08:00:00,1500,2006,SCARLETT RD,LA ROSE AVE,Major Arterial,Etobicoke York,43.686845,-79.51309,619837.8324,4838165.5877,Unknown,Traffic Signal,Clear,Daylight,Dry,8,Humber Heights-Westmount,8,Humber Heights-Westmount (8),Non-Fatal Injury,0,0,1,0,1,0,0,0,0,1,0,1,0,Rear End,"['Vehicle Owner', 'Truck Driver', 'Driver']",North,"['Other', 'Truck - Open', 'Automobile, Station Wagon']","['Stopped', 'Going Ahead']","['Driving Properly', 'Following too Close']","['Unknown', 'Ability Impaired, Alcohol Over .08']",['Not Applicable'],['Not Applicable'],['Not Applicable'],['Not Applicable'],['Not Applicable'],False,"['unknown', '35 to 39', '25 to 29']",3.0
935003.0,2006-10-04 08:00:00,1500,2006,ROGERS RD,KEELE ST,Major Arterial,Etobicoke York,43.682145,-79.47159,623192.1825,4837704.3946,At Intersection,Traffic Signal,Clear,Daylight,Dry,110,Keelesdale-Eglinton West,110,Keelesdale-Eglinton West (110),Non-Fatal Injury,1,0,1,0,0,0,0,0,0,1,1,0,0,Pedestrian Collisions,"['Driver', 'Pedestrian']",East,"['Automobile, Station Wagon', 'Other']",['Slowing or Stopping'],['Disobeyed Traffic Control'],['Unknown'],['Crossing with right of way'],['Unknown'],['Not Applicable'],['Not Applicable'],['Not Applicable'],False,"['15 to 19', '10 to 14']",3.0