accident_number,date,time,year,street1,street2,road_class,district,latitude,longitude,x,y,accident_location,traffctl,visibility,light,road_surface_condition,hood_158,neighbourhood_new,hood_140,neighbourhood_old,accident_class,pedestrian,cyclist,automobile,motorcycle,truck,trsn_city_veh,emerg_veh,passenger,speeding,aggressive_driving,redlight,alcohol,disability,impact_type,involvement_type,initial_direction,vehicle_type,manoeuver,driver_action,driver_condition,pedestrian_action,pedestrian_condition,cyclist_type,cyclist_action,cyclist_condition,injury,involvement_age,injury_severity_score
935134.0,2006-11-07 10:00:00,1916,2006,BATHURST ST,SARANAC BLVD,Major Arterial,North York,43.723045,-79.43069,626402.832,4842308.4735,At Intersection,Traffic Signal,Rain,Dark,Wet,32,Englemount-Lawrence,32,Englemount-Lawrence (32),Non-Fatal Injury,1,0,1,0,0,0,0,0,0,0,0,0,0,Pedestrian Collisions,"['Vehicle Owner', 'Driver', 'Pedestrian']",East,"['Other', 'Automobile, Station Wagon']",['Going Ahead'],['Driving Properly'],['Normal'],['Crossing without right of way'],['Normal'],['Not Applicable'],['Not Applicable'],['Not Applicable'],False,"['unknown', '55 to 59', '70 to 74']",3.0
935226.0,2006-10-10 08:00:00,1256,2006,FINCH Aven W,WESTMORE Driv,Major Arterial,Etobicoke York,43.734645,-79.60099,612663.869,4843351.1709,At Intersection,Traffic Signal,Clear,Daylight,Dry,1,West Humber-Clairville,1,West Humber-Clairville (1),Non-Fatal Injury,0,0,1,0,0,0,0,0,0,1,1,0,0,Angle,['Driver'],South,"['Automobile, Station Wagon']",['Going Ahead'],"['Driving Properly', 'Disobeyed Traffic Control']","['Normal', 'Inattentive']",['Not Applicable'],['Not Applicable'],['Not Applicable'],['Not Applicable'],['Not Applicable'],False,"['60 to 64', '45 to 49']",3.0
935297.0,2006-10-13 08:00:00,2325,2006,ADELAIDE ST E,YONGE ST,Major Arterial,Toronto and East York,43.650445,-79.37849,630765.0735,4834326.1849,At Intersection,Traffic Signal,Clear,Dark,Dry,170,Yonge-Bay Corridor,76,Bay Street Corridor (76),Non-Fatal Injury,0,1,1,0,0,0,0,0,0,1,0,0,0,Cyclist Collisions,"['Vehicle Owner', 'Driver', 'Other Property Owner', 'Cyclist']",East,"['Other', 'Automobile, Station Wagon', 'Bicycle']","['Going Ahead', 'Stopped']","['Failed to Yield Right of Way', 'Other']","['Inattentive', 'Had Been Drinking']",['Not Applicable'],['Not Applicable'],['Insufficient information (to determine cyclist crash type).'],['Driving Properly'],['Normal'],False,"['unknown', '45 to 49', '20 to 24', '40 to 44']",3.0
935384.0,2006-10-18 08:00:00,637,2006,MCCOWAN RD,BUSHBY DR,Major Arterial,Scarborough,43.774545,-79.25219,640659.896,4848316.0775,At Intersection,Traffic Signal,Clear,Dawn,Dry,142,Woburn North,137,Woburn (137),Non-Fatal Injury,1,0,1,0,0,0,0,0,0,1,0,0,0,Pedestrian Collisions,"['Vehicle Owner', 'Driver', 'Pedestrian']",North,"['Other', 'Automobile, Station Wagon']","['Turning Left', 'Going Ahead', 'Other']","['Failed to Yield Right of Way', 'Lost control']",['Inattentive'],['On Sidewalk or Shoulder'],['Normal'],['Not Applicable'],['Not Applicable'],['Not Applicable'],False,"['unknown', '20 to 24', '25 to 29', '30 to 34']",3.0
935412.0,2006-10-02 08:00:00,2308,2006,GILROY DR,BRIGSTOCK RD,Local,Scarborough,43.760945,-79.28099,638373.4671,4846757.0605,Unknown,No Control,Clear,Dark,Dry,126,Dorset Park,126,Dorset Park (126),Non-Fatal Injury,1,0,1,0,0,0,0,0,0,0,0,0,0,Pedestrian Collisions,"['Vehicle Owner', 'Driver', 'Pedestrian']",North,"['Other', 'Automobile, Station Wagon']",['Going Ahead'],['Other'],['Normal'],['Other'],['Normal'],['Not Applicable'],['Not Applicable'],['Not Applicable'],False,"['unknown', '30 to 34']",3.0
935641.0,2006-11-10 10:00:00,1906,2006,ROGERS RD,CHAMBERS AVE,Minor Arterial,Etobicoke York,43.682345,-79.46549,623683.4452,4837735.686,At Intersection,Stop Sign,Clear,Dark,Dry,110,Keelesdale-Eglinton West,110,Keelesdale-Eglinton West (110),Non-Fatal Injury,1,0,1,0,0,0,0,0,0,0,0,0,0,Pedestrian Collisions,"['Pedestrian', 'Driver']",West,"['Other', 'Automobile, Station Wagon']",['Going Ahead'],['Driving Properly'],['Normal'],['Crossing without right of way'],['Inattentive'],['Not Applicable'],['Not Applicable'],['Not Applicable'],False,"['50 to 54', '75 to 79']",3.0
935742.0,2006-11-11 10:00:00,638,2006,F G GARDINER XY  W,GARDINER W LAKE SHORE W RAMP,Expressway,Etobicoke York,43.629745,-79.47859,622734.6708,4831874.3215,Unknown,No Control,Clear,Dark,Wet,161,Humber Bay Shores,17,Mimico (includes Humber Bay Shores) (17),Fatal,0,0,1,0,0,0,0,1,0,0,0,0,0,Sideswipe,"['Driver', 'Passenger', 'Vehicle Owner']",West,"['Automobile, Station Wagon', 'Other']",['Going Ahead'],"['Lost control', 'Driving Properly']","['Unknown', 'Normal']",['Not Applicable'],['Not Applicable'],['Not Applicable'],['Not Applicable'],['Not Applicable'],True,"['45 to 49', '25 to 29', '60 to 64', '50 to 54', 'unknown']",4.0
935843.0,2006-11-12 10:00:00,318,2006,101 YORK MILLS RD,Not Applicable,Major Arterial,North York,43.745045,-79.39829,628965.3387,4844801.8219,Unknown,No Control,Clear,Dark,Dry,41,Bridle Path-Sunnybrook-York Mills,41,Bridle Path-Sunnybrook-York Mills (41),Non-Fatal Injury,0,0,1,0,0,0,0,1,0,0,0,0,0,SMV Unattended Vehicle,"['Other', 'Passenger', 'Vehicle Owner', 'Driver']",East,"['Other', 'Automobile, Station Wagon']","['Parked', 'Going Ahead']",['Lost control'],['Had Been Drinking'],['Not Applicable'],['Not Applicable'],['Not Applicable'],['Not Applicable'],['Not Applicable'],False,"['unknown', '45 to 49', '15 to 19']",3.0
935844.0,2006-11-12 10:00:00,2000,2006,LAWRENCE AVE E,WEXFORD BLVD,Major Arterial,Scarborough,43.743845,-79.30179,636738.0708,4844823.3019,Unknown,No Control,Clear,Dark,Dry,119,Wexford/Maryvale,119,Wexford/Maryvale (119),Non-Fatal Injury,1,0,1,0,0,0,0,0,0,0,0,0,0,Pedestrian Collisions,"['Driver', 'Pedestrian']",South,"['Automobile, Station Wagon', 'Other']",['Overtaking'],['Other'],['Inattentive'],"['Crossing, no Traffic Control']",['Inattentive'],['Not Applicable'],['Not Applicable'],['Not Applicable'],False,"['50 to 54', '55 to 59']",3.0
936265.0,2006-08-21 08:00:00,1315,2006,KHEDIVE AVE,SULTANA AVE,Local,North York,43.728345,-79.43379,626142.0099,4842892.391,At Intersection,Stop Sign,Clear,Daylight,Dry,32,Englemount-Lawrence,32,Englemount-Lawrence (32),Non-Fatal Injury,1,0,1,0,0,0,0,0,0,1,0,0,0,Pedestrian Collisions,"['In-Line Skater', 'Driver']",North,"['Automobile, Station Wagon', 'Other']","['Stopped', 'Going Ahead']",['Disobeyed Traffic Control'],['Normal'],['Crossing with right of way'],['Normal'],['Not Applicable'],['Not Applicable'],['Not Applicable'],False,"['50 to 54', '15 to 19']",3.0
936341.0,2006-11-04 10:00:00,1805,2006,BIRCHMOUNT RD,IVY BUSH AVE,Major Arterial,Scarborough,43.810745,-79.31209,635757.23,4852236.6384,At Intersection,Traffic Signal,Clear,Dark,Dry,116,Steeles,116,Steeles (116),Fatal,0,0,1,0,0,0,0,0,0,1,0,0,0,Turning Movement,"['Driver', 'Vehicle Owner']",North,"['Automobile, Station Wagon', 'Other']","['Turning Left', 'Going Ahead', 'Stopped']","['Failed to Yield Right of Way', 'Driving Properly']","['Unknown', 'Normal']",['Not Applicable'],['Not Applicable'],['Not Applicable'],['Not Applicable'],['Not Applicable'],True,"['75 to 79', 'unknown', '25 to 29', '65 to 69']",4.0
936387.0,2006-10-27 08:00:00,2215,2006,RICHMOND ST E,BERTI ST,Major Arterial,Toronto and East York,43.652245,-79.37639,630930.5163,4834529.4099,Unknown,No Control,Rain,Dark,Wet,168,Downtown Yonge East,75,Church-Yonge Corridor (75),Non-Fatal Injury,1,0,1,0,0,0,0,0,0,0,0,0,0,Pedestrian Collisions,"['Vehicle Owner', 'Driver', 'Pedestrian']",North,"['Other', 'Automobile, Station Wagon']",['Going Ahead'],['Driving Properly'],['Normal'],['Running onto Roadway'],"['Ability Impaired, Alcohol']",['Not Applicable'],['Not Applicable'],['Not Applicable'],False,"['unknown', '45 to 49', '25 to 29']",3.0
936669.0,2006-10-28 08:00:00,2241,2006,FINCH AVE W,WESTMORE DR,Major Arterial,Etobicoke York,43.734645,-79.60099,612663.869,4843351.1709,At Intersection,Traffic Signal,Rain,Dark,Wet,1,West Humber-Clairville,1,West Humber-Clairville (1),Non-Fatal Injury,1,0,1,0,0,0,0,0,0,0,0,0,0,Pedestrian Collisions,"['Vehicle Owner', 'Driver', 'Pedestrian']",North,"['Other', 'Automobile, Station Wagon']",['Going Ahead'],['Driving Properly'],['Normal'],['Crossing without right of way'],['Had Been Drinking'],['Not Applicable'],['Not Applicable'],['Not Applicable'],False,"['unknown', '45 to 49', '20 to 24']",3.0
936726.0,2006-11-17 10:00:00,203,2006,KENNEDY RD,EGLINTON AVE E,Major Arterial,Scarborough,43.732145,-79.26789,639494.862,4843580.357,At Intersection,Traffic Signal,Rain,Dark,Wet,124,Kennedy Park,124,Kennedy Park (124),Non-Fatal Injury,1,0,1,0,0,0,0,0,0,0,0,0,0,Pedestrian Collisions,"['Driver', 'Pedestrian']",South,"['Automobile, Station Wagon', 'Other']",['Going Ahead'],['Driving Properly'],['Normal'],['Crossing without right of way'],['Normal'],['Not Applicable'],['Not Applicable'],['Not Applicable'],False,"['20 to 24', '45 to 49']",3.0
937278.0,2006-11-21 10:00:00,225,2006,GARDINER W S KINGSWAY RAMP,F G GARDINER XY Ramp W,Unknown,Toronto and East York,43.634745,-79.47199,623256.8873,4832439.413,Unknown,No Control,Clear,Dark,Dry,87,High Park-Swansea,87,High Park-Swansea (87),Non-Fatal Injury,0,0,1,0,0,0,0,1,1,1,0,0,0,SMV Other,"['Passenger', 'Driver']",West,"['Other', 'Automobile, Station Wagon']",['Slowing or Stopping'],['Speed too Fast For Condition'],['Unknown'],['Not Applicable'],['Not Applicable'],['Not Applicable'],['Not Applicable'],['Not Applicable'],False,"['unknown', '35 to 39']",3.0
937379.0,2006-11-21 10:00:00,1315,2006,TWYN RIVERS Driv,SHEPPARD Aven E,Collector,Scarborough,43.811645,-79.15649,648269.9344,4852603.68,Unknown,No Control,Clear,Daylight,Dry,144,Morningside Heights,131,Rouge (131),Non-Fatal Injury,0,0,1,0,0,0,0,1,0,0,0,0,0,SMV Other,"['Passenger', 'Driver']",East,"['Other', 'Automobile, Station Wagon']",['Turning Left'],['Lost control'],['Inattentive'],['Not Applicable'],['Not Applicable'],['Not Applicable'],['Not Applicable'],['Not Applicable'],False,"['90 to 94', '70 to 74', '80 to 84']",3.0
937408.0,2006-10-04 08:00:00,1250,2006,WARDEN AVE,BRIDLETOWNE CRCL,Major Arterial,Scarborough,43.792145,-79.31389,635654.5471,4850167.8591,At Intersection,Traffic Signal,Rain,Daylight,Wet,147,L'Amoreaux West,117,L'Amoreaux (117),Non-Fatal Injury,1,0,1,0,0,0,0,0,0,0,0,0,1,Pedestrian Collisions,"['Driver', 'Other Property Owner', 'Pedestrian']",North,"['Automobile, Station Wagon', 'Other']",['Going Ahead'],['Lost control'],['Medical or Physical Disability'],['On Sidewalk or Shoulder'],['Unknown'],['Not Applicable'],['Not Applicable'],['Not Applicable'],False,"['65 to 69', 'unknown', '15 to 19', '60 to 64']",3.0
937458.0,2006-10-29 09:00:00,735,2006,244 CHARTLAND BLVD S,Not Applicable,Collector,Scarborough,43.802645,-79.27009,639154.1003,4851406.7731,Unknown,No Control,Clear,Daylight,Wet,129,Agincourt North,129,Agincourt North (129),Non-Fatal Injury,0,0,1,0,0,0,0,0,1,1,0,0,0,SMV Other,['Driver'],West,"['Automobile, Station Wagon']",['Going Ahead'],['Lost control'],['Normal'],['Not Applicable'],['Not Applicable'],['Not Applicable'],['Not Applicable'],['Not Applicable'],False,['15 to 19'],3.0
937526.0,2006-11-02 10:00:00,1600,2006,EMPRESS AVE,BAYVIEW AVE,Major Arterial,North York,43.774345,-79.38979,629586.4723,4848069.2959,At Intersection,Traffic Signal,Clear,Daylight,Dry,152,East Willowdale,51,Willowdale East (51),Non-Fatal Injury,1,0,1,0,0,0,0,0,0,1,0,0,0,Pedestrian Collisions,"['Vehicle Owner', 'Driver', 'Pedestrian']",East,"['Other', 'Automobile, Station Wagon']",['Turning Right'],['Failed to Yield Right of Way'],['Inattentive'],['Crossing with right of way'],['Normal'],['Not Applicable'],['Not Applicable'],['Not Applicable'],False,"['unknown', '30 to 34', '15 to 19']",3.0
937955.0,2006-11-04 10:00:00,1800,2006,PHARMACY AVE,KELLYVALE RD,Minor Arterial,Scarborough,43.757045,-79.31019,636031.7957,4846275.5302,Unknown,No Control,Clear,Dark,Dry,119,Wexford/Maryvale,119,Wexford/Maryvale (119),Non-Fatal Injury,0,1,1,0,0,0,0,0,0,0,0,0,0,Sideswipe,"['Driver', 'Moped Driver']",North,"['Automobile, Station Wagon', 'Moped']","['Changing Lanes', 'Going Ahead']","['Improper Lane Change', 'Driving Properly']","['Inattentive', 'Normal']",['Not Applicable'],['Not Applicable'],['Not Applicable'],['Not Applicable'],['Not Applicable'],False,"['75 to 79', '55 to 59']",3.0
938403.0,2006-11-08 10:00:00,2330,2006,451 ST GERMAIN AVE,Not Applicable,Local,North York,43.728745,-79.41899,627333.1602,4842959.4522,Unknown,No Control,Clear,Dark,Wet,39,Bedford Park-Nortown,39,Bedford Park-Nortown (39),Non-Fatal Injury,0,0,1,0,0,0,0,0,0,0,0,0,0,SMV Unattended Vehicle,"['Driver', 'Vehicle Owner']",East,"['Automobile, Station Wagon', 'Other']","['Going Ahead', 'Parked']",['Lost control'],['Normal'],['Not Applicable'],['Not Applicable'],['Not Applicable'],['Not Applicable'],['Not Applicable'],False,"['15 to 19', 'unknown']",3.0
938714.0,2006-11-10 10:00:00,2018,2006,COMMISSIONERS ST,CHERRY ST,Collector,Toronto and East York,43.645345,-79.35249,632873.0858,4833801.0623,At Intersection,Stop Sign,Clear,Dark,Dry,70,South Riverdale,70,South Riverdale (70),Non-Fatal Injury,1,0,1,0,0,0,0,0,0,1,0,0,0,Pedestrian Collisions,"['Driver', 'Pedestrian']",West,"['Automobile, Station Wagon', 'Other']","['Going Ahead', 'Other']",['Disobeyed Traffic Control'],['Normal'],"['Crossing, no Traffic Control']",['Normal'],['Not Applicable'],['Not Applicable'],['Not Applicable'],False,"['55 to 59', '20 to 24']",3.0
938930.0,2006-11-17 10:00:00,1500,2006,220 GREYABBEY TRL,Not Applicable,Local,Scarborough,43.753245,-79.17939,646570.7654,4846076.6402,Unknown,No Control,Clear,Daylight,Dry,140,Guildwood,140,Guildwood (140),Non-Fatal Injury,0,0,1,0,0,0,0,0,0,0,0,0,0,SMV Other,['Driver'],South,"['Automobile, Station Wagon']",['Going Ahead'],['Lost control'],['Unknown'],['Not Applicable'],['Not Applicable'],['Not Applicable'],['Not Applicable'],['Not Applicable'],False,['60 to 64'],3.0
939300.0,2006-11-29 10:00:00,1111,2006,EGLINTON AVE W,ELMSTHORPE AVE,Major Arterial,North York,43.704145,-79.41069,628054.0304,4840240.0596,Unknown,No Control,"Fog, Mist, Smoke, Dust",Daylight,Wet,103,Lawrence Park South,103,Lawrence Park South (103),Non-Fatal Injury,1,0,1,0,0,0,0,0,0,0,0,0,0,Pedestrian Collisions,"['Vehicle Owner', 'Driver', 'Pedestrian']",East,"['Other', 'Taxi']",['Going Ahead'],['Driving Properly'],['Normal'],['Crossing without right of way'],['Normal'],['Not Applicable'],['Not Applicable'],['Not Applicable'],False,"['unknown', '25 to 29', '80 to 84']",3.0
939458.0,2006-11-30 10:00:00,720,2006,WILSON AVE,BATHURST ST,Major Arterial,North York,43.737345,-79.43409,626098.9577,4843891.5146,Unknown,No Control,Rain,Dark,Wet,33,Clanton Park,33,Clanton Park (33),Fatal,1,0,1,0,0,0,0,0,0,0,0,0,0,Pedestrian Collisions,"['Driver', 'Vehicle Owner', 'Pedestrian']",West,"['Automobile, Station Wagon', 'Other']",['Going Ahead'],['Driving Properly'],['Normal'],"['Crossing, no Traffic Control']",['Medical or Physical Disability'],['Not Applicable'],['Not Applicable'],['Not Applicable'],True,"['55 to 59', 'unknown', '45 to 49', '65 to 69']",4.0
939675.0,2006-12-02 10:00:00,2116,2006,ST CLAIR AVE W,ALBERTA AVE,Major Arterial,Toronto and East York,43.680045,-79.43359,626259.4738,4837528.3066,At Intersection,No Control,Clear,Dark,Dry,94,Wychwood,94,Wychwood (94),Non-Fatal Injury,1,0,1,0,0,0,0,0,0,0,0,0,0,Pedestrian Collisions,"['Driver', 'Pedestrian']",South,"['Automobile, Station Wagon', 'Other']",['Going Ahead'],['Driving Properly'],['Normal'],"['Crossing, no Traffic Control']",['Had Been Drinking'],['Not Applicable'],['Not Applicable'],['Not Applicable'],False,"['65 to 69', '25 to 29']",3.0
939781.0,2006-04-28 08:00:00,2349,2006,BLOOR ST W,DUFFERIN ST,Major Arterial,Toronto and East York,43.659945,-79.43499,626188.7415,4835293.8034,Unknown,No Control,Clear,Dark,Dry,83,Dufferin Grove,83,Dufferin Grove (83),Non-Fatal Injury,0,1,1,0,0,0,0,1,1,1,0,0,0,Cyclist Collisions,"['Driver', 'Passenger', 'Vehicle Owner', 'Cyclist', 'Other Property Owner']",East,"['Automobile, Station Wagon', 'Other', 'Bicycle']",['Going Ahead'],"['Driving Properly', 'Speed too Fast For Condition']",['Normal'],['Not Applicable'],['Not Applicable'],['Cyclist and Driver travelling in same direction. One vehicle rear-ended the other.'],['Driving Properly'],['Normal'],False,"['25 to 29', '50 to 54', 'unknown', '35 to 39', '40 to 44']",3.0
939968.0,2006-10-04 08:00:00,1230,2006,BLOOR ST W,OSSINGTON AVE,Major Arterial,Toronto and East York,43.661945,-79.42569,626934.4049,4835530.1161,Unknown,No Control,Rain,Daylight,Wet,80,Palmerston-Little Italy,80,Palmerston-Little Italy (80),Non-Fatal Injury,1,0,0,0,1,0,0,0,0,0,0,0,0,Pedestrian Collisions,"['Pedestrian', 'Vehicle Owner', 'Truck Driver']",East,"['Other', 'Truck - Open']",['Going Ahead'],['Driving Properly'],['Normal'],"['Crossing, no Traffic Control']",['Had Been Drinking'],['Not Applicable'],['Not Applicable'],['Not Applicable'],False,"['35 to 39', 'unknown', '45 to 49']",3.0
939969.0,2006-10-04 08:00:00,851,2006,TECUMSETH ST,MITCHELL AVE,Local,Toronto and East York,43.645345,-79.40609,628550.1546,4833716.6419,Unknown,No Control,Rain,Daylight,Wet,162,West Queen West,82,Niagara (82),Non-Fatal Injury,0,0,0,1,0,0,0,0,0,0,0,0,0,Turning Movement,"['Motorcycle Driver', 'Vehicle Owner', 'Driver']",North,"['Motorcycle', 'Other']","['Going Ahead', 'Turning Left']","['Driving Properly', 'Improper Turn']",['Normal'],['Not Applicable'],['Not Applicable'],['Not Applicable'],['Not Applicable'],['Not Applicable'],False,"['30 to 34', 'unknown', '50 to 54']",3.0
939973.0,2006-10-14 08:00:00,1348,2006,OSSINGTON AVE,DEWSON ST,Minor Arterial,Toronto and East York,43.657045,-79.42379,627097.939,4834988.8152,Unknown,Pedestrian Crossover,Clear,Daylight,Dry,80,Palmerston-Little Italy,80,Palmerston-Little Italy (80),Non-Fatal Injury,0,1,1,0,0,0,0,0,0,0,0,0,0,Rear End,"['Moped Driver', 'Driver']",North,"['Moped', 'Automobile, Station Wagon']",['Going Ahead'],"['Other', 'Driving Properly']",['Normal'],['Not Applicable'],['Not Applicable'],['Not Applicable'],['Not Applicable'],['Not Applicable'],False,"['70 to 74', '35 to 39']",3.0
940098.0,2006-12-05 10:00:00,628,2006,DUFFERIN ST,GLEN BELLE CRES,Major Arterial,North York,43.722245,-79.45649,624326.362,4842180.595,Unknown,No Control,Clear,Dark,Wet,31,Yorkdale-Glen Park,31,Yorkdale-Glen Park (31),Non-Fatal Injury,1,0,1,0,0,0,0,0,0,0,0,0,0,Pedestrian Collisions,"['Driver', 'Pedestrian']",Unknown,"['Automobile, Station Wagon', 'Other']","['Unknown', 'Other']",[],[],['Not Applicable'],['Not Applicable'],['Not Applicable'],['Not Applicable'],['Not Applicable'],False,['unknown'],3.0
940240.0,2006-12-05 10:00:00,1821,2006,VICTORIA PARK Ave,MCNICOLL Ave,Major Arterial,North York,43.804745,-79.33659,633800.0917,4851530.3348,Unknown,No Control,Clear,Dark,Dry,116,Steeles,116,Steeles (116),Non-Fatal Injury,1,0,1,0,0,0,0,0,0,0,0,0,0,Pedestrian Collisions,"['Vehicle Owner', 'Driver', 'Pedestrian']",North,"['Other', 'Automobile, Station Wagon']",['Going Ahead'],"['Driving Properly', 'Other']","['Normal', 'Unknown']",['Crossing without right of way'],['Normal'],['Not Applicable'],['Not Applicable'],['Not Applicable'],False,"['unknown', '35 to 39', '40 to 44', '45 to 49']",3.0
940479.0,2006-12-05 10:00:00,1250,2006,VICTORIA PARK Aven,AMSTERDAM Aven,Major Arterial,Toronto and East York,43.715144,-79.298686,637053.4531,4841640.7608,At Intersection,No Control,Clear,Daylight,Other,54,O'Connor-Parkview,54,O'Connor-Parkview (54),Non-Fatal Injury,0,0,1,0,0,0,0,0,0,0,0,0,0,Turning Movement,"['Driver', 'Other']",Unknown,"['Other', 'Automobile, Station Wagon']","['Other', 'Going Ahead']",[],[],['Not Applicable'],['Not Applicable'],['Not Applicable'],['Not Applicable'],['Not Applicable'],False,"['unknown', '15 to 19']",3.0
940482.0,2006-12-06 10:00:00,1700,2006,1568 MIDLAND Ave,Not Applicable,Major Arterial,Scarborough,43.755445,-79.26649,639553.459,4846170.5315,Unknown,Pedestrian Crossover,Clear,Dark,Wet,126,Dorset Park,126,Dorset Park (126),Non-Fatal Injury,1,0,1,0,0,0,0,0,0,1,0,0,0,Pedestrian Collisions,"['Driver', 'Pedestrian']",East,"['Automobile, Station Wagon', 'Other']",['Going Ahead'],['Following too Close'],['Unknown'],"['Crossing, Pedestrian Crossover']",['Unknown'],['Not Applicable'],['Not Applicable'],['Not Applicable'],False,"['20 to 24', '55 to 59']",3.0
940622.0,2006-12-07 10:00:00,700,2006,FENSIDE Dr,YORK MILLS Rd,Major Arterial,North York,43.760645,-79.32769,634614.9354,4846646.7701,Unknown,Traffic Signal,Clear,Dawn,Other,150,Fenside-Parkwoods,45,Parkwoods-Donalda (45),Non-Fatal Injury,1,0,1,0,0,0,0,0,0,0,0,0,0,Pedestrian Collisions,"['Driver', 'Pedestrian']",East,"['Automobile, Station Wagon', 'Other']",['Going Ahead'],['Lost control'],['Normal'],['Other'],['Normal'],['Not Applicable'],['Not Applicable'],['Not Applicable'],False,"['25 to 29', '45 to 49']",3.0
940627.0,2006-12-07 10:00:00,1517,2006,WHITEWOOD RD,DAVISVILLE AVE,Collector,North York,43.702745,-79.37529,630909.3583,4840139.8589,Unknown,No Control,Clear,Daylight,Dry,99,Mount Pleasant East,99,Mount Pleasant East (99),Non-Fatal Injury,1,0,1,0,0,0,0,0,0,1,0,0,0,Pedestrian Collisions,"['Driver', 'Pedestrian']",East,"['Automobile, Station Wagon', 'Other']",['Turning Right'],['Failed to Yield Right of Way'],['Normal'],['Crossing with right of way'],['Normal'],['Not Applicable'],['Not Applicable'],['Not Applicable'],False,"['90 to 94', '85 to 89']",3.0
940637.0,2006-12-07 10:00:00,1545,2006,BRIMLEY RD,HUNTINGWOOD DR,Major Arterial,Scarborough,43.795845,-79.27219,639000.9426,4850647.9946,Unknown,No Control,Clear,Daylight,Dry,129,Agincourt North,129,Agincourt North (129),Fatal,1,0,1,0,0,0,0,0,0,0,0,0,0,Pedestrian Collisions,"['Driver', 'Pedestrian']",East,"['Automobile, Station Wagon', 'Other']",['Going Ahead'],['Driving Properly'],['Normal'],"['Crossing, no Traffic Control']",['Unknown'],['Not Applicable'],['Not Applicable'],['Not Applicable'],True,"['20 to 24', '80 to 84']",4.0
940647.0,2006-12-07 10:00:00,1630,2006,PARK RD,ROSEDALE VALLEY RD,Minor Arterial,Toronto and East York,43.673445,-79.38409,630263.7103,4836871.832,At Intersection,Stop Sign,Clear,Daylight,Dry,98,Rosedale-Moore Park,98,Rosedale-Moore Park (98),Non-Fatal Injury,0,0,1,0,0,0,0,1,0,1,0,0,0,Rear End,"['Passenger', 'Driver']",North,"['Other', 'Automobile, Station Wagon']","['Stopped', 'Unknown']","['Driving Properly', 'Following too Close']","['Normal', 'Unknown']",['Not Applicable'],['Not Applicable'],['Not Applicable'],['Not Applicable'],['Not Applicable'],False,"['50 to 54', '0 to 4', '30 to 34', '40 to 44']",3.0
940775.0,2006-12-08 10:00:00,1719,2006,JANE ST,BEXLEY CRES,Major Arterial,Etobicoke York,43.680545,-79.49759,621099.7437,4837488.4026,Unknown,No Control,Clear,Dark,Dry,111,Rockcliffe-Smythe,111,Rockcliffe-Smythe (111),Fatal,1,0,1,0,0,0,0,1,0,0,0,0,0,Pedestrian Collisions,"['Pedestrian', 'Passenger', 'Driver']",East,"['Other', 'Automobile, Station Wagon']",['Going Ahead'],['Driving Properly'],['Normal'],"['Crossing, no Traffic Control']",['Unknown'],['Not Applicable'],['Not Applicable'],['Not Applicable'],True,"['55 to 59', '75 to 79', '70 to 74']",4.0
940858.0,2006-12-08 10:00:00,2250,2006,BAY ST,YORKVILLE AVE,Major Arterial,Toronto and East York,43.671945,-79.39039,629759.0744,4836695.3625,Unknown,No Control,Clear,Dark,Dry,95,Annex,95,Annex (95),Non-Fatal Injury,0,0,1,0,0,0,0,1,0,0,0,1,0,Approaching,"['Driver', 'Passenger']",North,"['Automobile, Station Wagon', 'Other']",['Going Ahead'],"['Lost control', 'Driving Properly']","['Ability Impaired, Alcohol Over .08', 'Normal']",['Not Applicable'],['Not Applicable'],['Not Applicable'],['Not Applicable'],['Not Applicable'],False,"['40 to 44', '5 to 9', '0 to 4', '35 to 39']",3.0
940984.0,2006-12-10 10:00:00,831,2006,KING ST W,JOHN ST,Major Arterial,Toronto and East York,43.646545,-79.38979,629862.1909,4833875.2946,At Intersection,Traffic Signal,Clear,Daylight,Dry,164,Wellington Place,77,Waterfront Communities-The Island (77),Non-Fatal Injury,0,0,1,0,0,0,0,0,0,0,0,0,0,Angle,"['Driver', 'Other']",North,"['Automobile, Station Wagon', 'Other']",['Going Ahead'],['Other'],['Normal'],['Not Applicable'],['Not Applicable'],['Not Applicable'],['Not Applicable'],['Not Applicable'],False,"['60 to 64', 'Over 95', '25 to 29']",3.0
941100.0,2006-09-12 08:00:00,2240,2006,CHURCH ST,BLOOR ST E,Major Arterial,Toronto and East York,43.671045,-79.38319,630341.4583,4836606.6934,Unknown,Traffic Signal,Rain,Dusk,Wet,98,Rosedale-Moore Park,98,Rosedale-Moore Park (98),Non-Fatal Injury,1,0,1,0,0,0,0,0,0,1,0,0,0,Pedestrian Collisions,"['Pedestrian', 'Driver']",West,"['Other', 'Automobile, Station Wagon']",['Turning Right'],['Failed to Yield Right of Way'],['Unknown'],['Crossing with right of way'],['Unknown'],['Not Applicable'],['Not Applicable'],['Not Applicable'],False,"['30 to 34', '25 to 29']",3.0
941113.0,2006-10-14 08:00:00,2204,2006,DUFFERIN St,CASTLEFIELD Ave,Major Arterial,North York,43.700745,-79.45179,624749.5386,4839799.7796,Unknown,Traffic Signal,Clear,Daylight,Dry,108,Briar Hill-Belgravia,108,Briar Hill-Belgravia (108),Non-Fatal Injury,1,0,1,0,0,0,0,0,0,1,0,0,0,Pedestrian Collisions,"['Driver', 'Pedestrian']",East,"['Automobile, Station Wagon', 'Other']",['Turning Left'],['Failed to Yield Right of Way'],['Normal'],['Crossing with right of way'],['Normal'],['Not Applicable'],['Not Applicable'],['Not Applicable'],False,"['25 to 29', '20 to 24']",3.0
941162.0,2006-11-12 10:00:00,2330,2006,HARBORD ST,MONTROSE AVE,Minor Arterial,Toronto and East York,43.659545,-79.41959,627431.3214,4835272.9151,Unknown,Traffic Signal,Other,Dark,Dry,80,Palmerston-Little Italy,80,Palmerston-Little Italy (80),Non-Fatal Injury,0,0,1,0,0,0,0,0,0,1,1,0,0,Angle,['Driver'],East,"['Automobile, Station Wagon']",['Going Ahead'],"['Driving Properly', 'Disobeyed Traffic Control']","['Normal', 'Unknown']",['Not Applicable'],['Not Applicable'],['Not Applicable'],['Not Applicable'],['Not Applicable'],False,"['30 to 34', '25 to 29']",3.0