accident_number,date,time,year,street1,street2,road_class,district,latitude,longitude,x,y,accident_location,traffctl,visibility,light,road_surface_condition,hood_158,neighbourhood_new,hood_140,neighbourhood_old,accident_class,pedestrian,cyclist,automobile,motorcycle,truck,trsn_city_veh,emerg_veh,passenger,speeding,aggressive_driving,redlight,alcohol,disability,impact_type,involvement_type,initial_direction,vehicle_type,manoeuver,driver_action,driver_condition,pedestrian_action,pedestrian_condition,cyclist_type,cyclist_action,cyclist_condition,injury,involvement_age,injury_severity_score
941251.0,2006-12-11 10:00:00,1813,2006,ASHTONBEE RD,WARDEN AVE,Collector,Scarborough,43.731145,-79.28679,637975.0361,4843437.6463,Unknown,No Control,Clear,Dark,Dry,119,Wexford/Maryvale,119,Wexford/Maryvale (119),Non-Fatal Injury,0,0,1,0,0,0,0,1,1,1,0,1,0,SMV Other,"['Passenger', 'Driver', 'Vehicle Owner']",West,"['Other', 'Automobile, Station Wagon']","['Going Ahead', 'Parked']",['Lost control'],"['Ability Impaired, Alcohol']",['Not Applicable'],['Not Applicable'],['Not Applicable'],['Not Applicable'],['Not Applicable'],False,"['15 to 19', '20 to 24', 'unknown']",3.0
941510.0,2006-11-19 10:00:00,1740,2006,155 UNDERHILL Driv,Not Applicable,Collector,North York,43.751745,-79.32599,634771.7599,4845661.0549,Unknown,No Control,Clear,Dark,Dry,149,Parkwoods-O'Connor Hills,45,Parkwoods-Donalda (45),Non-Fatal Injury,1,0,1,0,0,0,0,0,0,0,0,0,0,Pedestrian Collisions,"['Vehicle Owner', 'Driver', 'Pedestrian']",North,"['Other', 'Automobile, Station Wagon']",['Going Ahead'],['Driving Properly'],['Normal'],['Crossing without right of way'],['Inattentive'],['Not Applicable'],['Not Applicable'],['Not Applicable'],False,"['unknown', '20 to 24', '25 to 29']",3.0
941522.0,2006-11-19 10:00:00,3,2006,BLOOR ST W,DEVONSHIRE PL,Major Arterial,Toronto and East York,43.667845,-79.39839,629122.9376,4836227.5193,Unknown,Yield Sign,Clear,Dark,Dry,95,Annex,95,Annex (95),Non-Fatal Injury,1,0,1,0,0,0,0,0,0,0,0,0,0,Pedestrian Collisions,"['Driver', 'Pedestrian']",North,"['Automobile, Station Wagon', 'Other']",['Going Ahead'],['Driving Properly'],['Normal'],['Crossing without right of way'],['Inattentive'],['Not Applicable'],['Not Applicable'],['Not Applicable'],False,"['30 to 34', '15 to 19']",3.0
941532.0,2006-11-19 10:00:00,2046,2006,ST CLAIR AVE W,JANE ST,Major Arterial,Etobicoke York,43.667145,-79.49179,621594.3079,4836008.6397,Unknown,Traffic Signal,Clear,Dark,Dry,111,Rockcliffe-Smythe,111,Rockcliffe-Smythe (111),Non-Fatal Injury,0,0,1,0,0,0,0,0,0,0,0,0,0,SMV Other,"['Vehicle Owner', 'Driver']",South,"['Other', 'Automobile, Station Wagon']",['Turning Right'],['Lost control'],['Other'],['Not Applicable'],['Not Applicable'],['Not Applicable'],['Not Applicable'],['Not Applicable'],False,"['unknown', '30 to 34']",3.0
941748.0,2006-11-23 10:00:00,1352,2006,FINCH AVE W,ISLINGTON AVE,Major Arterial,Etobicoke York,43.746245,-79.56859,615250.8373,4844684.08,At Intersection,Traffic Signal,Clear,Daylight,Dry,22,Humbermede,22,Humbermede (22),Non-Fatal Injury,0,0,1,0,0,0,0,1,0,0,0,0,0,Turning Movement,"['Driver', 'Vehicle Owner', 'Passenger']",East,"['Automobile, Station Wagon', 'Other']","['Turning Left', 'Going Ahead', 'Stopped']","['Improper Turn', 'Driving Properly']",['Normal'],['Not Applicable'],['Not Applicable'],['Not Applicable'],['Not Applicable'],['Not Applicable'],False,"['60 to 64', 'unknown', '30 to 34', '35 to 39', '25 to 29', '15 to 19']",3.0
941871.0,2006-11-22 10:00:00,1615,2006,DUFFERIN ST,MELBOURNE AVE,Minor Arterial,Toronto and East York,43.640545,-79.42799,626793.9811,4833149.8514,Unknown,Pedestrian Crossover,Clear,Daylight,Dry,85,South Parkdale,85,South Parkdale (85),Non-Fatal Injury,1,0,0,0,0,0,0,0,0,1,0,0,0,Pedestrian Collisions,"['Vehicle Owner', 'Driver', 'Pedestrian']",East,['Other'],['Going Ahead'],['Failed to Yield Right of Way'],['Normal'],"['Crossing, Pedestrian Crossover']",['Medical or Physical Disability'],['Not Applicable'],['Not Applicable'],['Not Applicable'],False,"['unknown', '30 to 34', '40 to 44']",3.0
942131.0,2006-11-26 10:00:00,2115,2006,ST CLAIR AVE W,JANE ST,Major Arterial,Etobicoke York,43.667145,-79.49179,621594.3079,4836008.6397,Unknown,Traffic Signal,Clear,Dark,Dry,111,Rockcliffe-Smythe,111,Rockcliffe-Smythe (111),Non-Fatal Injury,0,0,1,0,0,0,0,1,1,1,1,0,0,Angle,"['Passenger', 'Driver']",North,"['Other', 'Automobile, Station Wagon']",['Going Ahead'],"['Driving Properly', 'Disobeyed Traffic Control']",['Normal'],['Not Applicable'],['Not Applicable'],['Not Applicable'],['Not Applicable'],['Not Applicable'],False,"['60 to 64', '75 to 79', '50 to 54', '25 to 29']",3.0
942286.0,2006-11-28 10:00:00,1510,2006,CARLAW AVE,EASTERN AVE,Major Arterial,Toronto and East York,43.658345,-79.33899,633932.9841,4835266.5876,Unknown,Traffic Signal,Clear,Daylight,Dry,70,South Riverdale,70,South Riverdale (70),Non-Fatal Injury,1,0,1,0,0,0,0,0,0,0,0,0,0,Pedestrian Collisions,"['Driver', 'Pedestrian']",South,"['Automobile, Station Wagon', 'Other']",['Turning Left'],['Improper Turn'],['Normal'],['Crossing with right of way'],['Normal'],['Not Applicable'],['Not Applicable'],['Not Applicable'],False,['65 to 69'],3.0
942296.0,2006-11-28 10:00:00,2300,2006,QUEEN ST E,DALHOUSIE ST,Major Arterial,Toronto and East York,43.653345,-79.37519,631024.8951,4834653.4735,Unknown,No Control,Clear,Daylight,Dry,168,Downtown Yonge East,75,Church-Yonge Corridor (75),Non-Fatal Injury,0,1,1,0,0,0,0,0,0,0,0,0,0,Cyclist Collisions,"['Vehicle Owner', 'Driver', 'Cyclist']",East,"['Other', 'Automobile, Station Wagon', 'Bicycle']","['Going Ahead', 'Changing Lanes']",['Driving Properly'],['Normal'],['Not Applicable'],['Not Applicable'],['Cyclist and Driver travelling in same direction. One vehicle rear-ended the other.'],['Improper Lane Change'],['Inattentive'],False,"['unknown', '55 to 59']",3.0
942334.0,2006-12-16 10:00:00,1902,2006,F G GARDINER XY  W,GARDINER X W 427 X N RAMP,Expressway,Etobicoke York,43.616445,-79.53369,618315.7105,4830317.2089,Unknown,No Control,Clear,Dark,Dry,20,Alderwood,20,Alderwood (20),Non-Fatal Injury,0,0,1,0,0,0,0,0,1,1,0,0,0,Sideswipe,['Driver'],West,"['Automobile, Station Wagon']","['Changing Lanes', 'Going Ahead']","['Improper Lane Change', 'Driving Properly']",['Normal'],['Not Applicable'],['Not Applicable'],['Not Applicable'],['Not Applicable'],['Not Applicable'],False,"['20 to 24', '40 to 44']",3.0
942452.0,2006-12-17 10:00:00,1922,2006,LAKE SHORE BLVD E,LOWER JARVIS ST,Major Arterial,Toronto and East York,43.645645,-79.36989,631469.0911,4833806.6699,At Intersection,Traffic Signal,Clear,Dark,Dry,166,St Lawrence-East Bayfront-The Islands,77,Waterfront Communities-The Island (77),Non-Fatal Injury,1,0,1,0,0,0,0,1,0,0,0,0,0,Pedestrian Collisions,"['Passenger', 'Driver', 'Pedestrian']",East,"['Other', 'Automobile, Station Wagon']",['Going Ahead'],['Driving Properly'],['Normal'],['Crossing without right of way'],['Normal'],['Not Applicable'],['Not Applicable'],['Not Applicable'],False,"['25 to 29', '45 to 49', '15 to 19']",3.0
942557.0,2006-11-30 10:00:00,1805,2006,DIXON Rd,CELESTINE Dr,Major Arterial,Etobicoke York,43.693345,-79.56249,615843.8847,4838817.3024,At Intersection,Traffic Signal,Rain,Dark,Wet,7,Willowridge-Martingrove-Richview,7,Willowridge-Martingrove-Richview (7),Non-Fatal Injury,1,0,1,0,0,0,0,0,0,1,0,0,0,Pedestrian Collisions,"['Driver', 'Pedestrian']",East,"['Automobile, Station Wagon', 'Other']",['Turning Right'],['Failed to Yield Right of Way'],['Normal'],['Crossing with right of way'],['Normal'],['Not Applicable'],['Not Applicable'],['Not Applicable'],False,"['45 to 49', '25 to 29']",3.0
942571.0,2006-11-03 10:00:00,1154,2006,4575 KENNEDY Rd,Not Applicable,Major Arterial,Scarborough,43.822245,-79.30649,636181.4925,4853523.1042,Unknown,No Control,Clear,Daylight,Dry,116,Steeles,116,Steeles (116),Non-Fatal Injury,0,0,1,0,0,0,0,0,0,1,0,0,0,Turning Movement,"['Driver', 'Vehicle Owner']",North,"['Automobile, Station Wagon', 'Other']","['Going Ahead', 'Turning Left']","['Driving Properly', 'Failed to Yield Right of Way']","['Normal', 'Inattentive']",['Not Applicable'],['Not Applicable'],['Not Applicable'],['Not Applicable'],['Not Applicable'],False,"['45 to 49', 'unknown', '35 to 39']",3.0
942640.0,2006-11-30 10:00:00,1851,2006,SHEPPARD AVE E,BARBERRY PL,Major Arterial,North York,43.767445,-79.38499,629987.7176,4847310.4694,At Intersection,Traffic Signal,Rain,Dark,Wet,52,Bayview Village,52,Bayview Village (52),Non-Fatal Injury,0,0,1,0,0,0,0,1,0,0,0,0,0,Turning Movement,"['Vehicle Owner', 'Driver', 'Passenger']",East,"['Other', 'Automobile, Station Wagon']","['Going Ahead', 'Turning Left']","['Driving Properly', 'Improper Turn']","['Normal', 'Inattentive']",['Not Applicable'],['Not Applicable'],['Not Applicable'],['Not Applicable'],['Not Applicable'],False,"['unknown', '40 to 44', '80 to 84', '85 to 89']",3.0
942726.0,2006-11-22 10:00:00,2102,2006,DUFFERIN St,LINDSEY Ave,Major Arterial,Toronto and East York,43.653545,-79.43299,626363.4292,4834586.0433,Unknown,No Control,Clear,Dark,Dry,83,Dufferin Grove,83,Dufferin Grove (83),Non-Fatal Injury,0,0,1,0,0,0,0,0,0,1,0,0,0,Rear End,['Driver'],South,"['Automobile, Station Wagon']","['Stopped', 'Going Ahead']","['Driving Properly', 'Following too Close']",['Normal'],['Not Applicable'],['Not Applicable'],['Not Applicable'],['Not Applicable'],['Not Applicable'],False,"['50 to 54', '40 to 44', '35 to 39']",3.0
942734.0,2006-12-01 10:00:00,2120,2006,HARBORD ST,MARKHAM ST,Minor Arterial,Toronto and East York,43.661245,-79.41099,628121.146,4835474.9669,Unknown,No Control,Clear,Dark,Wet,80,Palmerston-Little Italy,80,Palmerston-Little Italy (80),Non-Fatal Injury,1,0,1,0,0,0,0,0,0,1,0,0,0,Pedestrian Collisions,"['Vehicle Owner', 'Driver', 'Pedestrian']",West,"['Other', 'Automobile, Station Wagon']",['Turning Left'],['Failed to Yield Right of Way'],['Normal'],['Crossing with right of way'],['Normal'],['Not Applicable'],['Not Applicable'],['Not Applicable'],False,"['unknown', '40 to 44', '35 to 39']",3.0
943180.0,2006-12-06 10:00:00,1300,2006,MORTIMER Aven,BINSWOOD Aven,Minor Arterial,Toronto and East York,43.691145,-79.32279,635165.6,4838935.7554,At Intersection,Stop Sign,Rain,Daylight,Wet,59,Danforth East York,59,Danforth East York (59),Non-Fatal Injury,1,0,1,0,0,0,0,0,0,1,0,0,0,Pedestrian Collisions,"['Driver', 'Pedestrian']",South,"['Automobile, Station Wagon', 'Other']",['Going Ahead'],"['Driving Properly', 'Wrong Way on One Way Road']","['Normal', 'Inattentive']",['On Sidewalk or Shoulder'],['Unknown'],['Not Applicable'],['Not Applicable'],['Not Applicable'],False,"['50 to 54', '65 to 69', '55 to 59']",3.0
943330.0,2006-12-07 10:00:00,1800,2006,40 KING St W,Not Applicable,Major Arterial,Toronto and East York,43.648845,-79.37939,630695.9634,4834147.0661,Unknown,No Control,Clear,Dark,Dry,170,Yonge-Bay Corridor,76,Bay Street Corridor (76),Non-Fatal Injury,0,1,1,0,0,0,0,0,1,1,0,0,0,Cyclist Collisions,"['Driver', 'Cyclist']",West,"['Automobile, Station Wagon', 'Bicycle']","['Stopped', 'Overtaking']",['Other'],['Inattentive'],['Not Applicable'],['Not Applicable'],['Cyclist struck opened vehicle door'],['Driving Properly'],['Normal'],False,"['40 to 44', '25 to 29']",3.0
943367.0,2006-12-08 10:00:00,1024,2006,ST CLAIR Ave W,WINONA Dr,Major Arterial,Toronto and East York,43.680245,-79.43249,626347.7197,4837552.1945,Unknown,Traffic Signal,Clear,Daylight,Dry,94,Wychwood,94,Wychwood (94),Non-Fatal Injury,0,0,1,0,1,0,0,1,0,0,0,0,0,Sideswipe,"['Vehicle Owner', 'Truck Driver', 'Passenger', 'Driver']",East,"['Other', 'Truck - Open', 'Automobile, Station Wagon']","['Going Ahead', 'Turning Left']","['Driving Properly', 'Improper Turn']",['Normal'],['Not Applicable'],['Not Applicable'],['Not Applicable'],['Not Applicable'],['Not Applicable'],False,"['unknown', '30 to 34', '20 to 24']",3.0
943986.0,2006-12-23 10:00:00,1809,2006,O CONNOR DR,LEAFY WOODWAY,Major Arterial,North York,43.722245,-79.30359,636642.2521,4842421.3327,Unknown,No Control,Rain,Dark,Wet,43,Victoria Village,43,Victoria Village (43),Fatal,1,0,1,0,0,0,0,0,0,0,0,0,0,Pedestrian Collisions,"['Vehicle Owner', 'Driver', 'Pedestrian']",East,"['Other', 'Taxi']",['Going Ahead'],['Driving Properly'],['Normal'],"['Crossing, no Traffic Control']",['Inattentive'],['Not Applicable'],['Not Applicable'],['Not Applicable'],True,"['unknown', '30 to 34', '65 to 69']",4.0
944001.0,2006-12-24 10:00:00,2259,2006,ROSEDALE VALLEY RD,BAYVIEW AVE,Minor Arterial,Toronto and East York,43.671545,-79.36549,631767.2902,4836690.1891,Unknown,No Control,Rain,Dark,Wet,71,Cabbagetown-South St.James Town,71,Cabbagetown-South St.James Town (71),Non-Fatal Injury,0,0,1,0,0,0,0,1,1,1,0,0,0,SMV Other,"['Passenger', 'Vehicle Owner', 'Driver']",West,"['Other', 'Automobile, Station Wagon']",['Going Ahead'],['Speed too Fast For Condition'],['Normal'],['Not Applicable'],['Not Applicable'],['Not Applicable'],['Not Applicable'],['Not Applicable'],False,"['20 to 24', 'unknown', '25 to 29']",3.0
944033.0,2006-12-24 10:00:00,820,2006,35 BRAYWIN DR,Not Applicable,Local,Etobicoke York,43.700245,-79.53629,617941.7389,4839620.5761,Unknown,No Control,Clear,Daylight,Dry,6,Kingsview Village-The Westway,6,Kingsview Village-The Westway (6),Non-Fatal Injury,0,0,1,0,0,0,0,0,0,0,0,0,1,SMV Other,['Driver'],West,"['Automobile, Station Wagon']",['Unknown'],['Driving Properly'],['Medical or Physical Disability'],['Not Applicable'],['Not Applicable'],['Not Applicable'],['Not Applicable'],['Not Applicable'],False,['90 to 94'],3.0
944038.0,2006-12-24 10:00:00,850,2006,MARKHAM RD,PAINTED POST DR,Major Arterial,Scarborough,43.767545,-79.22839,642591.9255,4847579.3285,At Intersection,Traffic Signal,Clear,Daylight,Dry,142,Woburn North,137,Woburn (137),Fatal,0,0,1,0,0,0,0,0,0,1,1,0,0,Angle,"['Vehicle Owner', 'Driver']",North,"['Other', 'Automobile, Station Wagon']",['Going Ahead'],"['Disobeyed Traffic Control', 'Driving Properly']","['Normal', 'Unknown']",['Not Applicable'],['Not Applicable'],['Not Applicable'],['Not Applicable'],['Not Applicable'],True,"['unknown', '25 to 29', '40 to 44']",4.0
944085.0,2006-12-25 10:00:00,2205,2006,EGLINTON AVE E,KENNEDY RD,Major Arterial,Scarborough,43.732145,-79.26789,639494.862,4843580.357,At Intersection,Traffic Signal,Rain,Dark,Wet,124,Kennedy Park,124,Kennedy Park (124),Non-Fatal Injury,1,0,1,0,0,0,0,0,0,0,0,0,0,Pedestrian Collisions,"['Driver', 'Pedestrian']",East,"['Automobile, Station Wagon', 'Other']",['Going Ahead'],['Driving Properly'],['Normal'],['Crossing without right of way'],['Unknown'],['Not Applicable'],['Not Applicable'],['Not Applicable'],False,['45 to 49'],3.0
944296.0,2006-09-30 08:00:00,510,2006,DUNDAS ST W,LAKEVIEW AVE,Minor Arterial,Toronto and East York,43.649345,-79.42159,627291.6049,4834137.0019,Unknown,No Control,Clear,Dark,Dry,81,Trinity-Bellwoods,81,Trinity-Bellwoods (81),Non-Fatal Injury,1,0,1,0,0,0,0,0,0,0,0,1,0,Pedestrian Collisions,"['Other', 'Driver', 'Pedestrian']",East,"['Other', 'Automobile, Station Wagon']",['Going Ahead'],['Lost control'],"['Ability Impaired, Alcohol Over .08']",['On Sidewalk or Shoulder'],['Normal'],['Not Applicable'],['Not Applicable'],['Not Applicable'],False,"['unknown', '30 to 34', '40 to 44']",3.0
944350.0,2006-12-10 10:00:00,20,2006,LAWRENCE AVE W,ROSEWELL AVE,Major Arterial,North York,43.722945,-79.41269,627852.8999,4842324.9787,Unknown,No Control,Clear,Dark,Dry,105,Lawrence Park North,105,Lawrence Park North (105),Non-Fatal Injury,1,0,1,0,0,0,0,0,0,0,0,0,0,Pedestrian Collisions,"['Driver', 'Pedestrian']",East,"['Automobile, Station Wagon', 'Other']",['Going Ahead'],['Driving Properly'],['Normal'],"['Crossing, no Traffic Control']","['Ability Impaired, Alcohol']",['Not Applicable'],['Not Applicable'],['Not Applicable'],False,"['30 to 34', '15 to 19']",3.0
944492.0,2006-12-28 10:00:00,645,2006,LAKE SHORE BLVD W,AQUATIC DR,Major Arterial,Toronto and East York,43.630045,-79.42419,627122.6197,4831989.5048,Unknown,No Control,Clear,Daylight,Dry,163,Fort York-Liberty Village,82,Niagara (82),Non-Fatal Injury,0,0,1,0,0,0,0,1,0,0,0,1,0,SMV Other,"['Passenger', 'Driver']",West,"['Other', 'Automobile, Station Wagon']",['Going Ahead'],['Lost control'],"['Ability Impaired, Alcohol']",['Not Applicable'],['Not Applicable'],['Not Applicable'],['Not Applicable'],['Not Applicable'],False,['20 to 24'],3.0
944497.0,2006-12-11 10:00:00,1200,2006,CHURCH ST,LOMBARD ST,Major Arterial,Toronto and East York,43.651445,-79.37509,631037.0914,4834442.6114,Unknown,No Control,Rain,Daylight,Wet,168,Downtown Yonge East,75,Church-Yonge Corridor (75),Non-Fatal Injury,0,0,1,1,0,0,0,0,0,0,0,0,0,Approaching,"['Motorcycle Driver', 'Driver']",North,"['Motorcycle', 'Automobile, Station Wagon']",['Going Ahead'],"['Lost control', 'Driving Properly']","['Unknown', 'Normal']",['Not Applicable'],['Not Applicable'],['Not Applicable'],['Not Applicable'],['Not Applicable'],False,['40 to 44'],3.0
944792.0,2006-12-31 10:00:00,1958,2006,F G GARDINER XY  E,GRAND AVE,Expressway,Etobicoke York,43.625745,-79.48839,621952.17,4831415.63,Unknown,No Control,Rain,Dark,Wet,161,Humber Bay Shores,17,Mimico (includes Humber Bay Shores) (17),Non-Fatal Injury,0,0,1,0,0,0,0,1,1,1,0,0,0,SMV Other,"['Driver', 'Passenger']",East,"['Automobile, Station Wagon', 'Other']","['Going Ahead', 'Changing Lanes']","['Driving Properly', 'Lost control']",['Normal'],['Not Applicable'],['Not Applicable'],['Not Applicable'],['Not Applicable'],['Not Applicable'],False,"['50 to 54', '15 to 19']",3.0
944794.0,2006-12-31 10:00:00,1741,2006,LAWRENCE AVE W,BLACK CREEK DR,Major Arterial,Etobicoke York,43.705245,-79.49289,621428.7257,4840238.5467,Unknown,No Control,Rain,Dark,Wet,28,Rustic,28,Rustic (28),Non-Fatal Injury,1,0,1,0,0,0,0,0,0,0,0,0,0,Pedestrian Collisions,"['Driver', 'Pedestrian']",East,"['Automobile, Station Wagon', 'Other']",['Going Ahead'],['Driving Properly'],['Other'],"['Crossing, no Traffic Control']","['Ability Impaired, Alcohol Over .80']",['Not Applicable'],['Not Applicable'],['Not Applicable'],False,"['65 to 69', '50 to 54']",3.0
944795.0,2007-01-01 10:00:00,330,2007,DIXON RD,KELFIELD ST,Major Arterial,Etobicoke York,43.690245,-79.57709,614673.2212,4838452.7133,Unknown,Traffic Signal,Rain,Dark,Wet,1,West Humber-Clairville,1,West Humber-Clairville (1),Non-Fatal Injury,1,0,1,0,0,0,0,0,0,0,0,0,0,Pedestrian Collisions,"['Driver', 'Pedestrian']",East,"['Automobile, Station Wagon', 'Other']",['Going Ahead'],['Driving Properly'],['Normal'],['Crossing without right of way'],['Inattentive'],['Not Applicable'],['Not Applicable'],['Not Applicable'],False,"['25 to 29', '70 to 74']",3.0
944879.0,2007-01-01 10:00:00,1645,2007,SENLAC RD,ELLERSLIE AVE,Minor Arterial,North York,43.768645,-79.42669,626628.8366,4847379.1335,At Intersection,Stop Sign,Clear,Dusk,Wet,37,Willowdale West,37,Willowdale West (37),Non-Fatal Injury,1,0,1,0,0,0,0,1,0,1,0,0,0,Pedestrian Collisions,"['Passenger', 'Driver', 'Pedestrian']",South,"['Other', 'Automobile, Station Wagon']",['Going Ahead'],['Disobeyed Traffic Control'],['Normal'],['Crossing with right of way'],['Normal'],['Not Applicable'],['Not Applicable'],['Not Applicable'],False,"['15 to 19', '65 to 69']",3.0
944952.0,2006-12-10 10:00:00,1405,2006,YONGE ST,WANLESS AVE,Major Arterial,North York,43.726245,-79.40249,628667.421,4842707.2776,At Intersection,Stop Sign,Clear,Daylight,Dry,105,Lawrence Park North,105,Lawrence Park North (105),Non-Fatal Injury,1,0,1,0,0,0,0,0,0,1,0,0,0,Pedestrian Collisions,"['Pedestrian', 'Driver']",South,"['Other', 'Automobile, Station Wagon']",['Turning Left'],['Failed to Yield Right of Way'],['Normal'],['Crossing with right of way'],['Unknown'],['Not Applicable'],['Not Applicable'],['Not Applicable'],False,['60 to 64'],3.0
945089.0,2007-01-02 10:00:00,1750,2007,VICTORIA PARK AVE,HARE GT,Major Arterial,North York,43.795945,-79.33269,634133.4915,4850559.2681,At Intersection,No Control,Clear,Dark,Dry,46,Pleasant View,46,Pleasant View (46),Fatal,1,0,1,0,0,0,0,0,0,0,0,0,0,Pedestrian Collisions,"['Vehicle Owner', 'Driver', 'Pedestrian']",North,"['Other', 'Automobile, Station Wagon']",['Going Ahead'],['Driving Properly'],['Normal'],"['Crossing, no Traffic Control']",['Unknown'],['Not Applicable'],['Not Applicable'],['Not Applicable'],True,"['unknown', '50 to 54', '40 to 44']",4.0
945617.0,2006-11-14 10:00:00,1600,2006,CARLAW AVE,EASTERN AVE,Major Arterial,Toronto and East York,43.658345,-79.33899,633932.9841,4835266.5876,At Intersection,Traffic Signal,Clear,Daylight,Dry,70,South Riverdale,70,South Riverdale (70),Non-Fatal Injury,0,0,1,0,1,0,0,0,0,1,1,0,0,Angle,"['Driver', 'Vehicle Owner', 'Truck Driver']",North,"['Automobile, Station Wagon', 'Other', 'Truck - Open']",['Going Ahead'],"['Driving Properly', 'Disobeyed Traffic Control']",['Normal'],['Not Applicable'],['Not Applicable'],['Not Applicable'],['Not Applicable'],['Not Applicable'],False,"['45 to 49', 'unknown', '50 to 54', '35 to 39']",3.0
945654.0,2006-12-19 10:00:00,2000,2006,39 WESTHAMPTON DR,Not Applicable,Local,Etobicoke York,43.702945,-79.55629,616324.9602,4839892.1925,Unknown,No Control,Clear,Dark,Dry,6,Kingsview Village-The Westway,6,Kingsview Village-The Westway (6),Non-Fatal Injury,0,0,1,0,0,0,0,1,0,0,0,0,0,SMV Unattended Vehicle,"['Vehicle Owner', 'Passenger', 'Driver']",East,"['Other', 'Automobile, Station Wagon']","['Parked', 'Slowing or Stopping']",['Lost control'],['Normal'],['Not Applicable'],['Not Applicable'],['Not Applicable'],['Not Applicable'],['Not Applicable'],False,"['unknown', '15 to 19', '20 to 24']",3.0
945676.0,2006-12-20 10:00:00,1420,2006,EMERSON AVE,WALLACE AVE,Collector,Toronto and East York,43.662745,-79.44239,625586.2264,4835593.5523,At Intersection,Stop Sign,Clear,Daylight,Dry,171,Junction-Wallace Emerson,93,Dovercourt-Wallace Emerson-Junction (93),Non-Fatal Injury,0,1,0,0,0,1,0,0,0,0,0,0,0,Cyclist Collisions,"['Cyclist', 'Vehicle Owner', 'Driver']",South,"['Bicycle', 'Other', 'Municipal Transit Bus (TTC)']",['Going Ahead'],['Driving Properly'],['Normal'],['Not Applicable'],['Not Applicable'],"['Cyclist without ROW rides into path of motorist at inter, lnwy, dwy-Cyclist not turn.']",['Disobeyed Traffic Control'],['Normal'],False,"['55 to 59', 'unknown', '40 to 44']",3.0
945694.0,2006-12-20 10:00:00,1023,2006,DUNDAS ST W,PALMERSTON AVE,Major Arterial,Toronto and East York,43.651745,-79.40849,628342.9591,4834423.7305,At Intersection,Pedestrian Crossover,Clear,Daylight,Dry,81,Trinity-Bellwoods,81,Trinity-Bellwoods (81),Non-Fatal Injury,1,0,1,0,0,0,0,0,0,1,0,0,0,Pedestrian Collisions,"['Driver', 'Pedestrian']",North,"['Automobile, Station Wagon', 'Other']",['Turning Left'],['Failed to Yield Right of Way'],['Unknown'],"['Crossing, Pedestrian Crossover']",['Normal'],['Not Applicable'],['Not Applicable'],['Not Applicable'],False,"['50 to 54', '45 to 49']",3.0
945718.0,2006-12-19 10:00:00,1855,2006,WILLOWDALE AVE,BYNG AVE,Minor Arterial,North York,43.778545,-79.40579,628289.8306,4848510.8528,Unknown,Traffic Signal,Clear,Dark,Dry,152,East Willowdale,51,Willowdale East (51),Non-Fatal Injury,1,0,1,0,0,0,0,0,0,1,0,0,0,Pedestrian Collisions,"['Driver', 'Pedestrian']",East,"['Automobile, Station Wagon', 'Other']",['Turning Left'],['Failed to Yield Right of Way'],['Inattentive'],['Crossing with right of way'],['Normal'],['Not Applicable'],['Not Applicable'],['Not Applicable'],False,"['40 to 44', '45 to 49']",3.0
945854.0,2006-12-22 10:00:00,1645,2006,VICTORIA ST,RICHMOND ST E,Major Arterial,Toronto and East York,43.651945,-79.37779,630818.2682,4834493.8829,Unknown,Traffic Signal,Rain,Dark,Wet,168,Downtown Yonge East,75,Church-Yonge Corridor (75),Non-Fatal Injury,1,0,1,0,0,0,0,0,0,0,0,0,0,Pedestrian Collisions,"['Driver', 'Pedestrian']",East,"['Automobile, Station Wagon', 'Other']",['Turning Left'],['Driving Properly'],['Normal'],['Crossing without right of way'],['Inattentive'],['Not Applicable'],['Not Applicable'],['Not Applicable'],False,"['50 to 54', '75 to 79']",3.0
946028.0,2006-12-23 10:00:00,425,2006,BIRCHMOUNT RD,ELLESMERE RD,Major Arterial,Scarborough,43.763445,-79.29139,637530.5704,4847017.399,Unknown,Traffic Signal,Clear,Dark,Wet,119,Wexford/Maryvale,119,Wexford/Maryvale (119),Non-Fatal Injury,0,0,1,0,0,0,0,1,0,1,1,0,0,Rear End,"['Driver', 'Passenger']",East,"['Automobile, Station Wagon', 'Other']",['Going Ahead'],"['Disobeyed Traffic Control', 'Driving Properly']",['Normal'],['Not Applicable'],['Not Applicable'],['Not Applicable'],['Not Applicable'],['Not Applicable'],False,"['45 to 49', '40 to 44', '30 to 34']",3.0
946073.0,2006-12-24 10:00:00,1350,2006,52 RANEE AVE,Not Applicable,Collector,North York,43.726345,-79.43439,626097.8823,4842669.3491,Unknown,No Control,Clear,Daylight,Dry,32,Englemount-Lawrence,32,Englemount-Lawrence (32),Non-Fatal Injury,0,0,1,0,0,0,0,0,0,0,0,0,0,Approaching,"['Driver', 'Other Property Owner']",East,"['Automobile, Station Wagon', 'Other']",['Going Ahead'],"['Lost control', 'Driving Properly']","['Fatigue', 'Normal']",['Not Applicable'],['Not Applicable'],['Not Applicable'],['Not Applicable'],['Not Applicable'],False,"['55 to 59', '40 to 44', 'unknown']",3.0
946102.0,2006-12-24 10:00:00,30,2006,YONGE ST,MC NAIRN AVE,Major Arterial,North York,43.735745,-79.40489,628453.8063,4843758.6668,Unknown,No Control,Clear,Dark,Dry,105,Lawrence Park North,105,Lawrence Park North (105),Non-Fatal Injury,0,0,1,0,0,0,0,1,0,0,0,0,1,Approaching,"['Driver', 'Passenger']",North,"['Automobile, Station Wagon', 'Other']",['Going Ahead'],"['Lost control', 'Driving Properly']","['Medical or Physical Disability', 'Normal']",['Not Applicable'],['Not Applicable'],['Not Applicable'],['Not Applicable'],['Not Applicable'],False,"['40 to 44', '30 to 34', '35 to 39', '10 to 14', '15 to 19']",3.0