accident_number,date,time,year,street1,street2,road_class,district,latitude,longitude,x,y,accident_location,traffctl,visibility,light,road_surface_condition,hood_158,neighbourhood_new,hood_140,neighbourhood_old,accident_class,pedestrian,cyclist,automobile,motorcycle,truck,trsn_city_veh,emerg_veh,passenger,speeding,aggressive_driving,redlight,alcohol,disability,impact_type,involvement_type,initial_direction,vehicle_type,manoeuver,driver_action,driver_condition,pedestrian_action,pedestrian_condition,cyclist_type,cyclist_action,cyclist_condition,injury,involvement_age,injury_severity_score
946202.0,2007-01-07 10:00:00,1336,2007,FINCH AVE E,MARKHAM RD,Major Arterial,Scarborough,43.811343,-79.250491,640710.2372,4852405.9721,Non Intersection,No Control,Clear,Daylight,Dry,129,Agincourt North,129,Agincourt North (129),Non-Fatal Injury,0,0,0,1,0,0,0,0,0,0,0,0,0,SMV Other,['Motorcycle Driver'],East,['Motorcycle'],['Changing Lanes'],['Lost control'],['Normal'],['Not Applicable'],['Not Applicable'],['Not Applicable'],['Not Applicable'],['Not Applicable'],False,['20 to 24'],3.0
946225.0,2006-08-31 08:00:00,1610,2006,DUNDAS ST E,BROADVIEW AVE,Major Arterial,Toronto and East York,43.662445,-79.35139,632924.0699,4835702.0058,Unknown,Traffic Signal,Clear,Daylight,Dry,70,South Riverdale,70,South Riverdale (70),Non-Fatal Injury,0,0,1,1,0,0,0,0,0,1,0,0,0,Turning Movement,"['Driver', 'Motorcycle Driver']",East,"['Automobile, Station Wagon', 'Motorcycle']","['Turning Left', 'Going Ahead']","['Failed to Yield Right of Way', 'Driving Properly']",['Normal'],['Not Applicable'],['Not Applicable'],['Not Applicable'],['Not Applicable'],['Not Applicable'],False,"['80 to 84', '20 to 24']",3.0
946237.0,2006-12-17 10:00:00,1355,2006,WILSON AVE,ELROSE AVE,Major Arterial,Etobicoke York,43.717445,-79.52409,618890.779,4841548.3005,Unknown,No Control,Clear,Daylight,Dry,154,Oakdale-Beverley Heights,26,Downsview-Roding-CFB (26),Non-Fatal Injury,0,0,1,0,0,0,0,1,0,1,0,0,0,Turning Movement,"['Driver', 'Passenger']",East,"['Automobile, Station Wagon', 'Other']","['Turning Left', 'Going Ahead']","['Failed to Yield Right of Way', 'Driving Properly']",['Normal'],['Not Applicable'],['Not Applicable'],['Not Applicable'],['Not Applicable'],['Not Applicable'],False,"['75 to 79', '40 to 44', '35 to 39', '20 to 24']",3.0
946244.0,2006-12-25 10:00:00,114,2006,123 REXDALE BLVD,Not Applicable,Major Arterial,Etobicoke York,43.712045,-79.56509,615598.4138,4840890.563,Unknown,Stop Sign,Clear,Dark,Dry,1,West Humber-Clairville,1,West Humber-Clairville (1),Non-Fatal Injury,0,0,1,0,0,0,0,1,0,0,0,0,0,Turning Movement,"['Vehicle Owner', 'Driver', 'Passenger']",East,"['Other', 'Automobile, Station Wagon']","['Turning Left', 'Going Ahead']","['Improper Turn', 'Driving Properly']",['Normal'],['Not Applicable'],['Not Applicable'],['Not Applicable'],['Not Applicable'],['Not Applicable'],False,"['unknown', '20 to 24', '65 to 69', '55 to 59']",3.0
946528.0,2007-01-09 10:00:00,2125,2007,DON VALLEY PARKWAY  N,LEASIDE BDGE Road,Major Arterial,Toronto and East York,43.697845,-79.34959,632990.9649,4839636.5475,Unknown,No Control,Clear,Dark,Dry,58,Old East York,58,Old East York (58),Non-Fatal Injury,1,0,1,0,0,0,0,1,0,0,0,0,0,Pedestrian Collisions,"['Passenger', 'Driver', 'Pedestrian']",Unknown,"['Other', 'Automobile, Station Wagon']","['Other', 'Going Ahead']",[],[],['Not Applicable'],['Not Applicable'],['Not Applicable'],['Not Applicable'],['Not Applicable'],False,"['unknown', '40 to 44']",3.0
946585.0,2006-12-19 10:00:00,1200,2006,WARDEN AVE,BAMBURGH CRCL,Major Arterial,Scarborough,43.816145,-79.32459,634739.7099,4852815.9619,At Intersection,Traffic Signal,Clear,Daylight,Dry,116,Steeles,116,Steeles (116),Non-Fatal Injury,0,0,1,0,0,0,0,1,0,1,1,0,0,Angle,"['Driver', 'Passenger', 'Vehicle Owner']",East,"['Automobile, Station Wagon', 'Other']","['Slowing or Stopping', 'Going Ahead']","['Driving Properly', 'Disobeyed Traffic Control']",['Normal'],['Not Applicable'],['Not Applicable'],['Not Applicable'],['Not Applicable'],['Not Applicable'],False,"['35 to 39', '60 to 64', '80 to 84', 'unknown', '50 to 54', '40 to 44']",3.0
946614.0,2006-12-20 10:00:00,1043,2006,MCCOWAN RD,SANDHURST CRCL,Major Arterial,Scarborough,43.811645,-79.26919,639205.588,4852407.8828,Unknown,Traffic Signal,Clear,Daylight,Dry,129,Agincourt North,129,Agincourt North (129),Non-Fatal Injury,0,0,1,0,0,0,0,1,0,1,1,0,0,Angle,"['Driver', 'Passenger']",North,"['Automobile, Station Wagon', 'Other']",['Going Ahead'],"['Disobeyed Traffic Control', 'Driving Properly']",['Normal'],['Not Applicable'],['Not Applicable'],['Not Applicable'],['Not Applicable'],['Not Applicable'],False,"['35 to 39', '40 to 44', '5 to 9', '60 to 64']",3.0
947071.0,2007-01-14 10:00:00,336,2007,DON VALLEY PARKWAY  N,BAYVIEW BLOOR DVP RAMP,Expressway,Toronto and East York,43.683245,-79.36189,632031.8462,4837995.3588,Unknown,No Control,Clear,Dark,Dry,57,Broadview North,57,Broadview North (57),Non-Fatal Injury,0,0,1,0,0,0,0,1,1,1,0,0,0,SMV Other,"['Passenger', 'Vehicle Owner', 'Driver', 'Other Property Owner']",North,"['Other', 'Automobile, Station Wagon']",['Going Ahead'],['Lost control'],['Normal'],['Not Applicable'],['Not Applicable'],['Not Applicable'],['Not Applicable'],['Not Applicable'],False,"['25 to 29', 'unknown']",3.0
947135.0,2006-12-02 10:00:00,1300,2006,THE EAST MALL,FORMULA CRT,Minor Arterial,Etobicoke York,43.640145,-79.55709,616381.8162,4832916.3102,Unknown,No Control,Clear,Daylight,Dry,158,Islington,14,Islington-City Centre West (14),Non-Fatal Injury,1,0,1,0,0,0,0,0,0,0,0,0,0,Pedestrian Collisions,"['Driver', 'Pedestrian']",North,"['Automobile, Station Wagon', 'Other']",['Going Ahead'],['Driving Properly'],['Normal'],"['Crossing, no Traffic Control']",['Unknown'],['Not Applicable'],['Not Applicable'],['Not Applicable'],False,"['80 to 84', '70 to 74']",3.0
947143.0,2006-12-06 10:00:00,2248,2006,VICTORIA PARK AVE,HUNTINGWOOD DR,Major Arterial,North York,43.780345,-79.32539,634755.8282,4848838.4999,At Intersection,Traffic Signal,Drifting Snow,Dark,Wet,147,L'Amoreaux West,117,L'Amoreaux (117),Non-Fatal Injury,1,0,1,0,0,0,0,0,0,1,1,0,0,Pedestrian Collisions,"['Driver', 'Pedestrian']",East,"['Automobile, Station Wagon', 'Other']",['Going Ahead'],['Disobeyed Traffic Control'],['Unknown'],['Crossing with right of way'],['Unknown'],['Not Applicable'],['Not Applicable'],['Not Applicable'],False,"['unknown', '55 to 59']",3.0
947325.0,2007-01-10 10:00:00,1515,2007,HUMBER COLLEGE BLVD,WESTMORE DR,Minor Arterial,Etobicoke York,43.730945,-79.59939,612799.6654,4842942.4105,Unknown,No Control,Clear,Daylight,Dry,1,West Humber-Clairville,1,West Humber-Clairville (1),Non-Fatal Injury,1,0,1,0,0,0,0,0,0,0,0,0,0,Pedestrian Collisions,"['Vehicle Owner', 'Driver', 'Pedestrian']",East,"['Other', 'Automobile, Station Wagon']",['Going Ahead'],['Driving Properly'],['Normal'],['Running onto Roadway'],['Normal'],['Not Applicable'],['Not Applicable'],['Not Applicable'],False,"['unknown', '30 to 34', '50 to 54']",3.0
947697.0,2006-08-20 08:00:00,209,2006,DUFFERIN ST,GERRY FITZGERALD DR W,Major Arterial,North York,43.783845,-79.47009,623104.537,4849001.8716,At Intersection,No Control,Clear,Dark,Dry,34,Bathurst Manor,34,Bathurst Manor (34),Non-Fatal Injury,0,0,1,0,0,0,0,1,1,1,0,0,0,SMV Other,"['Vehicle Owner', 'Passenger', 'Driver', 'Other Property Owner']",North,"['Other', 'Automobile, Station Wagon']",['Going Ahead'],['Exceeding Speed Limit'],['Unknown'],['Not Applicable'],['Not Applicable'],['Not Applicable'],['Not Applicable'],['Not Applicable'],False,"['unknown', '20 to 24', '25 to 29']",3.0
948014.0,2006-12-31 10:00:00,1848,2006,2540 EGLINTON AVE E,Not Applicable,Major Arterial,Scarborough,43.734945,-79.25609,640438.6367,4843911.2727,Unknown,No Control,Rain,Dark,Wet,124,Kennedy Park,124,Kennedy Park (124),Non-Fatal Injury,1,0,1,0,0,0,0,0,1,1,0,0,0,Pedestrian Collisions,"['Vehicle Owner', 'Driver', 'Pedestrian']",East,"['Other', 'Automobile, Station Wagon']",['Going Ahead'],['Speed too Fast For Condition'],['Normal'],"['Crossing, no Traffic Control']",['Normal'],['Not Applicable'],['Not Applicable'],['Not Applicable'],False,"['unknown', '30 to 34', '15 to 19']",3.0
948029.0,2007-01-01 10:00:00,355,2007,PARKSIDE DR,HIGH PARK BLVD,Major Arterial,Toronto and East York,43.644845,-79.45629,624502.4769,4833584.5785,Unknown,Traffic Signal,Rain,Dark,Wet,87,High Park-Swansea,87,High Park-Swansea (87),Non-Fatal Injury,1,0,1,0,0,0,0,0,0,0,0,0,0,Pedestrian Collisions,"['Driver', 'Pedestrian']",South,"['Automobile, Station Wagon', 'Other']",['Going Ahead'],['Driving Properly'],['Normal'],['Crossing without right of way'],['Had Been Drinking'],['Not Applicable'],['Not Applicable'],['Not Applicable'],False,"['45 to 49', '40 to 44']",3.0
948249.0,2007-01-03 10:00:00,1335,2007,LAKE SHORE Blvd E,CARLAW Ave,Major Arterial,Toronto and East York,43.654945,-79.33739,634069.5657,4834891.5563,At Intersection,Traffic Signal,Clear,Daylight,Dry,70,South Riverdale,70,South Riverdale (70),Non-Fatal Injury,0,0,1,0,0,0,0,0,0,1,0,0,0,Rear End,"['Driver', 'Vehicle Owner']",East,"['Automobile, Station Wagon', 'Other']","['Going Ahead', 'Stopped']","['Following too Close', 'Driving Properly']","['Inattentive', 'Normal']",['Not Applicable'],['Not Applicable'],['Not Applicable'],['Not Applicable'],['Not Applicable'],False,"['80 to 84', 'unknown', '30 to 34']",3.0
948311.0,2007-01-05 10:00:00,1207,2007,BATHURST St,WARWICK Ave,Major Arterial,Toronto and East York,43.695245,-79.42319,627065.6685,4839232.359,Unknown,Traffic Signal,Clear,Daylight,Dry,101,Forest Hill South,101,Forest Hill South (101),Non-Fatal Injury,0,0,1,0,0,0,0,0,0,0,0,0,1,Approaching,"['Other', 'Driver', 'Vehicle Owner']",South,"['Other', 'Automobile, Station Wagon']","['Slowing or Stopping', 'Going Ahead']","['Driving Properly', 'Lost control']","['Normal', 'Medical or Physical Disability']",['Not Applicable'],['Not Applicable'],['Not Applicable'],['Not Applicable'],['Not Applicable'],False,"['10 to 14', '45 to 49', 'unknown', '75 to 79']",3.0
948322.0,2007-01-05 10:00:00,1450,2007,KIPLING AVE,WIDDICOMBE HILL,Major Arterial,Etobicoke York,43.678945,-79.55169,616742.1544,4837233.1346,Unknown,Traffic Signal,Clear,Daylight,Dry,7,Willowridge-Martingrove-Richview,7,Willowridge-Martingrove-Richview (7),Non-Fatal Injury,0,0,1,0,0,0,0,0,0,1,1,0,0,Angle,"['Driver', 'Vehicle Owner']",East,"['Automobile, Station Wagon', 'Other']",['Going Ahead'],"['Driving Properly', 'Disobeyed Traffic Control']",['Normal'],['Not Applicable'],['Not Applicable'],['Not Applicable'],['Not Applicable'],['Not Applicable'],False,"['70 to 74', 'unknown', '40 to 44']",3.0
948356.0,2007-01-06 10:00:00,1140,2007,LAWRENCE AVE E,ORTON PARK RD,Major Arterial,Scarborough,43.764045,-79.20559,644435.4802,4847230.1152,Unknown,Traffic Signal,Rain,Daylight,Wet,141,Golfdale-Cedarbrae-Woburn,137,Woburn (137),Non-Fatal Injury,0,0,1,0,0,0,0,1,0,0,0,0,0,Turning Movement,"['Vehicle Owner', 'Driver', 'Passenger', 'Other Property Owner']",East,"['Other', 'Automobile, Station Wagon']","['Going Ahead', 'Turning Left']","['Driving Properly', 'Improper Turn']",['Normal'],['Not Applicable'],['Not Applicable'],['Not Applicable'],['Not Applicable'],['Not Applicable'],False,"['unknown', '40 to 44', '35 to 39', '55 to 59']",3.0
949215.0,2007-01-12 10:00:00,2030,2007,4071 KINGSTON RD,Not Applicable,Major Arterial,Scarborough,43.755345,-79.20089,644834.7889,4846272.0537,Unknown,No Control,Rain,Dark,Wet,136,West Hill,136,West Hill (136),Non-Fatal Injury,1,0,1,0,0,0,0,0,0,0,0,0,0,Pedestrian Collisions,"['Vehicle Owner', 'Driver', 'Pedestrian']",East,"['Other', 'Automobile, Station Wagon']",['Going Ahead'],['Driving Properly'],['Normal'],['Running onto Roadway'],['Normal'],['Not Applicable'],['Not Applicable'],['Not Applicable'],False,"['unknown', '40 to 44', '35 to 39']",3.0
949221.0,2006-08-09 08:00:00,2155,2006,QUEEN ST E,HAMMERSMITH AVE,Minor Arterial,Toronto and East York,43.671145,-79.29429,637508.1133,4836761.3294,Unknown,No Control,Clear,Dark,Dry,63,The Beaches,63,The Beaches (63),Non-Fatal Injury,1,0,1,0,0,0,0,0,0,0,0,0,0,Pedestrian Collisions,"['Driver', 'Pedestrian']",East,"['Automobile, Station Wagon', 'Other']",['Reversing'],['Other'],['Normal'],"['Crossing, no Traffic Control']",['Normal'],['Not Applicable'],['Not Applicable'],['Not Applicable'],False,"['50 to 54', '35 to 39']",3.0
949432.0,2007-01-04 10:00:00,905,2007,FINCH AVE W,WESTON RD,Major Arterial,Etobicoke York,43.752045,-79.54239,617349.0263,4845365.037,At Intersection,Traffic Signal,Clear,Daylight,Dry,22,Humbermede,22,Humbermede (22),Non-Fatal Injury,1,0,1,0,0,0,0,0,0,1,0,0,0,Pedestrian Collisions,"['Driver', 'Pedestrian']",North,"['Automobile, Station Wagon', 'Other']",['Turning Left'],['Failed to Yield Right of Way'],['Normal'],['Crossing with right of way'],['Normal'],['Not Applicable'],['Not Applicable'],['Not Applicable'],False,"['70 to 74', '55 to 59']",3.0
949483.0,2007-01-19 10:00:00,1331,2007,DUFFERIN ST,KING ST W,Major Arterial,Toronto and East York,43.638945,-79.42739,626845.7427,4832973.0677,Unknown,Traffic Signal,Clear,Daylight,Dry,85,South Parkdale,85,South Parkdale (85),Non-Fatal Injury,1,0,1,0,0,0,0,0,0,1,0,0,0,Pedestrian Collisions,"['Vehicle Owner', 'Driver', 'Pedestrian']",East,"['Other', 'Automobile, Station Wagon']",['Turning Left'],['Failed to Yield Right of Way'],['Inattentive'],['Crossing with right of way'],['Normal'],['Not Applicable'],['Not Applicable'],['Not Applicable'],False,"['unknown', '45 to 49', '65 to 69']",3.0
949724.0,2007-01-15 10:00:00,1715,2007,150 DISCO RD,Not Applicable,Collector,Etobicoke York,43.700645,-79.60769,612187.7368,4839565.9141,Unknown,No Control,Freezing Rain,Dark,Slush,1,West Humber-Clairville,1,West Humber-Clairville (1),Non-Fatal Injury,0,0,1,0,0,0,0,0,0,1,0,0,0,Approaching,"['Driver', 'Vehicle Owner']",East,"['Automobile, Station Wagon', 'Other']",['Going Ahead'],"['Lost control', 'Driving Properly']",['Normal'],['Not Applicable'],['Not Applicable'],['Not Applicable'],['Not Applicable'],['Not Applicable'],False,"['35 to 39', 'unknown', '45 to 49']",3.0
949730.0,2007-01-15 10:00:00,1458,2007,DON MILLS RD,DON MILLS N DVP S RAMP RD S,Major Arterial,Toronto and East York,43.701845,-79.33679,634013.4952,4840101.4152,Unknown,No Control,Rain,Daylight,Slush,58,Old East York,58,Old East York (58),Non-Fatal Injury,0,0,1,0,0,0,0,0,1,1,0,0,0,Approaching,"['Driver', 'Vehicle Owner']",North,"['Automobile, Station Wagon', 'Other']",['Going Ahead'],"['Speed too Fast For Condition', 'Driving Properly']","['Inattentive', 'Normal']",['Not Applicable'],['Not Applicable'],['Not Applicable'],['Not Applicable'],['Not Applicable'],False,"['50 to 54', 'unknown', '35 to 39', '60 to 64']",3.0
95001.0,2020-01-14 10:00:00,1812,2020,MCLEVIN AVE,TAPSCOTT RD,Minor Arterial,Scarborough,43.80511,-79.22665,642642.5903,4851754.5186,At Intersection,Traffic Signal,Rain,Dark,Wet,145,Malvern West,132,Malvern (132),Non-Fatal Injury,1,0,1,0,0,0,0,0,0,1,0,0,0,Pedestrian Collisions,"['Driver', 'Pedestrian']",North,"['Automobile, Station Wagon']",['Turning Left'],['Failed to Yield Right of Way'],['Normal'],['Crossing with right of way'],['Normal'],['Not Applicable'],['Not Applicable'],['Not Applicable'],False,"['25 to 29', '30 to 34']",3.0
950050.0,2006-12-13 10:00:00,605,2006,FINCH AVE E,KENNEDY RD,Major Arterial,Scarborough,43.801245,-79.29659,637025.616,4851207.0593,At Intersection,Traffic Signal,Rain,Dark,Wet,148,East L'Amoreaux,117,L'Amoreaux (117),Non-Fatal Injury,0,0,1,0,0,0,0,0,0,1,1,0,0,Angle,['Driver'],East,"['Automobile, Station Wagon']","['Going Ahead', 'Stopped']","['Driving Properly', 'Disobeyed Traffic Control']","['Normal', 'Inattentive']",['Not Applicable'],['Not Applicable'],['Not Applicable'],['Not Applicable'],['Not Applicable'],False,"['60 to 64', '55 to 59', '30 to 34']",3.0
950128.0,2006-12-24 10:00:00,1933,2006,STEELES AVE E,REDLEA AVE,Major Arterial,Scarborough,43.824145,-79.30509,636289.7491,4853736.4361,Unknown,No Control,Clear,Dark,Dry,130,Milliken,130,Milliken (130),Non-Fatal Injury,1,0,1,0,0,0,0,0,0,0,0,0,0,Pedestrian Collisions,"['Driver', 'Pedestrian']",South,"['Automobile, Station Wagon', 'Other']",['Going Ahead'],['Driving Properly'],['Normal'],"['Crossing, no Traffic Control']",['Inattentive'],['Not Applicable'],['Not Applicable'],['Not Applicable'],False,['30 to 34'],3.0
950150.0,2007-01-16 10:00:00,1751,2007,648 OLD WESTON RD,Not Applicable,Minor Arterial,Toronto and East York,43.679545,-79.46539,623697.2593,4837424.8575,Unknown,No Control,Clear,Dark,Wet,91,Weston-Pelham Park,91,Weston-Pellam Park (91),Non-Fatal Injury,1,0,1,0,0,0,0,0,0,0,0,0,0,Pedestrian Collisions,"['Driver', 'Pedestrian']",East,"['Automobile, Station Wagon', 'Other']",['Going Ahead'],['Driving Properly'],['Normal'],"['Crossing, no Traffic Control']",['Had Been Drinking'],['Not Applicable'],['Not Applicable'],['Not Applicable'],False,"['60 to 64', '35 to 39']",3.0
950302.0,2007-01-16 10:00:00,1735,2007,DIXON RD,ISLINGTON AVE,Major Arterial,Etobicoke York,43.697045,-79.54669,617109.9585,4839250.4313,At Intersection,Traffic Signal,Clear,Dark,Dry,6,Kingsview Village-The Westway,6,Kingsview Village-The Westway (6),Non-Fatal Injury,0,0,1,0,1,0,0,0,0,0,0,0,0,Turning Movement,"['Vehicle Owner', 'Truck Driver', 'Driver']",East,"['Other', 'Truck - Open', 'Automobile, Station Wagon']","['Turning Left', 'Going Ahead']","['Improper Turn', 'Driving Properly']",['Normal'],['Not Applicable'],['Not Applicable'],['Not Applicable'],['Not Applicable'],['Not Applicable'],False,"['unknown', '40 to 44', '25 to 29']",3.0
950308.0,2007-01-16 10:00:00,1513,2007,HUMBERWOOD BLVD,HULLRICK DR,Collector,Etobicoke York,43.723945,-79.61529,611532.1235,4842143.4425,Unknown,No Control,Clear,Daylight,Slush,1,West Humber-Clairville,1,West Humber-Clairville (1),Non-Fatal Injury,0,0,1,0,0,0,0,1,0,0,0,0,0,Approaching,"['Vehicle Owner', 'Passenger', 'Driver']",North,"['Other', 'Automobile, Station Wagon']","['Slowing or Stopping', 'Going Ahead']","['Driving Properly', 'Lost control']",['Normal'],['Not Applicable'],['Not Applicable'],['Not Applicable'],['Not Applicable'],['Not Applicable'],False,"['unknown', '40 to 44', '45 to 49']",3.0
950372.0,2007-01-17 10:00:00,1559,2007,EGLINTON AVE E,HOLLY ST,Major Arterial,Toronto and East York,43.707145,-79.39619,629215.8912,4840595.7511,Unknown,No Control,Snow,Daylight,Packed Snow,174,South Eglinton-Davisville,104,Mount Pleasant West (104),Non-Fatal Injury,1,0,0,0,0,1,0,0,0,0,0,0,0,Pedestrian Collisions,"['Vehicle Owner', 'Driver', 'Pedestrian']",South,"['Other', 'Municipal Transit Bus (TTC)']",['Going Ahead'],['Driving Properly'],['Normal'],['Running onto Roadway'],['Normal'],['Not Applicable'],['Not Applicable'],['Not Applicable'],False,"['unknown', '40 to 44', '55 to 59']",3.0
950601.0,2007-01-12 10:00:00,1910,2007,GERRARD ST E,ENDERBY RD,Minor Arterial,Toronto and East York,43.683745,-79.30109,636931.2512,4838149.4834,Unknown,No Control,Rain,Dark,Wet,62,East End-Danforth,62,East End-Danforth (62),Non-Fatal Injury,1,0,1,0,0,0,0,0,0,0,0,0,0,Pedestrian Collisions,"['Driver', 'Pedestrian']",North,"['Automobile, Station Wagon', 'Other']",['Going Ahead'],['Driving Properly'],['Normal'],"['Crossing, no Traffic Control']",['Had Been Drinking'],['Not Applicable'],['Not Applicable'],['Not Applicable'],False,"['55 to 59', '45 to 49']",3.0
950835.0,2007-01-18 10:00:00,852,2007,BLYTHWOOD RD,MOUNT PLEASANT RD,Collector,North York,43.717945,-79.39369,629394.0688,4841799.1443,Unknown,No Control,Clear,Daylight,Dry,99,Mount Pleasant East,99,Mount Pleasant East (99),Non-Fatal Injury,0,0,1,0,0,0,0,1,1,1,0,0,0,SMV Other,"['Passenger', 'Vehicle Owner', 'Driver']",West,"['Other', 'Automobile, Station Wagon']",['Going Ahead'],['Speed too Fast For Condition'],['Normal'],['Not Applicable'],['Not Applicable'],['Not Applicable'],['Not Applicable'],['Not Applicable'],False,"['30 to 34', 'unknown', '25 to 29']",3.0
950837.0,2007-01-18 10:00:00,705,2007,YORK MILLS RD,FENN AVE,Major Arterial,North York,43.747045,-79.38899,629709.8368,4845038.4717,Unknown,Traffic Signal,Clear,Daylight,Dry,40,St.Andrew-Windfields,40,St.Andrew-Windfields (40),Non-Fatal Injury,0,0,1,0,1,0,0,0,0,1,1,0,0,Angle,"['Vehicle Owner', 'Truck Driver', 'Driver']",South,"['Other', 'Truck - Open', 'Automobile, Station Wagon']",['Going Ahead'],"['Disobeyed Traffic Control', 'Driving Properly']",['Normal'],['Not Applicable'],['Not Applicable'],['Not Applicable'],['Not Applicable'],['Not Applicable'],False,"['unknown', '25 to 29', '50 to 54']",3.0
950847.0,2007-01-19 10:00:00,710,2007,WALSH AVE,KELVIN AVE,Major Arterial,Etobicoke York,43.715745,-79.53159,618289.9626,4841348.7612,Unknown,Stop Sign,Clear,Dark,Dry,23,Pelmo Park-Humberlea,23,Pelmo Park-Humberlea (23),Non-Fatal Injury,1,0,1,0,0,0,0,0,0,1,0,0,0,Pedestrian Collisions,"['Driver', 'Pedestrian']",North,"['Automobile, Station Wagon', 'Other']",['Turning Left'],['Failed to Yield Right of Way'],['Normal'],['Crossing with right of way'],['Normal'],['Not Applicable'],['Not Applicable'],['Not Applicable'],False,"['35 to 39', '55 to 59']",3.0
951120.0,2007-02-02 10:00:00,1355,2007,4544 DUFFERIN ST,Not Applicable,Major Arterial,North York,43.766845,-79.46649,623429.1841,4847119.1235,Unknown,No Control,Clear,Daylight,Dry,27,York University Heights,27,York University Heights (27),Non-Fatal Injury,0,0,1,0,0,0,0,0,0,1,0,0,0,Turning Movement,"['Vehicle Owner', 'Driver']",East,"['Other', 'Automobile, Station Wagon']","['Going Ahead', 'Turning Left']","['Driving Properly', 'Failed to Yield Right of Way']",['Normal'],['Not Applicable'],['Not Applicable'],['Not Applicable'],['Not Applicable'],['Not Applicable'],False,"['unknown', '35 to 39', '55 to 59']",3.0
951370.0,2007-02-05 10:00:00,523,2007,CALEDONIA RD,CASTLEFIELD AVE,Minor Arterial,North York,43.698445,-79.46349,623811.5176,4839526.795,At Intersection,Traffic Signal,Clear,Dark,Dry,108,Briar Hill-Belgravia,108,Briar Hill-Belgravia (108),Fatal,0,0,1,0,0,0,0,1,0,1,1,0,0,Angle,"['Passenger', 'Driver', 'Vehicle Owner', 'Other Property Owner']",North,"['Other', 'Automobile, Station Wagon']",['Going Ahead'],"['Driving Properly', 'Disobeyed Traffic Control']","['Normal', 'Unknown']",['Not Applicable'],['Not Applicable'],['Not Applicable'],['Not Applicable'],['Not Applicable'],True,"['45 to 49', 'unknown', '20 to 24']",4.0
951700.0,2007-02-06 10:00:00,800,2007,LAKE SHORE BLVD W,BRITISH COLUMBIA RD,Major Arterial,Toronto and East York,43.630645,-79.42739,626863.2066,4832051.2472,Unknown,No Control,Clear,Daylight,Loose Snow,163,Fort York-Liberty Village,82,Niagara (82),Non-Fatal Injury,0,0,1,0,0,0,0,0,0,0,0,0,0,SMV Other,"['Driver', 'Other Property Owner']",East,"['Automobile, Station Wagon', 'Other']",['Going Ahead'],['Lost control'],['Normal'],['Not Applicable'],['Not Applicable'],['Not Applicable'],['Not Applicable'],['Not Applicable'],False,"['50 to 54', 'unknown']",3.0
951783.0,2007-02-02 10:00:00,1012,2007,DUNDAS ST W,427 C N DUNDAS RAMP S,Major Arterial,Etobicoke York,43.628945,-79.55489,616580.9186,4831675.4984,At Intersection,Traffic Signal,Clear,Daylight,Dry,159,Etobicoke City Centre,14,Islington-City Centre West (14),Non-Fatal Injury,0,0,1,0,0,0,0,0,0,1,1,0,0,Turning Movement,"['Vehicle Owner', 'Driver']",East,"['Other', 'Automobile, Station Wagon']","['Going Ahead', 'Turning Left']","['Disobeyed Traffic Control', 'Driving Properly']",['Normal'],['Not Applicable'],['Not Applicable'],['Not Applicable'],['Not Applicable'],['Not Applicable'],False,"['unknown', '60 to 64', '75 to 79']",3.0
951904.0,2007-01-12 10:00:00,142,2007,F G GARDINER XY Expr E,KIPLING AVE,Major Arterial,Etobicoke York,43.617945,-79.52489,619022.824,4830496.3781,Unknown,No Control,Rain,Dark,Wet,160,Mimico-Queensway,17,Mimico (includes Humber Bay Shores) (17),Non-Fatal Injury,0,0,1,0,0,0,0,0,0,0,0,0,0,SMV Other,['Driver'],East,"['Automobile, Station Wagon']",['Going Ahead'],['Lost control'],['Had Been Drinking'],['Not Applicable'],['Not Applicable'],['Not Applicable'],['Not Applicable'],['Not Applicable'],False,['20 to 24'],3.0
951917.0,2007-02-07 10:00:00,1521,2007,114 LA ROSE AVE,Not Applicable,Collector,Etobicoke York,43.685645,-79.52069,619227.6811,4838021.3576,Unknown,No Control,Clear,Daylight,Dry,8,Humber Heights-Westmount,8,Humber Heights-Westmount (8),Non-Fatal Injury,1,0,1,0,0,0,0,0,0,0,0,0,0,Pedestrian Collisions,"['Pedestrian', 'Driver']",East,"['Other', 'Automobile, Station Wagon']",['Reversing'],['Other'],['Normal'],"['Crossing, no Traffic Control']",['Normal'],['Not Applicable'],['Not Applicable'],['Not Applicable'],False,"['85 to 89', '75 to 79']",3.0
952125.0,2007-02-08 10:00:00,2000,2007,621 ROYAL YORK Road,Not Applicable,Minor Arterial,Etobicoke York,43.628345,-79.50329,620744.8663,4831682.6138,Unknown,No Control,Clear,Dark,Dry,16,Stonegate-Queensway,16,Stonegate-Queensway (16),Non-Fatal Injury,0,0,1,0,0,0,0,0,0,0,0,0,0,SMV Unattended Vehicle,"['Vehicle Owner', 'Driver']",North,"['Other', 'Automobile, Station Wagon']","['Parked', 'Going Ahead']",[],[],['Not Applicable'],['Not Applicable'],['Not Applicable'],['Not Applicable'],['Not Applicable'],False,"['unknown', '60 to 64']",3.0