accident_number,date,time,year,street1,street2,road_class,district,latitude,longitude,x,y,accident_location,traffctl,visibility,light,road_surface_condition,hood_158,neighbourhood_new,hood_140,neighbourhood_old,accident_class,pedestrian,cyclist,automobile,motorcycle,truck,trsn_city_veh,emerg_veh,passenger,speeding,aggressive_driving,redlight,alcohol,disability,impact_type,involvement_type,initial_direction,vehicle_type,manoeuver,driver_action,driver_condition,pedestrian_action,pedestrian_condition,cyclist_type,cyclist_action,cyclist_condition,injury,involvement_age,injury_severity_score
952260.0,2007-02-09 10:00:00,900,2007,ST CLAIR AVE E,BIRCHMOUNT RD,Major Arterial,Scarborough,43.715145,-79.26729,639582.6612,4841693.2669,Unknown,No Control,Clear,Daylight,Dry,124,Kennedy Park,124,Kennedy Park (124),Non-Fatal Injury,0,0,1,0,0,0,0,0,0,1,0,0,0,Rear End,"['Vehicle Owner', 'Driver']",West,"['Other', 'Automobile, Station Wagon']","['Going Ahead', 'Stopped']","['Following too Close', 'Driving Properly']","['Inattentive', 'Normal']",['Not Applicable'],['Not Applicable'],['Not Applicable'],['Not Applicable'],['Not Applicable'],False,"['unknown', '55 to 59', '70 to 74', '30 to 34']",3.0
952335.0,2007-01-23 10:00:00,1402,2007,201 WESTON Rd,Not Applicable,Major Arterial,Etobicoke York,43.676845,-79.47129,623227.2123,4837116.2042,Unknown,No Control,Clear,Daylight,Wet,90,Junction Area,90,Junction Area (90),Non-Fatal Injury,0,0,1,0,0,0,0,0,1,1,0,0,0,SMV Other,"['Vehicle Owner', 'Driver', 'Other Property Owner']",South,"['Other', 'Automobile, Station Wagon']",['Going Ahead'],['Speed too Fast For Condition'],['Unknown'],['Not Applicable'],['Not Applicable'],['Not Applicable'],['Not Applicable'],['Not Applicable'],False,"['unknown', '30 to 34']",3.0
952422.0,2007-01-23 10:00:00,832,2007,QUEEN ST E,MC GEE ST,Minor Arterial,Toronto and East York,43.660045,-79.34449,633485.7278,4835446.5318,Unknown,No Control,Clear,Daylight,Wet,70,South Riverdale,70,South Riverdale (70),Non-Fatal Injury,1,0,1,0,0,1,0,0,0,1,0,0,0,Pedestrian Collisions,"['Vehicle Owner', 'Driver', 'Pedestrian']",East,"['Other', 'Municipal Transit Bus (TTC)', 'Automobile, Station Wagon']","['Stopped', 'Going Ahead']","['Driving Properly', 'Failed to Yield Right of Way']",['Normal'],['Person Getting on/off Vehicle'],['Normal'],['Not Applicable'],['Not Applicable'],['Not Applicable'],False,"['unknown', '40 to 44', '35 to 39']",3.0
952478.0,2007-01-24 10:00:00,2245,2007,ISLINGTON Aven,REXDALE Boul,Major Arterial,Etobicoke York,43.713645,-79.55499,616408.9926,4841082.3993,At Intersection,Traffic Signal,Clear,Daylight,Dry,1,West Humber-Clairville,1,West Humber-Clairville (1),Non-Fatal Injury,0,0,1,0,0,0,0,1,0,1,1,0,0,Turning Movement,"['Driver', 'Passenger']",South,"['Automobile, Station Wagon', 'Other']","['Turning Left', 'Going Ahead']","['Disobeyed Traffic Control', 'Driving Properly']","['Inattentive', 'Normal']",['Not Applicable'],['Not Applicable'],['Not Applicable'],['Not Applicable'],['Not Applicable'],False,"['40 to 44', '15 to 19', '45 to 49']",3.0
952529.0,2007-02-11 10:00:00,202,2007,KIPLING AVE,ADVANCE RD,Major Arterial,Etobicoke York,43.632645,-79.53159,618453.3393,4832119.4118,At Intersection,No Control,Clear,Dark,Dry,159,Etobicoke City Centre,14,Islington-City Centre West (14),Fatal,1,0,1,0,0,0,0,0,1,1,0,1,0,Pedestrian Collisions,"['Vehicle Owner', 'Driver', 'Pedestrian']",North,"['Other', 'Automobile, Station Wagon']",['Going Ahead'],['Exceeding Speed Limit'],"['Ability Impaired, Alcohol Over .08']",['Walking on Roadway with Traffic'],['Unknown'],['Not Applicable'],['Not Applicable'],['Not Applicable'],True,"['unknown', '20 to 24', '15 to 19']",4.0
953178.0,2007-02-14 10:00:00,700,2007,MCNICOLL AVE,WARDEN AVE,Minor Arterial,Scarborough,43.806045,-79.32219,634955.4719,4851698.1054,Unknown,No Control,Snow,Dark,Packed Snow,116,Steeles,116,Steeles (116),Fatal,1,0,1,0,0,0,0,0,1,1,0,0,0,Pedestrian Collisions,"['Driver', 'Pedestrian']",East,"['Automobile, Station Wagon', 'Other']",['Going Ahead'],['Speed too Fast For Condition'],['Normal'],['Walking on Roadway with Traffic'],['Inattentive'],['Not Applicable'],['Not Applicable'],['Not Applicable'],True,"['25 to 29', '30 to 34']",4.0
953726.0,2007-02-15 10:00:00,1445,2007,EGLINTON AVE W,KIPLING AVE,Major Arterial,Etobicoke York,43.677345,-79.54989,616890.3526,4837057.9685,Unknown,No Control,Clear,Daylight,Other,10,Princess-Rosethorn,10,Princess-Rosethorn (10),Non-Fatal Injury,0,0,1,0,0,0,0,1,0,1,0,0,0,Rear End,"['Passenger', 'Driver']",West,"['Other', 'Automobile, Station Wagon']","['Other', 'Slowing or Stopping', 'Going Ahead']","['Driving Properly', 'Following too Close']","['Normal', 'Unknown']",['Not Applicable'],['Not Applicable'],['Not Applicable'],['Not Applicable'],['Not Applicable'],False,"['40 to 44', '20 to 24']",3.0
953931.0,2007-02-16 10:00:00,2008,2007,LAKE SHORE BLVD W,NEWFOUNDLAND RD,Major Arterial,Toronto and East York,43.632445,-79.41079,628198.5232,4832276.6621,At Intersection,Traffic Signal,Clear,Dark,Dry,163,Fort York-Liberty Village,82,Niagara (82),Non-Fatal Injury,0,0,1,0,0,0,0,1,0,1,1,0,0,Turning Movement,"['Passenger', 'Vehicle Owner', 'Driver']",East,"['Automobile, Station Wagon', 'Other']","['Other', 'Turning Left']","['Driving Properly', 'Disobeyed Traffic Control']","['Normal', 'Unknown']",['Not Applicable'],['Not Applicable'],['Not Applicable'],['Not Applicable'],['Not Applicable'],False,"['35 to 39', 'unknown', '60 to 64']",3.0
954013.0,2007-01-29 10:00:00,1435,2007,496 BIRCHMOUNT RD,Not Applicable,Minor Arterial,Scarborough,43.708145,-79.26859,639494.175,4840913.6268,Unknown,No Control,Clear,Daylight,Dry,120,Clairlea-Birchmount,120,Clairlea-Birchmount (120),Non-Fatal Injury,1,0,0,0,1,0,0,0,0,0,0,0,0,Pedestrian Collisions,"['Vehicle Owner', 'Truck Driver', 'Pedestrian']",North,"['Other', 'Truck - Open']",['Stopped'],['Lost control'],['Normal'],['Pushing/Working on Vehicle'],['Normal'],['Not Applicable'],['Not Applicable'],['Not Applicable'],False,"['unknown', '70 to 74', '45 to 49']",3.0
954398.0,2007-01-30 10:00:00,1802,2007,MCLEVIN AVE,NEILSON RD,Minor Arterial,Scarborough,43.809145,-79.22169,643031.9298,4852211.2337,At Intersection,Traffic Signal,Snow,Dark,Wet,145,Malvern West,132,Malvern (132),Non-Fatal Injury,1,0,1,0,0,0,0,0,0,1,0,0,0,Pedestrian Collisions,"['Driver', 'Pedestrian']",East,"['Automobile, Station Wagon', 'Other']",['Turning Left'],['Failed to Yield Right of Way'],['Inattentive'],['Crossing with right of way'],['Normal'],['Not Applicable'],['Not Applicable'],['Not Applicable'],False,"['30 to 34', '70 to 74']",3.0
954405.0,2007-02-19 10:00:00,1358,2007,SPADINA AVE,WILLISON SQ,Major Arterial,Toronto and East York,43.652345,-79.39779,629204.5535,4834506.973,Unknown,No Control,Clear,Daylight,Wet,78,Kensington-Chinatown,78,Kensington-Chinatown (78),Fatal,1,0,1,0,0,0,0,0,0,0,0,0,0,Pedestrian Collisions,"['Pedestrian', 'Vehicle Owner', 'Driver']",East,"['Other', 'Automobile, Station Wagon']",['Going Ahead'],['Driving Properly'],['Normal'],"['Crossing, no Traffic Control']",['Normal'],['Not Applicable'],['Not Applicable'],['Not Applicable'],True,"['55 to 59', 'unknown', '35 to 39']",4.0
954598.0,2007-01-12 10:00:00,640,2007,MCNICOLL AVE,PHARMACY AVE,Minor Arterial,Scarborough,43.804145,-79.33069,634276.0204,4851473.2521,At Intersection,Traffic Signal,Clear,Dark,Wet,116,Steeles,116,Steeles (116),Non-Fatal Injury,1,0,1,0,0,0,0,0,0,0,0,0,0,Pedestrian Collisions,"['Driver', 'Pedestrian']",North,"['Automobile, Station Wagon', 'Other']",['Going Ahead'],['Driving Properly'],['Normal'],['Crossing without right of way'],['Inattentive'],['Not Applicable'],['Not Applicable'],['Not Applicable'],False,"['40 to 44', '55 to 59']",3.0
954826.0,2007-02-01 10:00:00,1915,2007,POTTERY RD,TODMORDEN MILLS RD,Minor Arterial,Toronto and East York,43.686845,-79.36029,632152.9024,4838397.7369,Unknown,No Control,Snow,Dark,Ice,57,Broadview North,57,Broadview North (57),Non-Fatal Injury,0,0,1,0,0,0,0,0,0,0,0,0,0,SMV Other,['Driver'],West,"['Automobile, Station Wagon']",['Going Ahead'],['Lost control'],['Normal'],['Not Applicable'],['Not Applicable'],['Not Applicable'],['Not Applicable'],['Not Applicable'],False,['20 to 24'],3.0
954852.0,2007-02-21 10:00:00,1405,2007,16 HISCOCK BLVD,Not Applicable,Collector,Scarborough,43.762345,-79.22209,643111.4012,4847012.6559,Unknown,No Control,Clear,Daylight,Dry,141,Golfdale-Cedarbrae-Woburn,137,Woburn (137),Non-Fatal Injury,0,0,1,0,0,0,0,0,1,1,0,1,0,Approaching,"['Vehicle Owner', 'Driver']",West,"['Other', 'Automobile, Station Wagon']",['Going Ahead'],['Speed too Fast For Condition'],"['Ability Impaired, Alcohol']",['Not Applicable'],['Not Applicable'],['Not Applicable'],['Not Applicable'],['Not Applicable'],False,"['unknown', '65 to 69']",3.0
955425.0,2007-02-25 10:00:00,334,2007,GARDINER X W 427 X N RAMP E,HIGHWAY 427 X Ramp N,Unknown,Etobicoke York,43.614545,-79.54639,617294.6402,4830088.1742,Unknown,No Control,Clear,Dark,Dry,159,Etobicoke City Centre,14,Islington-City Centre West (14),Non-Fatal Injury,0,0,1,0,0,0,0,1,1,1,0,0,0,SMV Other,"['Vehicle Owner', 'Passenger', 'Driver']",West,"['Other', 'Automobile, Station Wagon']","['Other', 'Going Ahead']",['Lost control'],['Had Been Drinking'],['Not Applicable'],['Not Applicable'],['Not Applicable'],['Not Applicable'],['Not Applicable'],False,"['unknown', '30 to 34', '20 to 24']",3.0
955463.0,2007-02-25 10:00:00,1255,2007,DUFFERIN ST,CHANDOS AVE,Major Arterial,Toronto and East York,43.671245,-79.44029,625737.7973,4836540.771,At Intersection,No Control,Clear,Daylight,Dry,171,Junction-Wallace Emerson,93,Dovercourt-Wallace Emerson-Junction (93),Non-Fatal Injury,1,0,1,0,0,0,0,0,0,1,0,0,0,Pedestrian Collisions,"['Vehicle Owner', 'Driver', 'Pedestrian']",North,"['Other', 'Automobile, Station Wagon']",['Turning Left'],['Failed to Yield Right of Way'],['Inattentive'],['Crossing with right of way'],['Normal'],['Not Applicable'],['Not Applicable'],['Not Applicable'],False,"['unknown', '35 to 39', '60 to 64']",3.0
956145.0,2007-02-28 10:00:00,1855,2007,RENFORTH Driv,HIGHWAY 401 X  E,Major Arterial,Etobicoke York,43.668345,-79.59099,613594.3209,4836001.3039,Unknown,No Control,Clear,Dark,Dry,NSA,NSA,NSA,NSA,Non-Fatal Injury,0,1,1,0,0,0,0,0,0,0,0,0,0,Cyclist Collisions,"['Driver', 'Cyclist']",South,"['Automobile, Station Wagon', 'Bicycle']","['Unknown', 'Going Ahead']",[],[],['Not Applicable'],['Not Applicable'],['Not Applicable'],['Not Applicable'],['Not Applicable'],False,"['unknown', '30 to 34']",3.0
956470.0,2007-02-16 10:00:00,2305,2007,4400 DUFFERIN Stre,Not Applicable,Major Arterial,North York,43.765445,-79.46619,623456.2106,4846964.0798,At Intersection,Traffic Signal,Clear,Dark,Wet,27,York University Heights,27,York University Heights (27),Non-Fatal Injury,0,0,1,0,0,0,0,1,0,1,1,0,0,Turning Movement,"['Vehicle Owner', 'Driver', 'Passenger']",East,"['Other', 'Automobile, Station Wagon']","['Unknown', 'Going Ahead', 'Other', 'Turning Left']","['Disobeyed Traffic Control', 'Driving Properly']","['Unknown', 'Normal']",['Not Applicable'],['Not Applicable'],['Not Applicable'],['Not Applicable'],['Not Applicable'],False,"['unknown', '40 to 44', '10 to 14', '5 to 9', '15 to 19', '25 to 29']",3.0
956782.0,2007-03-04 10:00:00,300,2007,DON VALLEY PARKWAY  N,SPANBRIDGE RD,Expressway,North York,43.715345,-79.32519,634917.8846,4841619.6,Unknown,No Control,Clear,Dark,Dry,44,Flemingdon Park,44,Flemingdon Park (44),Non-Fatal Injury,0,0,1,0,0,0,0,1,1,1,0,0,0,SMV Other,"['Passenger', 'Driver', 'Other Property Owner']",North,"['Other', 'Automobile, Station Wagon']",['Overtaking'],['Exceeding Speed Limit'],['Had Been Drinking'],['Not Applicable'],['Not Applicable'],['Not Applicable'],['Not Applicable'],['Not Applicable'],False,"['25 to 29', '30 to 34', 'unknown']",3.0
956968.0,2007-03-05 10:00:00,819,2007,DON MILLS RD,SENECA HILL DR,Major Arterial,North York,43.790245,-79.35419,632416.4086,4849891.5729,At Intersection,Traffic Signal,Clear,Daylight,Dry,47,Don Valley Village,47,Don Valley Village (47),Non-Fatal Injury,1,0,1,0,0,0,0,0,0,1,1,0,0,Pedestrian Collisions,"['Driver', 'Pedestrian']",West,"['Automobile, Station Wagon', 'Other']",['Going Ahead'],"['Driving Properly', 'Disobeyed Traffic Control']",['Normal'],['Crossing with right of way'],['Normal'],['Not Applicable'],['Not Applicable'],['Not Applicable'],False,"['35 to 39', '10 to 14']",3.0
957028.0,2007-02-03 10:00:00,1120,2007,DANFORTH AVE,WOODBINE AVE,Major Arterial,Toronto and East York,43.685645,-79.31279,635983.9332,4838341.2529,At Intersection,Traffic Signal,Clear,Daylight,Dry,64,Woodbine Corridor,64,Woodbine Corridor (64),Non-Fatal Injury,1,0,1,0,0,0,0,0,0,0,0,0,0,Pedestrian Collisions,"['Pedestrian', 'Driver']",North,"['Other', 'Automobile, Station Wagon']",['Turning Left'],['Improper Turn'],['Inattentive'],['Crossing with right of way'],['Normal'],['Not Applicable'],['Not Applicable'],['Not Applicable'],False,"['50 to 54', '60 to 64']",3.0
957092.0,2007-03-06 10:00:00,145,2007,F G GARDINER XY  W,PARKSIDE DR,Expressway,Toronto and East York,43.638945,-79.45759,624409.8062,4832927.3588,Unknown,No Control,Clear,Dark,Dry,85,South Parkdale,85,South Parkdale (85),Fatal,0,0,1,0,1,0,0,0,0,0,0,0,0,Rear End,"['Vehicle Owner', 'Truck Driver', 'Driver']",West,"['Other', 'Truck - Open', 'Automobile, Station Wagon']","['Going Ahead', 'Changing Lanes']","['Driving Properly', 'Improper Lane Change']","['Normal', 'Unknown']",['Not Applicable'],['Not Applicable'],['Not Applicable'],['Not Applicable'],['Not Applicable'],True,"['unknown', '25 to 29', '50 to 54', '30 to 34']",4.0
957566.0,2007-03-07 10:00:00,1027,2007,STEELES AVE W,GIHON SPRING DR,Major Arterial,Etobicoke York,43.759345,-79.59689,612947.5861,4846100.0432,Unknown,No Control,Clear,Daylight,Other,NSA,NSA,NSA,NSA,Fatal,0,0,1,0,0,0,0,0,0,1,0,0,0,Approaching,"['Vehicle Owner', 'Driver']",East,"['Other', 'Pick Up Truck', 'Automobile, Station Wagon']",['Going Ahead'],"['Lost control', 'Driving Properly']","['Other', 'Normal']",['Not Applicable'],['Not Applicable'],['Not Applicable'],['Not Applicable'],['Not Applicable'],True,"['unknown', '35 to 39', '60 to 64']",4.0
957570.0,2007-03-07 10:00:00,1352,2007,DON MILLS RD E,GODSTONE RD,Major Arterial,North York,43.782745,-79.34909,632843.3548,4849066.7521,At Intersection,Traffic Signal,Clear,Daylight,Dry,47,Don Valley Village,47,Don Valley Village (47),Non-Fatal Injury,1,0,1,0,0,0,0,0,0,1,0,0,0,Pedestrian Collisions,"['Driver', 'Pedestrian']",East,"['Automobile, Station Wagon', 'Other']",['Going Ahead'],['Failed to Yield Right of Way'],['Normal'],['Crossing with right of way'],['Normal'],['Not Applicable'],['Not Applicable'],['Not Applicable'],False,"['25 to 29', '60 to 64', '5 to 9']",3.0
957573.0,2007-03-07 10:00:00,1957,2007,EGLINTON AVE W,OAKWOOD AVE,Major Arterial,North York,43.697245,-79.44279,625482.0356,4839424.6374,At Intersection,Traffic Signal,Clear,Dark,Dry,107,Oakwood Village,107,Oakwood Village (107),Non-Fatal Injury,1,0,1,0,0,0,0,0,0,0,0,0,0,Pedestrian Collisions,"['Driver', 'Pedestrian']",North,"['Automobile, Station Wagon', 'Other']",['Going Ahead'],['Driving Properly'],['Normal'],['Crossing without right of way'],['Normal'],['Not Applicable'],['Not Applicable'],['Not Applicable'],False,['35 to 39'],3.0
957584.0,2006-12-07 10:00:00,2008,2006,SENLAC RD,FINCH AVE W,Major Arterial,North York,43.776445,-79.43029,626322.6626,4848239.9431,Unknown,Traffic Signal,Snow,Dark,Wet,37,Willowdale West,37,Willowdale West (37),Non-Fatal Injury,1,0,1,0,0,0,0,0,0,1,0,0,0,Pedestrian Collisions,"['Driver', 'Pedestrian']",South,"['Automobile, Station Wagon', 'Other']",['Turning Left'],['Failed to Yield Right of Way'],['Inattentive'],['Crossing with right of way'],['Normal'],['Not Applicable'],['Not Applicable'],['Not Applicable'],False,"['20 to 24', '40 to 44', '10 to 14']",3.0
957650.0,2007-01-22 10:00:00,1805,2007,EGLINTON Aven E,MIDLAND Aven,Major Arterial,Scarborough,43.734545,-79.25809,640278.507,4843863.4585,At Intersection,Traffic Signal,Clear,Dark,Wet,138,Eglinton East,138,Eglinton East (138),Non-Fatal Injury,0,0,1,0,1,0,0,1,0,1,1,0,0,Turning Movement,"['Passenger', 'Truck Driver', 'Driver']",East,"['Other', 'Truck - Open', 'Automobile, Station Wagon']","['Going Ahead', 'Stopped', 'Turning Left']","['Disobeyed Traffic Control', 'Driving Properly', 'Improper Turn']",['Normal'],['Not Applicable'],['Not Applicable'],['Not Applicable'],['Not Applicable'],['Not Applicable'],False,"['25 to 29', '20 to 24', '15 to 19']",3.0
957730.0,2007-02-06 10:00:00,655,2007,SOUTH KINGSWAY,QUEENSWAY S KINGSWAY RAMP,Minor Arterial,Toronto and East York,43.636145,-79.47449,623052.3655,4832591.1916,At Intersection,Stop Sign,Clear,Dark,Slush,87,High Park-Swansea,87,High Park-Swansea (87),Non-Fatal Injury,0,0,1,0,0,0,0,0,0,1,0,0,0,Turning Movement,['Driver'],North,"['Automobile, Station Wagon']","['Going Ahead', 'Turning Left']","['Driving Properly', 'Failed to Yield Right of Way']","['Normal', 'Unknown']",['Not Applicable'],['Not Applicable'],['Not Applicable'],['Not Applicable'],['Not Applicable'],False,"['55 to 59', '60 to 64', '35 to 39']",3.0
957751.0,2007-02-06 10:00:00,1939,2007,EGLINTON AVE W,BLACK CREEK DR,Major Arterial,Etobicoke York,43.688345,-79.48289,622268.7809,4838376.2658,At Intersection,Traffic Signal,Clear,Dark,Dry,110,Keelesdale-Eglinton West,110,Keelesdale-Eglinton West (110),Non-Fatal Injury,0,0,1,0,0,0,0,0,0,1,0,0,0,Turning Movement,['Driver'],East,"['Automobile, Station Wagon']","['Going Ahead', 'Turning Left']","['Driving Properly', 'Failed to Yield Right of Way']",['Normal'],['Not Applicable'],['Not Applicable'],['Not Applicable'],['Not Applicable'],['Not Applicable'],False,"['70 to 74', '40 to 44']",3.0
957966.0,2007-03-09 10:00:00,1724,2007,O CONNOR DR,PAPE AVE,Major Arterial,Toronto and East York,43.693245,-79.35029,632944.7229,4839124.5305,At Intersection,Traffic Signal,Clear,Dusk,Dry,58,Old East York,58,Old East York (58),Fatal,1,0,1,0,0,0,0,0,0,1,0,0,0,Pedestrian Collisions,"['Vehicle Owner', 'Driver', 'Pedestrian']",East,"['Automobile, Station Wagon', 'Other']",['Turning Left'],['Failed to Yield Right of Way'],['Normal'],['Crossing with right of way'],['Normal'],['Not Applicable'],['Not Applicable'],['Not Applicable'],True,"['unknown', '50 to 54', '70 to 74']",4.0
957981.0,2007-01-26 10:00:00,1102,2007,DUFFERIN ST,DUPONT ST,Major Arterial,Toronto and East York,43.668445,-79.43899,625848.451,4836231.765,At Intersection,Traffic Signal,Clear,Daylight,Dry,172,Dovercourt Village,93,Dovercourt-Wallace Emerson-Junction (93),Non-Fatal Injury,1,0,1,0,0,0,0,0,0,1,0,0,0,Pedestrian Collisions,"['Pedestrian', 'Driver']",South,"['Other', 'Automobile, Station Wagon']",['Turning Right'],['Failed to Yield Right of Way'],['Inattentive'],['Crossing with right of way'],['Normal'],['Not Applicable'],['Not Applicable'],['Not Applicable'],False,"['55 to 59', '80 to 84', '70 to 74']",3.0
958067.0,2007-02-07 10:00:00,750,2007,5714 YONGE ST,Not Applicable,Major Arterial,North York,43.782069,-79.416087,627453.7112,4848886.3428,Non Intersection,No Control,Clear,Daylight,Dry,50,Newtonbrook East,50,Newtonbrook East (50),Non-Fatal Injury,1,0,0,0,0,1,0,0,0,1,0,0,0,Pedestrian Collisions,"['Vehicle Owner', 'Driver', 'Pedestrian']",South,['Municipal Transit Bus (TTC)'],['Pulling Away from Shoulder or Curb'],['Failed to Yield Right of Way'],['Normal'],['Walking on Roadway with Traffic'],['Normal'],['Not Applicable'],['Not Applicable'],['Not Applicable'],False,"['unknown', '55 to 59', '45 to 49']",3.0
958123.0,2007-02-08 10:00:00,1038,2007,DUFFERIN ST,SYLVAN AVE,Major Arterial,Toronto and East York,43.654645,-79.43339,626328.8665,4834707.6036,Unknown,No Control,Clear,Daylight,Dry,83,Dufferin Grove,83,Dufferin Grove (83),Non-Fatal Injury,1,0,1,0,0,0,0,0,0,0,0,0,0,Pedestrian Collisions,"['Driver', 'Pedestrian']",South,"['Automobile, Station Wagon', 'Other']",['Going Ahead'],['Driving Properly'],['Normal'],"['Crossing, no Traffic Control']",['Normal'],['Not Applicable'],['Not Applicable'],['Not Applicable'],False,"['35 to 39', '20 to 24']",3.0
958325.0,2007-02-06 10:00:00,1520,2007,VICTORIA PARK AVE,MORECAMBE GT,Major Arterial,North York,43.798045,-79.33359,634056.3903,4850791.0482,Unknown,Traffic Signal,Clear,Daylight,Dry,147,L'Amoreaux West,117,L'Amoreaux (117),Non-Fatal Injury,1,0,1,0,0,0,0,0,0,1,0,0,0,Pedestrian Collisions,"['Vehicle Owner', 'Driver', 'Pedestrian']",West,"['Other', 'Automobile, Station Wagon']",['Turning Left'],['Failed to Yield Right of Way'],['Normal'],['Crossing with right of way'],['Normal'],['Not Applicable'],['Not Applicable'],['Not Applicable'],False,"['unknown', '35 to 39', '65 to 69']",3.0
958350.0,2007-02-08 10:00:00,920,2007,CROCKFORD BLVD,BERTRAND AVE,Collector,Scarborough,43.733845,-79.28599,638033.2623,4843738.8539,Unknown,No Control,Clear,Daylight,Dry,119,Wexford/Maryvale,119,Wexford/Maryvale (119),Non-Fatal Injury,0,0,1,0,0,0,0,0,0,1,0,0,0,Turning Movement,"['Vehicle Owner', 'Driver']",South,"['Other', 'Automobile, Station Wagon']","['Turning Right', 'Going Ahead']","['Lost control', 'Driving Properly']",['Normal'],['Not Applicable'],['Not Applicable'],['Not Applicable'],['Not Applicable'],['Not Applicable'],False,"['unknown', '25 to 29', '45 to 49']",3.0
958417.0,2007-03-03 10:00:00,326,2007,DANFORTH Aven,CEDARVALE Aven,Major Arterial,Toronto and East York,43.686145,-79.31069,636152.0575,4838400.2305,Unknown,No Control,Clear,Dark,Ice,62,East End-Danforth,62,East End-Danforth (62),Non-Fatal Injury,0,0,1,0,0,0,0,1,0,0,0,0,0,Approaching,"['Driver', 'Passenger', 'Vehicle Owner']",East,"['Automobile, Station Wagon', 'Other']",['Going Ahead'],['Other'],"['Had Been Drinking', 'Normal']",['Not Applicable'],['Not Applicable'],['Not Applicable'],['Not Applicable'],['Not Applicable'],False,"['40 to 44', '30 to 34', 'unknown', '45 to 49']",3.0
958563.0,2007-03-13 08:00:00,1235,2007,22 MAYALL Aven,Not Applicable,Local,Etobicoke York,43.724745,-79.51969,619230.7394,4842365.3888,Unknown,No Control,Clear,Daylight,Dry,154,Oakdale-Beverley Heights,26,Downsview-Roding-CFB (26),Non-Fatal Injury,0,0,1,0,0,0,0,0,0,0,0,0,0,Other,['Driver'],East,"['Automobile, Station Wagon']",['Unknown'],[],[],['Not Applicable'],['Not Applicable'],['Not Applicable'],['Not Applicable'],['Not Applicable'],False,['40 to 44'],3.0
958634.0,2007-03-14 08:00:00,305,2007,BATHURST ST,COLLEGE ST,Major Arterial,Toronto and East York,43.657645,-79.40819,628354.5817,4835079.467,Unknown,Pedestrian Crossover,Clear,Dark,Wet,79,University,79,University (79),Non-Fatal Injury,0,0,1,0,0,0,0,1,0,0,0,1,0,Sideswipe,"['Passenger', 'Vehicle Owner', 'Driver']",North,"['Other', 'Automobile, Station Wagon']","['Going Ahead', 'Overtaking']","['Driving Properly', 'Lost control']","['Normal', 'Ability Impaired, Alcohol']",['Not Applicable'],['Not Applicable'],['Not Applicable'],['Not Applicable'],['Not Applicable'],False,"['35 to 39', 'unknown', '45 to 49', '20 to 24', '25 to 29']",3.0
958821.0,2007-03-14 08:00:00,1550,2007,HIGHWAY 27  N,ROYALCREST RD,Major Arterial,Etobicoke York,43.749745,-79.61049,611870.6919,4845015.368,At Intersection,Traffic Signal,Clear,Daylight,Dry,1,West Humber-Clairville,1,West Humber-Clairville (1),Non-Fatal Injury,0,0,1,0,0,1,0,1,0,0,0,0,0,Turning Movement,"['Vehicle Owner', 'Driver', 'Passenger']",West,"['Other', 'Automobile, Station Wagon', 'Municipal Transit Bus (TTC)']","['Going Ahead', 'Turning Right', 'Turning Left']","['Lost control', 'Driving Properly']",['Normal'],['Not Applicable'],['Not Applicable'],['Not Applicable'],['Not Applicable'],['Not Applicable'],False,"['unknown', '35 to 39', '50 to 54', '70 to 74', '55 to 59']",3.0
958900.0,2007-02-13 10:00:00,915,2007,ST CLAIR Aven W,KEELE Stre,Major Arterial,Etobicoke York,43.672845,-79.46599,623662.6575,4836679.8383,Unknown,No Control,Clear,Daylight,Dry,90,Junction Area,90,Junction Area (90),Non-Fatal Injury,0,0,0,0,1,0,0,0,0,0,0,0,0,SMV Other,"['Vehicle Owner', 'Truck Driver', 'Other Property Owner']",East,"['Other', 'Truck - Open']",['Going Ahead'],['Driving Properly'],['Normal'],['Not Applicable'],['Not Applicable'],['Not Applicable'],['Not Applicable'],['Not Applicable'],False,"['unknown', '30 to 34']",3.0
958999.0,2007-02-14 10:00:00,1305,2007,THE QUEENSWAY,THE EAST MALL,Major Arterial,Etobicoke York,43.616445,-79.54629,617299.0154,4830299.3334,At Intersection,Traffic Signal,Snow,Daylight,Loose Snow,159,Etobicoke City Centre,14,Islington-City Centre West (14),Non-Fatal Injury,0,0,1,0,1,0,0,0,1,1,0,0,0,Angle,"['Driver', 'Vehicle Owner', 'Truck Driver', 'Other']",East,"['Automobile, Station Wagon', 'Other', 'Truck - Open']",['Going Ahead'],"['Speed too Fast For Condition', 'Driving Properly']",['Normal'],['Not Applicable'],['Not Applicable'],['Not Applicable'],['Not Applicable'],['Not Applicable'],False,"['25 to 29', 'unknown', '35 to 39']",3.0
959236.0,2007-02-15 10:00:00,1531,2007,JANE ST,WOOLNER AVE,Major Arterial,Etobicoke York,43.671645,-79.49369,621432.0508,4836505.641,At Intersection,Traffic Signal,Clear,Daylight,Dry,111,Rockcliffe-Smythe,111,Rockcliffe-Smythe (111),Non-Fatal Injury,1,0,1,0,0,0,0,0,0,0,0,0,0,Pedestrian Collisions,"['Driver', 'Vehicle Owner', 'Pedestrian']",West,"['Automobile, Station Wagon', 'Other']",['Turning Right'],['Improper Turn'],['Normal'],['Crossing with right of way'],['Normal'],['Not Applicable'],['Not Applicable'],['Not Applicable'],False,"['20 to 24', 'unknown', '45 to 49']",3.0
959250.0,2007-03-16 08:00:00,617,2007,72 HINTON RD,Not Applicable,Local,Etobicoke York,43.726345,-79.57119,615079.6073,4842470.2883,Unknown,No Control,Clear,Dark,Dry,4,Rexdale-Kipling,4,Rexdale-Kipling (4),Non-Fatal Injury,1,0,1,0,0,0,0,0,0,0,0,0,0,Pedestrian Collisions,"['Driver', 'Pedestrian']",North,"['Automobile, Station Wagon', 'Other']",['Going Ahead'],['Driving Properly'],['Normal'],"['Crossing, no Traffic Control']",['Normal'],['Not Applicable'],['Not Applicable'],['Not Applicable'],False,"['65 to 69', '80 to 84']",3.0