accident_number,date,time,year,street1,street2,road_class,district,latitude,longitude,x,y,accident_location,traffctl,visibility,light,road_surface_condition,hood_158,neighbourhood_new,hood_140,neighbourhood_old,accident_class,pedestrian,cyclist,automobile,motorcycle,truck,trsn_city_veh,emerg_veh,passenger,speeding,aggressive_driving,redlight,alcohol,disability,impact_type,involvement_type,initial_direction,vehicle_type,manoeuver,driver_action,driver_condition,pedestrian_action,pedestrian_condition,cyclist_type,cyclist_action,cyclist_condition,injury,involvement_age,injury_severity_score
959650.0,2007-02-12 10:00:00,112,2007,NEILSON RD,FINCH AVE E,Collector,Scarborough,43.817045,-79.22799,642506.4134,4853077.7867,Unknown,No Control,Clear,Dark,Dry,144,Morningside Heights,131,Rouge (131),Non-Fatal Injury,0,0,1,0,0,0,0,0,0,0,0,0,0,SMV Other,"['Driver', 'Other Property Owner']",South,"['Automobile, Station Wagon', 'Other']",['Overtaking'],['Lost control'],['Unknown'],['Not Applicable'],['Not Applicable'],['Not Applicable'],['Not Applicable'],['Not Applicable'],False,"['50 to 54', 'unknown']",3.0
959779.0,2007-02-19 10:00:00,1941,2007,ISLINGTON AVE,LEMSFORD RD,Major Arterial,Etobicoke York,43.704445,-79.55009,616821.6069,4840067.5056,At Intersection,Stop Sign,Clear,Dark,Dry,6,Kingsview Village-The Westway,6,Kingsview Village-The Westway (6),Non-Fatal Injury,0,0,1,0,0,0,0,0,0,0,0,0,0,Turning Movement,['Driver'],North,"['Automobile, Station Wagon']","['Turning Left', 'Going Ahead']","['Improper Turn', 'Driving Properly']","['Inattentive', 'Normal']",['Not Applicable'],['Not Applicable'],['Not Applicable'],['Not Applicable'],['Not Applicable'],False,"['60 to 64', '25 to 29']",3.0
959865.0,2007-02-18 10:00:00,1912,2007,DIXON RD,427 N DIXON RAMP N,Major Arterial,Etobicoke York,43.686545,-79.59939,612882.9777,4838011.1846,At Intersection,Traffic Signal,Clear,Dark,Dry,1,West Humber-Clairville,1,West Humber-Clairville (1),Non-Fatal Injury,0,0,1,0,0,0,0,0,0,0,0,0,0,Turning Movement,['Driver'],West,"['Automobile, Station Wagon']","['Turning Left', 'Going Ahead']","['Lost control', 'Driving Properly']",['Normal'],['Not Applicable'],['Not Applicable'],['Not Applicable'],['Not Applicable'],['Not Applicable'],False,"['55 to 59', '45 to 49']",3.0
959973.0,2007-02-23 10:00:00,830,2007,ST CLAIR AVE E,WARDEN AVE,Major Arterial,Scarborough,43.712045,-79.28099,638486.152,4841325.9859,At Intersection,Traffic Signal,Clear,Daylight,Dry,120,Clairlea-Birchmount,120,Clairlea-Birchmount (120),Non-Fatal Injury,1,0,1,0,0,0,0,0,0,1,0,0,0,Pedestrian Collisions,"['Driver', 'Pedestrian']",East,"['Automobile, Station Wagon', 'Other']",['Turning Right'],['Failed to Yield Right of Way'],['Normal'],['Crossing with right of way'],['Normal'],['Not Applicable'],['Not Applicable'],['Not Applicable'],False,['55 to 59'],3.0
960364.0,2006-12-16 10:00:00,100,2006,ADELAIDE St E,PARLIAMENT St,Major Arterial,Toronto and East York,43.653545,-79.36359,631959.8928,4834694.0682,At Intersection,Traffic Controller,Clear,Dark,Dry,73,Moss Park,73,Moss Park (73),Non-Fatal Injury,0,0,1,0,0,0,0,0,1,1,0,0,0,Angle,"['Driver', 'Vehicle Owner']",North,"['Automobile, Station Wagon', 'Other']",['Going Ahead'],"['Disobeyed Traffic Control', 'Driving Properly']","['Had Been Drinking', 'Normal']",['Not Applicable'],['Not Applicable'],['Not Applicable'],['Not Applicable'],['Not Applicable'],False,"['15 to 19', '35 to 39', 'unknown']",3.0
960441.0,2007-02-24 10:00:00,1610,2007,YORK MILLS RD,BIRCHWOOD AVE,Major Arterial,North York,43.746445,-79.39159,629501.7906,4844967.7649,At Intersection,Pedestrian Crossover,Clear,Daylight,Dry,41,Bridle Path-Sunnybrook-York Mills,41,Bridle Path-Sunnybrook-York Mills (41),Non-Fatal Injury,1,0,1,0,0,0,0,1,0,1,0,0,0,Pedestrian Collisions,"['Passenger', 'Driver', 'Pedestrian']",West,"['Other', 'Automobile, Station Wagon']",['Going Ahead'],['Disobeyed Traffic Control'],['Normal'],"['Crossing, Pedestrian Crossover']",['Normal'],['Not Applicable'],['Not Applicable'],['Not Applicable'],False,"['10 to 14', '30 to 34', '15 to 19']",3.0
960612.0,2007-02-25 10:00:00,1801,2007,STRACHAN AVE,FLEET ST,Minor Arterial,Toronto and East York,43.636245,-79.40959,628287.2399,4832700.5545,Unknown,Traffic Signal,Snow,Dark,Loose Snow,163,Fort York-Liberty Village,82,Niagara (82),Non-Fatal Injury,0,0,1,0,0,0,0,0,0,1,1,0,0,Angle,"['Vehicle Owner', 'Driver']",East,"['Other', 'Automobile, Station Wagon']","['Unknown', 'Going Ahead']","['Driving Properly', 'Disobeyed Traffic Control']",['Normal'],['Not Applicable'],['Not Applicable'],['Not Applicable'],['Not Applicable'],['Not Applicable'],False,"['unknown', '30 to 34', '25 to 29']",3.0
961100.0,2007-02-28 10:00:00,2225,2007,ALBION RD,ARCOT BLVD,Major Arterial,Etobicoke York,43.726745,-79.55209,616617.1995,4842541.4139,At Intersection,Traffic Controller,Clear,Dark,Dry,5,Elms-Old Rexdale,5,Elms-Old Rexdale (5),Non-Fatal Injury,0,0,1,0,0,0,0,1,0,1,0,0,0,Rear End,"['Vehicle Owner', 'Passenger', 'Driver']",North,"['Other', 'Automobile, Station Wagon']","['Slowing or Stopping', 'Going Ahead']","['Driving Properly', 'Following too Close']","['Normal', 'Inattentive']",['Not Applicable'],['Not Applicable'],['Not Applicable'],['Not Applicable'],['Not Applicable'],False,"['unknown', '30 to 34', '25 to 29', '20 to 24']",3.0
961264.0,2007-03-01 10:00:00,1426,2007,DON MILLS RD,DON MILLS N DVP S RAMP RD S,Major Arterial,Toronto and East York,43.699645,-79.33769,633945.8758,4839855.6196,Unknown,No Control,Snow,Daylight,Loose Snow,58,Old East York,58,Old East York (58),Non-Fatal Injury,0,0,1,0,1,0,0,0,1,1,0,0,0,Approaching,"['Driver', 'Vehicle Owner', 'Truck Driver']",South,"['Automobile, Station Wagon', 'Other', 'Truck - Open']",['Going Ahead'],"['Driving Properly', 'Speed too Fast For Condition']",['Normal'],['Not Applicable'],['Not Applicable'],['Not Applicable'],['Not Applicable'],['Not Applicable'],False,"['60 to 64', '35 to 39', 'unknown']",3.0
961325.0,2006-12-27 10:00:00,2022,2006,25 THE WEST MALL,Not Applicable,Minor Arterial,Etobicoke York,43.610745,-79.56149,616083.4922,4829644.9213,Unknown,Traffic Signal,Rain,Dark,Wet,159,Etobicoke City Centre,14,Islington-City Centre West (14),Non-Fatal Injury,1,0,1,0,0,0,0,0,0,0,0,0,0,Pedestrian Collisions,"['Driver', 'Pedestrian']",North,"['Automobile, Station Wagon', 'Other']","['Going Ahead', 'Other']",[],[],['Not Applicable'],['Not Applicable'],['Not Applicable'],['Not Applicable'],['Not Applicable'],False,['unknown'],3.0
961366.0,2007-03-28 08:00:00,815,2007,BURBANK DR,WHITTAKER CRES,Local,North York,43.772445,-79.37729,630596.5925,4847877.9118,Unknown,Stop Sign,Clear,Daylight,Dry,52,Bayview Village,52,Bayview Village (52),Non-Fatal Injury,1,0,1,0,0,0,0,1,0,1,0,0,0,Pedestrian Collisions,"['Pedestrian', 'Passenger', 'Driver']",East,"['Other', 'Automobile, Station Wagon']",['Turning Left'],['Failed to Yield Right of Way'],['Inattentive'],['Crossing with right of way'],['Normal'],['Not Applicable'],['Not Applicable'],['Not Applicable'],False,"['75 to 79', '0 to 4', '5 to 9', '25 to 29', '35 to 39']",3.0
961403.0,2007-03-03 10:00:00,110,2007,HORTICULTURAL AVE,GERRARD ST E,Minor Arterial,Toronto and East York,43.660945,-79.37479,631040.6185,4835498.186,Unknown,No Control,Clear,Dark,Ice,73,Moss Park,73,Moss Park (73),Non-Fatal Injury,1,0,1,0,0,0,0,0,1,1,0,1,0,Pedestrian Collisions,"['Vehicle Owner', 'Driver', 'Other Property Owner', 'Pedestrian']",South,"['Other', 'Automobile, Station Wagon']",['Going Ahead'],['Lost control'],"['Ability Impaired, Alcohol']",['On Sidewalk or Shoulder'],['Normal'],['Not Applicable'],['Not Applicable'],['Not Applicable'],False,"['unknown', '50 to 54']",3.0
961628.0,2007-03-05 10:00:00,853,2007,ADELAIDE ST E,BERKELEY ST,Major Arterial,Toronto and East York,43.652945,-79.36479,631864.4371,4834625.5226,At Intersection,Traffic Signal,Clear,Daylight,Wet,73,Moss Park,73,Moss Park (73),Non-Fatal Injury,0,0,1,0,0,0,0,0,0,1,0,0,0,Sideswipe,"['Vehicle Owner', 'Driver']",East,"['Other', 'Automobile, Station Wagon']","['Going Ahead', 'Changing Lanes']","['Driving Properly', 'Improper Lane Change']",['Normal'],['Not Applicable'],['Not Applicable'],['Not Applicable'],['Not Applicable'],['Not Applicable'],False,"['unknown', '30 to 34', '50 to 54']",3.0
961761.0,2007-03-05 10:00:00,2145,2007,STEELES AVE W,ALNESS ST,Major Arterial,North York,43.784645,-79.48109,622217.7824,4849074.4251,At Intersection,Traffic Signal,Clear,Dark,Loose Snow,27,York University Heights,27,York University Heights (27),Non-Fatal Injury,0,0,1,0,1,0,0,0,0,1,1,0,1,Turning Movement,"['Vehicle Owner', 'Truck Driver', 'Driver', 'Other']",East,"['Other', 'Truck - Open', 'Automobile, Station Wagon']",['Turning Left'],"['Following too Close', 'Disobeyed Traffic Control']","['Normal', 'Medical or Physical Disability']",['Not Applicable'],['Not Applicable'],['Not Applicable'],['Not Applicable'],['Not Applicable'],False,"['unknown', '30 to 34', '50 to 54']",3.0
961870.0,2007-03-30 08:00:00,2120,2007,YONGE ST,SCRIVENER SQ,Major Arterial,Toronto and East York,43.680445,-79.39099,629692.3919,4837638.4643,At Intersection,No Control,Clear,Dark,Dry,95,Annex,95,Annex (95),Fatal,1,0,1,0,0,0,0,0,0,1,0,0,0,Pedestrian Collisions,"['Vehicle Owner', 'Driver', 'Pedestrian']",East,"['Other', 'Automobile, Station Wagon']",['Going Ahead'],['Failed to Yield Right of Way'],['Normal'],"['Crossing, no Traffic Control']",['Normal'],['Not Applicable'],['Not Applicable'],['Not Applicable'],True,"['unknown', '35 to 39', '80 to 84']",4.0
962030.0,2020-05-25 08:00:00,915,2020,20 EDWARD  ST,Not Applicable,Collector,North York,43.656768,-79.382121,630458.56,4835022.7221,Non Intersection,No Control,Clear,Daylight,Dry,170,Yonge-Bay Corridor,76,Bay Street Corridor (76),Non-Fatal Injury,1,0,1,0,0,0,0,0,0,0,0,0,0,Pedestrian Collisions,"['Driver', 'Pedestrian']",East,['Delivery Van'],['Pulling Away from Shoulder or Curb'],['Other'],['Normal'],['On Sidewalk or Shoulder'],['Had Been Drinking'],['Not Applicable'],['Not Applicable'],['Not Applicable'],False,"['30 to 34', '45 to 49']",3.0
962132.0,2007-03-31 08:00:00,643,2007,BIRCHMOUNT RD,MERRYFIELD DR,Major Arterial,Scarborough,43.751145,-79.28629,637969.3549,4845659.7788,Unknown,No Control,Clear,Dawn,Dry,126,Dorset Park,126,Dorset Park (126),Fatal,0,0,1,0,0,0,0,0,0,1,0,0,0,Approaching,"['Vehicle Owner', 'Driver']",North,"['Other', 'Automobile, Station Wagon']",['Going Ahead'],"['Improper Passing', 'Driving Properly']","['Unknown', 'Normal']",['Not Applicable'],['Not Applicable'],['Not Applicable'],['Not Applicable'],['Not Applicable'],True,"['unknown', '30 to 34', '40 to 44']",4.0
962206.0,2007-03-09 10:00:00,948,2007,CHURCH ST,ADELAIDE ST E,Major Arterial,Toronto and East York,43.651145,-79.37489,631053.8726,4834409.6083,At Intersection,Traffic Signal,Clear,Daylight,Dry,168,Downtown Yonge East,75,Church-Yonge Corridor (75),Non-Fatal Injury,1,0,1,0,0,0,0,0,0,0,0,0,0,Pedestrian Collisions,"['Driver', 'Pedestrian']",North,"['Automobile, Station Wagon', 'Other']",['Turning Left'],['Driving Properly'],['Normal'],['Crossing without right of way'],['Normal'],['Not Applicable'],['Not Applicable'],['Not Applicable'],False,"['45 to 49', '30 to 34']",3.0
962372.0,2007-04-02 08:00:00,2108,2007,QUEEN ST W,LANSDOWNE AVE,Major Arterial,Toronto and East York,43.640645,-79.43649,626108.1786,4833148.0079,Unknown,No Control,Clear,Dark,Dry,86,Roncesvalles,86,Roncesvalles (86),Fatal,1,0,0,0,0,0,0,1,0,0,0,0,0,Pedestrian Collisions,"['Passenger', 'Vehicle Owner', 'Driver', 'Pedestrian']",South,['Other'],['Going Ahead'],['Driving Properly'],['Normal'],"['Crossing, no Traffic Control']",['Unknown'],['Not Applicable'],['Not Applicable'],['Not Applicable'],True,"['40 to 44', '30 to 34', '50 to 54', 'unknown', '60 to 64']",4.0
962572.0,2007-03-13 08:00:00,1556,2007,KINGSTON RD,LOCHLEVEN DR,Major Arterial,Scarborough,43.736545,-79.21949,643382.2851,4844151.6674,Unknown,No Control,Clear,Daylight,Dry,139,Scarborough Village,139,Scarborough Village (139),Non-Fatal Injury,0,1,1,0,0,0,0,0,0,1,0,0,0,Cyclist Collisions,"['Driver', 'Cyclist']",South,"['Automobile, Station Wagon', 'Bicycle']","['Turning Right', 'Going Ahead']",['Failed to Yield Right of Way'],['Inattentive'],['Not Applicable'],['Not Applicable'],"['Motorist turns right at non-signal Inter.(stop, yield, no cont.,and dwy) and strikes cyclist.']",['Driving Properly'],['Normal'],False,"['45 to 49', '40 to 44']",3.0
962645.0,2007-03-11 09:00:00,1354,2007,DAVENPORT RD,DOVERCOURT RD,Minor Arterial,Toronto and East York,43.674245,-79.43469,626182.9647,4836882.4646,At Intersection,Stop Sign,Clear,Daylight,Dry,171,Junction-Wallace Emerson,93,Dovercourt-Wallace Emerson-Junction (93),Non-Fatal Injury,1,0,1,0,0,0,0,0,0,1,0,0,0,Pedestrian Collisions,"['Driver', 'Pedestrian']",East,"['Automobile, Station Wagon', 'Other']",['Turning Left'],['Failed to Yield Right of Way'],['Normal'],['Crossing with right of way'],['Normal'],['Not Applicable'],['Not Applicable'],['Not Applicable'],False,"['45 to 49', '60 to 64']",3.0
962717.0,2007-03-14 08:00:00,1457,2007,SIMCOE Stre,PEARL Stre,Collector,Toronto and East York,43.647945,-79.38639,630133.3779,4834036.1088,At Intersection,Stop Sign,Clear,Daylight,Wet,164,Wellington Place,77,Waterfront Communities-The Island (77),Non-Fatal Injury,0,1,1,0,0,0,0,0,0,0,0,0,0,Cyclist Collisions,"['Driver', 'Cyclist']",South,"['Automobile, Station Wagon', 'Bicycle']",['Going Ahead'],['Speed too Slow'],['Normal'],['Not Applicable'],['Not Applicable'],"['Cyclist without ROW rides into path of motorist at inter, lnwy, dwy-Cyclist not turn.']",['Disobeyed Traffic Control'],['Inattentive'],False,['20 to 24'],3.0
962798.0,2007-03-30 08:00:00,1444,2007,WILSON AVE,FAYWOOD BLVD,Major Arterial,North York,43.734845,-79.44599,625145.8786,4843595.811,Unknown,No Control,Clear,Daylight,Dry,33,Clanton Park,33,Clanton Park (33),Non-Fatal Injury,0,0,1,0,0,0,0,1,0,0,0,0,1,Rear End,"['Vehicle Owner', 'Driver', 'Passenger']",East,"['Other', 'Automobile, Station Wagon']","['Going Ahead', 'Slowing or Stopping']","['Lost control', 'Driving Properly']","['Medical or Physical Disability', 'Normal']",['Not Applicable'],['Not Applicable'],['Not Applicable'],['Not Applicable'],['Not Applicable'],False,"['unknown', '15 to 19', '25 to 29', '50 to 54']",3.0
963700.0,2007-03-17 08:00:00,400,2007,EASTERN DIVERSION AVE,BROADVIEW AVE,Major Arterial,Toronto and East York,43.656645,-79.34889,633138.4611,4835061.8468,Unknown,Traffic Signal,Snow,Dark,Loose Snow,70,South Riverdale,70,South Riverdale (70),Non-Fatal Injury,0,0,1,0,0,0,0,1,0,0,0,0,0,SMV Other,"['Passenger', 'Vehicle Owner', 'Driver', 'Other Property Owner']",East,"['Other', 'Automobile, Station Wagon']",['Going Ahead'],['Lost control'],['Normal'],['Not Applicable'],['Not Applicable'],['Not Applicable'],['Not Applicable'],['Not Applicable'],False,"['30 to 34', 'unknown', '25 to 29']",3.0
963778.0,2007-04-11 08:00:00,2034,2007,STEELES AVE W,MARKBROOK LANE,Major Arterial,Etobicoke York,43.760345,-79.58349,614024.3671,4846229.4686,Unknown,No Control,Rain,Dark,Wet,2,Mount Olive-Silverstone-Jamestown,2,Mount Olive-Silverstone-Jamestown (2),Fatal,0,0,1,0,0,0,0,0,0,0,0,1,0,Approaching,['Driver'],East,"['Automobile, Station Wagon']",['Going Ahead'],"['Driving Properly', 'Lost control']","['Normal', 'Ability Impaired, Alcohol Over .08']",['Not Applicable'],['Not Applicable'],['Not Applicable'],['Not Applicable'],['Not Applicable'],True,['45 to 49'],4.0
963932.0,2007-03-19 08:00:00,1200,2007,DUNDAS ST W,GROVE AVE,Minor Arterial,Toronto and East York,43.649345,-79.42329,627154.5062,4834134.3957,Unknown,No Control,Clear,Daylight,Dry,81,Trinity-Bellwoods,81,Trinity-Bellwoods (81),Non-Fatal Injury,1,0,1,0,0,0,0,0,0,1,0,0,0,Pedestrian Collisions,"['Driver', 'Pedestrian']",North,"['Automobile, Station Wagon', 'Other']",['Turning Left'],['Failed to Yield Right of Way'],['Inattentive'],['Crossing with right of way'],['Inattentive'],['Not Applicable'],['Not Applicable'],['Not Applicable'],False,"['45 to 49', '60 to 64']",3.0
963934.0,2007-03-19 08:00:00,1400,2007,JARVIS ST,DUNDAS ST E,Major Arterial,Toronto and East York,43.657045,-79.37459,631065.2301,4835065.355,At Intersection,Traffic Signal,Clear,Daylight,Wet,168,Downtown Yonge East,75,Church-Yonge Corridor (75),Non-Fatal Injury,1,0,1,0,0,0,0,0,0,1,1,0,0,Pedestrian Collisions,"['Driver', 'Pedestrian']",North,"['Automobile, Station Wagon', 'Other']",['Slowing or Stopping'],['Disobeyed Traffic Control'],['Had Been Drinking'],['Crossing with right of way'],['Normal'],['Not Applicable'],['Not Applicable'],['Not Applicable'],False,"['20 to 24', '55 to 59']",3.0
964254.0,2007-03-22 08:00:00,1907,2007,ALLEN X S LAWRENCE E RAMP W,LAWRENCE AVE W,Major Arterial,North York,43.715945,-79.44499,625265.7978,4841498.2065,At Intersection,Yield Sign,Clear,"Dusk, artificial",Dry,31,Yorkdale-Glen Park,31,Yorkdale-Glen Park (31),Non-Fatal Injury,1,0,1,0,0,0,0,0,0,1,0,0,0,Pedestrian Collisions,"['Vehicle Owner', 'Driver', 'Pedestrian']",East,"['Other', 'Automobile, Station Wagon']",['Going Ahead'],['Failed to Yield Right of Way'],['Normal'],['Crossing with right of way'],['Normal'],['Not Applicable'],['Not Applicable'],['Not Applicable'],False,"['unknown', '65 to 69', '45 to 49']",3.0
964318.0,2007-04-14 08:00:00,1305,2007,FINCH AVE E,DON MILLS RD,Major Arterial,North York,43.792745,-79.35429,632402.8421,4850169.0772,Unknown,No Control,Clear,Daylight,Dry,47,Don Valley Village,48,Hillcrest Village (48),Non-Fatal Injury,1,0,1,0,0,0,0,0,0,0,0,0,0,Pedestrian Collisions,"['Driver', 'Pedestrian']",East,"['Automobile, Station Wagon', 'Other']",['Going Ahead'],['Driving Properly'],['Normal'],"['Crossing, no Traffic Control']",['Unknown'],['Not Applicable'],['Not Applicable'],['Not Applicable'],False,"['45 to 49', '65 to 69']",3.0
964373.0,2007-03-22 08:00:00,1844,2007,DUNDAS ST W,SUBWAY CRES,Major Arterial,Etobicoke York,43.636145,-79.54009,617760.8215,4832496.0368,At Intersection,Traffic Signal,Clear,Daylight,Dry,158,Islington,14,Islington-City Centre West (14),Non-Fatal Injury,1,0,1,0,0,0,0,0,0,0,0,0,0,Pedestrian Collisions,"['Driver', 'Pedestrian']",North,"['Automobile, Station Wagon', 'Other']",['Turning Left'],['Driving Properly'],['Unknown'],['Running onto Roadway'],['Inattentive'],['Not Applicable'],['Not Applicable'],['Not Applicable'],False,"['55 to 59', '35 to 39']",3.0
964426.0,2007-03-23 08:00:00,817,2007,FINCH AVE W,KENDLETON DR,Major Arterial,Etobicoke York,43.740745,-79.58939,613586.5023,4844044.5,Unknown,No Control,Clear,Daylight,Dry,2,Mount Olive-Silverstone-Jamestown,2,Mount Olive-Silverstone-Jamestown (2),Non-Fatal Injury,0,0,1,0,0,0,0,1,0,1,0,0,0,Rear End,"['Driver', 'Passenger']",North,"['Automobile, Station Wagon', 'Other']",['Going Ahead'],"['Following too Close', 'Driving Properly']",['Normal'],['Not Applicable'],['Not Applicable'],['Not Applicable'],['Not Applicable'],['Not Applicable'],False,"['40 to 44', '35 to 39']",3.0
964433.0,2007-03-23 08:00:00,658,2007,OLD WESTON RD,TURNBERRY AVE,Minor Arterial,Toronto and East York,43.679545,-79.46549,623689.1987,4837424.7084,Unknown,No Control,Clear,Daylight,Dry,91,Weston-Pelham Park,91,Weston-Pellam Park (91),Non-Fatal Injury,0,0,1,0,0,0,0,0,0,1,0,0,1,SMV Unattended Vehicle,"['Driver', 'Vehicle Owner', 'Other Property Owner']",South,"['Automobile, Station Wagon', 'Other']","['Going Ahead', 'Parked']",['Lost control'],['Medical or Physical Disability'],['Not Applicable'],['Not Applicable'],['Not Applicable'],['Not Applicable'],['Not Applicable'],False,"['45 to 49', 'unknown']",3.0
964482.0,2007-03-24 08:00:00,958,2007,ALBION RD,RIVERDALE DR,Major Arterial,Etobicoke York,43.735345,-79.56139,615851.574,4843483.5207,At Intersection,Traffic Signal,Rain,Daylight,Wet,3,Thistletown-Beaumond Heights,3,Thistletown-Beaumond Heights (3),Non-Fatal Injury,1,0,1,0,0,0,0,0,0,0,0,0,0,Pedestrian Collisions,"['Driver', 'Pedestrian']",South,"['Automobile, Station Wagon', 'Other']",['Going Ahead'],['Driving Properly'],['Normal'],['Crossing without right of way'],['Normal'],['Not Applicable'],['Not Applicable'],['Not Applicable'],False,"['80 to 84', '50 to 54', '55 to 59']",3.0
964573.0,2007-02-25 10:00:00,2129,2007,SHEPPARD AVE E,NEILSON RD,Major Arterial,Scarborough,43.798245,-79.21699,643436.0476,4851008.7469,Unknown,No Control,Snow,Dark,Packed Snow,146,Malvern East,132,Malvern (132),Non-Fatal Injury,0,0,1,0,0,0,0,0,1,1,0,0,0,SMV Other,"['Driver', 'Other Property Owner']",East,"['Automobile, Station Wagon', 'Other']",['Going Ahead'],['Speed too Fast For Condition'],['Normal'],['Not Applicable'],['Not Applicable'],['Not Applicable'],['Not Applicable'],['Not Applicable'],False,"['55 to 59', 'unknown']",3.0
964724.0,2007-04-17 08:00:00,740,2007,WARDEN AVE,SHEPPARD AVE E,Major Arterial,Scarborough,43.778745,-79.30789,636167.6997,4848689.4299,At Intersection,Traffic Signal,Clear,Daylight,Dry,118,Tam O'Shanter-Sullivan,118,Tam O'Shanter-Sullivan (118),Non-Fatal Injury,0,0,1,0,0,0,0,0,0,1,1,0,1,Turning Movement,"['Driver', 'Vehicle Owner']",North,"['Automobile, Station Wagon', 'Other']","['Going Ahead', 'Reversing', 'Turning Left']","['Disobeyed Traffic Control', 'Driving Properly']","['Medical or Physical Disability', 'Normal']",['Not Applicable'],['Not Applicable'],['Not Applicable'],['Not Applicable'],['Not Applicable'],False,"['70 to 74', '35 to 39', 'unknown']",3.0
964835.0,2007-04-17 08:00:00,1603,2007,149 SHELDON AVE,Not Applicable,Local,Etobicoke York,43.602645,-79.54319,617576.0392,4828771.0619,Unknown,No Control,Clear,Daylight,Dry,20,Alderwood,20,Alderwood (20),Fatal,0,0,1,0,0,0,0,1,0,0,0,0,0,SMV Other,"['Passenger', 'Driver']",East,"['Other', 'Automobile, Station Wagon']",['Going Ahead'],['Lost control'],['Had Been Drinking'],['Not Applicable'],['Not Applicable'],['Not Applicable'],['Not Applicable'],['Not Applicable'],True,"['80 to 84', '90 to 94']",4.0
964870.0,2007-03-27 08:00:00,2045,2007,40 WILLCOCKS St,Not Applicable,Local,Toronto and East York,43.661445,-79.40069,628951.2105,4835513.1366,Unknown,No Control,Clear,Dark,Dry,79,University,79,University (79),Non-Fatal Injury,0,1,1,0,0,0,0,0,0,0,0,0,0,Cyclist Collisions,"['Driver', 'Cyclist']",East,"['Automobile, Station Wagon', 'Bicycle']","['Turning Left', 'Going Ahead']",['Improper Turn'],['Inattentive'],['Not Applicable'],['Not Applicable'],['Motorist turned left across cyclists path.'],['Not Applicable'],['Not Applicable'],False,"['40 to 44', '65 to 69']",3.0
965074.0,2007-04-18 08:00:00,1705,2007,SHEPPARD Ave W,LAURA Rd,Major Arterial,Etobicoke York,43.738045,-79.51899,619260.7206,4843843.5505,Unknown,No Control,Clear,Daylight,Dry,154,Oakdale-Beverley Heights,26,Downsview-Roding-CFB (26),Non-Fatal Injury,0,0,1,0,0,0,0,1,0,1,0,0,0,Approaching,"['Passenger', 'Driver']",East,"['Other', 'Automobile, Station Wagon']","['Going Ahead', 'Overtaking']","['Driving Properly', 'Failed to Yield Right of Way']",['Normal'],['Not Applicable'],['Not Applicable'],['Not Applicable'],['Not Applicable'],['Not Applicable'],False,"['75 to 79', '30 to 34', '35 to 39']",3.0
965365.0,2007-04-20 08:00:00,1430,2007,KIPLING AVE,NAMCO RD,Major Arterial,Etobicoke York,43.708445,-79.56519,615597.2779,4840490.5941,Unknown,No Control,Clear,Daylight,Dry,1,West Humber-Clairville,1,West Humber-Clairville (1),Non-Fatal Injury,0,0,1,0,0,0,0,0,0,0,0,0,0,SMV Other,"['Vehicle Owner', 'Driver']",South,"['Other', 'Automobile, Station Wagon']",['Going Ahead'],['Lost control'],['Normal'],['Not Applicable'],['Not Applicable'],['Not Applicable'],['Not Applicable'],['Not Applicable'],False,"['unknown', '20 to 24']",3.0
965369.0,2007-04-22 08:00:00,4,2007,WARDEN AVE,SHEPPARD AVE E,Major Arterial,Scarborough,43.778746,-79.307887,636167.9389,4848689.5459,At Intersection,Traffic Signal,Clear,Dark,Dry,118,Tam O'Shanter-Sullivan,118,Tam O'Shanter-Sullivan (118),Fatal,0,0,1,1,0,0,0,0,1,1,0,0,0,Turning Movement,"['Motorcycle Driver', 'Vehicle Owner', 'Driver']",North,"['Motorcycle', 'Other', 'Automobile, Station Wagon']","['Going Ahead', 'Turning Left']","['Exceeding Speed Limit', 'Improper Turn']",['Normal'],['Not Applicable'],['Not Applicable'],['Not Applicable'],['Not Applicable'],['Not Applicable'],True,"['20 to 24', 'unknown', '30 to 34']",4.0
966139.0,2007-04-03 08:00:00,1220,2007,KINGSTON RD,EASTVILLE AVE,Major Arterial,Scarborough,43.721445,-79.23669,642032.8618,4842444.9638,Unknown,No Control,Clear,Daylight,Dry,123,Cliffcrest,123,Cliffcrest (123),Non-Fatal Injury,1,0,1,0,0,0,0,0,0,0,0,0,0,Pedestrian Collisions,"['Driver', 'Pedestrian']",East,"['Automobile, Station Wagon', 'Other']",['Going Ahead'],['Driving Properly'],['Normal'],"['Crossing, no Traffic Control']",['Inattentive'],['Not Applicable'],['Not Applicable'],['Not Applicable'],False,"['30 to 34', '15 to 19']",3.0
966448.0,2007-04-05 08:00:00,1305,2007,UNIVERSITY AVE,WELLINGTON ST W,Major Arterial,Toronto and East York,43.646345,-79.38409,630322.3289,4833862.0171,At Intersection,Traffic Signal,Clear,Daylight,Wet,170,Yonge-Bay Corridor,76,Bay Street Corridor (76),Non-Fatal Injury,0,1,1,0,0,0,0,0,0,0,0,0,0,Cyclist Collisions,"['Driver', 'Cyclist']",North,"['Automobile, Station Wagon', 'Bicycle']","['Turning Left', 'Going Ahead']",['Driving Properly'],['Normal'],['Not Applicable'],['Not Applicable'],['Motorist turned left across cyclists path.'],['Not Applicable'],['Not Applicable'],False,"['55 to 59', '30 to 34']",3.0
966627.0,2007-04-28 08:00:00,1415,2007,STEELES AVE E,ASHCOTT ST,Major Arterial,Scarborough,43.827245,-79.29169,637360.1596,4854102.9077,At Intersection,Traffic Signal,Clear,Daylight,Dry,130,Milliken,130,Milliken (130),Non-Fatal Injury,1,0,1,0,0,0,0,0,0,0,0,0,0,Pedestrian Collisions,"['Driver', 'Pedestrian']",East,"['Automobile, Station Wagon', 'Other']",['Going Ahead'],['Driving Properly'],['Normal'],['Crossing without right of way'],['Normal'],['Not Applicable'],['Not Applicable'],['Not Applicable'],False,"['35 to 39', '15 to 19']",3.0