accident_number,date,time,year,street1,street2,road_class,district,latitude,longitude,x,y,accident_location,traffctl,visibility,light,road_surface_condition,hood_158,neighbourhood_new,hood_140,neighbourhood_old,accident_class,pedestrian,cyclist,automobile,motorcycle,truck,trsn_city_veh,emerg_veh,passenger,speeding,aggressive_driving,redlight,alcohol,disability,impact_type,involvement_type,initial_direction,vehicle_type,manoeuver,driver_action,driver_condition,pedestrian_action,pedestrian_condition,cyclist_type,cyclist_action,cyclist_condition,injury,involvement_age,injury_severity_score
966632.0,2007-04-28 08:00:00,1734,2007,746 OSSINGTON AVE,Not Applicable,Minor Arterial,Toronto and East York,43.662345,-79.42579,626925.499,4835574.3884,Unknown,No Control,Clear,Daylight,Dry,172,Dovercourt Village,93,Dovercourt-Wallace Emerson-Junction (93),Non-Fatal Injury,1,0,0,0,0,1,0,0,0,1,0,0,0,Pedestrian Collisions,"['Vehicle Owner', 'Driver', 'Pedestrian']",North,"['Other', 'Municipal Transit Bus (TTC)']",['Turning Left'],['Failed to Yield Right of Way'],['Normal'],"['Crossing, no Traffic Control']",['Normal'],['Not Applicable'],['Not Applicable'],['Not Applicable'],False,"['unknown', '45 to 49', '75 to 79']",3.0
966951.0,2007-04-30 08:00:00,910,2007,CENTRAL PARK RDWY Road,CORDOVA AVE,Collector,Etobicoke York,43.647845,-79.52689,618802.5204,4833814.2799,At Intersection,Stop Sign,Clear,Daylight,Dry,159,Etobicoke City Centre,14,Islington-City Centre West (14),Non-Fatal Injury,1,0,1,0,0,0,0,0,0,1,0,0,0,Pedestrian Collisions,"['Driver', 'Pedestrian']",North,"['Automobile, Station Wagon', 'Other']",['Turning Left'],['Failed to Yield Right of Way'],['Unknown'],['Crossing with right of way'],['Normal'],['Not Applicable'],['Not Applicable'],['Not Applicable'],False,"['unknown', '75 to 79']",3.0
967064.0,2007-04-08 08:00:00,316,2007,FINCH AVE W,MARTIN GROVE RD,Major Arterial,Etobicoke York,43.737245,-79.59029,613520.645,4843654.5417,Unknown,No Control,Snow,Dark,Wet,2,Mount Olive-Silverstone-Jamestown,2,Mount Olive-Silverstone-Jamestown (2),Non-Fatal Injury,0,0,1,0,0,0,0,1,1,1,0,0,0,Approaching,"['Passenger', 'Vehicle Owner', 'Driver']",East,"['Other', 'Automobile, Station Wagon']","['Going Ahead', 'Other']","['Driving Properly', 'Lost control']","['Normal', 'Had Been Drinking']",['Not Applicable'],['Not Applicable'],['Not Applicable'],['Not Applicable'],['Not Applicable'],False,"['20 to 24', 'unknown', '35 to 39', '30 to 34', '25 to 29']",3.0
967321.0,2007-04-10 08:00:00,1645,2007,ABITIBI AVE,YONGE ST,Local,North York,43.796445,-79.41909,627181.5702,4850478.4018,Unknown,No Control,Clear,Daylight,Dry,50,Newtonbrook East,50,Newtonbrook East (50),Non-Fatal Injury,1,0,1,0,0,0,0,0,0,0,0,0,0,Pedestrian Collisions,"['Driver', 'Pedestrian']",West,"['Automobile, Station Wagon', 'Other']",['Going Ahead'],['Driving Properly'],['Normal'],['Running onto Roadway'],['Normal'],['Not Applicable'],['Not Applicable'],['Not Applicable'],False,"['55 to 59', '15 to 19']",3.0
967550.0,2007-03-27 08:00:00,1550,2007,BAY ST,YORKVILLE AVE,Major Arterial,Toronto and East York,43.671545,-79.39029,629767.9981,4836651.0935,Unknown,No Control,Clear,Daylight,Dry,95,Annex,95,Annex (95),Non-Fatal Injury,0,0,1,0,1,0,0,0,0,0,0,0,0,Turning Movement,"['Vehicle Owner', 'Truck Driver', 'Driver']",North,"['Other', 'Truck - Open', 'Automobile, Station Wagon']","['Going Ahead', 'Making U Turn']","['Driving Properly', 'Improper Lane Change']","['Normal', 'Other']",['Not Applicable'],['Not Applicable'],['Not Applicable'],['Not Applicable'],['Not Applicable'],False,"['unknown', '30 to 34', '35 to 39']",3.0
967741.0,2007-04-14 08:00:00,1042,2007,VICTORIA PARK AVE,COMBERMERE DR,Major Arterial,North York,43.756645,-79.31479,635662.3899,4846223.5589,Unknown,No Control,Clear,Daylight,Dry,119,Wexford/Maryvale,119,Wexford/Maryvale (119),Non-Fatal Injury,0,0,1,0,0,0,0,1,0,1,0,0,0,Rear End,"['Vehicle Owner', 'Driver', 'Passenger']",South,"['Other', 'Automobile, Station Wagon']","['Going Ahead', 'Stopped']","['Following too Close', 'Driving Properly']",['Normal'],['Not Applicable'],['Not Applicable'],['Not Applicable'],['Not Applicable'],['Not Applicable'],False,"['unknown', '30 to 34', '55 to 59', '50 to 54']",3.0
967864.0,2007-05-06 08:00:00,1615,2007,QUEEN ST E,CARLAW AVE,Minor Arterial,Toronto and East York,43.661045,-79.34009,633838.287,4835564.6837,At Intersection,Traffic Signal,Clear,Daylight,Dry,70,South Riverdale,70,South Riverdale (70),Non-Fatal Injury,0,0,1,1,0,0,0,1,0,0,0,0,0,Turning Movement,"['Motorcycle Driver', 'Passenger', 'Driver']",East,"['Motorcycle', 'Other', 'Automobile, Station Wagon']","['Going Ahead', 'Turning Left']","['Driving Properly', 'Improper Turn']",['Normal'],['Not Applicable'],['Not Applicable'],['Not Applicable'],['Not Applicable'],['Not Applicable'],False,"['25 to 29', '15 to 19', '50 to 54']",3.0
967962.0,2007-04-15 08:00:00,1040,2007,KIPLING AVE,BELFIELD RD,Major Arterial,Etobicoke York,43.704845,-79.56349,615741.1695,4840093.1367,Unknown,Traffic Signal,Clear,Daylight,Dry,1,West Humber-Clairville,1,West Humber-Clairville (1),Non-Fatal Injury,0,0,1,0,0,0,0,1,0,1,1,0,0,Angle,"['Driver', 'Passenger']",South,"['Automobile, Station Wagon', 'Other']",['Going Ahead'],"['Disobeyed Traffic Control', 'Driving Properly']",['Normal'],['Not Applicable'],['Not Applicable'],['Not Applicable'],['Not Applicable'],['Not Applicable'],False,"['65 to 69', '10 to 14', '60 to 64', '15 to 19', '45 to 49']",3.0
968070.0,2007-04-17 08:00:00,2257,2007,BATHURST ST,MARKDALE AVE,Major Arterial,Toronto and East York,43.694345,-79.42289,627091.7451,4839132.8614,Unknown,No Control,Clear,Dark,Dry,106,Humewood-Cedarvale,106,Humewood-Cedarvale (106),Non-Fatal Injury,0,0,1,0,0,0,0,1,1,1,0,1,0,SMV Unattended Vehicle,"['Vehicle Owner', 'Driver', 'Passenger', 'Other Property Owner']",North,"['Other', 'Automobile, Station Wagon']","['Parked', 'Going Ahead', 'Changing Lanes']","['Driving Properly', 'Failed to Yield Right of Way']","['Normal', 'Ability Impaired, Alcohol']",['Not Applicable'],['Not Applicable'],['Not Applicable'],['Not Applicable'],['Not Applicable'],False,"['unknown', '35 to 39', '20 to 24']",3.0
968074.0,2007-04-17 08:00:00,751,2007,SHEPPARD AVE E,BESSARION RD,Major Arterial,North York,43.769145,-79.37659,630660.1153,4847512.5007,At Intersection,Traffic Signal,Clear,Daylight,Dry,52,Bayview Village,52,Bayview Village (52),Non-Fatal Injury,0,0,1,0,0,0,0,0,0,1,1,0,0,Angle,"['Driver', 'Vehicle Owner']",East,"['Automobile, Station Wagon', 'Other']","['Stopped', 'Going Ahead']","['Driving Properly', 'Disobeyed Traffic Control']","['Unknown', 'Normal']",['Not Applicable'],['Not Applicable'],['Not Applicable'],['Not Applicable'],['Not Applicable'],False,"['40 to 44', 'unknown', '35 to 39', '70 to 74']",3.0
968131.0,2007-05-07 08:00:00,645,2007,330 PROGRESS AVE,Not Applicable,Minor Arterial,Scarborough,43.773945,-79.26839,639357.5346,4848222.0427,Unknown,No Control,Clear,Daylight,Dry,156,Bendale-Glen Andrew,127,Bendale (127),Non-Fatal Injury,0,0,1,0,0,0,0,1,0,0,0,1,0,Rear End,"['Vehicle Owner', 'Passenger', 'Driver']",East,"['Other', 'Automobile, Station Wagon']","['Stopped', 'Going Ahead']","['Driving Properly', 'Lost control']","['Normal', 'Ability Impaired, Alcohol']",['Not Applicable'],['Not Applicable'],['Not Applicable'],['Not Applicable'],['Not Applicable'],False,"['unknown', '45 to 49', '40 to 44', '25 to 29']",3.0
968157.0,2007-05-07 08:00:00,1103,2007,1369 BLOOR ST W,Not Applicable,Major Arterial,Toronto and East York,43.657745,-79.44579,625322.4924,4835033.0958,Unknown,No Control,Clear,Daylight,Dry,171,Junction-Wallace Emerson,93,Dovercourt-Wallace Emerson-Junction (93),Non-Fatal Injury,1,0,1,0,0,0,0,0,0,0,0,0,0,Pedestrian Collisions,"['Driver', 'Pedestrian']",East,"['Automobile, Station Wagon', 'Other']",['Going Ahead'],['Driving Properly'],['Normal'],['Running onto Roadway'],['Unknown'],['Not Applicable'],['Not Applicable'],['Not Applicable'],False,"['60 to 64', '75 to 79']",3.0
968354.0,2007-04-20 08:00:00,2240,2007,343 CHEROKEE BLVD,Not Applicable,Collector,North York,43.799345,-79.33759,633731.7019,4850928.9623,Unknown,No Control,Clear,Dark,Dry,46,Pleasant View,46,Pleasant View (46),Non-Fatal Injury,1,0,1,0,0,0,0,0,0,0,0,0,0,Pedestrian Collisions,"['Vehicle Owner', 'Driver', 'Pedestrian']",East,"['Other', 'Automobile, Station Wagon']",['Reversing'],['Lost control'],['Normal'],['Other'],['Normal'],['Not Applicable'],['Not Applicable'],['Not Applicable'],False,"['unknown', '40 to 44', '35 to 39']",3.0
968405.0,2007-05-08 08:00:00,1450,2007,YONGE Stre,WILLIAM CARSON Cres,Major Arterial,North York,43.747245,-79.40749,628219.8755,4845031.8831,At Intersection,Traffic Signal,Clear,Daylight,Dry,39,Bedford Park-Nortown,39,Bedford Park-Nortown (39),Non-Fatal Injury,0,0,1,0,0,0,0,0,0,0,0,0,1,Rear End,['Driver'],North,"['Automobile, Station Wagon']",['Turning Left'],"['Driving Properly', 'Other']","['Normal', 'Medical or Physical Disability']",['Not Applicable'],['Not Applicable'],['Not Applicable'],['Not Applicable'],['Not Applicable'],False,"['60 to 64', '50 to 54']",3.0
968451.0,2007-04-21 08:00:00,1309,2007,BOOTH AVE,LAKE SHORE BLVD E,Major Arterial,Toronto and East York,43.653544,-79.340793,633798.2628,4834730.4637,At Intersection,Stop Sign,Clear,Daylight,Dry,70,South Riverdale,70,South Riverdale (70),Non-Fatal Injury,1,0,1,0,0,0,0,0,0,1,0,0,0,Pedestrian Collisions,"['Driver', 'Pedestrian']",East,"['Automobile, Station Wagon']",['Going Ahead'],['Failed to Yield Right of Way'],['Normal'],['Not Applicable'],['Not Applicable'],['Not Applicable'],['Not Applicable'],['Not Applicable'],False,"['55 to 59', '25 to 29']",3.0
968566.0,2007-05-09 08:00:00,1928,2007,STEELES AVE W,PETER KAISER GT,Major Arterial,Etobicoke York,43.775245,-79.52239,618913.2216,4847970.2688,Unknown,No Control,Clear,Dark,Dry,24,Black Creek,24,Black Creek (24),Non-Fatal Injury,0,0,1,0,1,0,0,0,0,0,0,0,0,Approaching,"['Vehicle Owner', 'Truck Driver', 'Driver']",East,"['Other', 'Truck - Open', 'Automobile, Station Wagon']","['Stopped', 'Going Ahead']","['Driving Properly', 'Lost control']","['Normal', 'Unknown']",['Not Applicable'],['Not Applicable'],['Not Applicable'],['Not Applicable'],['Not Applicable'],False,"['unknown', '35 to 39', '40 to 44']",3.0
968739.0,2007-04-22 08:00:00,1210,2007,KEELE ST,JACKSON PL,Major Arterial,Toronto and East York,43.666345,-79.46489,623764.6925,4835959.5676,Unknown,Stop Sign,Clear,Daylight,Dry,90,Junction Area,90,Junction Area (90),Non-Fatal Injury,0,0,1,0,0,0,0,1,1,1,0,1,0,Angle,"['Vehicle Owner', 'Driver', 'Passenger']",South,"['Other', 'Automobile, Station Wagon']",['Going Ahead'],"['Driving Properly', 'Failed to Yield Right of Way']","['Normal', 'Ability Impaired, Alcohol Over .08']",['Not Applicable'],['Not Applicable'],['Not Applicable'],['Not Applicable'],['Not Applicable'],False,"['unknown', '50 to 54', '20 to 24', '60 to 64']",3.0
969441.0,2007-05-14 08:00:00,2103,2007,295 JARVIS ST,Not Applicable,Major Arterial,Toronto and East York,43.658745,-79.37519,631013.1511,4835253.215,Unknown,No Control,Clear,Dark,Dry,73,Moss Park,73,Moss Park (73),Non-Fatal Injury,1,0,1,0,0,0,0,0,0,0,0,0,0,Pedestrian Collisions,"['Driver', 'Pedestrian']",East,"['Automobile, Station Wagon', 'Other']",['Going Ahead'],['Other'],['Unknown'],"['Crossing, no Traffic Control']",['Unknown'],['Not Applicable'],['Not Applicable'],['Not Applicable'],False,"['unknown', '80 to 84']",3.0
969630.0,2007-04-28 08:00:00,15,2007,GERRARD ST E,GLENMORE RD,Minor Arterial,Toronto and East York,43.680645,-79.31109,636132.2585,4837788.7224,At Intersection,No Control,Rain,Dark,Wet,64,Woodbine Corridor,64,Woodbine Corridor (64),Non-Fatal Injury,1,0,1,0,0,0,0,0,0,0,0,0,0,Pedestrian Collisions,"['Driver', 'Pedestrian']",South,"['Automobile, Station Wagon', 'Other']",['Going Ahead'],['Driving Properly'],['Normal'],['Running onto Roadway'],"['Ability Impaired, Alcohol']",['Not Applicable'],['Not Applicable'],['Not Applicable'],False,"['50 to 54', '60 to 64']",3.0
969646.0,2007-04-17 08:00:00,1836,2007,DUNDAS SQ,OKEEFE LANE,Collector,Toronto and East York,43.655945,-79.37979,630648.3082,4834934.9847,Unknown,No Control,Clear,Daylight,Dry,168,Downtown Yonge East,75,Church-Yonge Corridor (75),Non-Fatal Injury,0,0,0,1,0,0,0,0,0,0,0,0,0,SMV Other,"['Vehicle Owner', 'Motorcycle Driver', 'Other Property Owner']",West,"['Other', 'Motorcycle']",['Going Ahead'],['Other'],['Inattentive'],['Not Applicable'],['Not Applicable'],['Not Applicable'],['Not Applicable'],['Not Applicable'],False,"['unknown', '20 to 24']",3.0
969841.0,2007-04-21 08:00:00,1741,2007,BLOOR ST W,HURON ST,Major Arterial,Toronto and East York,43.667145,-79.40149,628874.5089,4836144.9545,At Intersection,Traffic Signal,Clear,Daylight,Dry,79,University,79,University (79),Non-Fatal Injury,0,1,1,0,0,0,0,0,0,1,0,0,0,Turning Movement,"['Driver', 'Moped Driver']",West,"['Automobile, Station Wagon', 'Moped']","['Going Ahead', 'Turning Left']","['Driving Properly', 'Failed to Yield Right of Way']",['Normal'],['Not Applicable'],['Not Applicable'],['Not Applicable'],['Not Applicable'],['Not Applicable'],False,"['25 to 29', '50 to 54', 'unknown']",3.0
969857.0,2007-04-30 08:00:00,1841,2007,MARLEE AVE,WHITMORE AVE,Minor Arterial,North York,43.699945,-79.44009,625693.9654,4839728.5995,At Intersection,Stop Sign,Clear,Daylight,Dry,108,Briar Hill-Belgravia,108,Briar Hill-Belgravia (108),Non-Fatal Injury,0,0,1,1,0,0,0,0,1,1,0,0,0,Turning Movement,"['Vehicle Owner', 'Motorcycle Driver', 'Driver']",North,"['Other', 'Motorcycle', 'Automobile, Station Wagon']","['Going Ahead', 'Turning Left']","['Exceeding Speed Limit', 'Failed to Yield Right of Way']",['Normal'],['Not Applicable'],['Not Applicable'],['Not Applicable'],['Not Applicable'],['Not Applicable'],False,"['unknown', '20 to 24', '45 to 49']",3.0
969872.0,2007-05-01 08:00:00,2108,2007,LAWRENCE AVE W,BRUCEWOOD CRES,Major Arterial,North York,43.718445,-79.43299,626227.2324,4841794.0725,At Intersection,Traffic Signal,Clear,Dark,Wet,32,Englemount-Lawrence,32,Englemount-Lawrence (32),Non-Fatal Injury,0,0,1,0,0,0,0,1,0,0,0,0,0,Turning Movement,"['Passenger', 'Driver']",East,"['Other', 'Automobile, Station Wagon']","['Going Ahead', 'Turning Left']","['Driving Properly', 'Improper Turn']",['Normal'],['Not Applicable'],['Not Applicable'],['Not Applicable'],['Not Applicable'],['Not Applicable'],False,"['20 to 24', '15 to 19']",3.0
970082.0,2007-05-03 08:00:00,1924,2007,FINCH AVE W,EDITHVALE DR,Major Arterial,North York,43.777345,-79.42649,626626.5712,4848345.7066,At Intersection,Pedestrian Crossover,Clear,Daylight,Dry,36,Newtonbrook West,36,Newtonbrook West (36),Non-Fatal Injury,1,0,1,0,0,0,0,0,0,1,0,0,0,Pedestrian Collisions,"['Driver', 'Pedestrian']",West,"['Automobile, Station Wagon', 'Other']",['Going Ahead'],['Failed to Yield Right of Way'],['Normal'],"['Crossing, Pedestrian Crossover']",['Normal'],['Not Applicable'],['Not Applicable'],['Not Applicable'],False,"['40 to 44', '25 to 29']",3.0
970485.0,2007-05-07 08:00:00,2300,2007,BIRCHMOUNT RD,MACK AVE,Minor Arterial,Scarborough,43.701545,-79.26589,639727.0417,4840185.1489,At Intersection,Stop Sign,Clear,Dark,Dry,120,Clairlea-Birchmount,120,Clairlea-Birchmount (120),Non-Fatal Injury,0,0,1,0,0,0,0,1,0,1,0,0,0,Turning Movement,"['Passenger', 'Driver']",East,"['Other', 'Automobile, Station Wagon']","['Going Ahead', 'Turning Left']","['Driving Properly', 'Improper Turn']",['Normal'],['Not Applicable'],['Not Applicable'],['Not Applicable'],['Not Applicable'],['Not Applicable'],False,"['30 to 34', '40 to 44', '15 to 19']",3.0
970644.0,2007-05-20 08:00:00,440,2007,STEELES AVE E,MIDLAND AVE,Major Arterial,Scarborough,43.825945,-79.29729,636912.8477,4853949.2368,At Intersection,Traffic Signal,Clear,Dark,Dry,130,Milliken,130,Milliken (130),Fatal,1,0,1,0,0,0,0,0,0,1,0,0,0,Pedestrian Collisions,"['Driver', 'Pedestrian']",South,"['Automobile, Station Wagon', 'Other']",['Going Ahead'],['Failed to Yield Right of Way'],['Unknown'],['Crossing with right of way'],['Unknown'],['Not Applicable'],['Not Applicable'],['Not Applicable'],True,"['20 to 24', '55 to 59']",4.0
970666.0,2007-05-21 08:00:00,237,2007,DON VALLEY PARKWAY  N,BEECHWOOD DR,Local,Toronto and East York,43.696245,-79.35369,632664.1095,4839452.2767,Unknown,No Control,Clear,Dark,Dry,57,Broadview North,57,Broadview North (57),Non-Fatal Injury,0,0,1,0,0,0,0,1,1,1,0,0,0,SMV Other,"['Vehicle Owner', 'Passenger', 'Driver']",North,"['Other', 'Automobile, Station Wagon']",['Going Ahead'],['Exceeding Speed Limit'],['Normal'],['Not Applicable'],['Not Applicable'],['Not Applicable'],['Not Applicable'],['Not Applicable'],False,"['unknown', '20 to 24', '15 to 19']",3.0
970906.0,2007-05-22 08:00:00,2157,2007,DON VALLEY PARKWAY  S,DUNDAS ST E,Expressway,Toronto and East York,43.664245,-79.35589,632557.2783,4835894.72,Unknown,No Control,Clear,Dark,Dry,70,South Riverdale,70,South Riverdale (70),Non-Fatal Injury,1,0,1,0,0,0,0,0,0,0,0,0,0,Pedestrian Collisions,"['Vehicle Owner', 'Driver', 'Pedestrian']",South,"['Other', 'Automobile, Station Wagon']",['Going Ahead'],['Driving Properly'],['Normal'],['Other'],['Other'],['Not Applicable'],['Not Applicable'],['Not Applicable'],False,"['unknown', '55 to 59', '25 to 29']",3.0
971231.0,2007-05-09 08:00:00,517,2007,ALBION RD,FINCH AVE W,Major Arterial,Etobicoke York,43.741045,-79.58919,613602.0397,4844078.0934,At Intersection,Traffic Controller,Clear,Daylight,Dry,2,Mount Olive-Silverstone-Jamestown,2,Mount Olive-Silverstone-Jamestown (2),Non-Fatal Injury,0,0,1,0,0,0,0,0,0,1,0,0,0,Angle,['Driver'],East,"['Automobile, Station Wagon']",['Going Ahead'],"['Disobeyed Traffic Control', 'Driving Properly']",['Normal'],['Not Applicable'],['Not Applicable'],['Not Applicable'],['Not Applicable'],['Not Applicable'],False,"['30 to 34', '45 to 49']",3.0
971237.0,2007-04-28 08:00:00,1905,2007,EGLINTON AVE E,BRIMLEY RD,Major Arterial,Scarborough,43.736645,-79.24809,641078.8992,4844113.6748,Unknown,Traffic Signal,Clear,Daylight,Dry,124,Kennedy Park,124,Kennedy Park (124),Non-Fatal Injury,0,0,1,0,0,0,0,1,0,1,1,0,0,Angle,"['Passenger', 'Driver']",East,"['Other', 'Automobile, Station Wagon']",['Going Ahead'],"['Driving Properly', 'Disobeyed Traffic Control']",['Normal'],['Not Applicable'],['Not Applicable'],['Not Applicable'],['Not Applicable'],['Not Applicable'],False,"['0 to 4', '10 to 14', '45 to 49', '15 to 19']",3.0
971246.0,2007-04-29 08:00:00,1520,2007,DANFORTH AVE,GILLARD AVE,Major Arterial,Toronto and East York,43.682345,-79.32829,634742.0548,4837949.4423,Unknown,Traffic Signal,Clear,Daylight,Dry,65,Greenwood-Coxwell,65,Greenwood-Coxwell (65),Non-Fatal Injury,0,0,1,1,0,0,0,0,0,1,0,0,0,Rear End,"['Driver', 'Motorcycle Driver']",West,"['Automobile, Station Wagon', 'Motorcycle']","['Stopped', 'Going Ahead']","['Driving Properly', 'Following too Close']",['Normal'],['Not Applicable'],['Not Applicable'],['Not Applicable'],['Not Applicable'],['Not Applicable'],False,['45 to 49'],3.0
971396.0,2007-05-08 08:00:00,1050,2007,DON MILLS Road,FINCH Aven E,Major Arterial,North York,43.792645,-79.35469,632370.8812,4850157.3308,At Intersection,Traffic Signal,Clear,Daylight,Dry,47,Don Valley Village,47,Don Valley Village (47),Non-Fatal Injury,1,0,1,0,0,0,0,0,0,0,0,0,0,Pedestrian Collisions,"['Driver', 'Pedestrian']",North,"['Automobile, Station Wagon', 'Other']",['Going Ahead'],['Driving Properly'],['Normal'],['Crossing without right of way'],['Inattentive'],['Not Applicable'],['Not Applicable'],['Not Applicable'],False,"['75 to 79', '20 to 24']",3.0
972006.0,2007-05-28 08:00:00,1800,2007,STEELES AVE W,GIHON SPRING DR,Major Arterial,Etobicoke York,43.759545,-79.59569,613043.8077,4846123.8932,Unknown,No Control,Clear,Daylight,Dry,2,Mount Olive-Silverstone-Jamestown,2,Mount Olive-Silverstone-Jamestown (2),Non-Fatal Injury,1,0,1,0,0,0,0,0,0,0,0,0,0,Pedestrian Collisions,"['Driver', 'Pedestrian']",South,"['Automobile, Station Wagon', 'Other']",['Going Ahead'],['Driving Properly'],['Unknown'],['Walking on Roadway with Traffic'],['Medical or Physical Disability'],['Not Applicable'],['Not Applicable'],['Not Applicable'],False,"['30 to 34', '85 to 89']",3.0
972018.0,2007-05-15 08:00:00,1645,2007,GORDON AVE,COLLINGWOOD ST,Local,Scarborough,43.782345,-79.28629,637897.6398,4849125.0207,Unknown,No Control,Clear,Daylight,Dry,128,Agincourt South-Malvern West,128,Agincourt South-Malvern West (128),Non-Fatal Injury,0,0,1,1,0,0,0,0,0,0,0,0,0,Sideswipe,"['Motorcycle Driver', 'Vehicle Owner', 'Driver']",North,"['Motorcycle', 'Other', 'Automobile, Station Wagon']","['Going Ahead', 'Turning Left']","['Driving Properly', 'Improper Turn']",['Normal'],['Not Applicable'],['Not Applicable'],['Not Applicable'],['Not Applicable'],['Not Applicable'],False,"['25 to 29', 'unknown', '20 to 24']",3.0
972321.0,2007-05-28 08:00:00,1245,2007,TEDDINGTON PARK Ave,YONGE St,Major Arterial,North York,43.732945,-79.40419,628516.167,4843448.7715,Unknown,No Control,Clear,Daylight,Dry,105,Lawrence Park North,105,Lawrence Park North (105),Non-Fatal Injury,1,0,1,0,0,0,0,0,0,1,0,0,0,Pedestrian Collisions,"['Driver', 'Pedestrian']",West,"['Automobile, Station Wagon', 'Other']",['Reversing'],['Failed to Yield Right of Way'],['Inattentive'],['On Sidewalk or Shoulder'],['Normal'],['Not Applicable'],['Not Applicable'],['Not Applicable'],False,"['60 to 64', '85 to 89']",3.0
972580.0,2007-05-17 08:00:00,19,2007,YONGE ST,STEELES AVE E,Major Arterial,North York,43.797945,-79.42009,627097.9409,4850643.4641,At Intersection,Traffic Signal,Rain,Dark,Wet,36,Newtonbrook West,36,Newtonbrook West (36),Non-Fatal Injury,0,0,1,0,0,0,0,1,0,1,0,0,0,Rear End,"['Driver', 'Passenger']",North,"['Automobile, Station Wagon', 'Other']","['Going Ahead', 'Stopped']","['Following too Close', 'Driving Properly']","['Inattentive', 'Normal']",['Not Applicable'],['Not Applicable'],['Not Applicable'],['Not Applicable'],['Not Applicable'],False,"['15 to 19', '40 to 44', '25 to 29']",3.0
972774.0,2007-05-22 08:00:00,1840,2007,DON MILLS RD W,ESTERBROOKE AVE,Major Arterial,North York,43.780145,-79.35009,632768.6425,4848776.3775,Unknown,No Control,Clear,Daylight,Dry,47,Don Valley Village,47,Don Valley Village (47),Non-Fatal Injury,0,0,0,1,0,0,0,0,0,1,0,0,0,SMV Other,['Motorcycle Driver'],South,['Motorcycle'],['Going Ahead'],['Lost control'],['Inattentive'],['Not Applicable'],['Not Applicable'],['Not Applicable'],['Not Applicable'],['Not Applicable'],False,['20 to 24'],3.0
972841.0,2007-06-01 08:00:00,1910,2007,ELLESMERE RD,BRIMLEY RD,Major Arterial,Scarborough,43.770045,-79.26129,639938.0352,4847800.862,At Intersection,Traffic Signal,Clear,Daylight,Dry,156,Bendale-Glen Andrew,127,Bendale (127),Fatal,0,0,1,1,0,0,0,1,1,1,0,0,0,Turning Movement,"['Motorcycle Driver', 'Passenger', 'Vehicle Owner', 'Driver']",East,"['Motorcycle', 'Other', 'Automobile, Station Wagon']","['Going Ahead', 'Turning Left']","['Exceeding Speed Limit', 'Improper Turn']",['Normal'],['Not Applicable'],['Not Applicable'],['Not Applicable'],['Not Applicable'],['Not Applicable'],True,"['35 to 39', '25 to 29', '15 to 19', 'unknown', '20 to 24']",4.0
972843.0,2007-06-02 08:00:00,2,2007,BLOOR ST E,DRUMSNAB RD,Major Arterial,Toronto and East York,43.674243,-79.367488,631600.3208,4836986.6667,At Intersection,No Control,Clear,Dark,Dry,71,Cabbagetown-South St.James Town,71,Cabbagetown-South St.James Town (71),Fatal,0,0,0,1,0,0,0,0,1,1,0,0,0,SMV Other,"['Vehicle Owner', 'Motorcycle Driver']",West,"['Other', 'Motorcycle']",['Slowing or Stopping'],['Lost control'],['Unknown'],['Not Applicable'],['Not Applicable'],['Not Applicable'],['Not Applicable'],['Not Applicable'],True,"['unknown', '25 to 29']",4.0
972852.0,2020-05-26 08:00:00,1940,2020,STEELES AVE W,BARMAC DR,Major Arterial,Etobicoke York,43.768496,-79.554942,616306.6059,4847174.4566,At Intersection,Traffic Signal,Clear,Daylight,Dry,21,Humber Summit,21,Humber Summit (21),Non-Fatal Injury,1,0,1,0,0,0,0,0,0,1,0,0,0,Pedestrian Collisions,"['Driver', 'Pedestrian']",North,['Pick Up Truck'],['Turning Left'],['Failed to Yield Right of Way'],['Inattentive'],['Crossing with right of way'],['Normal'],['Not Applicable'],['Not Applicable'],['Not Applicable'],False,"['40 to 44', '20 to 24']",3.0
972932.0,2007-06-02 08:00:00,226,2007,ISLINGTON AVE,FINCH AVE W,Major Arterial,Etobicoke York,43.746245,-79.56859,615250.8373,4844684.08,At Intersection,Traffic Signal,Clear,Dark,Dry,22,Humbermede,22,Humbermede (22),Fatal,0,0,1,0,0,0,0,1,0,1,1,0,0,Angle,"['Vehicle Owner', 'Driver', 'Passenger', 'Other Property Owner']",East,"['Other', 'Taxi', 'Automobile, Station Wagon']",['Going Ahead'],"['Driving Properly', 'Disobeyed Traffic Control']","['Normal', 'Unknown']",['Not Applicable'],['Not Applicable'],['Not Applicable'],['Not Applicable'],['Not Applicable'],True,"['unknown', '50 to 54', '15 to 19', '40 to 44']",4.0
972948.0,2007-06-02 08:00:00,2358,2007,LAKE SHORE BLVD W,YONGE ST,Major Arterial,Toronto and East York,43.644045,-79.37579,630996.7261,4833619.6395,Unknown,Traffic Signal,Clear,Dark,Dry,166,St Lawrence-East Bayfront-The Islands,77,Waterfront Communities-The Island (77),Non-Fatal Injury,0,0,1,0,0,0,0,0,1,1,0,0,0,Turning Movement,"['Driver', 'Vehicle Owner']",West,"['Automobile, Station Wagon', 'Other']","['Going Ahead', 'Turning Left']","['Driving Properly', 'Improper Turn']",['Normal'],['Not Applicable'],['Not Applicable'],['Not Applicable'],['Not Applicable'],['Not Applicable'],False,"['25 to 29', 'unknown', '55 to 59']",3.0