accident_number,date,time,year,street1,street2,road_class,district,latitude,longitude,x,y,accident_location,traffctl,visibility,light,road_surface_condition,hood_158,neighbourhood_new,hood_140,neighbourhood_old,accident_class,pedestrian,cyclist,automobile,motorcycle,truck,trsn_city_veh,emerg_veh,passenger,speeding,aggressive_driving,redlight,alcohol,disability,impact_type,involvement_type,initial_direction,vehicle_type,manoeuver,driver_action,driver_condition,pedestrian_action,pedestrian_condition,cyclist_type,cyclist_action,cyclist_condition,injury,involvement_age,injury_severity_score
973511.0,2007-05-11 08:00:00,1930,2007,MARTIN GROVE RD,GARFELLA DR,Minor Arterial,Etobicoke York,43.744245,-79.59539,613096.7711,4844425.0167,At Intersection,Traffic Signal,Clear,Daylight,Dry,1,West Humber-Clairville,1,West Humber-Clairville (1),Non-Fatal Injury,0,0,1,0,0,0,0,1,0,1,1,0,0,Angle,"['Passenger', 'Driver']",South,"['Other', 'Automobile, Station Wagon']",['Going Ahead'],"['Disobeyed Traffic Control', 'Driving Properly']",['Normal'],['Not Applicable'],['Not Applicable'],['Not Applicable'],['Not Applicable'],['Not Applicable'],False,"['40 to 44', '35 to 39', '15 to 19', '45 to 49']",3.0
973640.0,2007-06-06 08:00:00,1645,2007,CHESTNUT ST,EDWARD ST,Collector,Toronto and East York,43.655945,-79.38639,630116.1007,4834924.6138,At Intersection,No Control,Clear,Daylight,Dry,170,Yonge-Bay Corridor,76,Bay Street Corridor (76),Non-Fatal Injury,1,0,0,0,0,1,0,0,0,1,0,0,0,Pedestrian Collisions,"['Vehicle Owner', 'Driver', 'Pedestrian']",East,"['Other', 'Municipal Transit Bus (TTC)']",['Turning Left'],['Failed to Yield Right of Way'],['Normal'],['Crossing with right of way'],['Unknown'],['Not Applicable'],['Not Applicable'],['Not Applicable'],False,"['unknown', '35 to 39', '40 to 44']",3.0
973856.0,2007-06-07 08:00:00,1029,2007,3875 SHEPPARD AVE E,Not Applicable,Major Arterial,Scarborough,43.782845,-79.28989,637606.8071,4849174.5629,Unknown,No Control,Clear,Daylight,Dry,118,Tam O'Shanter-Sullivan,118,Tam O'Shanter-Sullivan (118),Non-Fatal Injury,0,0,1,0,0,0,0,0,0,0,0,0,1,SMV Other,['Driver'],West,"['Automobile, Station Wagon']",['Going Ahead'],['Lost control'],['Medical or Physical Disability'],['Not Applicable'],['Not Applicable'],['Not Applicable'],['Not Applicable'],['Not Applicable'],False,['70 to 74'],3.0
973958.0,2007-05-28 08:00:00,505,2007,ELLESMERE RD,MORRISH RD,Minor Arterial,Scarborough,43.790145,-79.17339,646963.3933,4850185.6052,At Intersection,Traffic Signal,Clear,Dark,Dry,134,Highland Creek,134,Highland Creek (134),Non-Fatal Injury,1,0,1,0,0,0,0,0,0,1,0,0,0,Pedestrian Collisions,"['Driver', 'Other Property Owner', 'Pedestrian']",South,"['Automobile, Station Wagon', 'Other']",['Turning Left'],['Failed to Yield Right of Way'],['Normal'],['Crossing with right of way'],['Had Been Drinking'],['Not Applicable'],['Not Applicable'],['Not Applicable'],False,"['50 to 54', 'unknown', '55 to 59']",3.0
973970.0,2007-05-24 08:00:00,1610,2007,RUNNYMEDE Road,ST CLAIR Aven W,Major Arterial,Etobicoke York,43.668745,-79.48349,622260.2247,4836198.5394,Unknown,No Control,Clear,Daylight,Dry,111,Rockcliffe-Smythe,111,Rockcliffe-Smythe (111),Non-Fatal Injury,0,0,1,0,0,1,0,1,0,1,0,0,0,Sideswipe,"['Passenger', 'Driver', 'Vehicle Owner']",North,"['Other', 'Automobile, Station Wagon', 'Municipal Transit Bus (TTC)']",['Going Ahead'],"['Failed to Yield Right of Way', 'Driving Properly']",['Normal'],['Not Applicable'],['Not Applicable'],['Not Applicable'],['Not Applicable'],['Not Applicable'],False,"['0 to 4', '40 to 44', 'unknown', '50 to 54']",3.0
974078.0,2007-06-08 08:00:00,840,2007,ST CLAIR AVE E,PLAXTON DR,Major Arterial,Toronto and East York,43.707645,-79.30259,636756.0089,4840801.4406,At Intersection,Traffic Signal,Clear,Daylight,Dry,54,O'Connor-Parkview,54,O'Connor-Parkview (54),Non-Fatal Injury,1,0,1,0,0,0,0,0,0,1,1,0,0,Pedestrian Collisions,"['Driver', 'Pedestrian']",East,"['Automobile, Station Wagon', 'Other']",['Going Ahead'],['Disobeyed Traffic Control'],['Inattentive'],['Crossing with right of way'],['Normal'],['Not Applicable'],['Not Applicable'],['Not Applicable'],False,"['40 to 44', '10 to 14']",3.0
974080.0,2007-06-08 08:00:00,809,2007,BAYVIEW AVE,FIFESHIRE RD,Major Arterial,North York,43.760445,-79.38659,629874.0836,4846530.503,At Intersection,No Control,Clear,Daylight,Dry,40,St.Andrew-Windfields,40,St.Andrew-Windfields (40),Fatal,0,1,1,0,1,0,0,0,0,0,0,0,0,Cyclist Collisions,"['Vehicle Owner', 'Truck Driver', 'Cyclist', 'Driver']",South,"['Other', 'Truck - Open', 'Bicycle', 'Automobile, Station Wagon']",['Going Ahead'],['Driving Properly'],['Normal'],['Not Applicable'],['Not Applicable'],['Cyclist and Driver travelling in same direction. One vehicle sideswipes the other.'],['Other'],['Unknown'],True,"['unknown', '45 to 49', '35 to 39']",4.0
974158.0,2007-02-10 10:00:00,52,2007,OSSINGTON AVE,CHURCHILL AVE,Minor Arterial,Toronto and East York,43.651945,-79.42179,627269.9839,4834425.4589,At Intersection,Traffic Signal,Clear,Dark,Dry,81,Trinity-Bellwoods,81,Trinity-Bellwoods (81),Non-Fatal Injury,1,0,1,0,0,0,0,1,1,1,0,0,0,Pedestrian Collisions,"['Pedestrian', 'Passenger', 'Vehicle Owner', 'Driver']",East,"['Other', 'Automobile, Station Wagon']","['Other', 'Going Ahead']",['Exceeding Speed Limit'],['Normal'],['Running onto Roadway'],"['Ability Impaired, Alcohol']",['Not Applicable'],['Not Applicable'],['Not Applicable'],False,"['10 to 14', '30 to 34', '25 to 29', 'unknown']",3.0
974168.0,2007-06-09 08:00:00,945,2007,KING ST W,GWYNNE AVE,Major Arterial,Toronto and East York,43.638645,-79.42889,626725.3831,4832937.4576,At Intersection,No Control,Clear,Daylight,Dry,85,South Parkdale,85,South Parkdale (85),Non-Fatal Injury,1,0,1,0,0,0,0,0,0,0,0,0,0,Pedestrian Collisions,"['Driver', 'Pedestrian']",East,"['Automobile, Station Wagon', 'Other']","['Reversing', 'Unknown']",['Wrong Way on One Way Road'],['Normal'],['Crossing with right of way'],['Normal'],['Not Applicable'],['Not Applicable'],['Not Applicable'],False,"['45 to 49', '70 to 74']",3.0
974270.0,2007-06-10 08:00:00,1038,2007,STEELES AVE W,CACTUS AVE,Major Arterial,North York,43.794445,-79.43659,625777.9084,4850229.5276,At Intersection,Traffic Signal,Clear,Daylight,Dry,NSA,NSA,NSA,NSA,Non-Fatal Injury,1,0,1,0,0,0,0,1,0,0,0,0,0,Pedestrian Collisions,"['Passenger', 'Vehicle Owner', 'Driver', 'Pedestrian']",East,"['Other', 'Automobile, Station Wagon']",['Going Ahead'],['Driving Properly'],['Unknown'],['Crossing without right of way'],['Unknown'],['Not Applicable'],['Not Applicable'],['Not Applicable'],False,"['5 to 9', '0 to 4', '50 to 54', 'unknown', '25 to 29', '10 to 14']",3.0
974540.0,2007-05-23 08:00:00,2037,2007,6700 FINCH AVE W,Not Applicable,Major Arterial,Etobicoke York,43.734445,-79.61329,611673.7014,4843312.3078,Unknown,No Control,Clear,Dark,Dry,1,West Humber-Clairville,1,West Humber-Clairville (1),Non-Fatal Injury,0,0,1,0,0,0,0,1,0,1,0,0,0,Rear End,"['Driver', 'Passenger']",West,"['Automobile, Station Wagon', 'Other']",['Going Ahead'],"['Following too Close', 'Driving Properly']",['Normal'],['Not Applicable'],['Not Applicable'],['Not Applicable'],['Not Applicable'],['Not Applicable'],False,"['15 to 19', '20 to 24', '25 to 29']",3.0
975035.0,2007-06-14 08:00:00,1124,2007,COLLEGE ST,GRACE ST,Major Arterial,Toronto and East York,43.654945,-79.41559,627763.6074,4834768.1758,At Intersection,Traffic Signal,Clear,Daylight,Dry,81,Trinity-Bellwoods,80,Palmerston-Little Italy (80),Fatal,1,0,1,0,0,0,0,0,0,0,0,0,0,Pedestrian Collisions,"['Vehicle Owner', 'Driver', 'Pedestrian']",East,"['Other', 'Automobile, Station Wagon']",['Turning Left'],['Improper Turn'],['Normal'],['Crossing with right of way'],['Other'],['Not Applicable'],['Not Applicable'],['Not Applicable'],True,"['unknown', '50 to 54', '70 to 74']",4.0
975174.0,2007-06-15 08:00:00,1715,2007,BLOOR ST W,THE EAST MALL,Major Arterial,Etobicoke York,43.636945,-79.55669,616420.2591,4832561.4712,At Intersection,Traffic Signal,Clear,Daylight,Dry,158,Islington,14,Islington-City Centre West (14),Non-Fatal Injury,0,0,1,0,0,0,0,1,0,0,0,0,0,Turning Movement,"['Driver', 'Passenger']",East,"['Automobile, Station Wagon', 'Other']","['Turning Left', 'Going Ahead']","['Improper Turn', 'Driving Properly']",['Normal'],['Not Applicable'],['Not Applicable'],['Not Applicable'],['Not Applicable'],['Not Applicable'],False,"['45 to 49', '25 to 29', '30 to 34']",3.0
975246.0,2007-06-17 08:00:00,425,2007,MCROBERTS Aven,KITCHENER Aven,Local,Toronto and East York,43.689345,-79.45919,624176.7936,4838522.5453,At Intersection,Stop Sign,Clear,Dark,Dry,109,Caledonia-Fairbank,109,Caledonia-Fairbank (109),Non-Fatal Injury,1,0,1,0,0,0,0,1,0,0,0,0,0,Pedestrian Collisions,"['Passenger', 'Vehicle Owner', 'Driver', 'Pedestrian']",South,"['Other', 'Automobile, Station Wagon']","['Other', 'Unknown']",[],[],['Not Applicable'],['Not Applicable'],['Not Applicable'],['Not Applicable'],['Not Applicable'],False,"['unknown', '20 to 24']",3.0
975488.0,2007-06-18 08:00:00,1549,2007,LONDON GREEN CRT,DRIFTWOOD AVE,Local,Etobicoke York,43.752245,-79.51259,619747.7789,4845429.8985,Unknown,No Control,Clear,Daylight,Dry,25,Glenfield-Jane Heights,25,Glenfield-Jane Heights (25),Non-Fatal Injury,1,0,1,0,0,0,0,0,0,0,0,0,0,Pedestrian Collisions,"['Vehicle Owner', 'Driver', 'Pedestrian']",South,"['Other', 'Automobile, Station Wagon']",['Going Ahead'],['Lost control'],['Unknown'],['On Sidewalk or Shoulder'],['Unknown'],['Not Applicable'],['Not Applicable'],['Not Applicable'],False,"['unknown', '10 to 14']",3.0
975541.0,2007-05-27 08:00:00,1630,2007,DUFFERIN ST,LAPPIN AVE,Major Arterial,Toronto and East York,43.667745,-79.43879,625866.0382,4836154.3241,Unknown,No Control,Clear,Daylight,Dry,171,Junction-Wallace Emerson,93,Dovercourt-Wallace Emerson-Junction (93),Non-Fatal Injury,0,0,1,0,0,0,0,0,0,0,0,0,0,Turning Movement,"['Driver', 'Vehicle Owner']",South,"['Automobile, Station Wagon', 'Other']","['Making U Turn', 'Going Ahead']","['Improper Turn', 'Driving Properly']","['Inattentive', 'Normal']",['Not Applicable'],['Not Applicable'],['Not Applicable'],['Not Applicable'],['Not Applicable'],False,"['60 to 64', 'unknown', '20 to 24']",3.0
975759.0,2007-06-20 08:00:00,639,2007,BRIMLEY RD,PROGRESS AVE,Major Arterial,Scarborough,43.776145,-79.26349,639746.7592,4848474.6464,Unknown,No Control,Clear,Daylight,Dry,156,Bendale-Glen Andrew,127,Bendale (127),Non-Fatal Injury,0,0,1,0,0,0,0,1,0,0,0,0,0,SMV Other,"['Passenger', 'Vehicle Owner', 'Driver']",South,"['Other', 'Automobile, Station Wagon']",['Going Ahead'],['Lost control'],['Normal'],['Not Applicable'],['Not Applicable'],['Not Applicable'],['Not Applicable'],['Not Applicable'],False,"['20 to 24', 'unknown', '50 to 54']",3.0
976207.0,2007-06-22 08:00:00,1029,2007,BRIMLEY RD,BLUFFERS PARK,Other,Scarborough,43.706145,-79.23599,642125.4125,4840746.8748,Unknown,No Control,Clear,Daylight,Dry,123,Cliffcrest,123,Cliffcrest (123),Non-Fatal Injury,1,0,0,0,0,0,0,0,0,0,0,0,0,Pedestrian Collisions,"['Pedestrian', 'Vehicle Owner', 'Driver']",Unknown,['Other'],"['Other', 'Going Ahead']",[],[],['Not Applicable'],['Not Applicable'],['Not Applicable'],['Not Applicable'],['Not Applicable'],False,"['unknown', '45 to 49']",3.0
976438.0,2007-05-18 08:00:00,958,2007,DIXON RD,KIPLING AVE,Major Arterial,Etobicoke York,43.694245,-79.55859,616156.4368,4838922.7152,Unknown,Traffic Signal,Clear,Daylight,Dry,6,Kingsview Village-The Westway,6,Kingsview Village-The Westway (6),Non-Fatal Injury,0,0,1,0,0,0,0,1,0,1,1,0,0,Angle,"['Passenger', 'Vehicle Owner', 'Driver']",North,"['Other', 'Automobile, Station Wagon']",['Going Ahead'],"['Disobeyed Traffic Control', 'Driving Properly']",['Normal'],['Not Applicable'],['Not Applicable'],['Not Applicable'],['Not Applicable'],['Not Applicable'],False,"['40 to 44', 'unknown', '35 to 39', '75 to 79', '45 to 49']",3.0
976441.0,2007-05-20 08:00:00,1044,2007,ALBION RD,WESTMORE DR,Major Arterial,Etobicoke York,43.743645,-79.60389,612413.4844,4844346.8097,At Intersection,Traffic Controller,Clear,Daylight,Dry,1,West Humber-Clairville,1,West Humber-Clairville (1),Non-Fatal Injury,0,0,1,0,0,0,0,0,0,0,0,0,0,Turning Movement,"['Driver', 'Vehicle Owner']",East,"['Automobile, Station Wagon', 'Other']","['Going Ahead', 'Turning Left']","['Improper Turn', 'Driving Properly']",['Normal'],['Not Applicable'],['Not Applicable'],['Not Applicable'],['Not Applicable'],['Not Applicable'],False,"['35 to 39', '15 to 19', 'unknown', '40 to 44']",3.0
976566.0,2007-02-12 10:00:00,850,2007,BRIMLEY RD,PITFIELD RD,Major Arterial,Scarborough,43.783445,-79.26639,639496.3986,4849280.5352,At Intersection,Traffic Signal,Snow,Daylight,Loose Snow,128,Agincourt South-Malvern West,128,Agincourt South-Malvern West (128),Non-Fatal Injury,0,1,1,0,0,0,0,0,0,0,0,0,0,Cyclist Collisions,"['Driver', 'Cyclist']",South,"['Automobile, Station Wagon', 'Bicycle']",['Going Ahead'],['Driving Properly'],['Normal'],['Not Applicable'],['Not Applicable'],"['Motorist without ROW drives into path of cyclist at inter, lnwy, dwy-Driver not turn.']",['Failed to Yield Right of Way'],['Normal'],False,"['unknown', '40 to 44']",3.0
976691.0,2007-06-22 08:00:00,2009,2007,WARDEN AVE,SHEPPARD AVE E,Major Arterial,Scarborough,43.778745,-79.30789,636167.6997,4848689.4299,At Intersection,Traffic Signal,Clear,Daylight,Dry,118,Tam O'Shanter-Sullivan,118,Tam O'Shanter-Sullivan (118),Non-Fatal Injury,1,0,1,0,0,0,0,1,0,0,0,0,0,Pedestrian Collisions,"['Pedestrian', 'Passenger', 'Driver']",North,"['Other', 'Automobile, Station Wagon']",['Turning Left'],['Improper Turn'],['Inattentive'],['Crossing with right of way'],['Normal'],['Not Applicable'],['Not Applicable'],['Not Applicable'],False,"['70 to 74', '0 to 4', '5 to 9', '30 to 34', '35 to 39']",3.0
976741.0,2007-06-26 08:00:00,1500,2007,SHEPPARD AVE E,WASHBURN WAY,Major Arterial,Scarborough,43.796145,-79.22749,642596.35,4850757.3625,At Intersection,Traffic Signal,Clear,Daylight,Dry,146,Malvern East,132,Malvern (132),Non-Fatal Injury,0,0,1,0,0,0,0,1,0,0,0,0,0,Turning Movement,"['Vehicle Owner', 'Driver', 'Passenger']",East,"['Other', 'Automobile, Station Wagon']","['Turning Left', 'Going Ahead']","['Improper Turn', 'Driving Properly']",['Normal'],['Not Applicable'],['Not Applicable'],['Not Applicable'],['Not Applicable'],['Not Applicable'],False,"['unknown', '50 to 54', '10 to 14', '65 to 69', '30 to 34']",3.0
976743.0,2007-06-26 08:00:00,1935,2007,LESLIE ST,TOTTENHAM RD,Major Arterial,North York,43.734045,-79.35589,632403.55,4843646.9912,At Intersection,No Control,Clear,Daylight,Dry,42,Banbury-Don Mills,42,Banbury-Don Mills (42),Non-Fatal Injury,0,0,1,0,0,0,0,0,1,1,0,0,0,Rear End,"['Vehicle Owner', 'Driver', 'Other']",South,"['Other', 'Automobile, Station Wagon']","['Slowing or Stopping', 'Going Ahead', 'Stopped']","['Driving Properly', 'Lost control']","['Normal', 'Unknown']",['Not Applicable'],['Not Applicable'],['Not Applicable'],['Not Applicable'],['Not Applicable'],False,"['unknown', '40 to 44', '55 to 59', '35 to 39']",3.0
976891.0,2007-06-27 08:00:00,1645,2007,STEELES AVE E,BEARE RD,Minor Arterial,Scarborough,43.854245,-79.17549,646637.4011,4857301.2547,At Intersection,No Control,Clear,Daylight,Dry,144,Morningside Heights,NSA,NSA,Non-Fatal Injury,0,0,1,0,0,0,0,0,1,1,0,0,0,SMV Other,['Driver'],East,"['Automobile, Station Wagon']",['Going Ahead'],['Other'],['Fatigue'],['Not Applicable'],['Not Applicable'],['Not Applicable'],['Not Applicable'],['Not Applicable'],False,['20 to 24'],3.0
977112.0,2007-06-13 08:00:00,1420,2007,CHARLES ST E,YONGE ST,Major Arterial,Toronto and East York,43.668645,-79.38609,630112.8541,4836335.5884,At Intersection,Traffic Signal,Clear,Daylight,Dry,167,Church-Wellesley,75,Church-Yonge Corridor (75),Non-Fatal Injury,1,0,1,0,0,0,0,0,0,0,0,0,0,Pedestrian Collisions,"['Pedestrian', 'Driver', 'Vehicle Owner']",North,"['Other', 'Automobile, Station Wagon']",['Making U Turn'],['Lost control'],['Unknown'],['On Sidewalk or Shoulder'],['Normal'],['Not Applicable'],['Not Applicable'],['Not Applicable'],False,"['70 to 74', '65 to 69', '35 to 39', 'unknown']",3.0
977199.0,2013-11-15 10:00:00,1440,2013,64 ST CLAIR AVE W,Not Applicable,Major Arterial,Toronto and East York,43.68751,-79.396922,629199.0778,4838413.8703,Unknown,No Control,Clear,Daylight,Dry,97,Yonge-St.Clair,97,Yonge-St.Clair (97),Fatal,1,0,1,0,0,1,0,1,0,0,0,0,0,Pedestrian Collisions,"['Passenger', 'Pedestrian', 'Driver']",West,"['Street Car', 'Automobile, Station Wagon']",['Going Ahead'],['Driving Properly'],['Normal'],"['Crossing, no Traffic Control']",['Inattentive'],['Not Applicable'],['Not Applicable'],['Not Applicable'],True,"['unknown', '80 to 84', '35 to 39', '25 to 29', '40 to 44']",4.0
977223.0,2007-06-30 08:00:00,212,2007,BURRARD RD,CAULFIELD RD,Local,Etobicoke York,43.716345,-79.55349,616524.5994,4841384.3793,At Intersection,No Control,Clear,Dark,Dry,5,Elms-Old Rexdale,5,Elms-Old Rexdale (5),Fatal,0,0,1,0,0,0,0,0,1,1,0,0,0,SMV Other,"['Vehicle Owner', 'Driver']",North,"['Other', 'Automobile, Station Wagon']",['Going Ahead'],['Exceeding Speed Limit'],['Had Been Drinking'],['Not Applicable'],['Not Applicable'],['Not Applicable'],['Not Applicable'],['Not Applicable'],True,"['unknown', '15 to 19']",4.0
977226.0,2007-06-29 08:00:00,2110,2007,CASTLEFIELD AVE,CALEDONIA RD,Collector,North York,43.698345,-79.46229,623908.42,4839517.4812,At Intersection,No Control,Clear,Dark,Dry,108,Briar Hill-Belgravia,108,Briar Hill-Belgravia (108),Non-Fatal Injury,0,0,1,0,0,0,0,1,1,1,0,0,0,Approaching,"['Vehicle Owner', 'Driver', 'Passenger']",East,"['Other', 'Automobile, Station Wagon']","['Unknown', 'Going Ahead']","['Speed too Fast For Condition', 'Driving Properly']","['Inattentive', 'Normal']",['Not Applicable'],['Not Applicable'],['Not Applicable'],['Not Applicable'],['Not Applicable'],False,"['unknown', '20 to 24', '0 to 4', '5 to 9', '25 to 29']",3.0
977612.0,2007-07-02 08:00:00,1120,2007,WESTON RD,LAWRENCE AVE W,Major Arterial,Etobicoke York,43.700144,-79.516193,619561.3136,4839638.1427,At Intersection,Traffic Signal,Clear,Daylight,Dry,113,Weston,113,Weston (113),Non-Fatal Injury,0,1,1,0,0,0,0,0,0,0,0,0,0,Cyclist Collisions,"['Driver', 'Cyclist']",West,"['Automobile, Station Wagon', 'Bicycle']","['Turning Right', 'Going Ahead']",['Driving Properly'],['Inattentive'],['Not Applicable'],['Not Applicable'],['Motorist turning right on green or amber at signalized intersection strikes cyclist.'],['Not Applicable'],['Not Applicable'],False,['80 to 84'],3.0
977635.0,2007-07-03 08:00:00,1101,2007,BAYVIEW Ave,401 C E BAYVIEW RAMP E,Major Arterial,North York,43.761845,-79.38679,629854.9553,4846685.6805,At Intersection,Traffic Signal,Clear,Daylight,Dry,40,St.Andrew-Windfields,40,St.Andrew-Windfields (40),Non-Fatal Injury,0,0,1,0,0,0,0,1,0,1,1,0,0,Turning Movement,"['Passenger', 'Vehicle Owner', 'Driver', 'Other Property Owner']",North,"['Other', 'Automobile, Station Wagon']","['Turning Left', 'Stopped', 'Going Ahead']","['Driving Properly', 'Disobeyed Traffic Control']",['Normal'],['Not Applicable'],['Not Applicable'],['Not Applicable'],['Not Applicable'],['Not Applicable'],False,"['85 to 89', 'unknown', '65 to 69', '45 to 49', '55 to 59', '50 to 54']",3.0
977666.0,2007-06-03 08:00:00,1758,2007,MCNICOLL AVE,MIDLAND AVE,Major Arterial,Scarborough,43.814545,-79.29219,637349.0758,4852691.5343,Unknown,Traffic Signal,Clear,Daylight,Dry,130,Milliken,130,Milliken (130),Non-Fatal Injury,0,1,1,0,0,0,0,0,0,1,1,0,0,Cyclist Collisions,"['Driver', 'Cyclist']",South,"['Automobile, Station Wagon', 'Bicycle']","['Turning Right', 'Going Ahead']",['Disobeyed Traffic Control'],['Normal'],['Not Applicable'],['Not Applicable'],['Motorist turning right on red at signalized intersection strikes cyclist.'],['Not Applicable'],['Not Applicable'],False,"['40 to 44', '60 to 64']",3.0
977762.0,2007-06-03 08:00:00,1921,2007,DANFORTH AVE,MONARCH PARK AVE,Major Arterial,Toronto and East York,43.682545,-79.32719,634830.2692,4837973.4429,Unknown,Traffic Signal,Rain,Dark,Wet,65,Greenwood-Coxwell,65,Greenwood-Coxwell (65),Non-Fatal Injury,1,0,1,0,0,0,0,0,0,0,0,0,0,Pedestrian Collisions,"['Vehicle Owner', 'Driver', 'Pedestrian']",East,"['Other', 'Automobile, Station Wagon']",['Going Ahead'],['Driving Properly'],['Normal'],['Running onto Roadway'],['Normal'],['Not Applicable'],['Not Applicable'],['Not Applicable'],False,"['unknown', '20 to 24', '35 to 39']",3.0
977784.0,2007-05-16 08:00:00,1145,2007,LANSDOWNE AVE,WADE AVE,Minor Arterial,Toronto and East York,43.659245,-79.44299,625545.1441,4835203.9233,At Intersection,Stop Sign,Rain,Daylight,Wet,171,Junction-Wallace Emerson,93,Dovercourt-Wallace Emerson-Junction (93),Non-Fatal Injury,1,0,1,0,0,0,0,0,0,1,0,0,0,Pedestrian Collisions,"['Vehicle Owner', 'Driver', 'Pedestrian']",East,"['Other', 'Automobile, Station Wagon']","['Unknown', 'Turning Left']",['Failed to Yield Right of Way'],['Normal'],['Crossing with right of way'],['Normal'],['Not Applicable'],['Not Applicable'],['Not Applicable'],False,"['unknown', '55 to 59', '65 to 69']",3.0
978116.0,2007-07-05 08:00:00,530,2007,BRAYMORE BLVD,BLACKTOFT DR,Collector,Scarborough,43.803145,-79.17689,646649.9828,4851623.2578,Unknown,No Control,"Fog, Mist, Smoke, Dust",Dark,Dry,143,West Rouge,131,Rouge (131),Fatal,0,0,1,0,0,0,0,1,0,0,0,0,0,SMV Other,"['Passenger', 'Driver', 'Other']",East,"['Other', 'Automobile, Station Wagon']","['Going Ahead', 'Parked']",['Lost control'],['Had Been Drinking'],['Not Applicable'],['Not Applicable'],['Not Applicable'],['Not Applicable'],['Not Applicable'],True,"['15 to 19', '55 to 59']",4.0
978198.0,2007-06-26 08:00:00,1730,2007,STEELES AVE W,BATHURST ST,Major Arterial,North York,43.792445,-79.44579,625041.924,4849993.4568,At Intersection,Traffic Signal,Clear,Daylight,Dry,NSA,NSA,NSA,NSA,Non-Fatal Injury,1,0,1,0,0,0,0,0,0,0,0,0,0,Pedestrian Collisions,"['Driver', 'Pedestrian']",West,"['Automobile, Station Wagon', 'Other']",['Going Ahead'],['Other'],['Unknown'],['Crossing without right of way'],['Unknown'],['Not Applicable'],['Not Applicable'],['Not Applicable'],False,"['unknown', '20 to 24', '45 to 49']",3.0
978249.0,2007-07-01 08:00:00,805,2007,ELLESMERE RD,KENNEDY RD,Major Arterial,Scarborough,43.765745,-79.28109,638354.3515,4847290.0073,At Intersection,Traffic Signal,Clear,Daylight,Dry,126,Dorset Park,126,Dorset Park (126),Fatal,0,0,1,0,0,0,0,0,0,1,1,0,0,Angle,"['Driver', 'Vehicle Owner']",North,"['Automobile, Station Wagon', 'Other']",['Going Ahead'],"['Driving Properly', 'Disobeyed Traffic Control']",['Normal'],['Not Applicable'],['Not Applicable'],['Not Applicable'],['Not Applicable'],['Not Applicable'],True,"['30 to 34', 'unknown', '60 to 64']",4.0
979400.0,2007-07-11 08:00:00,2013,2007,MCCOWAN RD,BRIDLEGROVE DR,Minor Arterial,Scarborough,43.735245,-79.23669,642000.246,4843977.6594,Unknown,No Control,Clear,Daylight,Dry,123,Cliffcrest,123,Cliffcrest (123),Fatal,1,0,1,0,0,0,0,0,0,0,0,1,0,Pedestrian Collisions,"['Driver', 'Pedestrian']",South,"['Automobile, Station Wagon', 'Other']",['Going Ahead'],['Lost control'],"['Ability Impaired, Alcohol Over .08']",['On Sidewalk or Shoulder'],['Normal'],['Not Applicable'],['Not Applicable'],['Not Applicable'],True,"['55 to 59', '0 to 4', '35 to 39']",4.0
979478.0,2007-07-14 08:00:00,925,2007,391 ALTON TOWERS CRCL,Not Applicable,Collector,Scarborough,43.822245,-79.27519,638698.4695,4853575.1086,Unknown,No Control,Clear,Daylight,Dry,130,Milliken,130,Milliken (130),Non-Fatal Injury,1,0,1,0,0,0,0,0,0,0,0,0,0,Pedestrian Collisions,"['Pedestrian', 'Driver']",West,"['Other', 'Automobile, Station Wagon']",['Other'],['Other'],['Inattentive'],['Walking on Roadway with Traffic'],['Unknown'],['Not Applicable'],['Not Applicable'],['Not Applicable'],False,"['5 to 9', '40 to 44']",3.0
979549.0,2007-07-15 08:00:00,430,2007,THE QUEENSWAY,SOUTHPORT ST,Major Arterial,Toronto and East York,43.637145,-79.47029,623389.107,4832708.4889,At Intersection,No Control,Clear,Dark,Dry,87,High Park-Swansea,87,High Park-Swansea (87),Non-Fatal Injury,0,0,1,0,0,0,0,1,0,1,0,0,0,SMV Other,"['Passenger', 'Vehicle Owner', 'Driver']",West,"['Other', 'Automobile, Station Wagon']",['Going Ahead'],['Disobeyed Traffic Control'],['Unknown'],['Not Applicable'],['Not Applicable'],['Not Applicable'],['Not Applicable'],['Not Applicable'],False,"['55 to 59', 'unknown', '35 to 39']",3.0
979559.0,2007-07-10 08:00:00,2227,2007,ALBION RD,MARTIN GROVE RD,Major Arterial,Etobicoke York,43.741945,-79.59419,613197.7282,4844171.2077,At Intersection,Traffic Signal,Clear,Dark,Dry,2,Mount Olive-Silverstone-Jamestown,2,Mount Olive-Silverstone-Jamestown (2),Non-Fatal Injury,0,0,1,0,0,0,0,1,1,1,1,0,0,Angle,"['Vehicle Owner', 'Passenger', 'Driver']",South,"['Other', 'Automobile, Station Wagon']","['Unknown', 'Going Ahead']","['Disobeyed Traffic Control', 'Exceeding Speed Limit']","['Inattentive', 'Unknown']",['Not Applicable'],['Not Applicable'],['Not Applicable'],['Not Applicable'],['Not Applicable'],False,"['unknown', '25 to 29', '20 to 24']",3.0
979564.0,2007-07-12 08:00:00,2155,2007,BATHURST ST,BROWNS LANE W,Major Arterial,Toronto and East York,43.644745,-79.40299,628801.457,4833654.8106,At Intersection,No Control,Clear,Dark,Dry,164,Wellington Place,77,Waterfront Communities-The Island (77),Non-Fatal Injury,1,0,1,0,0,0,0,0,0,0,0,0,0,Pedestrian Collisions,"['Vehicle Owner', 'Driver', 'Pedestrian']",South,"['Other', 'Automobile, Station Wagon']",['Going Ahead'],['Driving Properly'],[],['Running onto Roadway'],['Inattentive'],['Not Applicable'],['Not Applicable'],['Not Applicable'],False,"['unknown', '45 to 49', '55 to 59']",3.0