accident_number,date,time,year,street1,street2,road_class,district,latitude,longitude,x,y,accident_location,traffctl,visibility,light,road_surface_condition,hood_158,neighbourhood_new,hood_140,neighbourhood_old,accident_class,pedestrian,cyclist,automobile,motorcycle,truck,trsn_city_veh,emerg_veh,passenger,speeding,aggressive_driving,redlight,alcohol,disability,impact_type,involvement_type,initial_direction,vehicle_type,manoeuver,driver_action,driver_condition,pedestrian_action,pedestrian_condition,cyclist_type,cyclist_action,cyclist_condition,injury,involvement_age,injury_severity_score
980093.0,2007-06-14 08:00:00,908,2007,ST CLAIR AVE W,LAUGHTON AVE,Major Arterial,Toronto and East York,43.674745,-79.45739,624352.0198,4836903.7153,Unknown,No Control,Clear,Daylight,Dry,91,Weston-Pelham Park,91,Weston-Pellam Park (91),Non-Fatal Injury,0,1,1,0,0,0,0,0,0,0,0,0,0,Cyclist Collisions,"['Vehicle Owner', 'Driver', 'Cyclist']",East,"['Other', 'Automobile, Station Wagon', 'Bicycle']","['Going Ahead', 'Turning Left']",['Driving Properly'],['Normal'],['Not Applicable'],['Not Applicable'],['Cyclist turned left across motorists path.'],['Failed to Yield Right of Way'],['Inattentive'],False,"['unknown', '30 to 34', '50 to 54']",3.0
980194.0,2007-06-14 08:00:00,1029,2007,ST CLAIR AVE W,GREENLAW AVE,Major Arterial,Toronto and East York,43.676945,-79.44779,625121.3245,4837162.4914,Unknown,No Control,Clear,Daylight,Dry,92,Corso Italia-Davenport,92,Corso Italia-Davenport (92),Non-Fatal Injury,0,0,1,1,0,0,0,0,0,1,0,0,0,Turning Movement,"['Motorcycle Driver', 'Driver']",East,"['Motorcycle', 'Automobile, Station Wagon']","['Going Ahead', 'Making U Turn']","['Driving Properly', 'Failed to Yield Right of Way']","['Normal', 'Inattentive']",['Not Applicable'],['Not Applicable'],['Not Applicable'],['Not Applicable'],['Not Applicable'],False,"['55 to 59', '70 to 74']",3.0
980579.0,2007-06-21 08:00:00,954,2007,YONGE ST,MERTON ST,Major Arterial,Toronto and East York,43.696145,-79.39619,629239.5246,4839374.0471,At Intersection,Traffic Signal,Clear,Daylight,Dry,174,South Eglinton-Davisville,104,Mount Pleasant West (104),Non-Fatal Injury,1,1,0,0,0,0,0,0,0,0,0,0,0,Pedestrian Collisions,"['Pedestrian', 'Cyclist']",East,"['Other', 'Bicycle']",['Going Ahead'],[],[],['Crossing with right of way'],['Normal'],['Cyclist strikes pedestrian.'],['Disobeyed Traffic Control'],['Normal'],False,"['35 to 39', '15 to 19']",3.0
980693.0,2007-07-20 08:00:00,818,2007,BLOOR ST E,PARLIAMENT ST,Major Arterial,Toronto and East York,43.672045,-79.37069,631346.9929,4836737.4739,At Intersection,Traffic Signal,Clear,Daylight,Dry,98,Rosedale-Moore Park,98,Rosedale-Moore Park (98),Non-Fatal Injury,0,0,1,0,0,0,0,1,0,0,0,0,0,Rear End,"['Passenger', 'Driver']",South,"['Other', 'Automobile, Station Wagon']","['Turning Right', 'Turning Left', 'Stopped']","['Lost control', 'Driving Properly']",['Normal'],['Not Applicable'],['Not Applicable'],['Not Applicable'],['Not Applicable'],['Not Applicable'],False,"['35 to 39', '30 to 34', '40 to 44']",3.0
980728.0,2007-06-21 08:00:00,226,2007,RICHMOND ST E,CHURCH ST,Major Arterial,Toronto and East York,43.652445,-79.37549,631002.6597,4834553.043,At Intersection,Traffic Signal,Clear,Dark,Dry,168,Downtown Yonge East,75,Church-Yonge Corridor (75),Non-Fatal Injury,0,0,1,0,0,0,0,1,0,1,1,0,0,Angle,"['Vehicle Owner', 'Driver', 'Passenger', 'Other Property Owner']",North,"['Other', 'Automobile, Station Wagon']","['Going Ahead', 'Unknown']","['Driving Properly', 'Disobeyed Traffic Control']",['Normal'],['Not Applicable'],['Not Applicable'],['Not Applicable'],['Not Applicable'],['Not Applicable'],False,"['unknown', '30 to 34', '15 to 19', '20 to 24', '35 to 39']",3.0
980737.0,2007-06-21 08:00:00,2250,2007,YONGE ST,SHEPPARD AVE W,Major Arterial,North York,43.761845,-79.41099,627906.964,4846648.0194,Unknown,No Control,Clear,Daylight,Dry,151,Yonge-Doris,51,Willowdale East (51),Non-Fatal Injury,1,0,1,0,0,0,0,0,1,1,0,1,0,Pedestrian Collisions,"['Driver', 'Pedestrian']",East,"['Automobile, Station Wagon', 'Other']",['Going Ahead'],['Speed too Fast For Condition'],"['Ability Impaired, Alcohol']","['Crossing, no Traffic Control']",['Normal'],['Not Applicable'],['Not Applicable'],['Not Applicable'],False,"['20 to 24', '30 to 34']",3.0
980783.0,2007-07-20 08:00:00,1637,2007,1210 MARKHAM RD,Not Applicable,Major Arterial,Scarborough,43.778245,-79.23239,642244.6013,4848760.8508,Unknown,No Control,Clear,Daylight,Dry,142,Woburn North,137,Woburn (137),Non-Fatal Injury,1,0,1,0,0,0,0,0,0,0,0,0,0,Pedestrian Collisions,"['Pedestrian', 'Vehicle Owner', 'Driver']",West,"['Other', 'Automobile, Station Wagon']",['Going Ahead'],['Driving Properly'],['Normal'],"['Crossing, no Traffic Control', 'Crossing without right of way']",['Inattentive'],['Not Applicable'],['Not Applicable'],['Not Applicable'],False,"['0 to 4', '25 to 29', 'unknown', '30 to 34']",3.0
980936.0,2007-04-13 08:00:00,1539,2007,DUNDAS Stre E,HIGHFIELD Road,Minor Arterial,Toronto and East York,43.667745,-79.32329,635177.8446,4836336.0478,At Intersection,No Control,Clear,Daylight,Dry,65,Greenwood-Coxwell,65,Greenwood-Coxwell (65),Non-Fatal Injury,0,0,1,0,0,0,0,1,0,0,0,0,0,Rear End,"['Driver', 'Passenger', 'Vehicle Owner']",East,"['Automobile, Station Wagon', 'Other']","['Stopped', 'Other', 'Going Ahead']",[],[],['Not Applicable'],['Not Applicable'],['Not Applicable'],['Not Applicable'],['Not Applicable'],False,"['55 to 59', 'unknown', '25 to 29', '45 to 49']",3.0
981104.0,2007-06-23 08:00:00,1000,2007,STEELES AVE E,BEARE RD,Minor Arterial,Scarborough,43.853145,-79.17999,646278.4177,4857171.1086,At Intersection,Stop Sign,Clear,Daylight,Dry,144,Morningside Heights,131,Rouge (131),Non-Fatal Injury,0,0,1,0,0,0,0,1,0,1,0,0,0,Angle,"['Driver', 'Passenger', 'Vehicle Owner']",East,"['Other', 'Automobile, Station Wagon']",['Going Ahead'],"['Driving Properly', 'Failed to Yield Right of Way']","['Normal', 'Inattentive']",['Not Applicable'],['Not Applicable'],['Not Applicable'],['Not Applicable'],['Not Applicable'],False,"['45 to 49', 'unknown', '40 to 44']",3.0
981212.0,2007-06-22 08:00:00,1210,2007,OLD KINGSTON RD,MORRISH RD,Minor Arterial,Scarborough,43.783245,-79.17069,647197.5666,4849424.0469,At Intersection,Stop Sign,Clear,Daylight,Dry,133,Centennial Scarborough,133,Centennial Scarborough (133),Non-Fatal Injury,0,0,0,1,0,0,0,0,0,1,0,0,0,SMV Other,"['Motorcycle Driver', 'Vehicle Owner', 'Driver']",South,"['Motorcycle', 'Other']","['Going Ahead', 'Turning Left']","['Driving Properly', 'Failed to Yield Right of Way']",['Normal'],['Not Applicable'],['Not Applicable'],['Not Applicable'],['Not Applicable'],['Not Applicable'],False,"['40 to 44', 'unknown']",3.0
981273.0,2007-06-22 08:00:00,2300,2007,KIPLING AVE,WIDDICOMBE HILL BLVD,Major Arterial,Etobicoke York,43.678945,-79.55169,616742.1544,4837233.1346,Unknown,Traffic Signal,Clear,Dark,Dry,7,Willowridge-Martingrove-Richview,7,Willowridge-Martingrove-Richview (7),Non-Fatal Injury,0,0,1,0,0,0,0,1,0,1,0,0,0,Rear End,"['Driver', 'Passenger']",North,"['Automobile, Station Wagon', 'Other']","['Going Ahead', 'Stopped']","['Following too Close', 'Driving Properly']","['Inattentive', 'Normal']",['Not Applicable'],['Not Applicable'],['Not Applicable'],['Not Applicable'],['Not Applicable'],False,"['70 to 74', '60 to 64', '65 to 69']",3.0
981276.0,2007-07-24 08:00:00,930,2007,YONGE ST,DUNDAS ST W,Major Arterial,Toronto and East York,43.656645,-79.38109,630541.9626,4835010.6828,At Intersection,No Control,Clear,Daylight,Dry,170,Yonge-Bay Corridor,76,Bay Street Corridor (76),Non-Fatal Injury,1,0,1,0,0,0,0,1,0,0,0,0,0,Pedestrian Collisions,"['Passenger', 'Driver', 'Pedestrian']",South,"['Other', 'Automobile, Station Wagon']",['Going Ahead'],['Driving Properly'],['Normal'],"['Crossing, no Traffic Control']",['Inattentive'],['Not Applicable'],['Not Applicable'],['Not Applicable'],False,"['30 to 34', '55 to 59', '70 to 74']",3.0
981306.0,2007-06-24 08:00:00,2123,2007,ISLINGTON AVE,ABERFOYLE CRES,Major Arterial,Etobicoke York,43.645845,-79.52389,619048.4153,4833596.4534,Unknown,No Control,Clear,Dark,Dry,158,Islington,14,Islington-City Centre West (14),Non-Fatal Injury,1,0,1,0,0,0,0,0,0,0,0,0,0,Pedestrian Collisions,"['Driver', 'Pedestrian']",North,"['Automobile, Station Wagon', 'Other']",['Going Ahead'],['Driving Properly'],['Normal'],"['Crossing, no Traffic Control']",['Inattentive'],['Not Applicable'],['Not Applicable'],['Not Applicable'],False,"['20 to 24', '60 to 64']",3.0
981377.0,2007-06-25 08:00:00,712,2007,EGLINTON AVE W,SCARLETT RD,Major Arterial,Etobicoke York,43.684445,-79.50809,620245.6068,4837906.2727,Unknown,No Control,Clear,Daylight,Dry,111,Rockcliffe-Smythe,111,Rockcliffe-Smythe (111),Non-Fatal Injury,1,0,1,0,0,0,0,0,0,0,0,0,0,Pedestrian Collisions,"['Driver', 'Pedestrian']",North,"['Automobile, Station Wagon', 'Other']",['Slowing or Stopping'],['Driving Properly'],['Normal'],"['Crossing, no Traffic Control']",['Normal'],['Not Applicable'],['Not Applicable'],['Not Applicable'],False,"['20 to 24', '80 to 84']",3.0
981405.0,2007-06-25 08:00:00,855,2007,DIXON RD,KIPLING AVE,Major Arterial,Etobicoke York,43.694245,-79.55859,616156.4368,4838922.7152,At Intersection,Traffic Signal,Clear,Daylight,Dry,6,Kingsview Village-The Westway,6,Kingsview Village-The Westway (6),Non-Fatal Injury,0,0,1,0,0,0,0,0,0,1,1,0,0,Angle,['Driver'],North,"['Automobile, Station Wagon']",['Going Ahead'],"['Driving Properly', 'Disobeyed Traffic Control']","['Normal', 'Inattentive']",['Not Applicable'],['Not Applicable'],['Not Applicable'],['Not Applicable'],['Not Applicable'],False,"['70 to 74', '40 to 44', '50 to 54']",3.0
981510.0,2007-07-25 08:00:00,1255,2007,COXWELL AVE,COSBURN AVE,Minor Arterial,Toronto and East York,43.694145,-79.32799,634739.811,4839260.4842,At Intersection,Traffic Signal,Clear,Daylight,Dry,59,Danforth East York,58,Old East York (58),Non-Fatal Injury,0,0,1,0,0,0,0,1,1,1,1,0,0,Angle,"['Vehicle Owner', 'Driver', 'Passenger']",East,"['Other', 'Automobile, Station Wagon']","['Going Ahead', 'Stopped']","['Disobeyed Traffic Control', 'Driving Properly']","['Inattentive', 'Normal']",['Not Applicable'],['Not Applicable'],['Not Applicable'],['Not Applicable'],['Not Applicable'],False,"['unknown', '35 to 39', '70 to 74', '45 to 49', '25 to 29']",3.0
981582.0,2007-06-26 08:00:00,1139,2007,BAYVIEW AVE,SCENIC MILLWAY,Major Arterial,North York,43.750745,-79.38469,630048.0395,4845456.1538,Unknown,No Control,Clear,Daylight,Dry,40,St.Andrew-Windfields,40,St.Andrew-Windfields (40),Non-Fatal Injury,0,1,1,0,0,0,0,0,0,0,0,0,0,Cyclist Collisions,"['Driver', 'Cyclist']",North,"['Automobile, Station Wagon', 'Bicycle']","['Overtaking', 'Going Ahead']",['Driving Properly'],['Normal'],['Not Applicable'],['Not Applicable'],['Cyclist and Driver travelling in same direction. One vehicle sideswipes the other.'],['Lost control'],['Normal'],False,"['55 to 59', '70 to 74']",3.0
981588.0,2007-06-28 08:00:00,1930,2007,YONGE ST,PRINCESS AVE,Major Arterial,North York,43.768845,-79.41279,627747.171,4847422.6966,Unknown,No Control,Clear,Daylight,Dry,37,Willowdale West,37,Willowdale West (37),Non-Fatal Injury,1,0,1,0,0,0,0,0,0,0,0,0,0,Pedestrian Collisions,"['Vehicle Owner', 'Driver', 'Pedestrian']",North,"['Other', 'Automobile, Station Wagon']",['Going Ahead'],['Driving Properly'],['Normal'],"['Crossing, no Traffic Control']",['Normal'],['Not Applicable'],['Not Applicable'],['Not Applicable'],False,"['unknown', '15 to 19', '30 to 34']",3.0
981935.0,2007-06-30 08:00:00,1447,2007,DAVENPORT RD,AVENUE RD,Major Arterial,Toronto and East York,43.674945,-79.39569,629325.3652,4837020.2759,Unknown,No Control,Clear,Daylight,Dry,95,Annex,95,Annex (95),Non-Fatal Injury,0,1,1,0,0,0,0,0,0,0,0,0,0,Cyclist Collisions,"['Driver', 'Cyclist']",East,"['Automobile, Station Wagon', 'Bicycle']","['Parked', 'Going Ahead']",['Other'],['Normal'],['Not Applicable'],['Not Applicable'],['Cyclist struck opened vehicle door'],['Not Applicable'],['Not Applicable'],False,"['45 to 49', '50 to 54']",3.0
982126.0,2007-07-27 08:00:00,1730,2007,LAWRENCE AVE W,DUVAL DR,Major Arterial,Etobicoke York,43.709745,-79.47459,622893.9835,4840765.3011,At Intersection,Traffic Signal,Clear,Daylight,Dry,29,Maple Leaf,29,Maple Leaf (29),Non-Fatal Injury,0,1,1,0,0,0,0,0,0,1,0,0,0,Cyclist Collisions,"['Vehicle Owner', 'Driver', 'Cyclist']",North,"['Other', 'Automobile, Station Wagon', 'Bicycle']","['Turning Right', 'Going Ahead']",['Failed to Yield Right of Way'],['Normal'],['Not Applicable'],['Not Applicable'],['Motorist turning right on red at signalized intersection strikes cyclist.'],['Driving Properly'],['Normal'],False,"['unknown', '35 to 39', '20 to 24']",3.0
982207.0,2007-07-18 08:00:00,1607,2007,LAWRENCE AVE E,WARDEN AVE,Major Arterial,Scarborough,43.745345,-79.29469,637306.3322,4845001.6435,At Intersection,Traffic Signal,Clear,Daylight,Dry,119,Wexford/Maryvale,119,Wexford/Maryvale (119),Fatal,1,0,1,0,1,0,0,1,0,0,0,0,0,Pedestrian Collisions,"['Driver', 'Vehicle Owner', 'Passenger', 'Other', 'Other Property Owner', 'Pedestrian', 'Truck Driver']",South,"['Automobile, Station Wagon', 'Other', 'Truck - Open']","['Stopped', 'Going Ahead']","['Driving Properly', 'Lost control']","['Normal', 'Unknown']",['On Sidewalk or Shoulder'],['Normal'],['Not Applicable'],['Not Applicable'],['Not Applicable'],True,"['25 to 29', '50 to 54', 'unknown', '5 to 9', '0 to 4', '45 to 49', '35 to 39']",4.0
982264.0,2007-07-29 08:00:00,1745,2007,LAKE SHORE BLVD E,DON ROADWAY,Major Arterial,Toronto and East York,43.650845,-79.34699,633304.5031,4834420.7303,At Intersection,Traffic Signal,Clear,Daylight,Dry,70,South Riverdale,70,South Riverdale (70),Non-Fatal Injury,0,0,1,0,0,0,0,1,0,0,0,0,0,Turning Movement,"['Driver', 'Passenger', 'Vehicle Owner']",North,"['Automobile, Station Wagon', 'Other']","['Going Ahead', 'Turning Left']",['Driving Properly'],['Normal'],['Not Applicable'],['Not Applicable'],['Not Applicable'],['Not Applicable'],['Not Applicable'],False,"['30 to 34', '20 to 24', '15 to 19', '5 to 9', 'unknown']",3.0
982327.0,2007-07-02 08:00:00,2042,2007,ELLESMERE Road,MILITARY Trai,Minor Arterial,Scarborough,43.786545,-79.18829,645773.3221,4849759.4181,At Intersection,Traffic Signal,Clear,Dark,Dry,134,Highland Creek,134,Highland Creek (134),Non-Fatal Injury,0,0,1,0,0,0,0,1,0,1,1,0,0,Turning Movement,"['Driver', 'Passenger', 'Vehicle Owner']",South,"['Automobile, Station Wagon', 'Other']","['Going Ahead', 'Turning Left']","['Disobeyed Traffic Control', 'Driving Properly']","['Inattentive', 'Normal']",['Not Applicable'],['Not Applicable'],['Not Applicable'],['Not Applicable'],['Not Applicable'],False,"['35 to 39', '15 to 19', 'unknown']",3.0
982399.0,2007-07-03 08:00:00,1730,2007,KEELE Stre,LAWRENCE Aven W,Major Arterial,Etobicoke York,43.708645,-79.47809,622614.248,4840637.9479,At Intersection,Traffic Signal,Clear,Daylight,Dry,30,Brookhaven-Amesbury,29,Maple Leaf (29),Non-Fatal Injury,0,0,1,0,0,0,0,0,0,1,0,0,0,Rear End,"['Vehicle Owner', 'Driver']",South,"['Other', 'Automobile, Station Wagon']","['Going Ahead', 'Stopped']","['Following too Close', 'Driving Properly']",['Normal'],['Not Applicable'],['Not Applicable'],['Not Applicable'],['Not Applicable'],['Not Applicable'],False,"['unknown', '15 to 19', '35 to 39']",3.0
982600.0,2007-07-04 08:00:00,2020,2007,DUFFERIN ST,BEAVER AVE,Major Arterial,Toronto and East York,43.672145,-79.44059,625711.7332,4836640.2733,At Intersection,Stop Sign,Clear,Daylight,Dry,171,Junction-Wallace Emerson,93,Dovercourt-Wallace Emerson-Junction (93),Non-Fatal Injury,0,0,1,0,0,0,0,1,0,0,0,0,0,Turning Movement,"['Passenger', 'Driver']",East,"['Other', 'Automobile, Station Wagon']","['Going Ahead', 'Turning Left']","['Driving Properly', 'Improper Turn']","['Normal', 'Inattentive']",['Not Applicable'],['Not Applicable'],['Not Applicable'],['Not Applicable'],['Not Applicable'],False,"['10 to 14', '25 to 29', '5 to 9', '40 to 44']",3.0
982611.0,2007-07-04 08:00:00,2038,2007,PARKSIDE DR,GARDEN AVE,Major Arterial,Toronto and East York,43.641945,-79.45499,624613.3205,4833264.4474,Unknown,No Control,Clear,Daylight,Wet,87,High Park-Swansea,87,High Park-Swansea (87),Non-Fatal Injury,1,0,1,0,0,0,0,0,0,0,0,0,0,Pedestrian Collisions,"['Driver', 'Pedestrian']",East,"['Automobile, Station Wagon', 'Other']",['Slowing or Stopping'],['Driving Properly'],['Normal'],['Running onto Roadway'],"['Ability Impaired, Alcohol']",['Not Applicable'],['Not Applicable'],['Not Applicable'],False,"['35 to 39', '30 to 34']",3.0
982822.0,2007-07-06 08:00:00,1045,2007,STEELES AVE E,REESOR RD,Minor Arterial,Scarborough,43.848445,-79.19929,644738.5835,4856615.1248,At Intersection,Traffic Signal,Clear,Daylight,Dry,144,Morningside Heights,131,Rouge (131),Non-Fatal Injury,0,0,1,0,0,0,0,0,0,1,0,0,0,Turning Movement,['Driver'],East,"['Automobile, Station Wagon']","['Turning Left', 'Going Ahead']","['Improper Turn', 'Driving Properly']",['Normal'],['Not Applicable'],['Not Applicable'],['Not Applicable'],['Not Applicable'],['Not Applicable'],False,['25 to 29'],3.0
983041.0,2007-07-01 08:00:00,1815,2007,LAWRENCE AVE W,BLOSSOMFIELD DR,Major Arterial,North York,43.715445,-79.44729,625081.557,4841439.201,Unknown,No Control,Clear,Daylight,Dry,31,Yorkdale-Glen Park,31,Yorkdale-Glen Park (31),Non-Fatal Injury,0,0,1,0,0,0,0,1,0,0,0,0,0,Rear End,"['Driver', 'Passenger', 'Vehicle Owner']",East,"['Automobile, Station Wagon', 'Other']","['Going Ahead', 'Stopped']","['Other', 'Driving Properly']","['Inattentive', 'Normal']",['Not Applicable'],['Not Applicable'],['Not Applicable'],['Not Applicable'],['Not Applicable'],False,"['35 to 39', '40 to 44', 'unknown']",3.0
983259.0,2007-07-08 08:00:00,1030,2007,DUNDAS ST W,SORAUREN AVE,Minor Arterial,Toronto and East York,43.651145,-79.44529,625376.5436,4834300.8351,At Intersection,Traffic Signal,Rain,Daylight,Wet,86,Roncesvalles,86,Roncesvalles (86),Non-Fatal Injury,0,0,0,1,0,0,0,0,0,0,0,0,0,SMV Other,['Motorcycle Driver'],West,['Motorcycle'],['Going Ahead'],['Lost control'],['Normal'],['Not Applicable'],['Not Applicable'],['Not Applicable'],['Not Applicable'],['Not Applicable'],False,['45 to 49'],3.0
983273.0,2007-07-08 08:00:00,2051,2007,EGLINTON AVE W,ISLINGTON AVE,Major Arterial,Etobicoke York,43.680945,-79.53369,618189.1429,4837480.753,Unknown,No Control,Rain,Dusk,Wet,7,Willowridge-Martingrove-Richview,7,Willowridge-Martingrove-Richview (7),Non-Fatal Injury,0,0,1,0,0,0,0,0,0,1,0,0,0,Sideswipe,['Driver'],West,"['Automobile, Station Wagon']","['Going Ahead', 'Changing Lanes', 'Stopped']","['Driving Properly', 'Following too Close']","['Normal', 'Unknown']",['Not Applicable'],['Not Applicable'],['Not Applicable'],['Not Applicable'],['Not Applicable'],False,"['45 to 49', '55 to 59', '20 to 24']",3.0
983325.0,2007-08-03 08:00:00,2125,2007,BATHURST ST,HOUSEY ST,Major Arterial,Toronto and East York,43.637345,-79.39999,629059.2578,4832837.6054,Unknown,No Control,Clear,Dark,Dry,165,Harbourfront-CityPlace,77,Waterfront Communities-The Island (77),Non-Fatal Injury,0,0,1,0,0,0,0,0,0,0,0,0,0,Turning Movement,"['Driver', 'Vehicle Owner']",North,"['Automobile, Station Wagon', 'Other']","['Going Ahead', 'Making U Turn']","['Driving Properly', 'Improper Turn']","['Normal', 'Had Been Drinking']",['Not Applicable'],['Not Applicable'],['Not Applicable'],['Not Applicable'],['Not Applicable'],False,"['40 to 44', 'unknown', '25 to 29']",3.0
983329.0,2007-08-03 08:00:00,2156,2007,KENNEDY RD,FOXRIDGE DR,Major Arterial,Scarborough,43.724045,-79.26449,639787.525,4842686.4618,At Intersection,No Control,Clear,"Dusk, artificial",Dry,124,Kennedy Park,124,Kennedy Park (124),Non-Fatal Injury,0,1,1,0,0,0,0,1,0,0,0,0,0,Turning Movement,"['Vehicle Owner', 'Moped Driver', 'Passenger', 'Driver']",North,"['Other', 'Automobile, Station Wagon']","['Going Ahead', 'Turning Left']","['Driving Properly', 'Improper Turn']",['Normal'],['Not Applicable'],['Not Applicable'],['Not Applicable'],['Not Applicable'],['Not Applicable'],False,"['unknown', '35 to 39', '15 to 19', '75 to 79', '20 to 24']",3.0
983702.0,2007-07-11 08:00:00,2157,2007,EGLINTON AVE W,WIDDICOMBE HILL BLVD,Major Arterial,Etobicoke York,43.675645,-79.55769,616264.889,4836858.1988,At Intersection,Traffic Controller,Clear,Dark,Dry,7,Willowridge-Martingrove-Richview,7,Willowridge-Martingrove-Richview (7),Non-Fatal Injury,0,0,1,0,0,0,0,0,0,0,0,0,0,Turning Movement,"['Vehicle Owner', 'Driver']",North,"['Other', 'Automobile, Station Wagon']","['Going Ahead', 'Turning Left']","['Driving Properly', 'Improper Turn']",['Normal'],['Not Applicable'],['Not Applicable'],['Not Applicable'],['Not Applicable'],['Not Applicable'],False,"['unknown', '25 to 29', '20 to 24']",3.0
983732.0,2007-07-11 08:00:00,1827,2007,IRWIN RD,TURPIN AVE,Local,Etobicoke York,43.725745,-79.55579,616321.1283,4842425.1499,Unknown,No Control,Clear,Daylight,Dry,5,Elms-Old Rexdale,5,Elms-Old Rexdale (5),Non-Fatal Injury,0,0,1,0,0,0,0,1,0,1,0,0,0,Rear End,"['Passenger', 'Driver']",West,"['Other', 'Automobile, Station Wagon']",['Going Ahead'],"['Driving Properly', 'Following too Close']",['Normal'],['Not Applicable'],['Not Applicable'],['Not Applicable'],['Not Applicable'],['Not Applicable'],False,"['20 to 24', '25 to 29']",3.0
983751.0,2007-08-07 08:00:00,1100,2007,TANGIERS RD,FINCH AVE W,Major Arterial,North York,43.764045,-79.48829,621680.208,4846775.8796,At Intersection,Traffic Signal,Clear,Daylight,Dry,27,York University Heights,27,York University Heights (27),Non-Fatal Injury,1,0,1,0,0,0,0,0,0,1,0,0,0,Pedestrian Collisions,"['Driver', 'Pedestrian']",South,"['Automobile, Station Wagon', 'Other']",['Turning Right'],['Failed to Yield Right of Way'],['Normal'],['Crossing with right of way'],['Normal'],['Not Applicable'],['Not Applicable'],['Not Applicable'],False,"['50 to 54', '75 to 79']",3.0
984072.0,2007-08-09 08:00:00,450,2007,121 WELLESWORTH DR,Not Applicable,Collector,Etobicoke York,43.663345,-79.58219,614313.2713,4835458.0763,Unknown,No Control,Clear,Dark,Dry,11,Eringate-Centennial-West Deane,11,Eringate-Centennial-West Deane (11),Non-Fatal Injury,0,0,1,0,0,0,0,0,0,0,0,0,0,SMV Other,"['Vehicle Owner', 'Driver']",South,"['Other', 'Automobile, Station Wagon']",['Going Ahead'],['Lost control'],['Had Been Drinking'],['Not Applicable'],['Not Applicable'],['Not Applicable'],['Not Applicable'],['Not Applicable'],False,"['unknown', '20 to 24']",3.0
984087.0,2007-08-09 08:00:00,845,2007,QUEENS QUAY W,YORK ST,Minor Arterial,Toronto and East York,43.639945,-79.38019,630650.7379,4833157.3457,At Intersection,Traffic Signal,Clear,Daylight,Dry,166,St Lawrence-East Bayfront-The Islands,77,Waterfront Communities-The Island (77),Non-Fatal Injury,1,1,0,0,0,0,0,0,0,0,0,0,0,Pedestrian Collisions,"['Pedestrian', 'Cyclist']",East,"['Other', 'Bicycle']",['Going Ahead'],[],[],['Crossing with right of way'],['Normal'],['Cyclist strikes pedestrian.'],['Disobeyed Traffic Control'],['Normal'],False,"['60 to 64', '30 to 34']",3.0
984340.0,2007-07-22 08:00:00,1301,2007,JANE ST,SAN MARINOWAY,Major Arterial,Etobicoke York,43.744145,-79.51439,619618.9976,4844527.675,At Intersection,No Control,Clear,Daylight,Dry,25,Glenfield-Jane Heights,25,Glenfield-Jane Heights (25),Non-Fatal Injury,0,0,1,0,0,0,0,1,0,0,0,1,0,Sideswipe,"['Driver', 'Passenger', 'Vehicle Owner']",South,"['Automobile, Station Wagon', 'Other']","['Going Ahead', 'Changing Lanes']","['Driving Properly', 'Improper Lane Change']","['Normal', 'Ability Impaired, Alcohol']",['Not Applicable'],['Not Applicable'],['Not Applicable'],['Not Applicable'],['Not Applicable'],False,"['40 to 44', '15 to 19', '25 to 29', 'unknown']",3.0
984365.0,2007-07-15 08:00:00,1830,2007,DUNDAS ST W,COLLEGE ST,Minor Arterial,Toronto and East York,43.650245,-79.44099,625725.1898,4834207.3841,At Intersection,Stop Sign,Clear,Daylight,Dry,84,Little Portugal,84,Little Portugal (84),Non-Fatal Injury,0,1,0,0,0,0,0,0,0,0,0,0,0,SMV Other,['Moped Driver'],East,['Moped'],['Turning Left'],['Lost control'],['Normal'],['Not Applicable'],['Not Applicable'],['Not Applicable'],['Not Applicable'],['Not Applicable'],False,['50 to 54'],3.0
984384.0,2007-07-16 08:00:00,2230,2007,SEWELLS RD,OLD FINCH AVE,Collector,Scarborough,43.825245,-79.19959,644770.5682,4854037.8474,At Intersection,Stop Sign,Clear,Dark,Dry,144,Morningside Heights,131,Rouge (131),Non-Fatal Injury,0,0,1,0,1,0,0,1,0,0,0,0,0,Turning Movement,"['Passenger', 'Truck Driver', 'Driver']",North,"['Other', 'Truck - Open', 'Automobile, Station Wagon']","['Going Ahead', 'Turning Left']","['Driving Properly', 'Improper Turn']",['Normal'],['Not Applicable'],['Not Applicable'],['Not Applicable'],['Not Applicable'],['Not Applicable'],False,"['45 to 49', '25 to 29', '30 to 34']",3.0
984399.0,2007-08-10 08:00:00,1502,2007,LAKE SHORE BLVD W,REMEMBRANCE DR,Major Arterial,Toronto and East York,43.634445,-79.40869,628363.6698,4832502.0328,At Intersection,Traffic Signal,Clear,Daylight,Dry,163,Fort York-Liberty Village,82,Niagara (82),Non-Fatal Injury,0,1,1,0,0,0,0,0,0,0,0,0,0,Cyclist Collisions,"['Driver', 'Cyclist']",East,"['Automobile, Station Wagon', 'Bicycle']",['Going Ahead'],['Driving Properly'],['Normal'],['Not Applicable'],['Not Applicable'],"['Cyclist without ROW rides into path of motorist at inter, lnwy, dwy-Cyclist not turn.']",['Disobeyed Traffic Control'],['Normal'],False,"['20 to 24', '75 to 79']",3.0
984625.0,2007-08-13 08:00:00,51,2007,F G GARDINER XY  E,JAMESON AVE,Major Arterial,Toronto and East York,43.634545,-79.43879,625935.408,4832467.0332,Unknown,No Control,Clear,Dark,Dry,85,South Parkdale,85,South Parkdale (85),Fatal,0,0,1,0,0,0,0,1,0,0,0,0,0,Rear End,"['Vehicle Owner', 'Passenger', 'Driver']",East,"['Other', 'Automobile, Station Wagon']","['Stopped', 'Going Ahead']","['Driving Properly', 'Lost control']",['Inattentive'],['Not Applicable'],['Not Applicable'],['Not Applicable'],['Not Applicable'],['Not Applicable'],True,"['unknown', '70 to 74', '30 to 34', '0 to 4', '60 to 64', '35 to 39', '45 to 49']",4.0