accident_number,date,time,year,street1,street2,road_class,district,latitude,longitude,x,y,accident_location,traffctl,visibility,light,road_surface_condition,hood_158,neighbourhood_new,hood_140,neighbourhood_old,accident_class,pedestrian,cyclist,automobile,motorcycle,truck,trsn_city_veh,emerg_veh,passenger,speeding,aggressive_driving,redlight,alcohol,disability,impact_type,involvement_type,initial_direction,vehicle_type,manoeuver,driver_action,driver_condition,pedestrian_action,pedestrian_condition,cyclist_type,cyclist_action,cyclist_condition,injury,involvement_age,injury_severity_score
984687.0,2007-05-18 08:00:00,1425,2007,KEELE ST,LAWRENCE AVE W,Major Arterial,Etobicoke York,43.708645,-79.47809,622614.248,4840637.9479,Unknown,Traffic Signal,Clear,Daylight,Dry,30,Brookhaven-Amesbury,29,Maple Leaf (29),Non-Fatal Injury,1,0,0,0,1,0,0,0,0,0,0,0,0,Pedestrian Collisions,"['Other', 'Pedestrian', 'Other Property Owner', 'Truck Driver']",West,"['Other', 'Truck - Open']","['Unknown', 'Turning Right']",['Improper Turn'],['Normal'],['On Sidewalk or Shoulder'],['Normal'],['Not Applicable'],['Not Applicable'],['Not Applicable'],False,"['unknown', '30 to 34']",3.0
985171.0,2007-07-21 08:00:00,1700,2007,597 MELITA CRES,Not Applicable,Local,Toronto and East York,43.672645,-79.42319,627113.391,4836722.3214,Unknown,No Control,Clear,Daylight,Dry,94,Wychwood,94,Wychwood (94),Non-Fatal Injury,1,0,1,0,0,0,0,0,0,0,0,0,0,Pedestrian Collisions,"['Driver', 'Pedestrian']",South,"['Automobile, Station Wagon', 'Other']",['Going Ahead'],['Driving Properly'],['Normal'],"['Crossing, no Traffic Control']",['Normal'],['Not Applicable'],['Not Applicable'],['Not Applicable'],False,"['unknown', '35 to 39']",3.0
985348.0,2007-05-10 08:00:00,226,2007,BROADVIEW AVE,BAIN AVE,Minor Arterial,Toronto and East York,43.670945,-79.35439,632663.4569,4836641.2432,Unknown,No Control,Clear,Dark,Dry,68,North Riverdale,68,North Riverdale (68),Non-Fatal Injury,0,0,1,0,0,0,0,0,0,0,0,0,0,SMV Other,"['Driver', 'Other Property Owner']",South,"['Automobile, Station Wagon', 'Other']",['Going Ahead'],['Other'],['Fatigue'],['Not Applicable'],['Not Applicable'],['Not Applicable'],['Not Applicable'],['Not Applicable'],False,"['40 to 44', 'unknown']",3.0
985455.0,2007-08-18 08:00:00,1341,2007,MADELAINE AVE,DANFORTH AVE,Local,Scarborough,43.692446,-79.284587,638241.4094,4839143.2331,Unknown,No Control,Clear,Daylight,Dry,121,Oakridge,121,Oakridge (121),Non-Fatal Injury,1,0,0,0,0,0,0,0,0,0,0,0,0,Pedestrian Collisions,"['Vehicle Owner', 'Pedestrian']",Unknown,['Other'],[],[],[],['Other'],['Normal'],['Not Applicable'],['Not Applicable'],['Not Applicable'],False,"['unknown', '60 to 64']",3.0
985456.0,2007-08-18 08:00:00,1341,2007,MADELAINE AVE,DANFORTH AVE,Major Arterial,Scarborough,43.692045,-79.28449,638250.1479,4839098.8581,Unknown,No Control,Clear,Daylight,Dry,121,Oakridge,121,Oakridge (121),Non-Fatal Injury,1,0,1,0,0,0,0,0,0,0,0,0,0,Pedestrian Collisions,"['Driver', 'Pedestrian']",South,"['Automobile, Station Wagon', 'Other']",['Going Ahead'],['Other'],['Unknown'],['Other'],['Unknown'],['Not Applicable'],['Not Applicable'],['Not Applicable'],False,"['50 to 54', '60 to 64']",3.0
985457.0,2007-08-18 08:00:00,1345,2007,JOHN ST,WESTON RD,Collector,Etobicoke York,43.701245,-79.51749,619454.6174,4839758.5544,Unknown,No Control,Clear,Daylight,Dry,113,Weston,113,Weston (113),Non-Fatal Injury,1,0,1,0,0,0,0,1,1,1,0,0,0,Pedestrian Collisions,"['Passenger', 'Driver', 'Pedestrian']",South,"['Other', 'Automobile, Station Wagon']",['Going Ahead'],['Exceeding Speed Limit'],['Other'],"['Crossing, no Traffic Control']",['Normal'],['Not Applicable'],['Not Applicable'],['Not Applicable'],False,"['20 to 24', '15 to 19']",3.0
985490.0,2007-08-19 08:00:00,1134,2007,ISLINGTON AVE,ROWNTREE MILL RD,Major Arterial,Etobicoke York,43.753345,-79.56859,615237.2115,4845472.6377,Unknown,No Control,Clear,Daylight,Dry,21,Humber Summit,21,Humber Summit (21),Non-Fatal Injury,1,0,1,0,0,0,0,0,0,0,0,0,0,Pedestrian Collisions,"['Vehicle Owner', 'Driver', 'Pedestrian']",South,"['Other', 'Automobile, Station Wagon']",['Going Ahead'],['Other'],['Inattentive'],['Other'],['Normal'],['Not Applicable'],['Not Applicable'],['Not Applicable'],False,"['unknown', '55 to 59', '70 to 74']",3.0
985567.0,2020-05-28 08:00:00,1739,2020,DAVISVILLE AVE,YONGE ST,Minor Arterial,Toronto and East York,43.69871,-79.39429,629387.1165,4839661.8894,At/Near Private Drive,Pedestrian Crossover,Rain,Daylight,Wet,174,South Eglinton-Davisville,104,Mount Pleasant West (104),Non-Fatal Injury,1,0,1,0,0,0,0,0,0,1,0,0,0,Pedestrian Collisions,"['Driver', 'Pedestrian']",Unknown,"['Automobile, Station Wagon']",['Going Ahead'],['Failed to Yield Right of Way'],['Inattentive'],"['Crossing, Pedestrian Crossover']",['Normal'],['Not Applicable'],['Not Applicable'],['Not Applicable'],False,"['30 to 34', '35 to 39']",3.0
985777.0,2007-07-22 08:00:00,1409,2007,3850 FINCH  AVE E,Not Applicable,Major Arterial,Scarborough,43.799545,-79.30339,636482.476,4851007.0099,Unknown,Traffic Signal,Clear,Daylight,Dry,148,East L'Amoreaux,117,L'Amoreaux (117),Non-Fatal Injury,0,0,1,0,0,0,0,1,0,1,0,0,0,Rear End,"['Passenger', 'Driver', 'Vehicle Owner']",East,"['Other', 'Automobile, Station Wagon']","['Stopped', 'Going Ahead']","['Driving Properly', 'Following too Close']","['Normal', 'Inattentive']",['Not Applicable'],['Not Applicable'],['Not Applicable'],['Not Applicable'],['Not Applicable'],False,"['55 to 59', '60 to 64', '25 to 29', '35 to 39', 'unknown']",3.0
985784.0,2007-07-22 08:00:00,2240,2007,DUNDAS ST W,UNIVERSITY AVE,Major Arterial,Toronto and East York,43.654745,-79.38829,629965.4782,4834788.3603,At Intersection,Traffic Signal,Clear,Dark,Dry,170,Yonge-Bay Corridor,76,Bay Street Corridor (76),Non-Fatal Injury,0,0,1,0,0,0,0,1,0,1,0,0,0,Turning Movement,"['Vehicle Owner', 'Driver', 'Passenger']",South,"['Other', 'Automobile, Station Wagon']","['Going Ahead', 'Turning Left']","['Driving Properly', 'Improper Turn']","['Normal', 'Inattentive']",['Not Applicable'],['Not Applicable'],['Not Applicable'],['Not Applicable'],['Not Applicable'],False,"['unknown', '45 to 49', '5 to 9', '10 to 14', '35 to 39', '40 to 44']",3.0
985971.0,2007-07-23 08:00:00,752,2007,WARDEN AVE,EGLINTON AVE E,Major Arterial,Scarborough,43.727845,-79.28759,637918.1809,4843069.8007,Unknown,Traffic Signal,Clear,Daylight,Dry,120,Clairlea-Birchmount,120,Clairlea-Birchmount (120),Non-Fatal Injury,0,1,1,0,0,0,0,0,0,1,0,0,0,Cyclist Collisions,"['Vehicle Owner', 'Driver', 'Cyclist']",North,"['Other', 'Pick Up Truck', 'Bicycle']","['Turning Right', 'Going Ahead']",['Failed to Yield Right of Way'],['Inattentive'],['Not Applicable'],['Not Applicable'],['Motorist turning right on red at signalized intersection strikes cyclist.'],['Driving Properly'],['Inattentive'],False,"['unknown', '25 to 29', '50 to 54']",3.0
986004.0,2007-08-16 08:00:00,1015,2007,KINGSTON RD,RYLANDER BLVD,Major Arterial,Scarborough,43.797045,-79.14919,648893.3376,4850995.2182,At Intersection,Traffic Signal,Clear,Daylight,Dry,143,West Rouge,131,Rouge (131),Non-Fatal Injury,0,1,1,0,0,0,0,0,0,0,0,0,0,Cyclist Collisions,"['Driver', 'Cyclist']",East,"['Automobile, Station Wagon', 'Bicycle']",['Going Ahead'],['Driving Properly'],[],['Not Applicable'],['Not Applicable'],['Cyclist and Driver travelling in same direction. One vehicle sideswipes the other.'],['Driving Properly'],['Normal'],False,"['unknown', '55 to 59']",3.0
986221.0,2007-07-07 08:00:00,316,2007,COLLEGE ST,BRUNSWICK AVE,Major Arterial,Toronto and East York,43.657245,-79.40379,628710.2311,4835041.8577,Unknown,No Control,Clear,Dark,Dry,78,Kensington-Chinatown,78,Kensington-Chinatown (78),Non-Fatal Injury,1,0,1,0,0,0,0,0,0,0,0,0,0,Pedestrian Collisions,"['Driver', 'Pedestrian']",East,"['Automobile, Station Wagon', 'Other']",['Going Ahead'],['Driving Properly'],['Normal'],"['Crossing, no Traffic Control']",['Unknown'],['Not Applicable'],['Not Applicable'],['Not Applicable'],False,"['20 to 24', '55 to 59']",3.0
986578.0,2007-07-25 08:00:00,2016,2007,1655 BLOOR ST W,Not Applicable,Major Arterial,Toronto and East York,43.655445,-79.45639,624472.5138,4834761.6954,Unknown,No Control,Clear,Daylight,Dry,87,High Park-Swansea,87,High Park-Swansea (87),Non-Fatal Injury,0,0,1,1,0,0,0,0,0,1,0,0,0,Turning Movement,"['Motorcycle Driver', 'Driver']",East,"['Motorcycle', 'Automobile, Station Wagon']","['Going Ahead', 'Making U Turn']","['Driving Properly', 'Failed to Yield Right of Way']",['Normal'],['Not Applicable'],['Not Applicable'],['Not Applicable'],['Not Applicable'],['Not Applicable'],False,"['30 to 34', '20 to 24']",3.0
986597.0,2007-07-26 08:00:00,250,2007,CHRISTIE ST,BLOOR ST W,Minor Arterial,Toronto and East York,43.664045,-79.41889,627478.24,4835773.7749,Unknown,No Control,Clear,Dark,Dry,172,Dovercourt Village,93,Dovercourt-Wallace Emerson-Junction (93),Non-Fatal Injury,0,0,0,1,0,0,0,0,0,0,0,1,0,SMV Other,"['Motorcycle Driver', 'Other Property Owner']",South,"['Motorcycle', 'Other']",['Going Ahead'],['Other'],"['Ability Impaired, Alcohol']",['Not Applicable'],['Not Applicable'],['Not Applicable'],['Not Applicable'],['Not Applicable'],False,"['45 to 49', 'unknown']",3.0
986599.0,2007-07-26 08:00:00,2335,2007,DANFORTH AVE,PAPE AVE,Major Arterial,Toronto and East York,43.678945,-79.34479,633419.6543,4837545.1504,Unknown,Traffic Signal,Clear,Dark,Dry,69,Blake-Jones,69,Blake-Jones (69),Non-Fatal Injury,0,1,1,0,0,0,0,0,0,1,0,0,0,Cyclist Collisions,"['Driver', 'Cyclist']",West,"['Automobile, Station Wagon', 'Bicycle']",['Going Ahead'],['Improper Passing'],['Unknown'],['Not Applicable'],['Not Applicable'],['Cyclist and Driver travelling in same direction. One vehicle sideswipes the other.'],['Driving Properly'],['Normal'],False,"['unknown', '15 to 19']",3.0
986718.0,2007-08-05 08:00:00,1055,2007,LAWRENCE AVE E,MCCOWAN RD,Major Arterial,Scarborough,43.755345,-79.24609,641195.9831,4846194.0013,Unknown,No Control,Clear,Daylight,Dry,157,Bendale South,127,Bendale (127),Fatal,1,0,1,0,0,0,0,0,0,0,0,0,0,Pedestrian Collisions,"['Vehicle Owner', 'Driver', 'Pedestrian']",East,"['Other', 'Automobile, Station Wagon']",['Going Ahead'],['Driving Properly'],['Normal'],"['Crossing, no Traffic Control']",['Normal'],['Not Applicable'],['Not Applicable'],['Not Applicable'],True,"['unknown', '50 to 54', '35 to 39', '75 to 79']",4.0
986752.0,2007-07-27 08:00:00,914,2007,KIPLING AVE,HUNTING RIDGE,Major Arterial,Etobicoke York,43.681345,-79.55279,616648.8366,4837498.1387,At Intersection,Traffic Signal,Clear,Daylight,Dry,7,Willowridge-Martingrove-Richview,7,Willowridge-Martingrove-Richview (7),Non-Fatal Injury,0,0,1,0,0,0,0,0,0,1,1,0,0,Angle,"['Vehicle Owner', 'Driver']",East,"['Other', 'Automobile, Station Wagon']",['Going Ahead'],"['Disobeyed Traffic Control', 'Driving Properly']",['Normal'],['Not Applicable'],['Not Applicable'],['Not Applicable'],['Not Applicable'],['Not Applicable'],False,"['unknown', '25 to 29', '45 to 49']",3.0
986760.0,2007-07-18 08:00:00,809,2007,GOWAN AVE,PAPE AVE,Major Arterial,Toronto and East York,43.688445,-79.34839,633108.4575,4838594.4717,Unknown,No Control,Clear,Daylight,Dry,59,Danforth East York,59,Danforth East York (59),Non-Fatal Injury,1,0,1,0,0,0,0,0,0,0,0,0,0,Pedestrian Collisions,"['Driver', 'Pedestrian']",North,"['Pick Up Truck', 'Other']",['Reversing'],['Other'],['Inattentive'],"['Crossing, no Traffic Control']",['Normal'],['Not Applicable'],['Not Applicable'],['Not Applicable'],False,"['50 to 54', '70 to 74']",3.0
986950.0,2007-08-28 08:00:00,714,2007,BISHOP Aven,YONGE Stre,Major Arterial,North York,43.781645,-79.41599,627462.4177,4848839.4004,Unknown,Traffic Signal,Clear,Daylight,Dry,50,Newtonbrook East,50,Newtonbrook East (50),Non-Fatal Injury,0,0,1,0,0,0,0,0,0,0,0,0,0,Sideswipe,"['Vehicle Owner', 'Driver']",Unknown,"['Other', 'Automobile, Station Wagon']","['Other', 'Stopped', 'Parked', 'Going Ahead']",[],[],['Not Applicable'],['Not Applicable'],['Not Applicable'],['Not Applicable'],['Not Applicable'],False,"['unknown', '55 to 59', '35 to 39', '90 to 94']",3.0
986957.0,2007-08-28 08:00:00,2027,2007,371 ORTON PARK Rd,Not Applicable,Other,Scarborough,43.778645,-79.21469,643668.0297,4848835.8421,Unknown,No Control,Clear,Dark,Dry,135,Morningside,135,Morningside (135),Non-Fatal Injury,0,0,0,1,0,0,0,0,0,0,0,0,0,Sideswipe,['Motorcycle Driver'],North,['Motorcycle'],['Going Ahead'],['Other'],['Unknown'],['Not Applicable'],['Not Applicable'],['Not Applicable'],['Not Applicable'],['Not Applicable'],False,"['unknown', '55 to 59']",3.0
986972.0,2007-07-29 08:00:00,42,2007,MCCOWAN RD,CONSILIUM PL,Major Arterial,Scarborough,43.779545,-79.25419,640487.2281,4848868.0101,At Intersection,Stop Sign,Clear,Dark,Dry,142,Woburn North,137,Woburn (137),Non-Fatal Injury,0,0,0,0,0,0,0,1,1,1,0,0,0,SMV Other,"['Passenger', 'Driver']",West,['Other'],['Merging'],['Lost control'],['Normal'],['Not Applicable'],['Not Applicable'],['Not Applicable'],['Not Applicable'],['Not Applicable'],False,"['25 to 29', '15 to 19']",3.0
986987.0,2007-06-30 08:00:00,2143,2007,QUEEN ST E,CRAVEN RD,Minor Arterial,Toronto and East York,43.666045,-79.31799,635608.9684,4836155.8898,Unknown,No Control,Clear,Dark,Dry,65,Greenwood-Coxwell,65,Greenwood-Coxwell (65),Non-Fatal Injury,0,1,1,0,0,0,0,0,0,0,0,0,0,Cyclist Collisions,"['Driver', 'Cyclist']",West,"['Automobile, Station Wagon', 'Bicycle']","['Parked', 'Going Ahead']",['Other'],['Normal'],['Not Applicable'],['Not Applicable'],['Cyclist struck opened vehicle door'],['Driving Properly'],['Normal'],False,"['45 to 49', '35 to 39']",3.0
987007.0,2007-07-30 08:00:00,129,2007,KINGSTON RD,EGLINTON AVE E,Major Arterial,Scarborough,43.743745,-79.21169,643993.1554,4844964.8654,At Intersection,Traffic Signal,Clear,Dark,Dry,139,Scarborough Village,139,Scarborough Village (139),Non-Fatal Injury,0,0,1,0,0,1,0,0,1,1,1,1,0,Turning Movement,"['Vehicle Owner', 'Driver']",South,"['Other', 'Automobile, Station Wagon', 'Municipal Transit Bus (TTC)']","['Going Ahead', 'Turning Left']","['Disobeyed Traffic Control', 'Driving Properly']","['Ability Impaired, Alcohol', 'Normal']",['Not Applicable'],['Not Applicable'],['Not Applicable'],['Not Applicable'],['Not Applicable'],False,"['unknown', '25 to 29', '40 to 44']",3.0
987058.0,2007-07-28 08:00:00,1245,2007,MCCOWAN RD,CHANNEL NINE CRT,Major Arterial,Scarborough,43.785345,-79.25649,640288.5749,4849508.2911,Unknown,Traffic Signal,Clear,Daylight,Dry,128,Agincourt South-Malvern West,128,Agincourt South-Malvern West (128),Non-Fatal Injury,1,0,1,0,0,0,0,0,0,0,0,0,0,Pedestrian Collisions,"['Driver', 'Pedestrian']",East,"['Automobile, Station Wagon', 'Other']",['Slowing or Stopping'],['Driving Properly'],['Normal'],['Crossing without right of way'],['Inattentive'],['Not Applicable'],['Not Applicable'],['Not Applicable'],False,"['60 to 64', '40 to 44']",3.0
987119.0,2007-08-28 08:00:00,1244,2007,BAY MILLS BLVD,EAGLESTONE RD,Collector,Scarborough,43.782145,-79.30349,636514.0423,4849074.2995,At Intersection,Pedestrian Crossover,Clear,Daylight,Dry,118,Tam O'Shanter-Sullivan,118,Tam O'Shanter-Sullivan (118),Fatal,0,1,1,0,0,0,0,0,0,0,0,0,0,Cyclist Collisions,"['Vehicle Owner', 'Driver', 'Cyclist']",East,"['Other', 'Delivery Van', 'Bicycle']",['Going Ahead'],['Driving Properly'],['Normal'],['Not Applicable'],['Not Applicable'],['Cyclist struck at PXO(cyclist either travel in same dir. as veh. or ride across xwalk)'],['Disobeyed Traffic Control'],['Normal'],True,"['unknown', '40 to 44', '5 to 9']",4.0
987223.0,2007-08-01 08:00:00,830,2007,COMBE AVE,ELDER ST,Local,North York,43.760145,-79.45329,624505.5327,4846394.7477,Unknown,Stop Sign,Clear,Daylight,Dry,34,Bathurst Manor,34,Bathurst Manor (34),Non-Fatal Injury,0,0,1,0,0,0,0,1,0,1,0,0,0,Angle,"['Vehicle Owner', 'Driver', 'Passenger']",South,"['Other', 'Automobile, Station Wagon']","['Stopped', 'Going Ahead']","['Failed to Yield Right of Way', 'Driving Properly']",['Normal'],['Not Applicable'],['Not Applicable'],['Not Applicable'],['Not Applicable'],['Not Applicable'],False,"['unknown', '40 to 44', '20 to 24', '45 to 49']",3.0
987374.0,2007-08-03 08:00:00,2330,2007,MCCOWAN RD,STEELES AVE E,Major Arterial,Scarborough,43.831045,-79.27519,638678.0886,4854552.4941,At Intersection,Traffic Signal,Clear,Dark,Dry,130,Milliken,NSA,NSA,Non-Fatal Injury,1,0,1,0,0,0,0,0,0,0,0,0,0,Pedestrian Collisions,"['Driver', 'Pedestrian']",South,"['Automobile, Station Wagon', 'Other']",['Going Ahead'],['Driving Properly'],['Normal'],['Crossing without right of way'],['Unknown'],['Not Applicable'],['Not Applicable'],['Not Applicable'],False,['45 to 49'],3.0
987376.0,2007-08-30 08:00:00,2252,2007,F G GARDINER XY  W,JAMESON AVE,Expressway,Toronto and East York,43.632745,-79.43379,626342.5101,4832274.7181,Unknown,No Control,Clear,Dark,Dry,85,South Parkdale,85,South Parkdale (85),Fatal,0,0,0,1,0,0,0,0,0,0,0,0,0,SMV Other,['Motorcycle Driver'],West,['Motorcycle'],['Going Ahead'],['Lost control'],['Normal'],['Not Applicable'],['Not Applicable'],['Not Applicable'],['Not Applicable'],['Not Applicable'],True,['25 to 29'],4.0
987443.0,2007-08-31 08:00:00,1409,2007,EGLINTON AVE W,MARTIN GROVE RD,Major Arterial,Etobicoke York,43.674445,-79.56319,615823.8381,4836717.2289,Unknown,Traffic Signal,Clear,Daylight,Dry,11,Eringate-Centennial-West Deane,11,Eringate-Centennial-West Deane (11),Non-Fatal Injury,0,0,1,0,1,0,0,1,0,0,0,0,0,Turning Movement,"['Truck Driver', 'Passenger', 'Driver', 'Vehicle Owner']",East,"['Truck - Open', 'Other', 'Automobile, Station Wagon']","['Slowing or Stopping', 'Turning Left']","['Driving Properly', 'Improper Turn']",['Normal'],['Not Applicable'],['Not Applicable'],['Not Applicable'],['Not Applicable'],['Not Applicable'],False,"['45 to 49', '30 to 34', '40 to 44', '50 to 54', '65 to 69', 'unknown', '25 to 29', '20 to 24']",3.0
987500.0,2007-09-02 08:00:00,48,2007,SHEPPARD AVE W,SENTINEL RD,Major Arterial,North York,43.743645,-79.49179,621439.7396,4844505.0229,Unknown,Traffic Signal,Clear,Dark,Dry,155,Downsview,26,Downsview-Roding-CFB (26),Fatal,0,0,1,0,0,0,0,0,0,0,0,0,0,SMV Other,['Driver'],East,"['Automobile, Station Wagon']",['Going Ahead'],['Lost control'],['Unknown'],['Not Applicable'],['Not Applicable'],['Not Applicable'],['Not Applicable'],['Not Applicable'],True,['40 to 44'],4.0
987501.0,2007-09-01 08:00:00,2350,2007,KENNEDY RD,SUFFERANCE RD,Major Arterial,Scarborough,43.777545,-79.28569,637956.9603,4848592.9051,Unknown,No Control,Clear,Dark,Dry,118,Tam O'Shanter-Sullivan,118,Tam O'Shanter-Sullivan (118),Non-Fatal Injury,0,0,1,0,0,0,0,1,0,0,0,0,0,SMV Other,"['Passenger', 'Driver']",North,"['Other', 'Automobile, Station Wagon']",['Going Ahead'],['Lost control'],['Had Been Drinking'],['Not Applicable'],['Not Applicable'],['Not Applicable'],['Not Applicable'],['Not Applicable'],False,"['60 to 64', '65 to 69', '55 to 59', '70 to 74']",3.0
987504.0,2007-09-02 08:00:00,245,2007,1 MURRAY GLEN DR,Not Applicable,Local,Scarborough,43.751145,-79.30649,636343.0519,4845626.3296,Unknown,No Control,Clear,Dark,Dry,119,Wexford/Maryvale,119,Wexford/Maryvale (119),Fatal,0,1,0,0,1,0,0,0,0,0,0,0,0,Cyclist Collisions,"['Truck Driver', 'Vehicle Owner', 'Cyclist']",West,"['Truck - Open', 'Other', 'Bicycle']",['Going Ahead'],['Other'],['Unknown'],['Not Applicable'],['Not Applicable'],['Insufficient information (to determine cyclist crash type).'],['Other'],['Unknown'],True,"['unknown', '40 to 44']",4.0
987506.0,2007-09-01 08:00:00,1605,2007,STEELES Aven E,MARKHAM Road,Major Arterial,Scarborough,43.836545,-79.25119,640594.8393,4855203.8827,At Intersection,Traffic Signal,Clear,Daylight,Dry,130,Milliken,130,Milliken (130),Non-Fatal Injury,0,0,1,0,0,0,0,1,1,1,1,0,0,Angle,"['Vehicle Owner', 'Driver', 'Passenger']",North,"['Other', 'Automobile, Station Wagon']",['Going Ahead'],"['Disobeyed Traffic Control', 'Driving Properly']","['Unknown', 'Normal']",['Not Applicable'],['Not Applicable'],['Not Applicable'],['Not Applicable'],['Not Applicable'],False,"['unknown', '45 to 49', '50 to 54', '0 to 4', '15 to 19', '35 to 39', '40 to 44', '5 to 9', '30 to 34']",3.0
987519.0,2020-05-29 08:00:00,44,2020,LAWRENCE AVE E,MARKHAM RD,Major Arterial,Scarborough,43.759413,-79.226726,642745.1987,4846679.0104,Non Intersection,No Control,Clear,"Dark, artificial",Dry,141,Golfdale-Cedarbrae-Woburn,137,Woburn (137),Non-Fatal Injury,0,0,1,1,0,0,0,1,1,1,0,0,0,Turning Movement,"['Motorcycle Driver', 'Driver', 'Passenger']",South,"['Motorcycle', 'Automobile, Station Wagon']","['Going Ahead', 'Turning Left']","['Speed too Fast For Condition', 'Failed to Yield Right of Way']",['Normal'],['Not Applicable'],['Not Applicable'],['Not Applicable'],['Not Applicable'],['Not Applicable'],False,"['30 to 34', '20 to 24']",3.0
987827.0,2007-09-03 08:00:00,2212,2007,DUNDAS ST E,RIVER ST,Major Arterial,Toronto and East York,43.661345,-79.35759,632426.5895,4835569.9212,Unknown,No Control,Clear,Dark,Dry,72,Regent Park,72,Regent Park (72),Non-Fatal Injury,0,0,1,0,0,0,0,0,0,0,0,0,0,Sideswipe,"['Driver', 'Vehicle Owner']",East,"['Other', 'Automobile, Station Wagon']","['Stopped', 'Going Ahead']","['Driving Properly', 'Lost control']",['Normal'],['Not Applicable'],['Not Applicable'],['Not Applicable'],['Not Applicable'],['Not Applicable'],False,"['25 to 29', 'unknown', '30 to 34']",3.0
987941.0,2007-09-04 08:00:00,1015,2007,EGLINTON AVE W,RAKELY CRT,Major Arterial,Etobicoke York,43.651045,-79.60369,612602.7733,4834062.6077,Unknown,No Control,Clear,Daylight,Dry,NSA,NSA,NSA,NSA,Non-Fatal Injury,0,0,1,0,0,0,0,0,0,0,0,0,1,Sideswipe,"['Driver', 'Vehicle Owner']",East,"['Automobile, Station Wagon', 'Other']",['Going Ahead'],"['Driving Properly', 'Lost control']","['Normal', 'Medical or Physical Disability']",['Not Applicable'],['Not Applicable'],['Not Applicable'],['Not Applicable'],['Not Applicable'],False,"['40 to 44', 'unknown', '50 to 54']",3.0
988551.0,2007-09-06 08:00:00,1530,2007,YONGE ST,ALBERTUS AVE,Major Arterial,North York,43.714545,-79.39999,628893.8656,4841411.7097,At Intersection,No Control,Clear,Daylight,Dry,99,Mount Pleasant East,99,Mount Pleasant East (99),Non-Fatal Injury,1,0,1,0,0,0,0,0,0,0,0,0,0,Pedestrian Collisions,"['Driver', 'Pedestrian']",South,"['Automobile, Station Wagon', 'Other']",['Going Ahead'],['Driving Properly'],['Normal'],['Running onto Roadway'],['Inattentive'],['Not Applicable'],['Not Applicable'],['Not Applicable'],False,"['55 to 59', '80 to 84']",3.0
988595.0,2007-08-11 08:00:00,728,2007,MORNINGSIDE AVE,LAWRENCE AVE E,Major Arterial,Scarborough,43.768445,-79.18619,645986.3383,4847752.8259,At Intersection,Traffic Signal,Clear,Daylight,Dry,136,West Hill,136,West Hill (136),Non-Fatal Injury,0,0,1,0,0,0,0,1,0,0,0,0,0,Turning Movement,"['Passenger', 'Driver']",North,"['Other', 'Automobile, Station Wagon']","['Going Ahead', 'Turning Left']","['Driving Properly', 'Improper Turn']",['Normal'],['Not Applicable'],['Not Applicable'],['Not Applicable'],['Not Applicable'],['Not Applicable'],False,"['65 to 69', '30 to 34']",3.0
988599.0,2007-08-11 08:00:00,300,2007,LAKE SHORE BLVD W,STRACHAN AVE,Major Arterial,Toronto and East York,43.634445,-79.40869,628363.6698,4832502.0328,At Intersection,Traffic Signal,Clear,Dark,Dry,163,Fort York-Liberty Village,82,Niagara (82),Non-Fatal Injury,0,0,1,0,0,0,0,1,0,1,1,0,0,Turning Movement,"['Passenger', 'Driver', 'Vehicle Owner']",South,"['Other', 'Automobile, Station Wagon', 'Taxi']","['Going Ahead', 'Turning Left']","['Driving Properly', 'Disobeyed Traffic Control']","['Normal', 'Inattentive']",['Not Applicable'],['Not Applicable'],['Not Applicable'],['Not Applicable'],['Not Applicable'],False,"['20 to 24', 'unknown', '45 to 49']",3.0
988601.0,2007-08-11 08:00:00,217,2007,WARDEN AVE,WARDEN AV S 401 C E RAMP E,Major Arterial,Scarborough,43.768945,-79.30359,636536.0349,4847608.0693,At Intersection,Traffic Signal,Clear,Dark,Dry,119,Wexford/Maryvale,119,Wexford/Maryvale (119),Non-Fatal Injury,0,0,1,1,0,0,0,0,0,1,0,0,0,Turning Movement,"['Vehicle Owner', 'Motorcycle Driver', 'Driver']",North,"['Other', 'Motorcycle', 'Automobile, Station Wagon']","['Going Ahead', 'Turning Left']","['Driving Properly', 'Failed to Yield Right of Way']","['Normal', 'Inattentive']",['Not Applicable'],['Not Applicable'],['Not Applicable'],['Not Applicable'],['Not Applicable'],False,"['unknown', '20 to 24', '30 to 34']",3.0
988731.0,2007-09-02 08:00:00,930,2007,FINCH Aven E,BRIDLETOWNE Circ,Major Arterial,Scarborough,43.797445,-79.31229,635771.2714,4850759.1319,At Intersection,Traffic Signal,Clear,Daylight,Dry,148,East L'Amoreaux,117,L'Amoreaux (117),Non-Fatal Injury,0,0,1,0,0,0,0,0,0,0,0,0,0,Angle,"['Vehicle Owner', 'Driver']",South,"['Other', 'Automobile, Station Wagon']","['Unknown', 'Going Ahead']",[],[],['Not Applicable'],['Not Applicable'],['Not Applicable'],['Not Applicable'],['Not Applicable'],False,"['unknown', '70 to 74']",3.0
989043.0,2007-08-10 08:00:00,210,2007,278 GREENWOOD AVE,IVY Aven,Minor Arterial,Toronto and East York,43.673245,-79.32899,634705.9952,4836937.6252,Unknown,No Control,Clear,Dark,Dry,70,South Riverdale,70,South Riverdale (70),Non-Fatal Injury,1,0,1,0,0,0,0,0,0,1,0,0,0,Pedestrian Collisions,"['Vehicle Owner', 'Driver', 'Pedestrian']",South,"['Other', 'Automobile, Station Wagon']","['Stopped', 'Going Ahead']","['Other', 'Lost control']","['Normal', 'Fatigue']",['Person Getting on/off Vehicle'],['Normal'],['Not Applicable'],['Not Applicable'],['Not Applicable'],False,"['unknown', '30 to 34', '25 to 29']",3.0