accident_number,date,time,year,street1,street2,road_class,district,latitude,longitude,x,y,accident_location,traffctl,visibility,light,road_surface_condition,hood_158,neighbourhood_new,hood_140,neighbourhood_old,accident_class,pedestrian,cyclist,automobile,motorcycle,truck,trsn_city_veh,emerg_veh,passenger,speeding,aggressive_driving,redlight,alcohol,disability,impact_type,involvement_type,initial_direction,vehicle_type,manoeuver,driver_action,driver_condition,pedestrian_action,pedestrian_condition,cyclist_type,cyclist_action,cyclist_condition,injury,involvement_age,injury_severity_score
994188.0,2007-09-15 08:00:00,2116,2007,DANFORTH RD,ST CLAIR AVE E,Major Arterial,Scarborough,43.716845,-79.25989,640174.8292,4841894.5658,At Intersection,Traffic Signal,Clear,Dark,Dry,120,Clairlea-Birchmount,120,Clairlea-Birchmount (120),Non-Fatal Injury,0,1,1,0,0,0,0,0,0,1,0,0,0,Cyclist Collisions,"['Vehicle Owner', 'Driver', 'Cyclist']",North,"['Other', 'Automobile, Station Wagon', 'Bicycle']","['Turning Right', 'Going Ahead']",['Failed to Yield Right of Way'],['Normal'],['Not Applicable'],['Not Applicable'],['Motorist turning right on red at signalized intersection strikes cyclist.'],['Not Applicable'],['Not Applicable'],False,"['unknown', '55 to 59', '15 to 19']",3.0
994265.0,2007-09-26 08:00:00,1555,2007,ALBION RD,CALSTOCK DR,Major Arterial,Etobicoke York,43.733945,-79.55789,616136.1379,4843332.9303,At Intersection,No Control,Clear,Daylight,Dry,3,Thistletown-Beaumond Heights,3,Thistletown-Beaumond Heights (3),Non-Fatal Injury,0,0,1,0,0,0,0,0,0,0,0,0,0,Approaching,"['Vehicle Owner', 'Driver']",East,"['Other', 'Automobile, Station Wagon']",['Going Ahead'],"['Driving Properly', 'Lost control']",['Normal'],['Not Applicable'],['Not Applicable'],['Not Applicable'],['Not Applicable'],['Not Applicable'],False,"['unknown', '50 to 54', '30 to 34']",3.0
994300.0,2007-09-14 08:00:00,820,2007,AUKLAND RD,SUBWAY CRES W,Major Arterial,Etobicoke York,43.638345,-79.53769,617950.1101,4832743.7818,Unknown,No Control,Clear,Daylight,Dry,159,Etobicoke City Centre,14,Islington-City Centre West (14),Non-Fatal Injury,1,0,1,0,0,0,0,0,0,0,0,0,0,Pedestrian Collisions,"['Driver', 'Pedestrian']",North,"['Automobile, Station Wagon', 'Other']",['Going Ahead'],['Driving Properly'],['Normal'],"['Crossing, no Traffic Control']",['Inattentive'],['Not Applicable'],['Not Applicable'],['Not Applicable'],False,"['20 to 24', '35 to 39']",3.0
994409.0,2007-09-11 08:00:00,610,2007,KENNEDY RD,ELLESMERE RD,Major Arterial,Scarborough,43.765745,-79.28109,638354.3515,4847290.0073,At Intersection,Traffic Signal,Rain,Dark,Wet,126,Dorset Park,126,Dorset Park (126),Non-Fatal Injury,1,0,1,0,0,0,0,0,0,1,0,0,0,Pedestrian Collisions,"['Driver', 'Pedestrian']",East,"['Automobile, Station Wagon', 'Other']",['Turning Left'],['Failed to Yield Right of Way'],['Unknown'],['Crossing with right of way'],['Normal'],['Not Applicable'],['Not Applicable'],['Not Applicable'],False,"['55 to 59', '45 to 49']",3.0
994544.0,2007-09-14 08:00:00,1450,2007,ALBION RD,FINCH AVE W,Major Arterial,Etobicoke York,43.740745,-79.58699,613779.7587,4844047.793,Unknown,Stop Sign,Clear,Daylight,Dry,2,Mount Olive-Silverstone-Jamestown,2,Mount Olive-Silverstone-Jamestown (2),Non-Fatal Injury,0,0,1,0,0,0,0,0,0,1,0,0,0,Turning Movement,"['Vehicle Owner', 'Driver']",South,"['Other', 'Automobile, Station Wagon']","['Turning Right', 'Going Ahead']","['Failed to Yield Right of Way', 'Driving Properly']",['Normal'],['Not Applicable'],['Not Applicable'],['Not Applicable'],['Not Applicable'],['Not Applicable'],False,"['unknown', '45 to 49', '20 to 24']",3.0
994814.0,2007-09-20 08:00:00,1825,2007,QUEEN ST E,HASTINGS AVE,Minor Arterial,Toronto and East York,43.663645,-79.32859,634759.7233,4835872.0645,Unknown,No Control,Clear,Daylight,Dry,70,South Riverdale,70,South Riverdale (70),Non-Fatal Injury,0,1,1,0,0,1,0,0,0,0,0,0,0,Cyclist Collisions,"['Vehicle Owner', 'Driver', 'Cyclist']",East,"['Other', 'Municipal Transit Bus (TTC)', 'Automobile, Station Wagon', 'Bicycle']","['Going Ahead', 'Parked']","['Driving Properly', 'Other']",['Normal'],['Not Applicable'],['Not Applicable'],['Cyclist struck opened vehicle door'],['Driving Properly'],['Normal'],False,"['unknown', '30 to 34', '60 to 64']",3.0
994868.0,2007-09-21 08:00:00,1053,2007,DANFORTH RD,BIRCHMOUNT RD,Minor Arterial,Scarborough,43.706945,-79.26809,639537.2434,4840781.191,Unknown,Traffic Signal,Clear,Daylight,Dry,120,Clairlea-Birchmount,120,Clairlea-Birchmount (120),Non-Fatal Injury,0,1,1,0,0,0,0,0,0,0,0,0,0,Cyclist Collisions,"['Driver', 'Cyclist']",East,"['Automobile, Station Wagon', 'Bicycle']","['Turning Right', 'Unknown']",['Driving Properly'],['Normal'],['Not Applicable'],['Not Applicable'],['Motorist turning right on red at signalized intersection strikes cyclist.'],['Other'],['Unknown'],False,"['45 to 49', '55 to 59']",3.0
995372.0,2007-09-24 08:00:00,235,2007,BROADVIEW AVE,VICTOR AVE,Minor Arterial,Toronto and East York,43.667345,-79.35339,632752.0108,4836243.0143,Unknown,No Control,Clear,Dark,Dry,68,North Riverdale,68,North Riverdale (68),Non-Fatal Injury,0,0,1,0,0,0,0,0,1,1,0,1,0,SMV Other,"['Driver', 'Other Property Owner']",South,"['Automobile, Station Wagon', 'Other']",['Going Ahead'],['Lost control'],"['Ability Impaired, Alcohol']",['Not Applicable'],['Not Applicable'],['Not Applicable'],['Not Applicable'],['Not Applicable'],False,"['15 to 19', 'unknown']",3.0
995439.0,2007-08-31 08:00:00,1129,2007,227 EGLINTON AVE W,Not Applicable,Major Arterial,North York,43.705245,-79.40559,628462.6024,4840370.1202,Unknown,No Control,Clear,Daylight,Dry,100,Yonge-Eglinton,100,Yonge-Eglinton (100),Non-Fatal Injury,0,0,1,0,0,0,0,0,0,0,0,0,0,Angle,"['Driver', 'Vehicle Owner']",East,"['Automobile, Station Wagon', 'Other']",['Going Ahead'],"['Other', 'Driving Properly']",['Normal'],['Not Applicable'],['Not Applicable'],['Not Applicable'],['Not Applicable'],['Not Applicable'],False,"['40 to 44', 'unknown']",3.0
995498.0,2007-09-18 08:00:00,1920,2007,MOUNT PLEASANT RD,HEATH ST E,Major Arterial,Toronto and East York,43.692245,-79.38409,630223.0278,4838959.8294,At Intersection,No Control,Clear,Daylight,Dry,98,Rosedale-Moore Park,98,Rosedale-Moore Park (98),Non-Fatal Injury,0,1,1,0,0,0,0,0,0,0,0,0,0,Cyclist Collisions,"['Driver', 'Cyclist']",North,"['Automobile, Station Wagon', 'Bicycle']","['Turning Left', 'Going Ahead']",['Driving Properly'],['Normal'],['Not Applicable'],['Not Applicable'],['Motorist turned left across cyclists path.'],['Driving Properly'],['Normal'],False,"['55 to 59', '40 to 44']",3.0
995772.0,2007-10-10 08:00:00,1130,2007,LOGAN AVE,EASTERN AVE,Major Arterial,Toronto and East York,43.657845,-79.34139,633740.5717,4835207.1846,At Intersection,Traffic Signal,Clear,Daylight,Dry,70,South Riverdale,70,South Riverdale (70),Non-Fatal Injury,1,0,1,0,0,0,0,0,0,1,0,0,0,Pedestrian Collisions,"['Driver', 'Pedestrian']",North,"['Automobile, Station Wagon', 'Other']",['Turning Left'],['Failed to Yield Right of Way'],['Normal'],['Crossing with right of way'],['Normal'],['Not Applicable'],['Not Applicable'],['Not Applicable'],False,"['35 to 39', '70 to 74']",3.0
995785.0,2007-10-10 08:00:00,1503,2007,LA ROSE AVE,WATLING ST,Local,Etobicoke York,43.683045,-79.53259,618273.6805,4837715.554,Unknown,No Control,Clear,Daylight,Wet,7,Willowridge-Martingrove-Richview,7,Willowridge-Martingrove-Richview (7),Fatal,0,0,1,0,0,0,0,0,1,1,0,0,0,SMV Other,"['Vehicle Owner', 'Driver']",East,"['Other', 'Automobile, Station Wagon']",['Going Ahead'],['Exceeding Speed Limit'],['Unknown'],['Not Applicable'],['Not Applicable'],['Not Applicable'],['Not Applicable'],['Not Applicable'],True,"['unknown', '55 to 59']",4.0
995821.0,2007-09-29 08:00:00,1600,2007,WESTON RD,KNOB HILL DR,Major Arterial,Etobicoke York,43.711245,-79.53519,618008.7888,4840843.8425,At Intersection,Stop Sign,Clear,Daylight,Dry,23,Pelmo Park-Humberlea,23,Pelmo Park-Humberlea (23),Non-Fatal Injury,0,0,1,0,0,0,0,1,0,1,0,0,0,Angle,"['Vehicle Owner', 'Driver', 'Passenger']",North,"['Other', 'Automobile, Station Wagon']",['Going Ahead'],"['Driving Properly', 'Failed to Yield Right of Way']","['Normal', 'Inattentive']",['Not Applicable'],['Not Applicable'],['Not Applicable'],['Not Applicable'],['Not Applicable'],False,"['unknown', '60 to 64', '55 to 59', '45 to 49']",3.0
996032.0,2007-10-10 08:00:00,1946,2007,FINCH AVE E,BRIDLETOWNE CRCL,Major Arterial,Scarborough,43.796045,-79.31849,635275.6539,4850593.4869,Unknown,No Control,Rain,Dark,Wet,147,L'Amoreaux West,117,L'Amoreaux (117),Fatal,1,0,1,0,0,0,0,0,0,0,0,0,0,Pedestrian Collisions,"['Driver', 'Pedestrian']",South,"['Automobile, Station Wagon', 'Other']",['Changing Lanes'],['Driving Properly'],['Normal'],"['Crossing, no Traffic Control']",['Inattentive'],['Not Applicable'],['Not Applicable'],['Not Applicable'],True,"['80 to 84', '50 to 54']",4.0
996081.0,2007-10-11 08:00:00,1910,2007,100 STEELES Aven W,Not Applicable,Major Arterial,North York,43.796945,-79.42479,626721.9538,4850525.1913,Unknown,Traffic Signal,Clear,Daylight,Dry,36,Newtonbrook West,36,Newtonbrook West (36),Non-Fatal Injury,1,0,1,0,0,0,0,0,0,1,0,0,0,Pedestrian Collisions,"['Driver', 'Pedestrian']",North,"['Automobile, Station Wagon', 'Other']","['Turning Right', 'Going Ahead']",['Failed to Yield Right of Way'],['Normal'],['Crossing with right of way'],['Normal'],['Not Applicable'],['Not Applicable'],['Not Applicable'],False,"['65 to 69', '55 to 59']",3.0
996101.0,2007-09-11 08:00:00,1510,2007,DON MILLS RD,EGLINTON AVE E,Major Arterial,North York,43.720445,-79.33889,633802.8876,4842163.819,Unknown,Traffic Signal,Clear,Daylight,Dry,44,Flemingdon Park,44,Flemingdon Park (44),Non-Fatal Injury,0,0,1,0,0,0,0,0,0,0,0,0,0,Turning Movement,['Driver'],North,"['Automobile, Station Wagon']","['Going Ahead', 'Turning Left']","['Driving Properly', 'Improper Turn']",['Normal'],['Not Applicable'],['Not Applicable'],['Not Applicable'],['Not Applicable'],['Not Applicable'],False,"['30 to 34', '80 to 84']",3.0
996538.0,2007-10-14 08:00:00,1900,2007,LESLIE ST,LAWRENCE AVE E,Major Arterial,North York,43.734545,-79.35599,632394.3949,4843702.3637,At Intersection,Traffic Signal,Clear,Dark,Dry,42,Banbury-Don Mills,42,Banbury-Don Mills (42),Non-Fatal Injury,0,0,1,0,0,0,0,0,0,0,0,0,0,Turning Movement,['Driver'],North,"['Automobile, Station Wagon']","['Turning Left', 'Going Ahead']","['Improper Turn', 'Driving Properly']",['Normal'],['Not Applicable'],['Not Applicable'],['Not Applicable'],['Not Applicable'],['Not Applicable'],False,"['85 to 89', '40 to 44']",3.0
996561.0,2007-07-18 08:00:00,1330,2007,MARTIN GROVE RD,FINCH AVE W,Major Arterial,Etobicoke York,43.736745,-79.59169,613408.8494,4843597.0925,At Intersection,Traffic Signal,Clear,Daylight,Dry,1,West Humber-Clairville,1,West Humber-Clairville (1),Non-Fatal Injury,0,0,1,0,1,0,0,1,0,1,1,0,0,Turning Movement,"['Vehicle Owner', 'Truck Driver', 'Passenger', 'Driver']",South,"['Other', 'Truck - Open', 'Automobile, Station Wagon']","['Going Ahead', 'Turning Left', 'Stopped']","['Disobeyed Traffic Control', 'Driving Properly', 'Other']",['Normal'],['Not Applicable'],['Not Applicable'],['Not Applicable'],['Not Applicable'],['Not Applicable'],False,"['unknown', '15 to 19', '35 to 39', '20 to 24']",3.0
996573.0,2007-10-05 08:00:00,1857,2007,DUPONT ST,DOVERCOURT RD,Major Arterial,Toronto and East York,43.669645,-79.43279,626345.7813,4836374.4652,At Intersection,Traffic Signal,Clear,Dusk,Dry,172,Dovercourt Village,93,Dovercourt-Wallace Emerson-Junction (93),Non-Fatal Injury,0,0,1,0,0,0,0,1,1,1,0,0,0,Turning Movement,"['Driver', 'Passenger']",East,"['Automobile, Station Wagon', 'Other']","['Stopped', 'Going Ahead', 'Turning Left']","['Driving Properly', 'Improper Turn']","['Normal', 'Inattentive']",['Not Applicable'],['Not Applicable'],['Not Applicable'],['Not Applicable'],['Not Applicable'],False,"['25 to 29', '30 to 34', '50 to 54']",3.0
996697.0,2007-10-09 08:00:00,1836,2007,SPADINA AVE,NASSAU ST,Major Arterial,Toronto and East York,43.655845,-79.39919,629084.1552,4834893.5151,At Intersection,Traffic Signal,Clear,Daylight,Dry,78,Kensington-Chinatown,78,Kensington-Chinatown (78),Non-Fatal Injury,0,0,1,0,0,1,0,1,0,1,1,0,0,Turning Movement,"['Passenger', 'Driver', 'Vehicle Owner']",South,"['Other', 'Automobile, Station Wagon', 'Municipal Transit Bus (TTC)']","['Making U Turn', 'Going Ahead']","['Disobeyed Traffic Control', 'Driving Properly']","['Inattentive', 'Normal']",['Not Applicable'],['Not Applicable'],['Not Applicable'],['Not Applicable'],['Not Applicable'],False,"['30 to 34', '35 to 39', 'unknown', '25 to 29']",3.0
996853.0,2007-09-28 08:00:00,2033,2007,FINCH AVE E,MCCOWAN RD,Major Arterial,Scarborough,43.808745,-79.26319,639694.9225,4852095.9032,Unknown,No Control,Clear,Dark,Dry,129,Agincourt North,129,Agincourt North (129),Non-Fatal Injury,1,0,1,0,0,0,0,0,0,0,0,0,0,Pedestrian Collisions,"['Driver', 'Pedestrian']",South,"['Automobile, Station Wagon', 'Other']",['Going Ahead'],['Driving Properly'],['Normal'],"['Crossing, no Traffic Control']",['Normal'],['Not Applicable'],['Not Applicable'],['Not Applicable'],False,"['25 to 29', '45 to 49']",3.0
996876.0,2007-10-09 08:00:00,1801,2007,THE WEST MALL,CIVIC CENTRE CRT,Minor Arterial,Etobicoke York,43.642245,-79.56599,615659.9276,4833137.101,At Intersection,Traffic Signal,Clear,Daylight,Dry,13,Etobicoke West Mall,13,Etobicoke West Mall (13),Non-Fatal Injury,1,0,1,0,0,0,0,0,0,1,0,0,0,Pedestrian Collisions,"['Driver', 'Pedestrian']",West,"['Automobile, Station Wagon', 'Other']",['Turning Left'],['Failed to Yield Right of Way'],['Normal'],['Crossing with right of way'],['Normal'],['Not Applicable'],['Not Applicable'],['Not Applicable'],False,"['30 to 34', '50 to 54']",3.0
996892.0,2007-10-10 08:00:00,1448,2007,ROYAL YORK RD,NEWCASTLE ST,Minor Arterial,Etobicoke York,43.617445,-79.49889,621121.7193,4830478.4433,At Intersection,Traffic Signal,Clear,Daylight,Dry,160,Mimico-Queensway,17,Mimico (includes Humber Bay Shores) (17),Non-Fatal Injury,1,0,1,0,0,0,0,0,0,1,0,0,0,Pedestrian Collisions,"['Driver', 'Pedestrian']",East,"['Automobile, Station Wagon', 'Other']",['Turning Left'],['Failed to Yield Right of Way'],['Normal'],['Crossing with right of way'],['Normal'],['Not Applicable'],['Not Applicable'],['Not Applicable'],False,"['80 to 84', '40 to 44']",3.0
997046.0,2007-09-22 08:00:00,457,2007,ST CLAIR AVE W,DUFFERIN ST,Major Arterial,Toronto and East York,43.677945,-79.44309,625498.1033,4837280.6554,At Intersection,Traffic Signal,Clear,Dark,Dry,92,Corso Italia-Davenport,92,Corso Italia-Davenport (92),Non-Fatal Injury,0,0,1,0,1,0,0,0,0,0,0,0,0,Angle,"['Vehicle Owner', 'Truck Driver', 'Driver', 'Other']",North,"['Other', 'Truck - Open', 'Automobile, Station Wagon']",['Going Ahead'],['Driving Properly'],"['Normal', 'Unknown']",['Not Applicable'],['Not Applicable'],['Not Applicable'],['Not Applicable'],['Not Applicable'],False,"['unknown', '30 to 34']",3.0
997564.0,2007-10-19 08:00:00,1010,2007,BERGAMOT AVE,ISLINGTON AVE,Collector,Etobicoke York,43.716245,-79.55869,616105.8999,4841365.9759,Unknown,No Control,Rain,Daylight,Wet,4,Rexdale-Kipling,4,Rexdale-Kipling (4),Fatal,0,0,1,0,0,1,0,1,0,0,0,1,0,Approaching,"['Passenger', 'Vehicle Owner', 'Driver']",North,"['Other', 'Automobile, Station Wagon', 'Municipal Transit Bus (TTC)']",['Going Ahead'],"['Lost control', 'Driving Properly']","['Ability Impaired, Alcohol Over .08', 'Normal']",['Not Applicable'],['Not Applicable'],['Not Applicable'],['Not Applicable'],['Not Applicable'],True,"['80 to 84', 'unknown', '70 to 74', '55 to 59']",4.0
997688.0,2007-10-21 08:00:00,120,2007,YONGE ST,GREENFIELD AVE,Major Arterial,North York,43.763245,-79.41139,627871.7831,4846802.8928,At Intersection,Traffic Signal,Clear,Dark,Dry,38,Lansing-Westgate,38,Lansing-Westgate (38),Non-Fatal Injury,1,0,1,0,0,0,0,0,0,0,0,0,0,Pedestrian Collisions,"['Vehicle Owner', 'Driver', 'Pedestrian']",North,"['Other', 'Automobile, Station Wagon']",['Going Ahead'],['Driving Properly'],['Normal'],['Running onto Roadway'],['Normal'],['Not Applicable'],['Not Applicable'],['Not Applicable'],False,"['unknown', '45 to 49', '25 to 29']",3.0
997765.0,2007-10-21 08:00:00,235,2007,215 CARLINGVIEW Driv,Not Applicable,Major Arterial,Etobicoke York,43.686145,-79.59529,613214.1743,4837972.348,Unknown,No Control,Clear,Dark,Dry,1,West Humber-Clairville,1,West Humber-Clairville (1),Non-Fatal Injury,1,0,1,0,0,0,0,1,0,0,0,1,0,Pedestrian Collisions,"['Driver', 'Passenger', 'Pedestrian']",West,"['Automobile, Station Wagon', 'Other']",['Other'],[],"['Ability Impaired, Alcohol']",['Not Applicable'],['Not Applicable'],['Not Applicable'],['Not Applicable'],['Not Applicable'],False,"['25 to 29', 'unknown']",3.0
997814.0,2007-07-12 08:00:00,1929,2007,ST CLAIR AVE E,WARDEN AVE,Major Arterial,Scarborough,43.712045,-79.28099,638486.152,4841325.9859,At Intersection,Traffic Signal,Clear,Daylight,Dry,120,Clairlea-Birchmount,120,Clairlea-Birchmount (120),Non-Fatal Injury,1,0,1,0,0,0,0,0,0,1,0,0,0,Pedestrian Collisions,"['Driver', 'Pedestrian']",North,"['Automobile, Station Wagon', 'Other']",['Turning Left'],['Failed to Yield Right of Way'],['Inattentive'],['Crossing with right of way'],['Normal'],['Not Applicable'],['Not Applicable'],['Not Applicable'],False,"['35 to 39', '40 to 44']",3.0
997888.0,2007-09-28 08:00:00,1225,2007,QUEENS QUAY W,ROBERTSON CRES,Minor Arterial,Toronto and East York,43.638845,-79.38659,630136.8956,4833025.1221,At Intersection,Traffic Signal,Clear,Daylight,Dry,165,Harbourfront-CityPlace,77,Waterfront Communities-The Island (77),Non-Fatal Injury,0,0,1,1,0,0,0,0,0,1,0,0,0,Turning Movement,"['Motorcycle Driver', 'Driver']",East,"['Motorcycle', 'Automobile, Station Wagon']","['Going Ahead', 'Turning Left']","['Following too Close', 'Driving Properly']","['Inattentive', 'Normal']",['Not Applicable'],['Not Applicable'],['Not Applicable'],['Not Applicable'],['Not Applicable'],False,"['55 to 59', '35 to 39']",3.0
997905.0,2007-10-06 08:00:00,1630,2007,695 WILSON Ave,Not Applicable,Major Arterial,North York,43.732445,-79.45689,624273.0478,4843312.851,Unknown,No Control,Rain,Daylight,Wet,33,Clanton Park,33,Clanton Park (33),Non-Fatal Injury,0,0,1,0,0,0,0,0,0,1,0,0,0,Rear End,['Driver'],East,"['Automobile, Station Wagon']","['Going Ahead', 'Stopped', 'Unknown']","['Driving Properly', 'Following too Close']","['Normal', 'Inattentive', 'Unknown']",['Not Applicable'],['Not Applicable'],['Not Applicable'],['Not Applicable'],['Not Applicable'],False,"['80 to 84', '45 to 49', 'unknown']",3.0
997965.0,2007-10-08 08:00:00,300,2007,MEADOWVALE RD,WANITA RD,Collector,Scarborough,43.778445,-79.15779,648247.4578,4848913.9504,At Intersection,Stop Sign,Clear,Dark,Dry,133,Centennial Scarborough,133,Centennial Scarborough (133),Non-Fatal Injury,0,1,1,0,0,0,0,0,0,1,0,0,0,Cyclist Collisions,"['Driver', 'Cyclist']",East,"['Automobile, Station Wagon', 'Bicycle']",['Going Ahead'],['Disobeyed Traffic Control'],['Normal'],['Not Applicable'],['Not Applicable'],"['Cyclist without ROW rides into path of motorist at inter, lnwy, dwy-Cyclist not turn.']",['Disobeyed Traffic Control'],"['Ability Impaired, Drugs']",False,"['20 to 24', '15 to 19']",3.0
998025.0,2007-10-22 08:00:00,1350,2007,SIGNET Driv,FINCH Aven W,Major Arterial,Etobicoke York,43.753245,-79.53629,617837.7726,4845506.9743,At Intersection,Traffic Signal,Clear,Daylight,Dry,22,Humbermede,22,Humbermede (22),Non-Fatal Injury,0,0,1,0,0,0,0,0,0,0,0,0,1,Approaching,['Driver'],North,"['Automobile, Station Wagon']","['Turning Left', 'Going Ahead']","['Driving Properly', 'Lost control']","['Normal', 'Medical or Physical Disability']",['Not Applicable'],['Not Applicable'],['Not Applicable'],['Not Applicable'],['Not Applicable'],False,"['60 to 64', '45 to 49']",3.0
998090.0,2007-10-03 08:00:00,1620,2007,WARDEN Aven,FAIRFAX Cres,Major Arterial,Scarborough,43.716645,-79.28289,638322.499,4841833.7099,Unknown,No Control,Clear,Daylight,Dry,120,Clairlea-Birchmount,120,Clairlea-Birchmount (120),Non-Fatal Injury,0,0,1,1,0,0,0,0,0,0,0,0,0,Turning Movement,"['Motorcycle Driver', 'Driver']",North,"['Motorcycle', 'Automobile, Station Wagon']","['Going Ahead', 'Turning Left']","['Driving Properly', 'Improper Turn']",['Normal'],['Not Applicable'],['Not Applicable'],['Not Applicable'],['Not Applicable'],['Not Applicable'],False,"['50 to 54', '75 to 79']",3.0
998487.0,2007-10-02 08:00:00,1750,2007,ADELAIDE ST W,PORTLAND ST,Major Arterial,Toronto and East York,43.645845,-79.39989,629049.1242,4833781.7956,Unknown,No Control,Clear,Daylight,Dry,164,Wellington Place,77,Waterfront Communities-The Island (77),Non-Fatal Injury,0,0,1,0,0,0,0,1,1,1,0,0,0,SMV Other,"['Passenger', 'Vehicle Owner', 'Driver', 'Other Property Owner']",North,"['Other', 'Automobile, Station Wagon']",['Pulling Onto Shoulder or towardCurb'],['Lost control'],['Unknown'],['Not Applicable'],['Not Applicable'],['Not Applicable'],['Not Applicable'],['Not Applicable'],False,"['35 to 39', 'unknown', '30 to 34']",3.0
998724.0,2007-10-25 08:00:00,2200,2007,FINCH AVE W,DRIFTWOOD AVE,Major Arterial,Etobicoke York,43.758045,-79.51339,619671.8108,4846072.9175,At Intersection,Traffic Signal,Clear,Dark,Dry,25,Glenfield-Jane Heights,25,Glenfield-Jane Heights (25),Non-Fatal Injury,0,0,1,0,0,0,0,0,0,1,0,0,0,Turning Movement,"['Vehicle Owner', 'Driver']",East,"['Other', 'Automobile, Station Wagon']","['Going Ahead', 'Turning Left']","['Driving Properly', 'Failed to Yield Right of Way']",['Normal'],['Not Applicable'],['Not Applicable'],['Not Applicable'],['Not Applicable'],['Not Applicable'],False,"['unknown', '35 to 39', '20 to 24']",3.0
998916.0,2007-07-02 08:00:00,142,2007,BAYVIEW AVE,POTTERY RD,Major Arterial,North York,43.687945,-79.36359,631884.5243,4838514.6536,At Intersection,Traffic Signal,Clear,Dark,Dry,56,Leaside-Bennington,56,Leaside-Bennington (56),Non-Fatal Injury,0,0,1,1,0,0,0,1,1,1,1,0,0,Turning Movement,"['Motorcycle Driver', 'Passenger', 'Vehicle Owner', 'Driver']",North,"['Motorcycle', 'Other', 'Automobile, Station Wagon']","['Going Ahead', 'Turning Left']","['Disobeyed Traffic Control', 'Driving Properly']","['Unknown', 'Normal']",['Not Applicable'],['Not Applicable'],['Not Applicable'],['Not Applicable'],['Not Applicable'],False,"['35 to 39', '50 to 54', 'unknown', '45 to 49']",3.0
999249.0,2007-10-18 08:00:00,1810,2007,WILMINGTON Aven,COMBE Aven,Minor Arterial,North York,43.759645,-79.45559,624321.4236,4846335.7602,At Intersection,No Control,Rain,Daylight,Wet,34,Bathurst Manor,34,Bathurst Manor (34),Non-Fatal Injury,0,0,1,0,0,0,0,1,0,1,0,0,0,Rear End,"['Passenger', 'Driver']",South,"['Other', 'Automobile, Station Wagon']","['Stopped', 'Going Ahead']","['Driving Properly', 'Following too Close']",['Normal'],['Not Applicable'],['Not Applicable'],['Not Applicable'],['Not Applicable'],['Not Applicable'],False,"['10 to 14', '40 to 44', '25 to 29']",3.0
999384.0,2007-10-29 08:00:00,1140,2007,DON VALLEY PARKWAY  N,F G GARDINER XY  W,Expressway,Toronto and East York,43.653745,-79.34909,633128.742,4834739.4423,At Intersection,No Control,Clear,Daylight,Dry,70,South Riverdale,70,South Riverdale (70),Non-Fatal Injury,0,0,0,0,1,0,0,0,0,0,0,0,0,SMV Other,"['Vehicle Owner', 'Truck Driver']",North,"['Other', 'Truck - Open']",['Merging'],['Lost control'],['Inattentive'],['Not Applicable'],['Not Applicable'],['Not Applicable'],['Not Applicable'],['Not Applicable'],False,"['unknown', '25 to 29']",3.0
999758.0,2007-10-22 08:00:00,1020,2007,STEELES Aven W,PETROLIA Road,Major Arterial,North York,43.782545,-79.49009,621497.8535,4848827.9402,At Intersection,Traffic Signal,Clear,Daylight,Dry,27,York University Heights,27,York University Heights (27),Non-Fatal Injury,0,0,1,0,0,0,0,0,0,1,1,0,0,Angle,['Driver'],East,"['Automobile, Station Wagon']",['Going Ahead'],"['Disobeyed Traffic Control', 'Driving Properly']","['Unknown', 'Normal']",['Not Applicable'],['Not Applicable'],['Not Applicable'],['Not Applicable'],['Not Applicable'],False,"['45 to 49', '70 to 74']",3.0
999776.0,2007-10-22 08:00:00,945,2007,TECUMSETH ST,RICHMOND ST W,Local,Toronto and East York,43.645945,-79.40629,628532.7446,4833782.9699,At Intersection,Stop Sign,Clear,Daylight,Dry,162,West Queen West,82,Niagara (82),Non-Fatal Injury,1,0,1,0,0,0,0,0,0,1,0,0,0,Pedestrian Collisions,"['Vehicle Owner', 'Driver', 'Pedestrian']",North,"['Other', 'Automobile, Station Wagon']",['Turning Left'],['Failed to Yield Right of Way'],['Inattentive'],['Crossing with right of way'],['Normal'],['Not Applicable'],['Not Applicable'],['Not Applicable'],False,"['unknown', '40 to 44', '25 to 29']",3.0
999780.0,2007-10-13 08:00:00,1930,2007,3950 LAWRENCE AVE E,Not Applicable,Major Arterial,Scarborough,43.764245,-79.20449,644523.5408,4847254.2476,Unknown,No Control,Rain,Dark,Wet,141,Golfdale-Cedarbrae-Woburn,137,Woburn (137),Non-Fatal Injury,1,0,1,0,0,0,0,0,0,0,0,0,0,Pedestrian Collisions,"['Vehicle Owner', 'Driver', 'Pedestrian']",North,"['Other', 'Automobile, Station Wagon']",['Going Ahead'],['Driving Properly'],['Normal'],['Running onto Roadway'],['Inattentive'],['Not Applicable'],['Not Applicable'],['Not Applicable'],False,"['unknown', '55 to 59', '60 to 64']",3.0
999852.0,2007-10-23 08:00:00,650,2007,YONGE ST,AVONDALE AVE,Major Arterial,North York,43.758245,-79.41009,627987.0857,4846249.5758,At Intersection,Traffic Signal,Rain,Dark,Wet,153,Avondale,51,Willowdale East (51),Non-Fatal Injury,1,0,1,0,0,0,0,0,0,1,0,0,0,Pedestrian Collisions,"['Vehicle Owner', 'Driver', 'Pedestrian']",North,"['Other', 'Automobile, Station Wagon']",['Turning Right'],['Failed to Yield Right of Way'],['Normal'],['Crossing with right of way'],['Normal'],['Not Applicable'],['Not Applicable'],['Not Applicable'],False,"['unknown', '20 to 24', '25 to 29']",3.0